storm_id,time,feat0,feat1,feat2,feat3
1982-001,1982-05-01 03:00:00,0.8751627604166666,-0.20717708333333335,0.13905019760131837,0.26399693489074705
1982-001,1982-05-01 06:00:00,0.8751627604166666,-0.17561979166666666,0.21103191375732422,0.23373775482177733
1982-001,1982-05-01 12:00:00,0.8751627604166666,-0.33991145833333336,0.20252156257629395,0.18926900625228882
1982-001,1982-05-01 18:00:00,0.8751627604166666,-0.20808333333333334,0.2743669509887695,0.1716255784034729
1982-001,1982-05-02 00:00:00,0.8670552571614584,-0.2520364583333333,0.251560640335083,0.09039425849914551
1982-001,1982-05-02 03:00:00,0.8670552571614584,-0.2520364583333333,0.251560640335083,0.09039425849914551
1982-001,1982-05-02 06:00:00,0.8670552571614584,-0.23057291666666666,0.2792567491531372,0.12305904626846313
1982-001,1982-05-02 12:00:00,0.8670552571614584,-0.41340625,0.2503995895385742,0.16646507978439332
1982-001,1982-05-02 18:00:00,0.8670552571614584,-0.29291666666666666,0.27989442348480226,0.2506489515304565
1982-001,1982-05-03 00:00:00,0.84959716796875,-0.2901197916666667,0.2850665092468262,0.23394384384155273
1982-001,1982-05-03 03:00:00,0.84959716796875,-0.2901197916666667,0.2850665092468262,0.23394384384155273
1982-001,1982-05-03 06:00:00,0.84959716796875,-0.23320833333333332,0.32553160190582275,0.2002497434616089
1982-001,1982-05-03 12:00:00,0.84959716796875,-0.4378958333333333,0.27595441341400145,0.2746535062789917
1982-001,1982-05-03 18:00:00,0.84959716796875,-0.3285416666666667,0.33789710998535155,0.3561815023422241
1982-001,1982-05-04 00:00:00,0.8271586100260416,-0.3812447916666667,0.3793402910232544,0.3142875909805298
1982-001,1982-05-04 03:00:00,0.8271586100260416,-0.3812447916666667,0.3793402910232544,0.3142875909805298
1982-001,1982-05-04 06:00:00,0.8271586100260416,-0.3417864583333333,0.4532951831817627,0.25525693893432616
1982-001,1982-05-04 12:00:00,0.8271586100260416,-0.519875,0.4502861022949219,0.1980871081352234
1982-001,1982-05-04 18:00:00,0.8271586100260416,-0.4006354166666667,0.46386194229125977,0.26852247714996336
1982-001,1982-05-05 03:00:00,0.8074503580729167,-0.41269791666666666,0.47586841583251954,0.2314631700515747
1982-002,1982-05-31 12:00:00,0.86173095703125,-0.8801875,0.1673169255256653,0.06660974621772767
1982-002,1982-05-31 18:00:00,0.86173095703125,-0.7296458333333333,0.1694788455963135,0.13329854011535644
1982-002,1982-06-01 00:00:00,0.8586201985677083,-0.8031666666666667,0.22292747497558593,0.09456876516342164
1982-002,1982-06-01 03:00:00,0.8586201985677083,-0.8031666666666667,0.22292747497558593,0.09456876516342164
1982-002,1982-06-01 06:00:00,0.8586201985677083,-0.7534947916666667,0.2339298963546753,0.06103464365005493
1982-002,1982-06-01 12:00:00,0.8586201985677083,-0.9595885416666666,0.1944176435470581,0.10612789392471314
1982-002,1982-06-01 18:00:00,0.8586201985677083,-0.79078125,0.19544177055358886,0.18794196844100952
1982-002,1982-06-02 00:00:00,0.855316162109375,-0.8449791666666666,0.21826527118682862,0.15106983184814454
1982-002,1982-06-02 03:00:00,0.855316162109375,-0.8449791666666666,0.21826527118682862,0.15106983184814454
1982-002,1982-06-02 06:00:00,0.855316162109375,-0.8067135416666666,0.21156089305877684,0.07864818572998047
1982-002,1982-06-02 12:00:00,0.855316162109375,-1.0,0.14965280294418334,0.1262470006942749
1982-002,1982-06-02 18:00:00,0.855316162109375,-0.8031354166666667,0.15343708992004396,0.20903146266937256
1982-002,1982-06-03 00:00:00,0.85274658203125,-0.8492604166666666,0.17374393939971924,0.1710976243019104
1982-002,1982-06-03 03:00:00,0.85274658203125,-0.8492604166666666,0.17374393939971924,0.1710976243019104
1982-002,1982-06-03 06:00:00,0.85274658203125,-0.7843854166666666,0.14293842315673827,0.1413187265396118
1982-002,1982-06-03 09:00:00,0.85274658203125,-0.7843854166666666,0.14293842315673827,0.1413187265396118
1982-002,1982-06-03 12:00:00,0.85274658203125,-0.9547864583333333,0.15924179553985596,0.2508341073989868
1982-002,1982-06-03 18:00:00,0.85274658203125,-0.7423177083333333,0.1274572491645813,0.3287774085998535
1982-002,1982-06-04 00:00:00,0.8516845703125,-0.7512135416666667,0.15237346887588502,0.2640292882919312
1982-002,1982-06-04 03:00:00,0.8516845703125,-0.7512135416666667,0.15237346887588502,0.2640292882919312
1982-002,1982-06-04 06:00:00,0.8516845703125,-0.6381354166666666,0.08817722797393798,0.2459197998046875
1982-002,1982-06-04 12:00:00,0.8516845703125,-0.7857447916666667,0.009475430101156234,0.2588369131088257
1982-002,1982-06-04 18:00:00,0.8516845703125,-0.58915625,0.0174762487411499,0.3266804933547974
1982-002,1982-06-05 00:00:00,0.8517740885416667,-0.6307604166666667,0.07819255590438842,0.2318018913269043
1982-002,1982-06-05 03:00:00,0.8517740885416667,-0.6307604166666667,0.07819255590438842,0.2318018913269043
1982-003,1982-07-18 03:00:00,0.8178120930989583,-1.1676770833333334,0.31981170177459717,0.12262693643569947
1982-003,1982-07-18 12:00:00,0.8178120930989583,-1.223984375,0.3505796194076538,0.2543354511260986
1982-003,1982-07-18 18:00:00,0.8178120930989583,-1.041578125,0.2722578763961792,0.3181145668029785
1982-003,1982-07-19 00:00:00,0.8140340169270833,-1.0936822916666666,0.322383189201355,0.35979926586151123
1982-003,1982-07-19 03:00:00,0.8140340169270833,-1.0936822916666666,0.322383189201355,0.35979926586151123
1982-003,1982-07-19 06:00:00,0.8140340169270833,-1.0088697916666667,0.313022780418396,0.41249642372131345
1982-003,1982-07-19 12:00:00,0.8140340169270833,-1.1057604166666666,0.2958639621734619,0.46196684837341306
1982-003,1982-07-20 00:00:00,0.8110371907552083,-0.8924583333333334,0.3546396493911743,0.5555256843566895
1982-004,1982-08-12 03:00:00,0.8019205729166666,-1.0909739583333333,0.13870909214019775,0.11881406307220459
1982-004,1982-08-12 12:00:00,0.8019205729166666,-1.195125,0.22983551025390625,0.3978994607925415
1982-004,1982-08-12 18:00:00,0.8019205729166666,-0.99459375,0.3481112241744995,0.427196741104126
1982-005,1982-08-18 03:00:00,0.8001871744791667,-0.98075,0.15067098140716553,0.09525887966156006
1982-005,1982-08-18 12:00:00,0.8001871744791667,-1.04128125,0.261613655090332,0.23887946605682372
1982-005,1982-08-19 03:00:00,0.8053324381510417,-0.95309375,0.19646191596984863,0.17399330139160157
1982-005,1982-08-19 12:00:00,0.8053324381510417,-1.0650052083333332,0.17297509908676148,0.18721426725387574
1982-006,1982-08-27 03:00:00,0.7864501953125,-0.7001822916666667,0.15269602537155152,0.022225263714790344
1982-006,1982-08-27 12:00:00,0.7864501953125,-0.8092239583333334,0.1962977647781372,0.0948315680027008
1982-006,1982-08-28 03:00:00,0.7848388671875,-0.703390625,0.19963961839675903,0.06963732838630676
1982-006,1982-08-28 12:00:00,0.7848388671875,-0.8279895833333333,0.2205448865890503,0.12833036184310914
1982-006,1982-08-29 03:00:00,0.7851888020833333,-0.731875,0.21716020107269288,0.1209138035774231
1982-006,1982-08-29 12:00:00,0.7851888020833333,-0.8315,0.2175534725189209,0.1739933967590332
1982-006,1982-08-30 03:00:00,0.7859415690104167,-0.6902604166666667,0.18590866327285765,0.18338618278503419
1982-006,1982-08-30 12:00:00,0.7859415690104167,-0.697203125,0.17030431032180787,0.18137513399124144
1982-006,1982-08-31 03:00:00,0.7855428059895834,-0.5340885416666666,0.13290796279907227,0.19075077772140503
1982-006,1982-08-31 12:00:00,0.7855428059895834,-0.5683125,0.14764750003814697,0.1345146656036377
1982-006,1982-09-01 03:00:00,0.7851175944010417,-0.42661458333333335,0.11080340147018433,0.12387096881866455
1982-006,1982-09-01 12:00:00,0.7851175944010417,-0.5626927083333333,0.15416051149368287,0.08652655482292175
1982-006,1982-09-02 03:00:00,0.7863667805989584,-0.48635416666666664,0.1483811616897583,0.07733516693115235
1982-006,1982-09-02 12:00:00,0.7863667805989584,-0.6181302083333333,0.17273863554000854,0.0781137228012085
1982-007,1982-09-09 03:00:00,0.791259765625,-0.8850677083333334,0.013601171970367431,0.020392730832099915
1982-007,1982-09-09 12:00:00,0.791259765625,-0.93284375,0.04199731945991516,0.3643096208572388
1982-007,1982-09-10 03:00:00,0.7857666015625,-0.7729166666666667,0.14676079750061036,0.5415698528289795
1982-008,1982-09-29 00:00:00,0.8534566243489583,-0.43549479166666666,0.15610471963882447,0.047366863489151
1982-008,1982-09-29 03:00:00,0.8534566243489583,-0.43549479166666666,0.15610471963882447,0.047366863489151
1982-009,1982-10-15 03:00:00,0.8552327473958333,-0.25254166666666666,-0.33817951679229735,-0.14559766054153442
1982-009,1982-10-15 12:00:00,0.8552327473958333,-0.3233229166666667,-0.3919473648071289,-0.10513184070587159
1982-009,1982-10-15 18:00:00,0.8552327473958333,-0.22043229166666667,-0.43254671096801756,-0.030059584975242616
1982-009,1982-10-16 00:00:00,0.8531819661458333,-0.35646875,-0.40813937187194826,0.06511785387992859
1982-009,1982-10-16 03:00:00,0.8531819661458333,-0.35646875,-0.40813937187194826,0.06511785387992859
1982-009,1982-10-16 12:00:00,0.8531819661458333,-0.385875,-0.4083518981933594,0.06463940143585205
1982-009,1982-10-16 18:00:00,0.8531819661458333,-0.246921875,-0.4255488872528076,0.21127617359161377
1982-010,1982-10-16 12:00:00,0.8302836100260417,-0.3917291666666667,-0.1366100311279297,-0.009994807839393615
1982-010,1982-10-17 03:00:00,0.8267435709635417,-0.2917135416666667,-0.09395762085914612,0.09938002228736878
1982-010,1982-10-17 12:00:00,0.8267435709635417,-0.3492604166666667,-0.14671448469161988,0.08692139983177186
1982-010,1982-10-17 18:00:00,0.8267435709635417,-0.17786458333333333,-0.11589174270629883,0.13996846675872804
1982-010,1982-10-18 00:00:00,0.8244059244791667,-0.209625,-0.06383798718452453,0.1416420340538025
1982-010,1982-10-18 03:00:00,0.8244059244791667,-0.209625,-0.06383798718452453,0.1416420340538025
1982-010,1982-10-18 12:00:00,0.8244059244791667,-0.28883333333333333,-0.05264430046081543,0.18241878747940063
1982-010,1982-10-18 18:00:00,0.8244059244791667,-0.138921875,-0.04829621016979217,0.19411702156066896
1982-010,1982-10-19 00:00:00,0.82410888671875,-0.21830729166666665,-0.023492543399333952,0.17071408033370972
1982-010,1982-10-19 03:00:00,0.82410888671875,-0.21830729166666665,-0.023492543399333952,0.17071408033370972
1982-010,1982-10-19 12:00:00,0.82410888671875,-0.3269166666666667,-0.01879023164510727,0.16813760995864868
1982-010,1982-10-20 03:00:00,0.8266927083333333,-0.27646875,0.03968407511711121,0.2073434591293335
1982-010,1982-10-20 12:00:00,0.8266927083333333,-0.40353645833333335,0.01622188985347748,0.16740140914916993
1982-010,1982-10-21 03:00:00,0.8300862630208333,-0.34047916666666667,0.046174338459968566,0.18092825412750244
1982-010,1982-10-21 12:00:00,0.8300862630208333,-0.43426041666666665,0.06344403028488159,0.17626402378082276
1982-011,1982-11-28 03:00:00,0.7793192545572917,-0.30353125,-0.08511121273040771,-0.05477632880210877
1982-011,1982-11-28 12:00:00,0.7793192545572917,-0.26809895833333336,0.06538192033767701,-0.0620036244392395
1982-011,1982-11-29 03:00:00,0.7688924153645833,-0.27425520833333333,0.11077295541763306,-0.2546457529067993
1982-012,1982-12-02 12:00:00,0.7635986328125,-0.18102604166666666,-0.34975898265838623,-0.4841264247894287
1982-012,1982-12-03 03:00:00,0.7642659505208333,-0.15458333333333332,-0.27123513221740725,-0.28210208415985105
1982-012,1982-12-03 12:00:00,0.7642659505208333,-0.192609375,-0.22666580677032472,-0.11174534559249878
1982-012,1982-12-04 00:00:00,0.7618550618489583,-0.09132291666666667,-0.20486390590667725,0.0014257566072046757
1982-013,1982-07-15 03:00:00,0.81654052734375,-1.0027604166666666,0.5462313175201416,0.011422216892242432
1982-013,1982-07-15 12:00:00,0.8167826334635416,-1.022609375,0.5370118141174316,0.15794270038604735
1982-013,1982-07-16 03:00:00,0.8121134440104166,-0.9873958333333334,0.6555994510650635,0.14477285146713256
1982-014,1982-10-01 03:00:00,0.7889017740885417,-0.2115625,-0.016644325852394105,-0.03178569376468658
1982-014,1982-10-01 12:00:00,0.7889017740885417,-0.20225,-0.02460511475801468,0.02513168752193451
1982-014,1982-10-02 03:00:00,0.78800048828125,-0.122546875,-0.20234532356262208,0.007306501269340515
1982-015,1982-11-04 12:00:00,0.8041341145833333,-0.19699479166666667,-0.20034584999084473,-0.018008090555667877
1982-015,1982-11-05 00:00:00,0.796612548828125,-0.22958854166666667,-0.13093966245651245,-0.05397842526435852
1982-015,1982-11-05 03:00:00,0.796612548828125,-0.22958854166666667,-0.13093966245651245,-0.05397842526435852
1982-015,1982-11-05 12:00:00,0.79664306640625,-0.41694270833333336,-0.03909360766410828,0.007803341746330262
1982-015,1982-11-06 00:00:00,0.7910807291666667,-0.4281041666666667,-0.04397556781768799,0.01541975736618042
1982-015,1982-11-06 03:00:00,0.7910807291666667,-0.4281041666666667,-0.04397556781768799,0.01541975736618042
1982-015,1982-11-06 12:00:00,0.7911214192708333,-0.467484375,-0.025125768780708314,0.1482040762901306
1982-015,1982-11-07 03:00:00,0.78660888671875,-0.42071875,-0.024641306698322298,0.11202614307403565
1982-015,1982-11-07 12:00:00,0.786614990234375,-0.3945208333333333,0.00642189159989357,0.1551777958869934
1982-015,1982-11-08 03:00:00,0.7822855631510417,-0.3683854166666667,0.04461163878440857,0.06538558006286621
1982-015,1982-11-08 12:00:00,0.782275390625,-0.40472395833333336,0.12133586406707764,-0.0634910523891449
1982-015,1982-11-09 00:00:00,0.777215576171875,-0.29103125,0.1305446743965149,-0.08681163191795349
1982-015,1982-11-09 03:00:00,0.777215576171875,-0.29103125,0.1305446743965149,-0.08681163191795349
1982-015,1982-11-09 12:00:00,0.7772216796875,-0.24044270833333334,0.10631790161132812,-0.2073441505432129
1982-016,1982-11-28 12:00:00,0.76798095703125,-0.25819270833333335,-0.381210994720459,-0.4197391033172607
1982-016,1982-11-29 03:00:00,0.769598388671875,-0.28865625,-0.44589743614196775,-0.1743334174156189
1982-016,1982-11-29 06:00:00,0.769598388671875,-0.10360416666666666,-0.43922104835510256,-0.0459258109331131
1982-017,1982-06-17 03:00:00,0.898297119140625,-0.8255625,0.04947312474250794,0.08022145032882691
1982-017,1982-06-17 12:00:00,0.898297119140625,-0.9847604166666667,0.037030181288719176,0.14411578178405762
1982-017,1982-06-18 03:00:00,0.89093017578125,-0.9391197916666667,0.07431005239486695,0.05960637331008911
1982-018,1982-08-02 03:00:00,0.85167236328125,-0.8924427083333333,0.07608213424682617,0.09894882440567017
1982-018,1982-08-02 12:00:00,0.85167236328125,-0.8105625,0.05569290518760681,0.18333133459091186
1982-018,1982-08-03 03:00:00,0.8587809244791667,-0.6678541666666666,0.08410090208053589,0.16184741258621216
1982-018,1982-08-03 12:00:00,0.8587809244791667,-0.6068072916666667,0.006176012009382248,0.1451777696609497
1982-018,1982-08-04 03:00:00,0.86630859375,-0.470375,0.03834130465984344,0.11588214635848999
1982-019,1982-08-25 03:00:00,-19.333333333333332,-0.9239114583333333,0.12198044061660766,-0.015343870222568511
1983-001,1983-06-20 03:00:00,0.831805419921875,-0.8851822916666666,0.27308053970336915,0.1984536051750183
1983-001,1983-06-20 12:00:00,0.8319112141927083,-0.7775625,0.4319470882415771,0.29009978771209716
1983-001,1983-06-20 18:00:00,0.831787109375,-0.6591458333333333,0.38960320949554444,0.29568305015563967
1983-001,1983-06-21 03:00:00,0.8279886881510417,-0.8040625,0.4251082897186279,0.23908765316009523
1983-001,1983-06-22 03:00:00,0.8231465657552083,-0.8790052083333333,0.5446568012237549,0.2364595890045166
1983-001,1983-06-22 12:00:00,0.82318115234375,-0.9199947916666666,0.5969840049743652,0.2733232736587524
1983-002,1983-06-24 03:00:00,0.8777669270833334,-0.9325572916666667,0.17505661249160767,0.10193127393722534
1983-002,1983-06-24 12:00:00,0.8777669270833334,-1.062640625,0.13122116327285765,0.1357932686805725
1983-002,1983-06-24 18:00:00,0.8777669270833334,-0.861015625,0.13756175041198732,0.20416831970214844
1983-002,1983-06-25 03:00:00,0.870947265625,-0.926453125,0.17671266794204712,0.16902480125427247
1983-002,1983-06-25 12:00:00,0.870947265625,-1.0568958333333334,0.17220165729522705,0.1808667778968811
1983-002,1983-06-25 18:00:00,0.870947265625,-0.8785729166666667,0.202077054977417,0.2381821393966675
1983-002,1983-06-26 03:00:00,0.8636393229166667,-0.9544322916666667,0.21332812309265137,0.22657439708709717
1983-002,1983-06-26 12:00:00,0.8636393229166667,-1.0813958333333333,0.2102487564086914,0.2479175090789795
1983-002,1983-06-27 03:00:00,0.8537516276041667,-1.0335572916666667,0.2313386917114258,0.28459765911102297
1983-002,1983-06-27 12:00:00,0.8537516276041667,-1.139953125,0.21154179573059081,0.2905726432800293
1983-003,1983-08-04 00:00:00,0.767669677734375,-0.8220833333333334,0.24621729850769042,0.22430527210235596
1983-003,1983-08-04 03:00:00,0.767669677734375,-0.8220833333333334,0.24621729850769042,0.22430527210235596
1983-003,1983-08-04 06:00:00,0.7676717122395833,-0.6954166666666667,0.24485633373260499,0.2582162618637085
1983-003,1983-08-04 12:00:00,0.7676839192708333,-0.8360885416666667,0.27039031982421874,0.3126556396484375
1983-003,1983-08-04 18:00:00,0.7676676432291667,-0.6475677083333333,0.23740813732147217,0.3245398044586182
1983-003,1983-08-05 03:00:00,0.764813232421875,-0.718390625,0.2707156419754028,0.2358330488204956
1983-003,1983-08-05 12:00:00,0.76483154296875,-0.7830677083333333,0.2645425319671631,0.2590630531311035
1983-003,1983-08-06 03:00:00,0.7576822916666667,-0.7205885416666666,0.2034609794616699,0.21930534839630128
1983-003,1983-08-06 12:00:00,0.7577189127604167,-0.8288489583333334,0.10968891382217408,0.16860506534576417
1983-003,1983-08-07 03:00:00,0.7484456380208333,-0.7407916666666666,0.03239449262619019,0.12513906955718995
1983-003,1983-08-07 12:00:00,0.7485249837239584,-0.8454375,-0.06313422918319703,0.106968092918396
1983-003,1983-08-08 00:00:00,0.7404215494791667,-0.778734375,-0.03880121111869812,0.027731475234031678
1983-003,1983-08-08 03:00:00,0.7404215494791667,-0.778734375,-0.03880121111869812,0.027731475234031678
1983-003,1983-08-08 06:00:00,0.7404256184895833,-0.7301875,-0.11885409355163574,0.06104457974433899
1983-003,1983-08-08 12:00:00,0.7404561360677083,-0.9262552083333333,-0.01330740749835968,0.06616191864013672
1983-003,1983-08-08 18:00:00,0.740435791015625,-0.7545208333333333,0.026164019107818605,0.11700683832168579
1983-003,1983-08-09 03:00:00,0.7333516438802083,-0.8630677083333333,0.056604033708572386,0.08728377223014831
1983-003,1983-08-09 12:00:00,0.7333638509114583,-0.9985625,0.041830748319625854,0.16252034902572632
1983-003,1983-08-09 18:00:00,0.733349609375,-0.8056927083333333,0.0027957793325185777,0.19543380737304689
1983-003,1983-08-10 03:00:00,0.72706298828125,-0.8857291666666667,0.03644852042198181,0.17601630687713624
1983-003,1983-08-10 12:00:00,0.727105712890625,-0.9693645833333333,0.028776344656944276,0.19304897785186767
1983-003,1983-08-10 18:00:00,0.72708740234375,-0.809078125,0.0591227650642395,0.2581812620162964
1983-004,1983-09-09 00:00:00,-19.333333333333332,-0.6443072916666667,0.019981539249420165,0.05521373152732849
1983-004,1983-09-09 03:00:00,-19.333333333333332,-0.6443072916666667,0.019981539249420165,0.05521373152732849
1983-004,1983-09-09 06:00:00,-19.333333333333332,-0.5826510416666667,0.023913049697875978,0.05608983039855957
1983-004,1983-09-09 12:00:00,-19.333333333333332,-0.7535052083333333,0.031346336007118225,0.053805088996887206
1983-004,1983-09-09 18:00:00,-19.333333333333332,-0.5571302083333334,0.0369307279586792,0.09415485262870789
1983-004,1983-09-10 00:00:00,-19.333333333333332,-0.6042552083333333,0.030988231301307678,0.060072553157806394
1983-004,1983-09-10 03:00:00,-19.333333333333332,-0.6042552083333333,0.030988231301307678,0.060072553157806394
1983-004,1983-09-10 06:00:00,-19.333333333333332,-0.5183020833333334,0.10801010131835938,0.13302347660064698
1983-004,1983-09-10 12:00:00,-19.333333333333332,-0.724140625,0.055320101976394656,0.05618357062339783
1983-005,1983-10-14 03:00:00,0.8323201497395833,-0.5819479166666667,0.1556852102279663,-0.16345179080963135
1983-005,1983-10-14 12:00:00,0.8323201497395833,-0.6176458333333333,0.27250089645385744,-0.009277626127004623
1983-005,1983-10-15 03:00:00,0.8361124674479167,-0.6178645833333334,0.3469296932220459,-0.09965049624443054
1983-005,1983-10-15 12:00:00,0.8361124674479167,-0.6847135416666666,0.37787518501281736,0.06550977826118469
1983-006,1983-11-06 03:00:00,0.7877115885416667,-0.2949375,-0.21745917797088624,-0.052824783325195315
1983-006,1983-11-06 12:00:00,0.7877115885416667,-0.336265625,-0.09313713312149048,-0.019453398883342743
1983-006,1983-11-07 03:00:00,0.78460693359375,-0.43158854166666666,-0.1528645157814026,-0.07742865085601806
1983-006,1983-11-07 12:00:00,0.78460693359375,-0.47865625,-0.07084134817123414,0.010008001327514648
1983-006,1983-11-08 03:00:00,0.7820414225260417,-0.49773958333333335,-0.10023473501205445,0.016560930013656616
1983-006,1983-11-08 12:00:00,0.7820414225260417,-0.5382916666666666,0.02271665334701538,0.015189576148986816
1983-006,1983-11-09 03:00:00,0.77890625,-0.5013125,0.11939339637756348,-0.10038784742355347
1983-007,1983-12-21 12:00:00,0.706744384765625,-0.4284322916666667,-0.1290767788887024,-0.14396942853927613
1983-007,1983-12-22 03:00:00,0.7073221842447917,-0.41828645833333333,-0.0390824168920517,-0.10262713432312012
1983-007,1983-12-22 12:00:00,0.7073221842447917,-0.4281770833333333,-0.1404374957084656,0.007345741987228394
1984-001,1984-06-05 12:00:00,0.7905049641927083,-0.77128125,0.4257631778717041,0.24990110397338866
1984-001,1984-06-06 03:00:00,0.7765034993489583,-0.807734375,0.5419216156005859,0.19633342027664186
1984-001,1984-06-06 12:00:00,0.7766988118489583,-0.9318333333333333,0.5891141414642334,0.25940163135528566
1984-002,1984-07-31 03:00:00,0.7079813639322917,-0.746,0.21685781478881835,0.09835162162780761
1984-002,1984-07-31 12:00:00,0.7080342610677083,-0.8753854166666667,0.23083913326263428,0.14207626581192018
1984-002,1984-08-01 03:00:00,0.7059244791666667,-0.8362135416666666,0.20967013835906984,0.16284559965133666
1984-002,1984-08-01 12:00:00,0.7059794108072917,-0.9597447916666667,0.23964617252349854,0.210448956489563
1984-002,1984-08-02 03:00:00,0.7015279134114584,-0.8526041666666667,0.20690007209777833,0.1685822606086731
1984-002,1984-08-02 12:00:00,0.7016316731770833,-0.8991458333333333,0.19446877241134644,0.2273327589035034
1984-002,1984-08-03 03:00:00,0.6958516438802084,-0.814828125,0.2277763605117798,0.1666458010673523
1984-002,1984-08-03 12:00:00,0.6959004720052083,-0.8835260416666667,0.23500185012817382,0.20853335857391359
1984-002,1984-08-03 18:00:00,0.6958699544270833,-0.7310520833333334,0.2599714517593384,0.24668023586273194
1984-002,1984-08-04 03:00:00,0.69024658203125,-0.8051041666666666,0.2896329164505005,0.19742195606231688
1984-002,1984-08-04 12:00:00,0.69024658203125,-0.9278072916666666,0.32146193981170657,0.22158417701721192
1984-002,1984-08-05 03:00:00,0.686126708984375,-0.8393697916666667,0.3111885547637939,0.21590812206268312
1984-002,1984-08-05 12:00:00,0.686114501953125,-0.91528125,0.3066008806228638,0.23503587245941163
1984-002,1984-08-06 03:00:00,0.6848856608072916,-0.8042239583333334,0.2918941259384155,0.19747101068496703
1984-002,1984-08-06 12:00:00,0.6848714192708333,-0.8629791666666666,0.2988612413406372,0.14943971633911132
1984-002,1984-08-07 03:00:00,0.6864278157552083,-0.7950520833333333,0.3008219003677368,0.14967118501663207
1984-002,1984-08-07 12:00:00,0.6865498860677083,-0.9088802083333334,0.2964829683303833,0.17717084884643555
1984-002,1984-08-07 18:00:00,0.6865275065104167,-0.7462395833333333,0.29538779258728026,0.2185798168182373
1984-003,1984-08-15 00:00:00,0.7456217447916667,-0.9157291666666667,0.1961387276649475,0.04652891457080841
1984-003,1984-08-15 03:00:00,0.7456217447916667,-0.9157291666666667,0.1961387276649475,0.04652891457080841
1984-003,1984-08-15 12:00:00,0.7456217447916667,-1.0439166666666666,0.1656029462814331,0.11101534366607665
1984-003,1984-08-16 03:00:00,0.7563496907552083,-0.9249427083333334,0.1967710494995117,0.13047736883163452
1984-003,1984-08-16 12:00:00,0.7563496907552083,-0.9903645833333333,0.15884069204330445,0.20396504402160645
1984-003,1984-08-17 03:00:00,0.769427490234375,-0.838953125,0.16411988735198973,0.18873767852783202
1984-003,1984-08-17 12:00:00,0.769427490234375,-0.909546875,0.19342515468597413,0.17358570098876952
1984-003,1984-08-18 03:00:00,0.7788187662760416,-0.75915625,0.1424838423728943,0.17027891874313356
1984-003,1984-08-18 12:00:00,0.7788187662760416,-0.8172708333333333,0.18727899789810182,0.15251108407974243
1984-003,1984-08-19 03:00:00,0.785028076171875,-0.680203125,0.15253288745880128,0.16367778778076172
1984-003,1984-08-19 12:00:00,0.785028076171875,-0.7635,0.22103471755981446,0.13525731563568116
1984-004,1984-10-13 00:00:00,0.8437255859375,-0.6398489583333333,0.1547926425933838,-0.0884078562259674
1984-004,1984-10-13 03:00:00,0.8437255859375,-0.6398489583333333,0.1547926425933838,-0.0884078562259674
1984-004,1984-10-13 12:00:00,0.8437255859375,-0.73159375,0.21268727779388427,-0.020802128314971923
1984-004,1984-10-14 03:00:00,0.8297566731770833,-0.6379739583333334,0.1758723258972168,0.12245700359344483
1984-004,1984-10-14 12:00:00,0.8297566731770833,-0.61634375,0.11719204187393188,0.09607712626457214
1984-004,1984-10-15 03:00:00,0.8138427734375,-0.45144270833333333,0.1343654751777649,0.1972240090370178
1984-004,1984-10-15 12:00:00,0.8138427734375,-0.45725,0.09504838585853577,0.1596856713294983
1984-005,1984-11-09 12:00:00,0.7768168131510417,-0.3301614583333333,-0.3151374340057373,-0.18401904106140138
1984-005,1984-11-10 03:00:00,0.77552490234375,-0.2846458333333333,-0.3838565111160278,-0.06983262300491333
1984-005,1984-11-10 12:00:00,0.77552490234375,-0.33939583333333334,-0.35283148288726807,-0.02449050098657608
1984-005,1984-11-10 18:00:00,0.77552490234375,-0.17342708333333334,-0.3323927879333496,0.03204291760921478
1984-005,1984-11-11 03:00:00,0.7758687337239584,-0.2588697916666667,-0.250789737701416,0.12302355766296387
1984-005,1984-11-11 06:00:00,0.7758687337239584,-0.16378645833333333,-0.29499382972717286,0.07477903962135315
1984-005,1984-11-11 12:00:00,0.7758687337239584,-0.287671875,-0.23748421669006348,0.10557787418365479
1984-005,1984-11-12 03:00:00,0.7774943033854167,-0.27048958333333334,-0.217622709274292,0.15488733053207399
1984-005,1984-11-12 12:00:00,0.7774943033854167,-0.33521875,-0.17195988893508912,0.04440957605838776
1984-005,1984-11-13 03:00:00,0.780035400390625,-0.26346875,-0.17360756397247315,0.07243098616600037
1984-005,1984-11-13 12:00:00,0.780035400390625,-0.311265625,-0.2798898220062256,-0.13156437873840332
1984-005,1984-11-13 18:00:00,0.780035400390625,-0.18747395833333333,-0.372623610496521,-0.0923102080821991
1984-005,1984-11-14 03:00:00,0.7831380208333333,-0.25434375,-0.3026338338851929,-0.07248740196228028
1984-005,1984-11-14 12:00:00,0.7831380208333333,-0.3312760416666667,-0.42528724670410156,-0.1764010190963745
1984-006,1984-11-27 12:00:00,0.7541768391927083,-0.255984375,-0.22969341278076172,-0.2570514678955078
1984-006,1984-11-28 03:00:00,0.7496317545572917,-0.26434375,-0.11947851181030274,-0.298956036567688
1984-006,1984-11-28 12:00:00,0.7496317545572917,-0.344265625,-0.10160216093063354,-0.28349478244781495
1984-006,1984-11-28 15:00:00,0.7496317545572917,-0.344265625,-0.10160216093063354,-0.28349478244781495
1984-006,1984-11-29 09:00:00,0.745501708984375,-0.19228125,-0.13252285718917847,-0.3372237205505371
1984-006,1984-11-30 00:00:00,0.7434041341145833,-0.36846354166666667,-0.019352257251739502,-0.24866194725036622
1984-006,1984-11-30 03:00:00,0.7434041341145833,-0.36846354166666667,-0.019352257251739502,-0.24866194725036622
1984-006,1984-12-01 03:00:00,0.7440409342447917,-0.40461458333333333,0.05384590029716492,0.006475609540939331
1984-006,1984-12-01 12:00:00,0.7440409342447917,-0.44075,-0.03414574861526489,0.08879185318946839
1984-006,1984-12-01 18:00:00,0.7440409342447917,-0.31038020833333335,-0.09118494987487794,0.04578690528869629
1984-006,1984-12-02 03:00:00,0.7459879557291667,-0.44013020833333333,-0.06039752960205078,-0.013997127115726472
1984-007,1984-12-04 00:00:00,0.6872802734375,-0.317875,-0.10338789224624634,-0.30523831844329835
1984-007,1984-12-04 03:00:00,0.6872802734375,-0.317875,-0.10338789224624634,-0.30523831844329835
1984-007,1984-12-04 12:00:00,0.6872802734375,-0.35563541666666665,-0.18804571628570557,-0.17799561023712157
1984-007,1984-12-05 03:00:00,0.69051513671875,-0.2984895833333333,-0.22976186275482177,-0.10526316165924073
1984-007,1984-12-05 06:00:00,0.69051513671875,-0.09155729166666667,-0.3415915727615356,-0.06991012096405029
1984-007,1984-12-05 12:00:00,0.69051513671875,-0.320625,-0.3314460515975952,-0.0651587724685669
1985-001,1985-05-21 21:00:00,0.8589253743489583,-0.5684947916666667,-0.2660143613815308,0.2031332731246948
1985-001,1985-05-22 03:00:00,0.8549092610677084,-0.6545416666666667,-0.2029862642288208,0.10122489929199219
1985-001,1985-05-22 03:30:00,0.8549092610677084,-0.650890625,-0.2219313621520996,0.1384309411048889
1985-001,1985-05-22 12:00:00,0.8549092610677084,-0.8436510416666667,-0.15251035690307618,0.10320452451705933
1985-001,1985-05-23 03:00:00,0.8548848470052083,-0.8368333333333333,-0.14047932624816895,0.11595290899276733
1985-001,1985-05-23 06:00:00,0.8548848470052083,-0.8479947916666667,-0.11816565990447998,0.17984765768051147
1985-001,1985-05-24 03:00:00,0.8579121907552083,-0.9825260416666667,0.1240581750869751,0.18084850311279296
1985-001,1985-05-24 12:00:00,0.8579121907552083,-1.087875,0.16678805351257325,0.2234492540359497
1985-001,1985-05-24 18:00:00,0.8579121907552083,-0.9756197916666667,0.1307797312736511,0.31888957023620607
1985-001,1985-05-24 20:00:00,0.8579121907552083,-0.9756197916666667,0.1307797312736511,0.31888957023620607
1985-001,1985-05-24 22:00:00,0.8620137532552083,-1.0470729166666666,0.20148837566375732,0.25655968189239503
1985-001,1985-05-25 03:00:00,0.8620137532552083,-1.0470729166666666,0.20148837566375732,0.25655968189239503
1985-001,1985-05-25 12:00:00,0.8620137532552083,-1.0361614583333334,0.13956284523010254,0.343255352973938
1985-001,1985-05-25 18:00:00,0.8620137532552083,-0.868046875,0.10726573467254638,0.4004185676574707
1985-002,1985-05-28 03:00:00,0.8240437825520833,-0.8446458333333333,0.2761127710342407,0.1494564890861511
1985-002,1985-05-28 12:00:00,0.8241658528645833,-0.9883489583333334,0.3040544748306274,0.1995827317237854
1985-002,1985-05-29 03:00:00,0.815228271484375,-0.9443125,0.42168374061584474,0.2125249147415161
1985-002,1985-05-29 12:00:00,0.8154988606770833,-0.8899375,0.6080013275146484,0.22292759418487548
1985-002,1985-05-30 03:00:00,0.8076802571614583,-0.849046875,0.6434683322906494,0.16594985723495484
1985-002,1985-05-30 12:00:00,0.8079060872395833,-0.80365625,0.682877492904663,0.3573432445526123
1985-003,1985-08-01 03:00:00,0.7819986979166667,-1.035328125,0.09284718036651611,0.11729785203933715
1985-003,1985-08-01 12:00:00,0.7819986979166667,-1.08275,0.13607293367385864,0.5021099090576172
1985-003,1985-08-01 18:00:00,0.7819986979166667,-0.8510677083333333,0.15574805736541747,0.5427070140838623
1985-003,1985-08-02 00:00:00,0.7737630208333334,-0.8353385416666667,0.18838510513305665,0.5794126987457275
1985-004,1985-08-06 03:00:00,0.7550374348958333,-0.853953125,0.18152550458908082,0.12859355211257933
1985-004,1985-08-06 06:00:00,0.7550374348958333,-0.815046875,0.2145691156387329,0.1448575258255005
1985-004,1985-08-06 12:00:00,0.7550374348958333,-0.9659479166666667,0.1896956205368042,0.11289330720901489
1985-004,1985-08-07 03:00:00,0.7530293782552083,-0.9494895833333333,0.18784877061843872,0.16238175630569457
1985-004,1985-08-07 12:00:00,0.7530293782552083,-1.058046875,0.1780760645866394,0.17927253246307373
1985-004,1985-08-08 03:00:00,0.7558695475260416,-0.9547916666666667,0.1918671727180481,0.17643338441848755
1985-004,1985-08-08 12:00:00,0.7558695475260416,-1.0116770833333333,0.1786045551300049,0.14638676643371581
1985-004,1985-08-09 03:00:00,0.7604736328125,-0.85859375,0.12278938293457031,0.1413182020187378
1985-005,1985-08-14 03:00:00,0.734246826171875,-1.005390625,0.21984364986419677,0.18383114337921141
1985-005,1985-08-14 06:00:00,0.734246826171875,-0.9262604166666667,0.26514859199523927,0.3048254489898682
1985-005,1985-08-14 12:00:00,0.734246826171875,-1.143515625,0.3085022449493408,0.3671217918395996
1985-005,1985-08-15 00:00:00,0.7289530436197916,-1.007140625,0.3346595764160156,0.3702442169189453
1985-006,1985-09-19 03:00:00,0.7855183919270833,-0.5485260416666666,0.048435363173484805,0.01643020659685135
1985-006,1985-09-19 12:00:00,0.7855183919270833,-0.6528802083333334,0.031056103110313416,0.07180279493331909
1985-006,1985-09-19 18:00:00,0.7855183919270833,-0.5228177083333333,0.020974862575531005,0.10107958316802979
1985-006,1985-09-20 00:00:00,0.7897115071614583,-0.611421875,-0.01084638312458992,0.15216736793518065
1985-006,1985-09-20 03:00:00,0.7897115071614583,-0.611421875,-0.01084638312458992,0.15216736793518065
1985-006,1985-09-20 06:00:00,0.7897115071614583,-0.52140625,-0.003220803663134575,0.22557079792022705
1985-006,1985-09-20 12:00:00,0.7897115071614583,-0.6762604166666667,0.035985729098320006,0.237869930267334
1985-006,1985-09-20 18:00:00,0.7897115071614583,-0.48460416666666667,-0.015182259678840637,0.25914626121520995
1985-006,1985-09-21 00:00:00,0.7924519856770833,-0.512640625,-0.07256838083267211,0.2955015182495117
1985-006,1985-09-21 03:00:00,0.7924519856770833,-0.512640625,-0.07256838083267211,0.2955015182495117
1985-006,1985-09-21 12:00:00,0.7924519856770833,-0.49490104166666665,0.02330147475004196,0.28170437812805177
1985-007,1985-10-01 03:00:00,0.809326171875,-0.4355104166666667,0.014689730107784271,0.08664941191673278
1985-007,1985-10-01 12:00:00,0.809326171875,-0.50221875,0.0229623943567276,0.20584344863891602
1985-007,1985-10-02 03:00:00,0.8006673177083333,-0.346921875,0.061885541677474974,0.3434869050979614
1985-008,1985-10-06 03:00:00,0.7477701822916667,-0.4182135416666667,-0.19152990579605103,0.0416731983423233
1985-008,1985-10-06 12:00:00,0.7479634602864583,-0.5312760416666666,-0.060805785655975345,-0.008162511140108108
1985-008,1985-10-07 03:00:00,0.7475830078125,-0.49855208333333334,-0.023409159481525423,0.030425521731376647
1985-008,1985-10-07 12:00:00,0.7477620442708334,-0.6612239583333334,0.002580871991813183,-0.048739227652549746
1985-008,1985-10-08 03:00:00,0.7480916341145833,-0.6233489583333334,-0.00245122741907835,-0.04815159440040588
1985-008,1985-10-08 12:00:00,0.7486043294270833,-0.6703489583333333,0.0791654646396637,-0.10036894083023071
1985-008,1985-10-09 03:00:00,0.7462727864583333,-0.506015625,0.07557153701782227,0.014609844982624054
1985-009,1985-10-09 03:00:00,0.79290771484375,-0.386265625,0.026223790645599366,0.08776724338531494
1985-009,1985-10-09 18:00:00,0.79290771484375,-0.30245833333333333,0.013621294498443603,0.10535136461257935
1985-009,1985-10-10 03:00:00,0.7952311197916667,-0.4022604166666667,0.03637918829917908,0.11002278327941895
1985-009,1985-10-10 12:00:00,0.7952311197916667,-0.485671875,0.10692757368087769,0.17126059532165527
1985-009,1985-10-10 15:00:00,0.7952311197916667,-0.485671875,0.10692757368087769,0.17126059532165527
1985-009,1985-10-10 21:00:00,0.7952311197916667,-0.37104166666666666,0.1221804141998291,0.25137906074523925
1985-009,1985-10-11 03:00:00,0.7943745930989583,-0.44783333333333336,0.16268759965896606,0.22469027042388917
1985-009,1985-10-12 12:00:00,0.7916666666666666,-0.433421875,0.07463338375091552,0.05086520314216614
1985-009,1985-10-13 12:00:00,0.7889302571614584,-0.4838385416666667,0.14817044734954835,-0.10609211921691894
1985-010,1985-10-13 12:00:00,0.7849283854166667,-0.5126875,0.12473036050796509,-0.12846349477767943
1985-010,1985-10-14 03:00:00,0.7846394856770833,-0.5573125,0.16822352409362792,-0.046244490146636966
1985-010,1985-10-14 12:00:00,0.7846394856770833,-0.6765989583333333,0.17910104990005493,0.09548001885414123
1985-010,1985-10-14 15:00:00,0.7846394856770833,-0.6765989583333333,0.17910104990005493,0.09548001885414123
1985-010,1985-10-15 03:00:00,0.7877644856770833,-0.642765625,0.173952054977417,0.16052392721176148
1985-010,1985-10-15 12:00:00,0.7877644856770833,-0.71434375,0.2679526567459106,0.21569581031799318
1985-010,1985-10-16 03:00:00,0.793243408203125,-0.5902604166666666,0.2086745023727417,0.28481035232543944
1985-010,1985-10-17 03:00:00,0.7988321940104167,-0.517,0.24948477745056152,0.21008172035217285
1985-011,1985-11-12 03:00:00,0.75645751953125,-0.4181458333333333,-0.19230241775512696,-0.035994628071784975
1985-011,1985-11-12 12:00:00,0.75645751953125,-0.45107291666666666,-0.21823060512542725,-0.12155640125274658
1985-012,1985-11-15 03:00:00,0.7584452311197917,-0.3761041666666667,-0.07937371134757995,-0.2383728504180908
1985-012,1985-11-15 12:00:00,0.7584452311197917,-0.392140625,-0.21836388111114502,-0.22330327033996583
1985-012,1985-11-16 12:00:00,0.7533406575520833,-0.32533854166666665,-0.016901774704456328,0.0007622899487614631
1985-012,1985-11-17 01:00:00,0.7473978678385417,-0.27690625,0.012255927920341492,0.10744606256484986
1985-012,1985-11-17 03:00:00,0.7473978678385417,-0.27690625,0.012255927920341492,0.10744606256484986
1985-012,1985-11-17 12:00:00,0.7473978678385417,-0.2999583333333333,0.12614017724990845,0.22089729309082032
1985-013,1985-12-11 12:00:00,0.7226053873697916,-0.23538541666666668,-0.24505131244659423,-0.16749181747436523
1985-013,1985-12-12 03:00:00,0.7263448079427083,-0.15339583333333334,-0.21570076942443847,-0.13564448356628417
1985-013,1985-12-12 12:00:00,0.7263448079427083,-0.25585416666666666,-0.20302150249481202,-0.06143607497215271
1985-013,1985-12-13 03:00:00,0.7302449544270834,-0.18170833333333333,-0.23468358516693116,0.017066746950149536
1985-013,1985-12-13 12:00:00,0.7302449544270834,-0.26259895833333335,-0.24620366096496582,0.04155370593070984
1985-013,1985-12-14 03:00:00,0.7333964029947917,-0.1591875,-0.23187992572784424,0.06470689773559571
1985-014,1985-08-05 03:00:00,-19.333333333333332,-0.8521510416666667,-0.01652435213327408,0.006117990985512733
1985-014,1985-08-05 12:00:00,-19.333333333333332,-1.0555520833333334,0.014524434506893159,0.0525925874710083
1985-014,1985-08-06 03:00:00,-19.333333333333332,-1.0434270833333332,0.04192193150520325,0.09399722814559937
1985-015,1985-09-23 03:00:00,-19.333333333333332,-0.495109375,-0.07396107912063599,0.04556618630886078
1985-015,1985-09-23 12:00:00,-19.333333333333332,-0.694515625,-0.012283197045326233,0.028614360094070434
1985-015,1985-09-24 03:00:00,-19.333333333333332,-0.5191041666666667,-0.03183907568454743,0.11819295883178711
1985-015,1985-09-24 12:00:00,-19.333333333333332,-0.5427395833333334,0.05717804431915283,0.060409897565841676
1986-001,1986-01-07 12:00:00,0.7067728678385417,-0.475703125,-0.22500262260437012,-0.4106131076812744
1986-001,1986-01-08 03:00:00,0.705999755859375,-0.468078125,-0.30572032928466797,-0.4002225399017334
1986-001,1986-01-08 12:00:00,0.705999755859375,-0.4420364583333333,-0.19855382442474365,-0.3377053260803223
1986-002,1986-07-22 03:00:00,0.7924153645833333,-1.198890625,0.07957929372787476,-0.15212832689285277
1986-002,1986-07-22 12:00:00,0.7924153645833333,-1.305984375,0.060492753982543945,-0.04758489727973938
1986-002,1986-07-23 03:00:00,0.7890299479166667,-1.1682760416666667,0.05205444097518921,0.06334792375564575
1986-003,1986-08-08 03:00:00,0.688616943359375,-1.0329010416666666,0.336323618888855,-0.135906445980072
1986-003,1986-08-08 12:00:00,0.688641357421875,-1.1936875,0.28759982585906985,0.0018627768382430076
1986-003,1986-08-09 03:00:00,0.6691446940104167,-1.1045729166666667,0.31849279403686526,0.0722939908504486
1986-003,1986-08-09 06:00:00,0.6690958658854167,-1.04715625,0.2903265953063965,0.22402830123901368
1986-003,1986-08-09 12:00:00,0.6691385904947916,-1.18478125,0.37245798110961914,0.23528289794921875
1986-003,1986-08-10 03:00:00,0.6505391438802083,-1.0284427083333334,0.3351316452026367,0.25272207260131835
1986-003,1986-08-10 12:00:00,0.6506123860677083,-1.0220885416666667,0.3232086181640625,0.2534825563430786
1986-004,1986-08-10 12:00:00,0.7467427571614583,-1.0528177083333334,0.06350582242012023,0.0520672082901001
1986-004,1986-08-11 03:00:00,0.7527242024739583,-0.9244010416666667,0.1344037413597107,0.054217249155044556
1986-004,1986-08-11 12:00:00,0.7527242024739583,-1.0700833333333333,0.11045078039169312,0.16715795993804933
1986-004,1986-08-12 03:00:00,0.75594482421875,-1.0454583333333334,0.1924235224723816,0.17280772924423218
1986-004,1986-08-12 12:00:00,0.75594482421875,-1.1649583333333333,0.2007991075515747,0.2553941488265991
1986-004,1986-08-13 03:00:00,0.75672607421875,-1.063890625,0.25976521968841554,0.290390682220459
1986-004,1986-08-13 12:00:00,0.75672607421875,-1.131390625,0.27307815551757814,0.3468692064285278
1986-004,1986-08-14 03:00:00,0.7553487141927083,-0.97059375,0.261842942237854,0.3369133949279785
1986-004,1986-08-14 12:00:00,0.7553487141927083,-0.9873854166666667,0.27314755916595457,0.32762415409088136
1986-005,1986-08-19 03:00:00,0.758270263671875,-0.8421041666666667,0.07981917262077332,0.0028006106615066527
1986-005,1986-08-19 12:00:00,0.758270263671875,-0.8972083333333334,0.10245553255081177,0.15494053363800048
1986-005,1986-08-20 03:00:00,0.7571553548177083,-0.8324375,0.08591557741165161,0.20949907302856446
1986-005,1986-08-20 12:00:00,0.7571553548177083,-0.9134114583333334,0.12249906063079834,0.24146218299865724
1986-006,1986-09-24 03:00:00,0.8454833984375,-0.38517708333333334,-0.19634459018707276,0.1288575768470764
1986-006,1986-09-25 03:00:00,0.832025146484375,-0.49585416666666665,-0.09916414022445678,0.20920283794403077
1986-006,1986-09-25 12:00:00,0.832025146484375,-0.576109375,-0.1146129846572876,0.2364255666732788
1986-006,1986-09-26 03:00:00,0.81309814453125,-0.5344947916666667,-0.04609687924385071,0.15388197898864747
1986-006,1986-09-26 12:00:00,0.81309814453125,-0.5537447916666667,-0.10402840375900269,0.23914215564727784
1986-007,1986-11-07 03:00:00,0.8141988118489584,-0.30530729166666665,-0.15588561296463013,0.14878627061843872
1986-007,1986-11-07 12:00:00,0.8141988118489584,-0.40946875,-0.019830162823200225,0.20599737167358398
1986-007,1986-11-08 03:00:00,0.8027689615885417,-0.3853697916666667,0.016538819670677184,0.2834083080291748
1986-007,1986-11-08 12:00:00,0.8027689615885417,-0.4372083333333333,0.11872055530548095,0.293578577041626
1986-007,1986-11-09 03:00:00,0.792327880859375,-0.38708333333333333,0.17856950759887696,0.26299872398376467
1986-007,1986-11-09 12:00:00,0.792327880859375,-0.40567708333333335,0.23501830101013182,0.18372645378112792
1986-008,1986-11-09 03:00:00,0.7380655924479167,-0.4014270833333333,0.21827921867370606,-0.3790172576904297
1986-008,1986-11-09 12:00:00,0.7380655924479167,-0.3924166666666667,0.2802660703659058,-0.33831403255462644
1986-008,1986-11-10 03:00:00,0.7347696940104167,-0.27311979166666667,0.11358782052993774,-0.21189253330230712
1986-008,1986-11-10 12:00:00,0.7347696940104167,-0.225171875,0.1732216954231262,-0.024447983503341673
1987-001,1987-01-30 03:00:00,0.674267578125,0.07695833333333334,-0.2889286994934082,-0.15068113803863525
1987-001,1987-01-30 12:00:00,0.674267578125,0.08159375,-0.26697065830230715,-0.1506774306297302
1987-001,1987-01-31 00:00:00,0.6754414876302083,0.11850520833333333,-0.27789242267608644,-0.1338631510734558
1987-001,1987-01-31 03:00:00,0.6754414876302083,0.11850520833333333,-0.27789242267608644,-0.1338631510734558
1987-001,1987-01-31 06:00:00,0.6754414876302083,0.15746354166666668,-0.3060340404510498,-0.1240464687347412
1987-001,1987-01-31 12:00:00,0.6754414876302083,0.025541666666666667,-0.22776381969451903,-0.10930174589157104
1987-001,1987-02-01 00:00:00,0.6776997884114583,0.03827083333333333,-0.22171545028686523,-0.08733221292495727
1987-001,1987-02-01 03:00:00,0.6776997884114583,0.03827083333333333,-0.22171545028686523,-0.08733221292495727
1987-001,1987-02-01 06:00:00,0.6776997884114583,0.06033854166666667,-0.19221701622009277,-0.010406528413295747
1987-001,1987-02-01 12:00:00,0.6776997884114583,-0.06952604166666666,-0.1297791123390198,-0.02261860519647598
1987-001,1987-02-02 00:00:00,0.6803080240885416,0.015760416666666666,-0.13042162656784057,-0.05826027393341064
1987-001,1987-02-02 06:00:00,0.6803080240885416,0.07522916666666667,-0.18161253929138182,-0.053931313753128055
1987-001,1987-02-02 12:00:00,0.6803080240885416,-0.03239583333333333,-0.19834991693496704,-0.06791267395019532
1987-001,1987-02-02 18:00:00,0.6803080240885416,0.05171875,-0.17115211486816406,-0.02417157292366028
1987-001,1987-02-03 00:00:00,0.6824686686197917,0.03003645833333333,-0.16920346021652222,-0.022095230221748353
1987-001,1987-02-03 03:00:00,0.6824686686197917,0.03003645833333333,-0.16920346021652222,-0.022095230221748353
1987-001,1987-02-03 12:00:00,0.6824686686197917,0.004875,-0.1483295440673828,-0.09773300290107727
1987-001,1987-02-04 00:00:00,0.6842814127604167,0.07428645833333333,-0.13635454177856446,-0.10766124725341797
1987-001,1987-02-04 03:00:00,0.6842814127604167,0.07428645833333333,-0.13635454177856446,-0.10766124725341797
1987-001,1987-02-04 06:00:00,0.6842814127604167,0.1783125,-0.1856960654258728,-0.14427045583724976
1987-001,1987-02-04 12:00:00,0.6842814127604167,0.016932291666666665,-0.15666625499725342,-0.17227500677108765
1987-002,1987-06-01 03:00:00,0.895416259765625,-0.5419739583333333,0.13637018203735352,0.21490876674652098
1987-002,1987-06-01 12:00:00,0.895416259765625,-0.7374166666666667,0.055258172750473025,0.26610052585601807
1987-002,1987-06-02 03:00:00,0.8912027994791667,-0.6414947916666667,0.06655992865562439,0.2631391048431396
1987-002,1987-06-02 06:00:00,0.8912027994791667,-0.5965677083333333,0.04181289374828338,0.25234007835388184
1987-002,1987-06-02 12:00:00,0.8912027994791667,-0.805203125,-0.010572175681591033,0.26882994174957275
1987-002,1987-06-03 03:00:00,0.8901570638020834,-0.744703125,0.11084854602813721,0.24755094051361085
1987-002,1987-06-03 12:00:00,0.8901570638020834,-0.94996875,0.21239628791809081,0.2987536907196045
1987-002,1987-06-04 00:00:00,0.8909098307291666,-0.9198072916666666,0.19267185926437377,0.2965307950973511
1987-002,1987-06-04 03:00:00,0.8909098307291666,-0.9198072916666666,0.19267185926437377,0.2965307950973511
1987-002,1987-06-04 06:00:00,0.8909098307291666,-0.8977552083333333,0.20687365531921387,0.37288951873779297
1987-002,1987-06-04 12:00:00,0.8909098307291666,-1.0273541666666666,0.20715806484222413,0.3459542036056519
1987-002,1987-06-05 03:00:00,0.892279052734375,-0.9020520833333333,0.2516656398773193,0.3970453977584839
1987-002,1987-06-05 06:00:00,0.892279052734375,-0.8022291666666667,0.2479153871536255,0.41427836418151853
1987-003,1987-08-26 03:00:00,0.7984537760416667,-0.959390625,0.15461047887802123,0.1372201681137085
1987-003,1987-08-26 12:00:00,0.7984537760416667,-1.0154739583333334,0.1522785544395447,0.14035383462905884
1987-003,1987-08-27 03:00:00,0.7840922037760417,-0.8917864583333334,0.1288097858428955,0.08994444012641907
1987-003,1987-08-27 12:00:00,0.7840922037760417,-0.952734375,0.053308725357055664,0.09711021184921265
1987-003,1987-08-28 03:00:00,0.7698445638020833,-0.8157083333333334,0.007981108129024505,0.10103359222412109
1987-003,1987-08-28 12:00:00,0.7698445638020833,-0.8671822916666667,0.02511012852191925,0.09955540299415588
1987-003,1987-08-29 03:00:00,0.758538818359375,-0.7490677083333334,0.000510987127199769,0.08707659840583801
1987-003,1987-08-29 12:00:00,0.758538818359375,-0.8204583333333333,0.07860473990440368,0.12434160709381104
1987-004,1987-09-11 12:00:00,0.8218343098958333,-0.90840625,-0.028728815913200378,-0.01853153258562088
1987-004,1987-09-12 03:00:00,0.82696533203125,-0.747109375,-0.020684799551963805,0.011553522944450379
1987-004,1987-09-12 12:00:00,0.82696533203125,-0.7536354166666667,-0.03018021583557129,-0.005508274212479592
1987-005,1987-09-15 03:00:00,-19.333333333333332,-0.614625,0.0548844575881958,-0.05738190412521362
1987-005,1987-09-15 12:00:00,-19.333333333333332,-0.6902552083333333,-0.02994133234024048,-0.09810131788253784
1987-005,1987-09-16 03:00:00,-19.333333333333332,-0.5242395833333333,-0.023948681354522706,0.004798100516200066
1987-005,1987-09-16 12:00:00,-19.333333333333332,-0.5951666666666666,-0.011601278930902481,-0.020542237162590026
1987-006,1987-10-14 03:00:00,0.8485270182291667,-0.25033333333333335,-0.05907191634178162,-0.057614964246749875
1987-006,1987-10-14 12:00:00,0.8485270182291667,-0.39447916666666666,-0.10887787342071534,-0.11254419088363647
1987-006,1987-10-15 03:00:00,0.8460184733072916,-0.29198958333333336,-0.13574433326721191,0.006925363093614578
1987-006,1987-10-15 12:00:00,0.8460184733072916,-0.37452083333333336,-0.08149186372756959,0.05894508957862854
1987-006,1987-10-16 00:00:00,0.8440511067708333,-0.2803541666666667,-0.1068270444869995,0.1352847099304199
1987-006,1987-10-16 03:00:00,0.8440511067708333,-0.2803541666666667,-0.1068270444869995,0.1352847099304199
1987-006,1987-10-16 12:00:00,0.8440511067708333,-0.3511770833333333,-0.08153929114341736,0.14541565179824828
1987-006,1987-10-17 03:00:00,0.842156982421875,-0.232703125,-0.07973121404647827,0.15421345233917236
1987-006,1987-10-17 12:00:00,0.842156982421875,-0.3409114583333333,-0.05658338665962219,0.16695090532302856
1987-006,1987-10-18 03:00:00,0.840692138671875,-0.24824479166666666,-0.04404047131538391,0.15961250066757202
1987-006,1987-10-18 12:00:00,0.840692138671875,-0.36800520833333333,-0.0024126410484313966,0.1340017080307007
1987-006,1987-10-19 03:00:00,0.8400044759114583,-0.3304270833333333,0.02901487648487091,0.1500935435295105
1987-006,1987-10-19 12:00:00,0.8400044759114583,-0.4122395833333333,0.053139156103134154,0.04416817724704743
1987-007,1987-10-31 03:00:00,0.8031840006510417,-0.31322395833333333,-0.2111426591873169,-0.22096552848815917
1987-007,1987-10-31 06:00:00,0.8031840006510417,-0.24888020833333332,-0.24138481616973878,-0.2773041486740112
1987-007,1987-10-31 12:00:00,0.8031840006510417,-0.392359375,-0.1730304479598999,-0.21026804447174072
1987-007,1987-10-31 18:00:00,0.8031840006510417,-0.2890729166666667,-0.12155793905258179,-0.13380390405654907
1987-007,1987-11-01 00:00:00,0.801849365234375,-0.42930729166666665,-0.003888971358537674,-0.09547154903411866
1987-007,1987-11-01 03:00:00,0.801849365234375,-0.42930729166666665,-0.003888971358537674,-0.09547154903411866
1987-007,1987-11-01 12:00:00,0.801849365234375,-0.50365625,-0.03880017101764679,-0.06294540166854859
1987-007,1987-11-01 18:00:00,0.801849365234375,-0.39803645833333334,-0.07417441606521606,0.039600715041160583
1987-007,1987-11-02 00:00:00,0.8035786946614584,-0.476078125,-0.03817513585090637,0.12444982528686524
1987-007,1987-11-02 03:00:00,0.8035786946614584,-0.476078125,-0.03817513585090637,0.12444982528686524
1987-007,1987-11-02 06:00:00,0.8035786946614584,-0.40521875,-0.08707574605941773,0.1856474757194519
1987-007,1987-11-02 12:00:00,0.8035786946614584,-0.502078125,-0.0594921350479126,0.27419517040252683
1987-007,1987-11-02 18:00:00,0.8035786946614584,-0.319625,-0.0750095546245575,0.2868871450424194
1987-007,1987-11-03 00:00:00,0.8068033854166666,-0.391453125,-0.029076775908470152,0.29122836589813234
1987-007,1987-11-03 03:00:00,0.8068033854166666,-0.391453125,-0.029076775908470152,0.29122836589813234
1987-007,1987-11-03 06:00:00,0.8068033854166666,-0.29152083333333334,-0.1019073486328125,0.21619596481323242
1987-007,1987-11-03 12:00:00,0.8068033854166666,-0.41453125,-0.1891565203666687,0.21398463249206542
1987-008,1987-11-11 06:00:00,0.800677490234375,-0.4861875,-0.2822335481643677,-0.27433907985687256
1987-008,1987-11-11 12:00:00,0.800677490234375,-0.603921875,-0.2758965015411377,-0.1562802791595459
1987-008,1987-11-11 18:00:00,0.800677490234375,-0.5288385416666667,-0.21528122425079346,-0.06772089004516602
1987-008,1987-11-12 00:00:00,0.8003580729166667,-0.57490625,-0.25592808723449706,0.03369435667991638
1987-008,1987-11-12 03:00:00,0.8003580729166667,-0.57490625,-0.25592808723449706,0.03369435667991638
1987-008,1987-11-12 06:00:00,0.8003580729166667,-0.459875,-0.22891366481781006,0.13906362056732177
1987-008,1987-11-12 12:00:00,0.8003580729166667,-0.5526822916666667,-0.11436569690704346,0.23189008235931396
1987-008,1987-11-12 18:00:00,0.8003580729166667,-0.4198854166666667,-0.05720950365066528,0.23683180809020996
1987-008,1987-11-13 00:00:00,0.8018107096354167,-0.46530208333333334,-0.009706390649080276,0.32802817821502683
1987-008,1987-11-13 03:00:00,0.8018107096354167,-0.46530208333333334,-0.009706390649080276,0.32802817821502683
1987-008,1987-11-13 06:00:00,0.8018107096354167,-0.3350520833333333,-0.004525463655591011,0.34889142513275145
1987-009,1987-12-19 12:00:00,0.7567769368489583,-0.158828125,-0.3094280242919922,-0.06603667736053467
1987-009,1987-12-19 18:00:00,0.7567769368489583,-0.014979166666666667,-0.3883697748184204,-0.049641388654708865
1987-009,1987-12-20 00:00:00,0.7592997233072917,-0.09759375,-0.38394947052001954,0.07380405068397522
1987-009,1987-12-20 03:00:00,0.7592997233072917,-0.09759375,-0.38394947052001954,0.07380405068397522
1987-009,1987-12-20 12:00:00,0.7592997233072917,-0.116625,-0.4011069774627686,0.055283385515213015
1987-009,1987-12-20 18:00:00,0.7592997233072917,0.019677083333333335,-0.4289558887481689,0.004615239053964615
1987-009,1987-12-21 00:00:00,0.7604654947916667,-0.048255208333333334,-0.4624170303344727,-0.03901360332965851
1987-009,1987-12-21 03:00:00,0.7604654947916667,-0.048255208333333334,-0.4624170303344727,-0.03901360332965851
1987-009,1987-12-21 06:00:00,0.7604654947916667,0.07050520833333333,-0.45374293327331544,0.0038227483630180357
1987-009,1987-12-21 12:00:00,0.7604654947916667,-0.032880208333333334,-0.4527991771697998,-0.0219017431139946
1987-009,1987-12-21 18:00:00,0.7604654947916667,0.10388541666666666,-0.4552971839904785,-0.0398957759141922
1987-009,1987-12-22 00:00:00,0.7607259114583333,0.027895833333333335,-0.47588448524475097,-0.08291104435920715
1987-009,1987-12-22 03:00:00,0.7607259114583333,0.027895833333333335,-0.47588448524475097,-0.08291104435920715
1987-009,1987-12-22 06:00:00,0.7607259114583333,0.08607291666666667,-0.5204789161682128,-0.04524970054626465
1987-009,1987-12-22 12:00:00,0.7607259114583333,-0.048526041666666665,-0.4856442928314209,-0.02474338561296463
1987-009,1987-12-22 18:00:00,0.7607259114583333,0.048171875,-0.4806960582733154,-0.013504691421985626
1988-001,1988-06-08 12:00:00,0.868829345703125,-0.95921875,0.0778241515159607,0.15878230333328247
1988-001,1988-06-09 03:00:00,0.856787109375,-0.8814114583333333,0.11001561880111695,0.2255474328994751
1988-001,1988-06-09 12:00:00,0.856787109375,-1.0720572916666666,0.049676737189292906,0.2992894411087036
1988-001,1988-06-10 03:00:00,0.8437154134114583,-0.9731927083333334,0.07514448761940003,0.24621212482452393
1988-002,1988-06-09 03:00:00,0.8552958170572916,-0.814859375,0.551685380935669,-0.1315077543258667
1988-002,1988-06-09 12:00:00,0.8552958170572916,-0.8845364583333334,0.636630916595459,0.01909976452589035
1988-002,1988-06-10 03:00:00,0.8462158203125,-0.9151145833333333,0.5738321304321289,-0.011491091549396515
1988-002,1988-06-10 12:00:00,0.8462158203125,-0.92934375,0.5707611560821533,0.1584495186805725
1988-002,1988-06-11 03:00:00,0.8380757649739583,-0.87665625,0.5829027652740478,0.13811393976211547
1988-002,1988-06-11 12:00:00,0.8380757649739583,-0.8649479166666667,0.49989848136901854,0.12265279293060302
1988-002,1988-06-12 03:00:00,0.8312052408854167,-0.7057864583333333,0.47162961959838867,0.06612024903297424
1988-002,1988-06-13 00:00:00,0.8273234049479167,-0.5245260416666667,0.6602660179138183,0.15881277322769166
1988-002,1989-06-12 12:00:00,0.7928853352864583,-0.6862604166666667,0.8474848747253418,0.2946463108062744
1988-003,1988-07-17 03:00:00,0.8509297688802083,-1.0582239583333333,0.14049346446990968,0.05508625507354736
1988-003,1988-07-17 12:00:00,0.8509297688802083,-1.2235520833333333,0.14586478471755981,0.19654306173324584
1988-003,1988-07-18 03:00:00,0.84417724609375,-1.1032395833333333,0.15451139211654663,0.23730764389038086
1988-003,1988-07-18 12:00:00,0.84417724609375,-1.0602447916666666,0.14659008979797364,0.3796661615371704
1988-004,1988-08-02 00:00:00,0.7826212565104167,-0.9669166666666666,0.1534501552581787,0.08724470138549804
1988-004,1988-08-02 03:00:00,0.7826212565104167,-0.9669166666666666,0.1534501552581787,0.08724470138549804
1988-004,1988-08-02 12:00:00,0.7826212565104167,-1.05821875,0.14876400232315062,0.09388764500617981
1988-004,1988-08-03 03:00:00,0.7842122395833333,-0.890046875,0.057698631286621095,0.10201257467269897
1988-004,1988-08-03 12:00:00,0.7842122395833333,-0.9672291666666667,0.03177620470523834,0.12262011766433716
1988-004,1988-08-04 03:00:00,0.787237548828125,-0.8389322916666667,0.005950732529163361,0.12181880474090576
1988-004,1988-08-04 12:00:00,0.787237548828125,-0.948125,0.04286456406116486,0.157196044921875
1988-004,1988-08-05 03:00:00,0.7930887858072917,-0.7390364583333333,0.013060596585273743,0.17599498033523558
1988-004,1988-08-05 12:00:00,0.7930887858072917,-0.8765885416666667,0.0930635690689087,0.19749165773391725
1988-004,1988-08-06 03:00:00,0.8031392415364583,-0.6789375,0.08421217203140259,0.19060829877853394
1988-005,1988-10-01 03:00:00,0.794427490234375,-0.738796875,0.10886725187301635,-0.04269737601280212
1988-005,1988-10-01 12:00:00,0.794427490234375,-0.844796875,0.07728434801101684,0.030980271100997925
1988-005,1988-10-02 03:00:00,0.7990478515625,-0.6954479166666667,0.06373621225357055,0.10945459604263305
1988-005,1988-10-02 12:00:00,0.7990478515625,-0.7216979166666667,0.07931482195854186,0.11857451200485229
1988-005,1988-10-03 03:00:00,0.8035380045572916,-0.54184375,0.08158454298973083,0.17731426954269408
1988-006,1988-10-18 18:00:00,0.8156717936197917,-0.394828125,-0.024051368236541748,0.0010773414745926858
1988-006,1988-10-19 00:00:00,0.82093505859375,-0.40658333333333335,0.03350217342376709,0.06421219706535339
1988-006,1988-10-19 12:00:00,0.82093505859375,-0.32181770833333334,-0.0375317245721817,0.17435632944107055
1988-006,1988-10-20 03:00:00,0.824224853515625,-0.16145833333333334,-0.01819102019071579,0.06924796104431152
1988-007,1988-11-15 03:00:00,0.7587483723958334,-0.24168229166666666,-0.4171460628509521,-0.14364277124404906
1988-007,1988-11-15 12:00:00,0.7587483723958334,-0.34148958333333335,-0.3805143117904663,-0.03479143679141998
1988-007,1988-11-16 03:00:00,0.7519877115885417,-0.321765625,-0.3081079959869385,0.023406000435352327
1988-007,1988-11-16 12:00:00,0.7519877115885417,-0.41904166666666665,-0.2557877540588379,0.1916384220123291
1988-007,1988-11-17 06:00:00,0.744549560546875,-0.35206770833333334,-0.0866697072982788,0.06472840309143066
1988-007,1988-11-17 18:00:00,0.744549560546875,-0.316671875,0.017289233207702637,0.12330973148345947
1988-007,1988-11-18 03:00:00,0.737628173828125,-0.36425,0.10337338447570801,0.047345542907714845
1988-007,1988-11-18 12:00:00,0.737628173828125,-0.3095,0.023611994087696077,0.0032148800790309908
1988-008,1988-11-23 12:00:00,0.7410359700520833,-0.198859375,-0.1209996223449707,-0.2533629655838013
1988-008,1988-11-24 03:00:00,0.7400431315104167,-0.09907291666666666,-0.0877863585948944,-0.24326350688934326
1988-008,1988-11-24 12:00:00,0.7400431315104167,-0.19116145833333334,-0.04565049409866333,-0.21649467945098877
1988-008,1988-11-25 03:00:00,0.7354024251302084,-0.17245833333333332,-0.07603740096092224,-0.22721729278564454
1988-008,1988-11-25 06:00:00,0.7354024251302084,-0.176234375,-0.0647912859916687,-0.2214433193206787
1988-008,1988-11-25 12:00:00,0.7354024251302084,-0.3042916666666667,-0.05815638899803162,-0.1597711443901062
1988-008,1988-11-26 06:00:00,0.7287495930989584,-0.18765104166666666,-0.06809106469154358,-0.08635910749435424
1988-008,1988-11-26 12:00:00,0.7287495930989584,-0.2857604166666667,-0.03350292146205902,-0.10550004243850708
1988-008,1988-11-27 03:00:00,0.721380615234375,-0.27225,-0.08524824380874634,-0.03825011253356934
1988-008,1988-11-28 03:00:00,0.7145751953125,-0.247859375,-0.04269262552261353,0.059043651819229125
1988-008,1988-11-28 09:00:00,0.7145751953125,-0.18355208333333334,-0.04782218635082245,0.04403141438961029
1988-008,1988-11-29 03:00:00,0.709619140625,-0.13882291666666666,-0.09765332341194152,0.1622523069381714
1988-008,1988-11-29 20:00:00,0.709619140625,0.0135,-0.0775137722492218,0.07905969619750977
1988-008,1988-11-30 00:00:00,0.7072285970052083,-0.04754166666666667,-0.06846414804458618,0.04158254861831665
1988-009,1988-12-06 12:00:00,0.726092529296875,-0.332109375,-0.10636768341064454,-0.029551133513450623
1988-009,1988-12-07 03:00:00,0.7230611165364583,-0.36846875,-0.12807278633117675,-0.12074079513549804
1988-009,1988-12-07 12:00:00,0.7230611165364583,-0.390609375,-0.06400486230850219,-0.20451729297637938
1988-009,1988-12-08 03:00:00,0.72015380859375,-0.27944270833333335,-0.08262138962745666,-0.2772243022918701
1988-009,1988-12-08 12:00:00,0.72015380859375,-0.27882291666666664,-0.18424314260482788,-0.28518993854522706
1989-001,1989-05-23 03:00:00,0.8528584798177083,-0.9044270833333333,-0.00011918834643438458,0.1355402112007141
1989-001,1989-05-23 12:00:00,0.8528584798177083,-1.02371875,0.09257951974868775,0.12344456911087036
1989-001,1989-05-24 03:00:00,0.8525492350260416,-0.9097291666666667,0.12028067111968994,0.22007546424865723
1989-001,1989-05-24 12:00:00,0.8525492350260416,-1.0407708333333334,0.018879877030849458,0.24850208759307862
1989-001,1989-05-25 03:00:00,0.8475423177083333,-0.9058333333333334,0.035569092631340025,0.24361584186553956
1989-001,1989-05-26 03:00:00,0.83807373046875,-0.93796875,0.10751733779907227,0.32641575336456297
1989-001,1989-05-26 12:00:00,0.83807373046875,-1.069109375,0.12926005125045775,0.3860716104507446
1989-001,1989-05-27 03:00:00,0.824359130859375,-0.9555052083333333,0.12883336544036866,0.4856863975524902
1989-001,1989-05-27 12:00:00,0.824359130859375,-0.9811197916666666,0.13276804685592652,0.41524405479431153
1989-002,1989-06-09 03:00:00,0.81929931640625,-0.80821875,0.1917698621749878,0.12211321592330933
1989-002,1989-06-09 12:00:00,0.8195780436197917,-1.0353489583333333,0.28977150917053224,0.09077652692794799
1989-002,1989-06-10 03:00:00,0.8183980305989583,-0.898234375,0.2716258764266968,0.10310609340667724
1989-002,1989-06-10 12:00:00,0.8183349609375,-1.0678802083333334,0.24830985069274902,0.06935990452766419
1989-002,1989-06-11 03:00:00,0.8165079752604166,-0.8776145833333333,0.21674983501434325,0.043215197324752805
1989-002,1989-06-11 12:00:00,0.8163777669270833,-1.0152604166666668,0.16596174240112305,-0.023012962937355042
1989-002,1989-06-12 03:00:00,0.8113301595052084,-0.8601979166666667,0.2319721221923828,0.08347477912902831
1989-002,1989-06-12 12:00:00,0.8116943359375,-1.0119375,0.293017840385437,0.08991039395332337
1989-003,1989-06-12 03:00:00,0.8404154459635417,-0.9505416666666666,0.10010631084442138,0.08859207034111023
1989-003,1989-06-12 12:00:00,0.8404154459635417,-1.0874635416666667,0.04962782561779022,0.23963303565979005
1989-003,1989-06-13 03:00:00,0.8435750325520833,-0.980875,0.09399251341819763,0.289216947555542
1989-003,1989-06-13 12:00:00,0.8435750325520833,-1.0751770833333334,0.1522141933441162,0.38963334560394286
1989-003,1989-06-14 03:00:00,0.84971923828125,-1.0010364583333333,0.27491607666015627,0.35928390026092527
1989-003,1989-06-14 12:00:00,0.84971923828125,-1.00740625,0.3016143083572388,0.3404024362564087
1989-004,1989-06-20 03:00:00,0.77471923828125,-0.3685104166666667,0.7480906009674072,0.8300571441650391
1989-005,1989-07-21 12:00:00,0.733697509765625,-0.9777447916666666,0.16815320253372193,0.07005793452262879
1989-005,1989-07-22 03:00:00,0.73292236328125,-0.9786145833333333,0.18070799112319946,0.01235596016049385
1989-005,1989-07-22 12:00:00,0.7332621256510417,-1.1756927083333333,0.11414929628372192,0.07118301391601563
1989-005,1989-07-23 03:00:00,0.732623291015625,-1.1328541666666667,0.13365596532821655,0.06581313014030457
1989-005,1989-07-23 12:00:00,0.732666015625,-1.2672708333333333,0.1498539924621582,0.13124760389328002
1989-005,1989-07-24 03:00:00,0.734033203125,-1.109140625,0.1701136827468872,0.1793912887573242
1989-005,1989-07-24 12:00:00,0.7340962727864583,-1.0624583333333333,0.24065790176391602,0.24202616214752198
1989-005,1989-07-25 03:00:00,0.7363972981770833,-0.90596875,0.2898266315460205,0.20346875190734864
1989-005,1989-07-25 12:00:00,0.7363525390625,-0.9624635416666667,0.34923248291015624,0.2252553939819336
1989-006,1989-08-16 03:00:00,0.7586873372395834,-0.8161666666666667,0.2550430059432983,0.19077242612838746
1989-006,1989-08-16 12:00:00,0.7586873372395834,-0.9232135416666667,0.23521161079406738,0.23480782508850098
1989-006,1989-08-17 03:00:00,0.7570780436197917,-0.7841302083333334,0.28577723503112795,0.39538452625274656
1989-006,1989-08-17 12:00:00,0.7570780436197917,-0.8609270833333333,0.32276761531829834,0.458755350112915
1989-007,1989-10-17 03:00:00,0.8064737955729167,-0.4050989583333333,-0.02493528723716736,0.06016283631324768
1989-007,1989-10-17 12:00:00,0.8064737955729167,-0.52684375,0.09067145586013795,0.08686531186103821
1989-007,1989-10-18 03:00:00,0.7945393880208333,-0.47718229166666665,0.14301427602767944,0.0965394675731659
1989-008,1989-11-01 03:00:00,0.78162841796875,0.14191666666666666,-0.07160146832466126,-0.022821152210235597
1989-008,1989-11-01 12:00:00,0.781671142578125,-0.019473958333333333,-0.053679507970809934,-0.04605672061443329
1989-008,1989-11-02 03:00:00,0.7850850423177084,0.13917708333333334,-0.06745298504829407,-0.03364920318126678
1989-008,1989-11-02 12:00:00,0.78509521484375,-0.0027916666666666667,-0.02278323918581009,-0.05429068803787231
1989-008,1989-11-03 03:00:00,0.7883321126302083,0.15440625,-0.01150522455573082,-0.043382152915000916
1989-008,1989-11-04 03:00:00,0.7910725911458333,0.12694270833333332,-0.0035844217985868455,-0.007027069479227066
1989-008,1989-11-04 12:00:00,0.79114990234375,-0.025885416666666668,0.0023099958896636965,-0.03215862810611725
1989-008,1989-11-05 12:00:00,0.7915852864583334,-0.019703125,-0.008571722358465195,-0.05641148090362549
1989-008,1989-11-06 03:00:00,0.7890625,0.17541145833333333,-0.0459857702255249,-0.0511336624622345
1989-008,1989-11-08 03:00:00,0.7815043131510416,0.4059479166666667,-0.10468370914459228,-0.07444056272506713
1989-008,1989-11-08 12:00:00,0.7815327962239583,0.21480729166666668,-0.08412180542945862,-0.07835831046104431
1989-008,1989-11-09 03:00:00,0.7791361490885417,0.33139583333333333,-0.11430703401565552,-0.06471832394599915
1989-009,1989-11-11 03:00:00,0.7893147786458333,-0.457859375,-0.6470084190368652,-0.05785907506942749
1989-010,1989-11-16 12:00:00,0.7694681803385417,-0.257140625,-0.4269398212432861,0.01473342776298523
1989-010,1989-11-17 03:00:00,0.7680033365885417,-0.23754166666666668,-0.4429157257080078,0.1385783076286316
1989-010,1989-11-17 12:00:00,0.7680033365885417,-0.28146354166666665,-0.2977247714996338,0.2085665225982666
1989-010,1989-11-18 03:00:00,0.7655558268229167,-0.24286458333333333,-0.3842092752456665,0.25535147190093993
1989-010,1989-11-18 12:00:00,0.7655558268229167,-0.270109375,-0.49496989250183104,0.18198099136352539
1989-010,1989-11-19 03:00:00,0.76011962890625,-0.18904166666666666,-0.4298521041870117,0.1018970251083374
1989-010,1989-11-19 12:00:00,0.76011962890625,-0.26195833333333335,-0.26772503852844237,0.058220332860946654
1989-010,1989-11-20 03:00:00,0.7527425130208333,-0.18653125,-0.2712189435958862,-0.10907144546508789
1990-001,1990-05-04 06:00:00,0.8965474446614583,-0.339328125,0.05802273154258728,0.15708938837051392
1990-001,1990-05-04 12:00:00,0.8965474446614583,-0.5756666666666667,0.012702006101608276,0.07817375659942627
1990-001,1990-05-04 18:00:00,0.8965474446614583,-0.3654427083333333,-0.03944253027439117,0.1526277780532837
1990-001,1990-05-05 00:00:00,0.89727783203125,-0.4506354166666667,-0.04041435420513153,0.109151291847229
1990-001,1990-05-05 06:00:00,0.89727783203125,-0.352359375,-0.07125681638717651,0.08604422807693482
1990-001,1990-05-05 12:00:00,0.89727783203125,-0.5779114583333333,-0.0921151340007782,0.1091007947921753
1990-001,1990-05-05 18:00:00,0.89727783203125,-0.3738020833333333,-0.08071431517601013,0.1995672106742859
1990-001,1990-05-06 00:00:00,0.8953715006510417,-0.45191145833333335,-0.048207610845565796,0.14277727603912355
1990-001,1990-05-06 06:00:00,0.8953715006510417,-0.3575052083333333,-0.13568631410598755,0.14271090030670167
1990-001,1990-05-06 12:00:00,0.8953715006510417,-0.5616354166666667,-0.15992698669433594,0.22465791702270507
1990-001,1990-05-06 18:00:00,0.8953715006510417,-0.4081458333333333,-0.14908374547958375,0.28044924736022947
1990-001,1990-05-07 00:00:00,0.8906270345052083,-0.4984375,-0.13908733129501344,0.2726739883422852
1990-001,1990-05-07 06:00:00,0.8906270345052083,-0.4010208333333333,-0.16538177728652953,0.21762866973876954
1990-001,1990-05-07 12:00:00,0.8906270345052083,-0.6110885416666667,-0.21921358108520508,0.23974506855010985
1990-001,1990-05-07 18:00:00,0.8906270345052083,-0.4824322916666667,-0.18299633264541626,0.30693302154541013
1990-001,1990-05-08 00:00:00,0.8828267415364583,-0.6092239583333333,-0.11407923698425293,0.3564534425735474
1990-001,1990-05-08 06:00:00,0.8828267415364583,-0.5574947916666667,-0.08520077466964722,0.35439817905426024
1990-001,1990-05-08 12:00:00,0.8828267415364583,-0.7509114583333333,-0.05279583930969238,0.43247547149658205
1990-001,1990-05-08 18:00:00,0.8828267415364583,-0.6268125,-0.01575944721698761,0.4906636714935303
1990-001,1990-05-09 00:00:00,0.8753682454427083,-0.743234375,0.004169345647096634,0.4721850872039795
1990-001,1990-05-09 06:00:00,0.8753682454427083,-0.6590833333333334,-0.03181203305721283,0.4464045524597168
1990-001,1990-05-09 12:00:00,0.8753682454427083,-0.86496875,-0.06279180645942688,0.46936655044555664
1990-001,1990-05-09 18:00:00,0.8753682454427083,-0.72240625,-0.03805153369903565,0.5578251838684082
1990-001,1990-05-10 00:00:00,0.8705708821614583,-0.801609375,0.021152234077453612,0.5079472541809082
1990-001,1990-05-10 06:00:00,0.8705708821614583,-0.6322760416666666,0.027361732721328736,0.4889065265655518
1990-001,1990-05-10 12:00:00,0.8705708821614583,-0.7680625,-0.02970770001411438,0.5115677356719971
1990-002,1990-06-13 12:00:00,0.8265665690104167,-1.1562552083333333,0.16986788511276246,0.06780322790145873
1990-002,1990-06-13 18:00:00,0.8265665690104167,-0.9965260416666667,0.1442179799079895,0.19831335544586182
1990-002,1990-06-14 00:00:00,0.823663330078125,-1.0062395833333333,0.14553698301315307,0.12412267923355103
1990-002,1990-06-14 06:00:00,0.823663330078125,-0.9669010416666667,0.06155266761779785,0.13728573322296142
1990-002,1990-06-14 12:00:00,0.823663330078125,-1.0903645833333333,0.03306652903556824,0.24329299926757814
1990-002,1990-06-14 18:00:00,0.823663330078125,-0.9076354166666667,0.006726532429456711,0.28863887786865233
1990-002,1990-06-15 00:00:00,0.8232259114583333,-0.8865052083333333,-0.020780155062675477,0.21301348209381105
1990-002,1990-06-15 06:00:00,0.8232259114583333,-0.8276770833333333,-0.023290370404720307,0.2752713680267334
1990-003,1990-08-14 12:00:00,0.7905721028645833,-0.937703125,0.16372765302658082,0.10488117933273315
1990-003,1990-08-14 18:00:00,0.7905721028645833,-0.7850416666666666,0.2023855686187744,0.10923519134521484
1990-003,1990-08-15 00:00:00,0.7870930989583333,-0.8495104166666667,0.17861683368682862,0.08799829483032226
1990-003,1990-08-15 06:00:00,0.7870930989583333,-0.7747552083333333,0.1217612385749817,0.12129303216934204
1990-003,1990-08-15 12:00:00,0.7870930989583333,-0.9443697916666667,0.1618577241897583,0.18061202764511108
1990-003,1990-08-15 18:00:00,0.7870930989583333,-0.768125,0.15220298767089843,0.18891326189041138
1990-003,1990-08-16 00:00:00,0.7838134765625,-0.8257604166666667,0.1293449282646179,0.17084615230560302
1990-003,1990-08-16 06:00:00,0.7838134765625,-0.7367239583333334,0.08486773371696472,0.24215517044067383
1990-003,1990-08-16 12:00:00,0.7838134765625,-0.9255572916666667,0.1151307225227356,0.2386754035949707
1990-003,1990-08-16 18:00:00,0.7838134765625,-0.7291927083333334,0.12058020830154419,0.26353251934051514
1990-003,1990-08-17 00:00:00,0.781182861328125,-0.7830833333333334,0.11164218187332153,0.2174452066421509
1990-004,1990-08-20 06:00:00,0.74334716796875,-0.7070416666666667,0.13733348846435547,0.10161964893341065
1990-004,1990-08-20 12:00:00,0.74334716796875,-0.888671875,0.1707174301147461,0.12625701427459718
1990-004,1990-08-20 18:00:00,0.74334716796875,-0.6961510416666666,0.1955585241317749,0.16976044178009034
1990-004,1990-08-21 00:00:00,0.7508524576822917,-0.7414947916666667,0.1894525408744812,0.11070353984832763
1990-004,1990-08-21 06:00:00,0.7508524576822917,-0.6367604166666667,0.15217323303222657,0.1392791748046875
1990-004,1990-08-21 12:00:00,0.7508524576822917,-0.8466979166666667,0.1549823045730591,0.1364211320877075
1990-004,1990-08-21 18:00:00,0.7508524576822917,-0.6785625,0.13375157117843628,0.15514944791793822
1990-004,1990-08-22 00:00:00,0.7596516927083333,-0.7303229166666667,0.1265627384185791,0.09849622845649719
1990-004,1990-08-22 06:00:00,0.7596516927083333,-0.6222604166666666,0.10789358615875244,0.151624858379364
1990-004,1990-08-22 12:00:00,0.7596516927083333,-0.819015625,0.1106097936630249,0.1612073540687561
1990-004,1990-08-22 18:00:00,0.7596516927083333,-0.650796875,0.1342366576194763,0.1860852360725403
1990-004,1990-08-23 00:00:00,0.7668253580729166,-0.6840364583333334,0.1244493842124939,0.12393250465393066
1990-004,1990-08-23 06:00:00,0.7668253580729166,-0.6127604166666667,0.1573026180267334,0.1841849207878113
1990-004,1990-08-23 12:00:00,0.7668253580729166,-0.7998177083333333,0.16760820150375366,0.15981879234313964
1990-004,1990-08-23 18:00:00,0.7668253580729166,-0.6220625,0.1605503797531128,0.21644814014434816
1990-004,1990-08-24 00:00:00,0.7725016276041666,-0.65015625,0.19431705474853517,0.19019343852996826
1990-004,1990-08-24 06:00:00,0.7725016276041666,-0.5928229166666666,0.27835304737091066,0.22814934253692626
1990-004,1990-08-24 12:00:00,0.7725016276041666,-0.7661614583333334,0.23147778511047362,0.23186688423156737
1990-005,1990-09-03 06:00:00,0.8148213704427083,-0.7786666666666666,0.16784865856170655,0.05289055705070496
1990-005,1990-09-03 12:00:00,0.8148213704427083,-0.985265625,0.14085142612457274,0.10553555488586426
1990-005,1990-09-03 18:00:00,0.8148213704427083,-0.797859375,0.10925242900848389,0.08835540413856506
1990-005,1990-09-04 00:00:00,0.8118265787760417,-0.886,0.04671145677566528,0.049565449357032776
1990-005,1990-09-04 06:00:00,0.8118265787760417,-0.78446875,-0.036734431982040405,0.11051733493804931
1990-005,1990-09-04 12:00:00,0.8118265787760417,-0.955890625,0.05248034596443176,0.13606228828430175
1990-005,1990-09-04 18:00:00,0.8118265787760417,-0.7618958333333333,-0.022951067984104158,0.16591750383377074
1990-006,1990-10-06 18:00:00,0.8122151692708334,-0.5615416666666667,0.16223078966140747,0.21006553173065184
1990-006,1990-10-07 00:00:00,0.809539794921875,-0.6417604166666667,0.16265449523925782,0.21008806228637694
1990-006,1990-10-07 06:00:00,0.809539794921875,-0.56696875,0.10054057836532593,0.3387164115905762
1990-006,1990-10-07 12:00:00,0.809539794921875,-0.699671875,0.13334041833877563,0.4033777713775635
1990-006,1990-10-07 18:00:00,0.809539794921875,-0.498703125,0.12409040927886963,0.42759060859680176
1990-006,1990-10-08 00:00:00,0.8064066569010416,-0.5383177083333334,0.13622310161590576,0.41518125534057615
1990-006,1990-10-08 06:00:00,0.8064066569010416,-0.411109375,0.1361147403717041,0.46934804916381834
1990-006,1990-10-08 12:00:00,0.8064066569010416,-0.5351927083333333,0.1723691701889038,0.45615234375
1990-007,1990-10-31 12:00:00,0.79127197265625,-0.3353125,-0.26788156032562255,-0.14155380725860595
1990-007,1990-10-31 18:00:00,0.79127197265625,-0.24839583333333334,-0.27342495918273924,-0.10789921283721923
1990-007,1990-11-01 00:00:00,0.785577392578125,-0.3472864583333333,-0.19807924032211305,-0.138513445854187
1990-007,1990-11-01 06:00:00,0.785577392578125,-0.252546875,-0.2030417203903198,-0.10451364517211914
1990-007,1990-11-01 12:00:00,0.785577392578125,-0.40294270833333334,-0.06756144762039185,-0.06951173543930053
1990-007,1990-11-01 18:00:00,0.785577392578125,-0.3072552083333333,-0.06413617730140686,-0.001769154891371727
1990-007,1990-11-02 00:00:00,0.78009033203125,-0.4390625,0.00025103725492954255,-0.04280143678188324
1990-007,1990-11-02 06:00:00,0.78009033203125,-0.35833333333333334,-0.026287949085235594,0.04102678596973419
1990-007,1990-11-02 12:00:00,0.78009033203125,-0.47122395833333336,0.060613232851028445,0.1280085802078247
1990-007,1990-11-02 18:00:00,0.78009033203125,-0.342953125,0.07786008715629578,0.20318303108215333
1990-007,1990-11-03 00:00:00,0.77611083984375,-0.48318229166666665,0.15396623611450194,0.20149142742156984
1990-007,1990-11-03 06:00:00,0.77611083984375,-0.3848489583333333,0.20797412395477294,0.2961599826812744
1990-007,1990-11-03 12:00:00,0.77611083984375,-0.5078802083333334,0.30946502685546873,0.27736356258392336
1990-007,1990-11-03 18:00:00,0.77611083984375,-0.3848958333333333,0.2930579900741577,0.37655799388885497
1990-007,1990-11-04 00:00:00,0.7749471028645833,-0.48390104166666664,0.3311477184295654,0.42938618659973143
1990-007,1990-11-04 06:00:00,0.7749471028645833,-0.39121354166666666,0.2782671689987183,0.47471299171447756
1990-008,1990-11-14 00:00:00,0.7458841959635417,-0.08783333333333333,-0.04169142246246338,-0.07897310853004455
1990-008,1990-11-14 06:00:00,0.7458841959635417,-0.010182291666666666,-0.1326810598373413,-0.08064766526222229
1990-008,1990-11-14 12:00:00,0.7458841959635417,-0.12680208333333334,-0.12250404357910157,-0.01553775668144226
1990-008,1990-11-14 18:00:00,0.7458841959635417,-0.0191875,-0.16198158264160156,0.004168872535228729
1990-009,1990-11-16 06:00:00,0.7906758626302083,0.0006302083333333333,-0.10042847394943237,-0.1362841844558716
1990-009,1990-11-16 12:00:00,0.7906758626302083,-0.19691666666666666,0.06086048483848572,-0.1656780242919922
1990-009,1990-11-16 18:00:00,0.7906758626302083,-0.03247916666666667,0.019796882569789887,-0.18012092113494874
1990-009,1990-11-17 00:00:00,0.7853963216145833,-0.11611979166666667,-0.003833947703242302,-0.1729705810546875
1990-009,1990-11-17 06:00:00,0.7853963216145833,0.0034739583333333332,-0.03210035264492035,-0.046205931901931764
1990-009,1990-11-17 12:00:00,0.7853963216145833,-0.20850520833333333,0.11161433458328247,-0.09398594498634338
1990-009,1990-11-17 18:00:00,0.7853963216145833,-0.06611458333333334,-0.0871897280216217,-0.10347926616668701
1990-009,1990-11-18 00:00:00,0.780950927734375,-0.17586458333333332,-0.11441127061843873,0.058664530515670776
1990-010,1990-12-14 12:00:00,0.7145711263020833,-0.148796875,-0.31117608547210696,-0.2201833486557007
1990-010,1990-12-14 18:00:00,0.7145711263020833,-0.04930729166666667,-0.301862096786499,-0.15908533334732056
1990-010,1990-12-15 00:00:00,0.7063639322916667,-0.11608854166666667,-0.2709433794021606,-0.1296328067779541
1990-010,1990-12-15 06:00:00,0.7063639322916667,-0.0064375,-0.2941902160644531,-0.10411080121994018
1990-010,1990-12-15 12:00:00,0.7063639322916667,-0.177,-0.27257518768310546,-0.07140105366706848
1990-010,1990-12-15 18:00:00,0.7063639322916667,-0.047927083333333335,-0.2545949459075928,-0.022416655719280244
1990-010,1990-12-16 00:00:00,0.7019775390625,-0.12990104166666666,-0.2339618682861328,-0.029029104113578796
1990-010,1990-12-16 06:00:00,0.7019775390625,-0.05553645833333333,-0.26300384998321535,0.019817177951335908
1990-010,1990-12-16 12:00:00,0.7019775390625,-0.21382291666666667,-0.1898520588874817,0.031197437644004823
1990-010,1990-12-16 18:00:00,0.7019775390625,-0.097390625,-0.20743045806884766,0.056630384922027585
1990-010,1990-12-17 00:00:00,0.7001322428385417,-0.17165104166666667,-0.18713686466217042,0.03055061399936676
1990-010,1990-12-17 06:00:00,0.7001322428385417,-0.086515625,-0.1956486463546753,0.05034539699554443
1990-010,1990-12-17 12:00:00,0.7001322428385417,-0.21113541666666666,-0.14568992853164672,-0.021479490399360656
1990-010,1990-12-17 18:00:00,0.7001322428385417,-0.077,-0.16058242321014404,-0.015139420330524445
1990-010,1990-12-18 00:00:00,0.6995503743489583,-0.17450520833333333,-0.1496687650680542,-0.0769881248474121
1990-010,1990-12-18 06:00:00,0.6995503743489583,-0.0716875,-0.1839049220085144,-0.08629355430603028
1990-010,1990-12-18 12:00:00,0.6995503743489583,-0.17934375,-0.0944635510444641,-0.1410051703453064
1991-001,1991-04-24 12:00:00,0.8518636067708333,-0.458453125,0.023801928758621214,0.13024287223815917
1991-001,1991-04-24 18:00:00,0.8518636067708333,-0.3601197916666667,-0.0002928629284724593,0.17642457485198976
1991-001,1991-04-25 00:00:00,0.850396728515625,-0.386671875,-0.012413383275270463,0.12064882516860961
1991-001,1991-04-25 06:00:00,0.850396728515625,-0.33107291666666666,-0.00993761345744133,0.11553622484207153
1991-001,1991-04-25 12:00:00,0.850396728515625,-0.5434635416666667,-0.04817051589488983,0.09681815505027772
1991-001,1991-04-25 18:00:00,0.850396728515625,-0.4064114583333333,-0.10429903268814086,0.18815312385559083
1991-001,1991-04-26 00:00:00,0.8494547526041667,-0.48653125,-0.11299707889556884,0.22492148876190185
1991-001,1991-04-26 06:00:00,0.8494547526041667,-0.43173958333333334,-0.04400558173656464,0.2591937780380249
1991-001,1991-04-26 12:00:00,0.8494547526041667,-0.6226041666666666,-0.0065527744591236115,0.2653305768966675
1991-001,1991-04-26 18:00:00,0.8494547526041667,-0.4613802083333333,-0.07157811522483826,0.3449506044387817
1991-001,1991-04-27 00:00:00,0.8451578776041667,-0.5471614583333333,-0.07103875279426575,0.36794538497924806
1991-001,1991-04-27 06:00:00,0.8451578776041667,-0.4594270833333333,-0.05454854965209961,0.38914873600006106
1991-001,1991-04-27 12:00:00,0.8451578776041667,-0.6604791666666666,0.00902581512928009,0.3198202848434448
1991-001,1991-04-27 18:00:00,0.8451578776041667,-0.5221979166666667,-0.021566858887672423,0.3756873607635498
1991-001,1991-04-28 00:00:00,0.8336161295572917,-0.5959010416666667,0.007843846082687378,0.3493757724761963
1991-001,1991-04-28 06:00:00,0.8336161295572917,-0.5281145833333334,0.054679715633392335,0.39625091552734376
1991-001,1991-04-28 12:00:00,0.8336161295572917,-0.7077083333333334,0.09498682618141174,0.344910192489624
1991-001,1991-04-28 18:00:00,0.8336161295572917,-0.5691145833333333,0.09847964644432068,0.3673837900161743
1991-001,1991-04-29 00:00:00,0.820086669921875,-0.6337135416666667,0.192149019241333,0.3592533588409424
1991-001,1991-04-29 06:00:00,0.820086669921875,-0.5387083333333333,0.24062509536743165,0.37413976192474363
1991-001,1991-04-29 12:00:00,0.820086669921875,-0.708828125,0.3146503448486328,0.2975863695144653
1991-001,1991-04-29 18:00:00,0.820086669921875,-0.5951979166666667,0.3388990879058838,0.38041961193084717
1991-001,1991-04-30 00:00:00,0.8113871256510417,-0.6415104166666666,0.40560479164123536,0.4418593406677246
1991-002,1991-05-31 06:00:00,0.8764424641927083,-0.5046666666666667,-0.07580515146255493,0.28843162059783933
1991-002,1991-05-31 12:00:00,0.8764424641927083,-0.6662447916666666,-0.059017473459243776,0.3155852794647217
1991-002,1991-05-31 18:00:00,0.8764424641927083,-0.494828125,-0.04450832605361939,0.3302473783493042
1991-002,1991-06-01 00:00:00,0.87802734375,-0.5615572916666667,-0.013153174519538879,0.28206260204315187
1991-002,1991-06-01 06:00:00,0.87802734375,-0.5141197916666667,-0.03529985249042511,0.31820406913757326
1991-002,1991-06-01 12:00:00,0.87802734375,-0.67571875,0.013328282535076142,0.29977593421936033
1991-002,1991-06-01 18:00:00,0.87802734375,-0.536609375,-0.0014907777309417724,0.36222286224365235
1991-002,1991-06-02 00:00:00,0.876324462890625,-0.5990833333333333,0.030891457200050355,0.3586555480957031
1991-002,1991-06-02 06:00:00,0.876324462890625,-0.5252604166666667,0.05833765268325806,0.42580976486206057
1991-003,1991-07-27 06:00:00,0.84765625,-1.0108229166666667,0.21746296882629396,0.05002501606941223
1991-003,1991-07-27 12:00:00,0.84765625,-1.1953697916666666,0.22573513984680177,0.06636226773262024
1991-003,1991-07-27 18:00:00,0.84765625,-1.036484375,0.1992195725440979,0.10442556142807007
1991-003,1991-07-28 00:00:00,0.8419596354166666,-1.098984375,0.16513972282409667,0.043767678737640384
1991-003,1991-07-28 06:00:00,0.8419596354166666,-1.04959375,0.12412135601043701,0.07484561204910278
1991-003,1991-07-28 12:00:00,0.8419596354166666,-1.2261927083333333,0.13273153305053711,0.12051159143447876
1991-003,1991-07-28 18:00:00,0.8419596354166666,-1.0103645833333332,0.09770064353942871,0.15420362949371338
1991-003,1991-07-29 00:00:00,0.8322550455729166,-1.0385989583333333,0.09490172266960144,0.1276794672012329
1991-003,1991-07-29 06:00:00,0.8322550455729166,-0.9341875,0.04495191872119904,0.18673650026321412
1991-003,1991-07-29 12:00:00,0.8322550455729166,-1.0682708333333333,0.07167787551879883,0.17113199234008789
1991-003,1991-07-29 18:00:00,0.8322550455729166,-0.85665625,0.060069769620895386,0.20917940139770508
1991-003,1991-07-30 00:00:00,0.820074462890625,-0.882953125,0.0788454532623291,0.21095407009124756
1991-003,1991-07-30 06:00:00,0.820074462890625,-0.8386614583333334,0.1320215106010437,0.2574350118637085
1991-003,1991-07-30 12:00:00,0.820074462890625,-1.0000729166666666,0.12035156488418579,0.22106523513793946
1991-003,1991-07-30 18:00:00,0.820074462890625,-0.817515625,0.11321574449539185,0.25441832542419435
1991-003,1991-07-31 00:00:00,0.8069559733072916,-0.868984375,0.15395036935806275,0.24498298168182372
1991-003,1991-07-31 06:00:00,0.8069559733072916,-0.7678177083333333,0.278346586227417,0.25409984588623047
1991-003,1991-07-31 12:00:00,0.8069559733072916,-0.9239739583333333,0.19136091470718383,0.22038071155548095
1991-003,1991-07-31 18:00:00,0.8069559733072916,-0.7517552083333333,0.15930966138839722,0.2435863733291626
1991-004,1991-08-22 00:00:00,0.7942972819010417,-0.6839479166666667,0.09551171064376832,0.038356608152389525
1991-004,1991-08-22 06:00:00,0.7942972819010417,-0.6226458333333333,0.0825143575668335,0.10361969470977783
1991-004,1991-08-22 12:00:00,0.7942972819010417,-0.8188958333333334,0.07494083046913147,0.12092077732086182
1991-004,1991-08-22 18:00:00,0.7942972819010417,-0.5966510416666667,0.059781670570373535,0.14051470756530762
1991-004,1991-08-23 00:00:00,0.7927001953125,-0.6486666666666666,0.06857886314392089,0.1298917055130005
1991-004,1991-08-23 06:00:00,0.7927001953125,-0.625609375,0.10639995336532593,0.16737385988235473
1991-004,1991-08-23 12:00:00,0.7927001953125,-0.8326510416666667,0.09501887559890747,0.1636507272720337
1991-004,1991-08-23 18:00:00,0.7927001953125,-0.6318802083333334,0.09795054793357849,0.15681999921798706
1991-004,1991-08-24 00:00:00,0.7890299479166667,-0.72734375,0.11534229516983033,0.11663105487823486
1991-004,1991-08-24 06:00:00,0.7890299479166667,-0.7355625,0.17019741535186766,0.16055588722229003
1991-004,1991-08-24 12:00:00,0.7890299479166667,-0.9473125,0.14830143451690675,0.1443934202194214
1991-004,1991-08-24 18:00:00,0.7890299479166667,-0.7388645833333334,0.1376278281211853,0.15193161964416504
1991-004,1991-08-25 00:00:00,0.784869384765625,-0.81871875,0.15028669834136962,0.10128520727157593
1991-004,1991-08-25 06:00:00,0.784869384765625,-0.7678385416666667,0.21421725749969484,0.1344063401222229
1991-004,1991-08-25 12:00:00,0.784869384765625,-0.911515625,0.1818424344062805,0.1024095058441162
1991-004,1991-08-25 18:00:00,0.784869384765625,-0.6718385416666667,0.14714720249176025,0.11471210718154908
1991-004,1991-08-26 00:00:00,0.7817952473958333,-0.7265104166666667,0.15607376098632814,0.08098112940788268
1991-005,1991-09-21 06:00:00,0.8063944498697917,-0.5000260416666666,0.11523499488830566,0.10614125728607178
1991-005,1991-09-21 12:00:00,0.8063944498697917,-0.6633645833333334,0.18820897340774537,0.18837099075317382
1991-005,1991-09-21 18:00:00,0.8063944498697917,-0.4977083333333333,0.23573825359344483,0.24899508953094482
1991-005,1991-09-22 00:00:00,0.7989156087239583,-0.5874166666666667,0.2636410713195801,0.268363881111145
1991-005,1991-09-22 06:00:00,0.7989156087239583,-0.4884583333333333,0.23643279075622559,0.22090179920196534
1991-006,1991-10-12 12:00:00,0.8412129720052083,-0.6715885416666667,-0.09248878955841064,0.1568127989768982
1991-006,1991-10-12 18:00:00,0.8412129720052083,-0.6006302083333334,-0.0036233879625797273,0.18512117862701416
1991-006,1991-10-13 00:00:00,0.8211100260416667,-0.6456666666666667,0.06635853052139282,0.2182568073272705
1991-006,1991-10-13 06:00:00,0.8211100260416667,-0.5963645833333333,0.13704546689987182,0.23109157085418702
1991-006,1991-10-13 12:00:00,0.8211100260416667,-0.690796875,0.13896715641021729,0.19033246040344237
1991-006,1991-10-13 18:00:00,0.8211100260416667,-0.5319739583333334,0.12808127403259278,0.2836158275604248
1991-006,1991-10-14 00:00:00,0.8006245930989583,-0.5255625,0.15555057525634766,0.26737117767333984
1991-007,1991-10-28 06:00:00,0.7777587890625,-0.43965625,-0.05278007388114929,-0.2344900846481323
1991-007,1991-10-28 12:00:00,0.7777587890625,-0.6333020833333334,-0.02079881876707077,-0.06349260807037353
1991-007,1991-10-28 18:00:00,0.7777587890625,-0.5193854166666667,0.012580606341361999,0.04093245565891266
1991-007,1991-10-29 00:00:00,0.7782185872395834,-0.6390833333333333,0.06212908625602722,0.08941852450370788
1991-007,1991-10-29 06:00:00,0.7782185872395834,-0.545203125,0.09343626499176025,0.14410699605941774
1991-007,1991-10-29 12:00:00,0.7782185872395834,-0.6563802083333333,0.11504131555557251,0.21933555603027344
1991-007,1991-10-29 18:00:00,0.7782185872395834,-0.509015625,0.15642647743225097,0.25885581970214844
1991-007,1991-10-30 00:00:00,0.7819681803385417,-0.5835729166666667,0.16166905164718628,0.27792935371398925
1991-007,1991-10-30 06:00:00,0.7819681803385417,-0.47825520833333335,0.17986443042755126,0.30133581161499023
1991-008,1991-11-11 12:00:00,0.7763631184895833,-0.11328645833333334,-0.3160850524902344,-0.269213342666626
1991-008,1991-11-11 18:00:00,0.7763631184895833,0.014557291666666666,-0.356514573097229,-0.20045816898345947
1991-008,1991-11-12 00:00:00,0.772137451171875,-0.107828125,-0.2957693815231323,-0.199129319190979
1991-008,1991-11-12 06:00:00,0.772137451171875,-0.052859375,-0.3093894004821777,-0.16634781360626222
1991-008,1991-11-12 12:00:00,0.772137451171875,-0.21561458333333333,-0.3229923486709595,-0.18341118097305298
1991-008,1991-11-12 18:00:00,0.772137451171875,-0.0460625,-0.317820143699646,-0.08697229623794556
1991-008,1991-11-13 00:00:00,0.7688863118489583,-0.14978125,-0.3071922779083252,-0.07296440601348878
1991-008,1991-11-13 06:00:00,0.7688863118489583,-0.07178645833333333,-0.34788942337036133,-0.06628742814064026
1991-008,1991-11-13 12:00:00,0.7688863118489583,-0.17565104166666667,-0.3250870943069458,-0.012637361884117126
1991-008,1991-11-13 18:00:00,0.7688863118489583,-0.047760416666666666,-0.3235930442810059,0.0771215319633484
1991-008,1991-11-14 00:00:00,0.7661458333333333,-0.18142708333333332,-0.32324306964874266,0.13312166929244995
1991-008,1991-11-14 06:00:00,0.7661458333333333,-0.11791666666666667,-0.333978271484375,0.15729866027832032
1991-008,1991-11-14 12:00:00,0.7661458333333333,-0.24303645833333334,-0.3014117479324341,0.2101980447769165
1991-008,1991-11-14 18:00:00,0.7661458333333333,-0.15361979166666667,-0.3462745428085327,0.22766511440277098
1991-008,1991-11-15 00:00:00,0.76488037109375,-0.229921875,-0.3291606426239014,0.265320873260498
1991-008,1991-11-15 06:00:00,0.76488037109375,-0.14494791666666668,-0.3433823823928833,0.3094735622406006
1991-008,1991-11-15 12:00:00,0.76488037109375,-0.23569791666666667,-0.3602105140686035,0.32583091259002683
1992-001,1992-05-16 06:00:00,0.9027974446614583,-0.38485416666666666,0.23135652542114257,0.475220251083374
1992-001,1992-05-16 12:00:00,0.9027974446614583,-0.5476770833333333,0.27826576232910155,0.44623441696166993
1992-001,1992-05-16 18:00:00,0.9027974446614583,-0.4554635416666667,0.25975205898284914,0.5244443416595459
1992-001,1992-05-17 00:00:00,0.8989827473958333,-0.5298125,0.24918978214263915,0.5311837673187256
1992-001,1992-05-17 06:00:00,0.8989827473958333,-0.5184635416666666,0.3256573438644409,0.5851200103759766
1992-001,1992-05-17 12:00:00,0.8989827473958333,-0.6991458333333334,0.39031596183776857,0.54308180809021
1992-001,1992-05-17 18:00:00,0.8989827473958333,-0.5700989583333333,0.31707239151000977,0.6109413623809814
1992-001,1992-05-18 00:00:00,0.8888651529947916,-0.610234375,0.35681202411651614,0.6255857944488525
1992-001,1992-05-18 06:00:00,0.8888651529947916,-0.539359375,0.4020110607147217,0.5933314800262451
1992-001,1992-05-18 12:00:00,0.8888651529947916,-0.691984375,0.373203444480896,0.4938786029815674
1992-001,1992-05-18 18:00:00,0.8888651529947916,-0.5762916666666666,0.4290957450866699,0.572382640838623
1992-001,1992-05-19 00:00:00,0.8761515299479167,-0.61328125,0.5401471138000489,0.5212555885314941
1992-001,1992-05-19 06:00:00,0.8761515299479167,-0.5259479166666666,0.6098924160003663,0.4868582248687744
1992-001,1992-05-19 12:00:00,0.8761515299479167,-0.6506458333333334,0.5853619575500488,0.3777687311172485
1992-002,1992-06-08 12:00:00,0.8341064453125,-0.6541302083333334,0.6882285118103028,0.28834617137908936
1992-002,1992-06-08 18:00:00,0.8341064453125,-0.5668229166666666,0.6192920684814454,0.3582943916320801
1992-002,1992-06-09 00:00:00,0.8278951009114583,-0.672515625,0.676958417892456,0.3648279428482056
1992-002,1992-06-09 06:00:00,0.8278951009114583,-0.5159479166666666,0.7490689754486084,0.3631675481796265
1992-002,1992-06-09 12:00:00,0.8278951009114583,-0.6829947916666667,0.6649478912353516,0.3197373628616333
1992-002,1992-06-09 18:00:00,0.8278951009114583,-0.60653125,0.5147148609161377,0.335956072807312
1992-002,1992-06-10 00:00:00,0.8210042317708334,-0.6917760416666666,0.5213795661926269,0.3369262218475342
1992-002,1992-06-10 06:00:00,0.8210042317708334,-0.49681770833333333,0.5226218223571777,0.3691234111785889
1992-002,1992-06-10 12:00:00,0.8210042317708334,-0.646640625,0.46447014808654785,0.3271579027175903
1992-002,1992-06-10 18:00:00,0.8210042317708334,-0.536015625,0.401674222946167,0.3774187803268433
1992-002,1992-06-11 00:00:00,0.812750244140625,-0.601578125,0.4097846508026123,0.3666478395462036
1992-002,1992-06-11 06:00:00,0.812750244140625,-0.46739583333333334,0.487092924118042,0.426462459564209
1992-002,1992-06-11 12:00:00,0.812750244140625,-0.6190677083333334,0.45313138961791993,0.38906676769256593
1992-002,1992-06-11 18:00:00,0.812750244140625,-0.5054635416666666,0.40859379768371584,0.46010570526123046
1992-002,1992-06-12 00:00:00,0.80242919921875,-0.638671875,0.4214332580566406,0.453035306930542
1992-002,1992-06-12 06:00:00,0.80242919921875,-0.46856770833333333,0.5098672866821289,0.562161922454834
1992-002,1992-06-12 12:00:00,0.80242919921875,-0.610359375,0.49811697006225586,0.5341797351837159
1992-003,1992-06-17 00:00:00,0.8920654296875,-1.0527135416666666,0.20597712993621825,0.12935953140258788
1992-003,1992-06-17 06:00:00,0.8920654296875,-1.0265,0.18889298439025878,0.10534632205963135
1992-003,1992-06-17 12:00:00,0.8920654296875,-1.2571927083333334,0.14208629131317138,0.17844558954238893
1992-003,1992-06-17 18:00:00,0.8920654296875,-1.0505885416666667,0.11870999336242676,0.3014500141143799
1992-003,1992-06-18 00:00:00,0.8832112630208333,-1.1023385416666667,0.14661428928375245,0.22135779857635499
1992-003,1992-06-18 06:00:00,0.8832112630208333,-1.0173802083333334,0.11750943660736084,0.1968654751777649
1992-003,1992-06-18 12:00:00,0.8832112630208333,-1.2014270833333334,0.04608327746391296,0.23039162158966064
1992-003,1992-06-18 18:00:00,0.8832112630208333,-0.9832864583333333,0.09058617949485778,0.3046170949935913
1992-003,1992-06-19 00:00:00,0.8753194173177083,-1.0292604166666666,0.11857019662857056,0.2224013090133667
1992-003,1992-06-19 06:00:00,0.8753194173177083,-0.9470625,0.10701919794082641,0.2475142002105713
1992-003,1992-06-19 12:00:00,0.8753194173177083,-1.09625,0.0988386332988739,0.2700091600418091
1992-003,1992-06-19 18:00:00,0.8753194173177083,-0.923640625,0.09507281184196473,0.3058271646499634
1992-003,1992-06-20 00:00:00,0.8679850260416667,-0.9600989583333334,0.1349867343902588,0.2525719165802002
1992-003,1992-06-20 06:00:00,0.8679850260416667,-0.88234375,0.14108140468597413,0.3014652252197266
1992-003,1992-06-20 12:00:00,0.8679850260416667,-1.0329322916666666,0.13268861770629883,0.2991823434829712
1992-004,1992-07-26 00:00:00,0.766986083984375,-1.0318854166666667,0.23644089698791504,0.12915680408477784
1992-004,1992-07-26 06:00:00,0.7670369466145833,-0.9515520833333333,0.23302245140075684,0.15658596754074097
1992-004,1992-07-26 12:00:00,0.76715087890625,-1.131234375,0.21162815093994142,0.15588606595993043
1992-004,1992-07-26 18:00:00,0.7671000162760416,-0.9256927083333333,0.17467035055160524,0.18877320289611815
1992-004,1992-07-27 00:00:00,0.7608194986979167,-0.9802760416666667,0.18514102697372437,0.1542109489440918
1992-004,1992-07-27 06:00:00,0.76087646484375,-0.9100833333333334,0.15548443794250488,0.16098867654800414
1992-004,1992-07-27 12:00:00,0.7609700520833333,-1.0764375,0.13540396690368653,0.1435016632080078
1992-004,1992-07-27 18:00:00,0.7608907063802083,-0.864109375,0.11882777214050293,0.19819486141204834
1992-004,1992-07-28 00:00:00,0.756732177734375,-0.9148177083333333,0.13373786211013794,0.1272705078125
1992-004,1992-07-28 06:00:00,0.7567036946614584,-0.80734375,0.06790270805358886,0.1729587197303772
1992-004,1992-07-28 12:00:00,0.7567036946614584,-0.9435833333333333,0.07994382977485656,0.13054864406585692
1992-004,1992-07-28 18:00:00,0.7566813151041667,-0.7099166666666666,0.07289301156997681,0.18870809078216552
1992-004,1992-07-29 00:00:00,0.7562032063802083,-0.7441770833333333,0.08798783421516418,0.1337795615196228
1992-004,1992-07-29 06:00:00,0.7563313802083333,-0.6373385416666667,0.09187515377998352,0.20676805973052978
1992-004,1992-07-29 12:00:00,0.7564737955729167,-0.7879114583333333,0.0772123634815216,0.14160138368606567
1992-004,1992-07-29 18:00:00,0.7563883463541666,-0.5468020833333334,0.07064651250839234,0.20134613513946534
1992-004,1992-07-30 00:00:00,0.7583780924479167,-0.6230729166666666,0.09485847949981689,0.14062050580978394
1992-004,1992-07-30 06:00:00,0.7583272298177083,-0.58175,0.1527824282646179,0.16035622358322144
1992-004,1992-07-30 12:00:00,0.7582906087239584,-0.7663802083333333,0.15872229337692262,0.12972158193588257
1992-005,1992-10-01 00:00:00,0.7341145833333333,-0.43526041666666665,0.1096961259841919,0.002547336369752884
1992-005,1992-10-01 06:00:00,0.7341145833333333,-0.3043489583333333,0.05215363502502442,0.035684213042259216
1992-005,1992-10-01 12:00:00,0.7341145833333333,-0.500953125,0.05458036661148071,0.02772943675518036
1992-005,1992-10-01 18:00:00,0.7341145833333333,-0.389203125,0.023830148577690124,0.14962460994720458
1992-005,1992-10-02 00:00:00,0.72576904296875,-0.4239895833333333,0.12881506681442262,0.2286306619644165
1992-005,1992-10-02 06:00:00,0.72576904296875,-0.23803645833333334,0.1167975664138794,0.22359390258789064
1992-005,1992-10-02 12:00:00,0.72576904296875,-0.42641666666666667,0.04851893782615661,0.1558908700942993
1992-005,1992-10-02 18:00:00,0.72576904296875,-0.252703125,-0.0023466134443879128,0.28223381042480467
1992-005,1992-10-03 00:00:00,0.7164204915364584,-0.307578125,0.06159335374832153,0.24626374244689941
1992-005,1992-10-03 06:00:00,0.7164204915364584,-0.11075520833333333,-0.013647888600826264,0.22685394287109376
1992-005,1992-10-03 12:00:00,0.7164204915364584,-0.2579427083333333,0.04377800226211548,0.13404839038848876
1992-006,1992-07-10 00:00:00,0.8293965657552084,-0.61375,0.38126325607299805,0.4201601505279541
1992-006,1992-07-10 06:00:00,0.8293965657552084,-0.5640364583333334,0.415221118927002,0.2828626871109009
1992-006,1992-07-10 12:00:00,0.8293965657552084,-0.7277708333333334,0.26786460876464846,0.32330169677734377
1992-006,1992-07-10 18:00:00,0.8293965657552084,-0.5292135416666667,0.24129371643066405,0.511281681060791
1992-006,1992-08-10 00:00:00,0.7868733723958333,-0.4147604166666667,0.5417870998382568,0.34114134311676025
1992-006,1992-08-10 06:00:00,0.7868733723958333,-0.3370416666666667,0.637409257888794,0.2615370750427246
1992-006,1992-08-10 12:00:00,0.7868733723958333,-0.5416145833333333,0.5497324466705322,0.22801852226257324
1992-006,1992-08-10 18:00:00,0.7868733723958333,-0.3736510416666667,0.5717175483703614,0.26057255268096924
1992-006,1992-09-10 00:00:00,0.7872273763020833,-0.5473854166666666,0.47960267066955564,0.41217937469482424
1992-006,1992-09-10 06:00:00,0.7872273763020833,-0.426609375,0.4772955417633057,0.42325515747070314
1992-007,1992-10-20 12:00:00,0.8490804036458334,-0.32028125,-0.04203792214393616,0.18837233781814575
1992-007,1992-10-20 18:00:00,0.8490804036458334,-0.28458854166666664,-0.036382758617401124,0.15005592107772828
1992-007,1992-10-21 00:00:00,0.8399190266927083,-0.37227083333333333,0.0447926789522171,0.09462430477142333
1992-007,1992-10-21 06:00:00,0.8399190266927083,-0.38391145833333334,0.1178094744682312,0.07484353184700013
1992-007,1992-10-21 12:00:00,0.8399190266927083,-0.4812135416666667,0.17829482555389403,0.003166702017188072
1992-007,1992-10-21 18:00:00,0.8399190266927083,-0.38580729166666666,0.20819931030273436,-0.0047212690114974976
1992-007,1992-10-22 00:00:00,0.827960205078125,-0.443796875,0.20532004833221434,-0.03087080121040344
1992-008,1992-11-03 06:00:00,0.7930074055989583,-0.17733333333333334,-0.4571275234222412,-0.0010750805959105492
1992-008,1992-11-03 12:00:00,0.7930074055989583,-0.28396875,-0.3743762016296387,0.030034664273262023
1992-008,1992-11-03 18:00:00,0.7930074055989583,-0.17361979166666666,-0.37574493885040283,0.09498249292373658
1992-008,1992-11-04 00:00:00,0.7868754069010416,-0.246421875,-0.33015120029449463,0.12719788551330566
1992-008,1992-11-04 06:00:00,0.7868754069010416,-0.15733854166666666,-0.32672369480133057,0.13291643857955932
1992-008,1992-11-04 12:00:00,0.7868754069010416,-0.29373958333333333,-0.2793684959411621,0.08660898208618165
1992-008,1992-11-04 18:00:00,0.7868754069010416,-0.17834895833333334,-0.31710023880004884,0.16368881464004517
1992-008,1992-11-05 00:00:00,0.7807637532552083,-0.2620572916666667,-0.30530107021331787,0.2037524938583374
1992-008,1992-11-05 06:00:00,0.7807637532552083,-0.16903645833333333,-0.24220337867736816,0.19205657243728638
1992-008,1992-11-05 12:00:00,0.7807637532552083,-0.254640625,-0.22447593212127687,0.044512519240379335
1992-008,1992-11-05 18:00:00,0.7807637532552083,-0.13342708333333334,-0.32239680290222167,0.11757898330688477
1992-008,1992-11-06 00:00:00,0.7764628092447917,-0.19065625,-0.29730682373046874,0.11234382390975953
1992-008,1992-11-06 06:00:00,0.7764628092447917,-0.10303645833333333,-0.2974995613098145,0.08380826115608216
1992-008,1992-11-06 12:00:00,0.7764628092447917,-0.25478125,-0.2934249401092529,-0.008636285364627839
1992-008,1992-11-06 18:00:00,0.7764628092447917,-0.08925,-0.3631910800933838,0.10456976890563965
1992-008,1992-11-07 00:00:00,0.7738728841145833,-0.17683854166666665,-0.2698185443878174,0.07404335141181946
1992-009,1992-11-11 06:00:00,0.766412353515625,-0.077171875,-0.38642680644989014,-0.24293334484100343
1992-009,1992-11-11 12:00:00,0.766412353515625,-0.261,-0.3484143495559692,-0.23096203804016113
1992-009,1992-11-11 18:00:00,0.766412353515625,-0.115890625,-0.37393343448638916,-0.18357383012771605
1992-009,1992-11-12 00:00:00,0.7633992513020833,-0.22691666666666666,-0.35898375511169434,-0.16719800233840942
1992-009,1992-11-12 06:00:00,0.7633992513020833,-0.13191145833333334,-0.42589592933654785,-0.12681764364242554
1992-009,1992-11-12 12:00:00,0.7633992513020833,-0.30735416666666665,-0.332148814201355,-0.09615839123725892
1992-009,1992-11-12 18:00:00,0.7633992513020833,-0.16177083333333334,-0.3281189203262329,-0.06191968321800232
1992-009,1992-11-13 00:00:00,0.760687255859375,-0.258484375,-0.29077532291412356,-0.009636490792036056
1992-009,1992-11-13 06:00:00,0.760687255859375,-0.14901041666666667,-0.2894527673721313,0.04353951215744019
1992-009,1992-11-13 12:00:00,0.760687255859375,-0.298234375,-0.09213129878044128,0.04375170171260834
1992-009,1992-11-13 18:00:00,0.760687255859375,-0.17328645833333334,-0.08391036987304687,0.037490513920783994
1992-009,1992-11-14 00:00:00,0.7583902994791667,-0.268734375,-0.052945268154144284,-0.020440836250782014
1992-009,1992-11-14 06:00:00,0.7583902994791667,-0.19480729166666666,-0.12008383274078369,0.054757696390151975
1992-009,1992-11-14 12:00:00,0.7583902994791667,-0.37268229166666667,-0.07330601811408996,0.0506058931350708
1992-009,1992-11-14 18:00:00,0.7583902994791667,-0.24370833333333333,-0.09610501527786255,0.07274914383888245
1992-009,1992-11-15 00:00:00,0.7572469075520833,-0.336609375,-0.13688998222351073,0.09490761756896973
1992-009,1992-11-15 06:00:00,0.7572469075520833,-0.2371875,-0.20309724807739257,0.10283839702606201
1992-009,1992-11-15 12:00:00,0.7572469075520833,-0.378875,-0.14444037675857543,0.03223436176776886
1992-009,1992-11-15 18:00:00,0.7572469075520833,-0.257765625,-0.1956498622894287,0.023888838291168214
1992-009,1992-11-16 00:00:00,0.7574747721354167,-0.35484375,-0.17466107606887818,0.05395442247390747
1992-009,1992-11-16 06:00:00,0.7574747721354167,-0.23633854166666668,-0.20044398307800293,0.08072677254676819
1992-009,1992-11-16 12:00:00,0.7574747721354167,-0.36786458333333333,-0.13895596265792848,0.05258728861808777
1992-009,1992-11-16 18:00:00,0.7574747721354167,-0.234546875,-0.15631988048553466,0.1376853108406067
1992-009,1992-11-17 00:00:00,0.7584065755208333,-0.3135677083333333,-0.030761474370956422,0.21954734325408937
1992-009,1992-11-17 06:00:00,0.7584065755208333,-0.21840625,0.015892325341701506,0.2297586679458618
1992-010,1992-11-16 06:00:00,0.774951171875,-0.1243125,-0.504506254196167,-0.11600643396377563
1992-010,1992-11-16 12:00:00,0.774951171875,-0.179203125,-0.39769532680511477,-0.07759796977043151
1992-010,1992-11-16 18:00:00,0.774951171875,-0.08860416666666666,-0.4042076587677002,-0.04650521874427795
1992-010,1992-11-17 00:00:00,0.7700052897135417,-0.10547395833333334,-0.3874401092529297,-0.010624319314956665
1992-010,1992-11-17 06:00:00,0.7700052897135417,-0.09628125,-0.35111422538757325,0.07265008091926575
1992-010,1992-11-17 12:00:00,0.7700052897135417,-0.16193229166666667,-0.2250307559967041,0.07652362585067748
1992-010,1992-11-17 18:00:00,0.7700052897135417,-0.04571354166666667,-0.23282945156097412,0.0838422179222107
1992-010,1992-11-18 00:00:00,0.76488037109375,-0.083359375,-0.27132472991943357,0.0545656681060791
1992-010,1992-11-18 06:00:00,0.76488037109375,-0.06415104166666667,-0.25381481647491455,0.0484858900308609
1992-010,1992-11-18 12:00:00,0.76488037109375,-0.162734375,-0.1569818377494812,0.034497255086898805
1992-010,1992-11-18 18:00:00,0.76488037109375,-0.09125520833333334,-0.20870442390441896,0.06260692477226257
1992-010,1992-11-19 00:00:00,0.7598551432291667,-0.133859375,-0.21221673488616943,0.12548646926879883
1992-010,1992-11-19 06:00:00,0.7598551432291667,-0.09871875,-0.1365957260131836,0.15052570104599
1992-010,1992-11-19 12:00:00,0.7598551432291667,-0.14920833333333333,-0.07377708554267884,0.05382540225982666
1992-010,1992-11-19 18:00:00,0.7598551432291667,-0.033692708333333335,-0.10437049865722656,0.040861117839813235
1992-010,1992-11-20 00:00:00,0.756744384765625,-0.07566666666666666,-0.11417516469955444,-0.0022555865347385407
1992-010,1992-11-20 06:00:00,0.756744384765625,-0.08038541666666667,-0.10422606468200683,0.015164509415626526
1992-010,1992-11-20 12:00:00,0.756744384765625,-0.187140625,-0.02771824300289154,-0.06492867469787597
1992-010,1992-11-20 18:00:00,0.756744384765625,-0.14210416666666667,-0.052382510900497434,-0.05805224776268005
1992-010,1992-11-21 00:00:00,0.7560994466145833,-0.18688541666666666,-0.008040115982294083,-0.05072541236877441
1992-010,1992-11-21 06:00:00,0.7560994466145833,-0.12828125,0.010215674340724946,-0.07975321412086486
1992-010,1992-11-21 12:00:00,0.7560994466145833,-0.22627604166666668,-0.02401018440723419,-0.11226166486740112
1992-011,1992-01-12 00:00:00,0.7178141276041666,-0.05496875,-0.5515954971313477,-0.4876681327819824
1992-011,1992-01-12 06:00:00,0.7178141276041666,0.06988541666666667,-0.6444399356842041,-0.5011285305023193
1992-011,1992-01-12 12:00:00,0.7178141276041666,-0.129,-0.5502358436584472,-0.5027405261993408
1992-011,1992-01-12 18:00:00,0.7178141276041666,0.020458333333333332,-0.533948278427124,-0.42445645332336424
1992-011,1992-02-12 00:00:00,0.7351704915364583,-0.10480208333333334,-0.18515952825546264,-0.12349437475204468
1992-012,1992-12-21 00:00:00,0.7071940104166666,-0.15109895833333334,-0.44227991104125974,-0.16472676992416382
1992-012,1992-12-21 06:00:00,0.7071940104166666,0.051729166666666666,-0.47997756004333497,-0.1666491746902466
1992-012,1992-12-21 12:00:00,0.7071940104166666,-0.16291145833333334,-0.4272902011871338,-0.13330577611923217
1992-012,1992-12-21 18:00:00,0.7071940104166666,0.053421875,-0.48402700424194334,-0.09994131922721863
1992-012,1992-12-22 00:00:00,0.7107198079427083,-0.09015625,-0.363247013092041,-0.07614372372627258
1992-012,1992-12-22 06:00:00,0.7107198079427083,0.09206770833333333,-0.3690251111984253,-0.14335007667541505
1992-012,1992-12-22 12:00:00,0.7107198079427083,-0.158109375,-0.33403022289276124,-0.15490165948867798
1992-012,1992-12-22 18:00:00,0.7107198079427083,0.021614583333333333,-0.390113377571106,-0.07649664282798767
1992-012,1992-12-23 00:00:00,0.7150614420572917,-0.12764583333333332,-0.31421921253204343,-0.041146063804626466
1992-012,1992-12-23 06:00:00,0.7150614420572917,0.06377604166666667,-0.30949761867523196,-0.05249026417732239
1992-012,1992-12-23 12:00:00,0.7150614420572917,-0.20260416666666667,-0.2714041471481323,-0.07313535809516906
1992-012,1992-12-23 18:00:00,0.7150614420572917,-0.020473958333333334,-0.32080507278442383,-0.08479545712471008
1992-012,1992-12-24 00:00:00,0.7210062662760417,-0.16197916666666667,-0.2772794008255005,-0.12137356996536255
1992-012,1992-12-24 06:00:00,0.7210062662760417,0.027104166666666665,-0.35683584213256836,-0.13271139860153197
1992-012,1992-12-24 12:00:00,0.7210062662760417,-0.15618229166666667,-0.2916195631027222,-0.13666774034500123
1993-001,1993-11-12 03:00:00,0.7339274088541666,-0.22229166666666667,-0.28306605815887453,-0.266137957572937
1993-001,1993-11-12 06:00:00,0.73392333984375,-0.07866145833333334,-0.3176486253738403,-0.12071367502212524
1993-001,1993-11-12 12:00:00,0.733935546875,-0.28303645833333335,-0.19467513561248778,-0.08998199105262757
1993-001,1993-11-12 18:00:00,0.7339274088541666,-0.16894791666666667,-0.2381664276123047,-0.004117786511778831
1993-001,1993-11-13 00:00:00,0.7165629069010416,-0.29911458333333335,-0.19483933448791504,0.08357870578765869
1993-001,1993-11-13 03:00:00,0.7165629069010416,-0.29911458333333335,-0.19483933448791504,0.08357870578765869
1993-001,1993-11-13 06:00:00,0.7165568033854167,-0.13035416666666666,-0.24794082641601561,0.22851927280426027
1993-001,1993-11-13 12:00:00,0.7165629069010416,-0.3420052083333333,-0.12905293703079224,0.2495497465133667
1993-001,1993-11-13 18:00:00,0.7165547688802083,-0.18206770833333333,-0.16210871934890747,0.2755980730056763
1993-001,1993-11-14 00:00:00,0.7020182291666667,-0.30831770833333333,-0.039452937245368955,0.23630406856536865
1993-001,1993-11-14 03:00:00,0.7020182291666667,-0.30831770833333333,-0.039452937245368955,0.23630406856536865
1993-001,1993-11-14 06:00:00,0.7020121256510417,-0.14355729166666667,-0.09005671143531799,0.28323750495910643
1993-001,1993-11-14 12:00:00,0.7020182291666667,-0.30804166666666666,0.020175115764141084,0.15312596559524536
1993-001,1993-11-14 18:00:00,0.7020121256510417,-0.147171875,-0.058045560121536256,0.1684919238090515
1993-001,1993-11-15 00:00:00,0.6952860514322917,-0.2376875,-0.013718236982822419,0.09673431515693665
1993-001,1993-11-15 03:00:00,0.6952860514322917,-0.2376875,-0.013718236982822419,0.09673431515693665
1993-001,1993-11-15 06:00:00,0.6952840169270833,-0.07016145833333333,-0.007505527883768082,0.12575294971466064
1993-001,1993-11-15 12:00:00,0.6952962239583333,-0.25421354166666665,0.03531556725502014,0.014053991436958313
1993-001,1993-11-15 18:00:00,0.6952901204427083,-0.0759375,-0.04452369511127472,0.014181256294250488
1993-002,1993-11-08 03:00:00,0.7735066731770833,-0.4724947916666667,0.2085348844528198,-0.0868397295475006
1993-002,1993-11-08 06:00:00,0.7735066731770833,-0.367046875,0.25619874000549314,-0.11043087244033814
1993-002,1993-11-08 12:00:00,0.7735066731770833,-0.519375,0.3783445358276367,-0.12375855445861816
1993-002,1993-11-08 18:00:00,0.7735066731770833,-0.4161458333333333,0.41514787673950193,-0.044993215799331666
1993-002,1993-11-09 00:00:00,0.7728535970052083,-0.54396875,0.3954150676727295,-0.007249992340803146
1993-002,1993-11-09 03:00:00,0.7728535970052083,-0.54396875,0.3954150676727295,-0.007249992340803146
1993-002,1993-11-09 06:00:00,0.7728535970052083,-0.4263958333333333,0.3617952823638916,0.038099223375320436
1993-002,1993-11-09 12:00:00,0.7728535970052083,-0.5833489583333333,0.29245743751525877,0.0629005789756775
1993-002,1993-11-09 18:00:00,0.7728535970052083,-0.418859375,0.2767345905303955,0.20011687278747559
1993-003,1993-12-01 06:00:00,0.747479248046875,-0.185921875,-0.28479924201965334,-0.19730489253997802
1993-003,1993-12-01 12:00:00,0.747479248046875,-0.34165104166666665,-0.2579918384552002,-0.194622004032135
1993-003,1993-12-01 18:00:00,0.747479248046875,-0.233515625,-0.26414453983306885,-0.163665771484375
1993-003,1993-12-02 00:00:00,0.7453999837239583,-0.36094791666666665,-0.24883430004119872,-0.1167833924293518
1993-003,1993-12-02 03:00:00,0.7453999837239583,-0.36094791666666665,-0.24883430004119872,-0.1167833924293518
1993-003,1993-12-02 06:00:00,0.7453999837239583,-0.28427604166666665,-0.24943993091583253,-0.0975433886051178
1993-003,1993-12-02 12:00:00,0.7453999837239583,-0.40505729166666665,-0.15816437005996703,-0.14742884635925294
1993-003,1993-12-02 18:00:00,0.7453999837239583,-0.30278125,-0.1472816824913025,-0.06514095664024352
1993-003,1993-12-03 00:00:00,0.7449483235677083,-0.421703125,-0.14064781665802,-0.028208017349243164
1993-003,1993-12-03 03:00:00,0.7449483235677083,-0.421703125,-0.14064781665802,-0.028208017349243164
1993-003,1993-12-03 06:00:00,0.7449483235677083,-0.34589583333333335,-0.16332595348358153,-0.015859259665012358
1993-003,1993-12-03 12:00:00,0.7449483235677083,-0.47697395833333334,-0.11836695671081543,0.028301915526390074
1993-003,1993-12-03 18:00:00,0.7449483235677083,-0.32964583333333336,-0.07270084023475647,0.10411237478256226
1993-003,1993-12-04 00:00:00,0.7468994140625,-0.40483854166666666,-0.09739208817481995,0.1425732970237732
1993-003,1993-12-04 03:00:00,0.7468994140625,-0.40483854166666666,-0.09739208817481995,0.1425732970237732
1993-003,1993-12-04 06:00:00,0.7468994140625,-0.290765625,-0.13843320608139037,0.1917435646057129
1993-003,1993-12-04 12:00:00,0.7468994140625,-0.37145833333333333,-0.15759600400924684,0.1731398105621338
1993-004,1993-12-19 00:00:00,0.713238525390625,-0.07384375,-0.2732113838195801,-0.3269970178604126
1993-004,1993-12-19 03:00:00,0.713238525390625,-0.07384375,-0.2732113838195801,-0.3269970178604126
1993-004,1993-12-19 06:00:00,0.713238525390625,0.012322916666666666,-0.2679774761199951,-0.3066275596618652
1993-004,1993-12-19 12:00:00,0.713238525390625,-0.18396354166666667,-0.2850613832473755,-0.24327096939086915
1993-004,1993-12-19 18:00:00,0.713238525390625,-0.033703125,-0.28591303825378417,-0.14228657484054566
1993-004,1993-12-20 00:00:00,0.717095947265625,-0.13830729166666667,-0.1402953028678894,-0.1231648564338684
1993-004,1993-12-20 03:00:00,0.717095947265625,-0.13830729166666667,-0.1402953028678894,-0.1231648564338684
1993-004,1993-12-20 06:00:00,0.717095947265625,-0.03434895833333333,-0.20701870918273926,-0.12855688333511353
1993-004,1993-12-20 09:00:00,0.717095947265625,-0.03434895833333333,-0.20701870918273926,-0.12855688333511353
1994-001,1994-03-21 12:00:00,0.7598917643229167,-0.42552083333333335,0.10713440179824829,0.08134214282035827
1994-001,1994-03-21 18:00:00,0.7598917643229167,-0.33384375,0.09331415295600891,0.2550737142562866
1994-001,1994-03-22 00:00:00,0.759539794921875,-0.3323697916666667,0.17407753467559814,0.2499384641647339
1994-001,1994-03-22 06:00:00,0.759539794921875,-0.219328125,0.13410135507583618,0.2238978147506714
1994-001,1994-03-22 12:00:00,0.759539794921875,-0.3629583333333333,0.09156927466392517,0.174842369556427
1994-001,1994-03-22 18:00:00,0.759539794921875,-0.209125,0.04499782919883728,0.3315091371536255
1994-001,1994-03-23 00:00:00,0.7599650065104167,-0.2718333333333333,0.12015734910964966,0.4164644718170166
1994-001,1994-03-23 06:00:00,0.7599650065104167,-0.13844270833333333,0.19944294691085815,0.41129865646362307
1994-001,1994-03-23 12:00:00,0.7599650065104167,-0.26222395833333334,0.2428508996963501,0.3449880361557007
1994-001,1994-03-23 18:00:00,0.7599650065104167,-0.13309375,0.23837652206420898,0.29593262672424314
1994-001,1994-03-24 00:00:00,0.76153564453125,-0.22047395833333333,0.14564244747161864,0.25289487838745117
1994-001,1994-03-24 06:00:00,0.76153564453125,-0.13184375,0.10882725715637206,0.23748996257781982
1994-002,1994-04-29 00:00:00,0.9019856770833333,-0.3945677083333333,-0.04268572926521301,0.01465698927640915
1994-002,1994-04-29 03:00:00,0.9019856770833333,-0.3945677083333333,-0.04268572926521301,0.01465698927640915
1994-002,1994-04-29 06:00:00,0.9019856770833333,-0.392296875,-0.07311196327209472,-0.019360025227069855
1994-002,1994-04-29 12:00:00,0.9019856770833333,-0.6073541666666666,-0.0661242127418518,0.08615338802337646
1994-002,1994-04-29 18:00:00,0.9019856770833333,-0.4705416666666667,-0.050374066829681395,0.18539731502532958
1994-002,1994-04-30 00:00:00,0.9104777018229167,-0.5180208333333334,-0.03530556857585907,0.16730856895446777
1994-002,1994-04-30 03:00:00,0.9104777018229167,-0.5180208333333334,-0.03530556857585907,0.16730856895446777
1994-002,1994-04-30 06:00:00,0.9104777018229167,-0.450640625,-0.02763441801071167,0.1961955189704895
1994-002,1994-04-30 12:00:00,0.9104777018229167,-0.6260052083333333,0.015908437967300414,0.2719532012939453
1994-002,1994-04-30 18:00:00,0.9104777018229167,-0.47921875,0.07497222423553467,0.3435333013534546
1994-002,1994-05-01 00:00:00,0.9160176595052083,-0.502453125,0.13725913763046266,0.1999001145362854
1994-002,1994-05-01 03:00:00,0.9160176595052083,-0.502453125,0.13725913763046266,0.1999001145362854
1994-002,1994-05-01 06:00:00,0.9160176595052083,-0.41492708333333334,0.11391048431396485,0.19794280529022218
1994-002,1994-05-01 12:00:00,0.9160176595052083,-0.537859375,0.1218149185180664,0.25580401420593263
1994-002,1994-05-01 18:00:00,0.9160176595052083,-0.42891145833333333,0.20446479320526123,0.2972239971160889
1994-002,1994-05-02 00:00:00,0.917108154296875,-0.4865625,0.36227076053619384,0.196280837059021
1994-002,1994-05-02 03:00:00,0.917108154296875,-0.4865625,0.36227076053619384,0.196280837059021
1994-002,1994-05-02 06:00:00,0.917108154296875,-0.38125,0.3684645652770996,0.1484102725982666
1994-002,1994-05-02 12:00:00,0.917108154296875,-0.5097447916666666,0.3662313461303711,0.14586116075515748
1994-002,1994-05-02 17:00:00,0.917108154296875,-0.3893802083333333,0.35236382484436035,0.3176063060760498
1994-003,1994-06-05 18:00:00,0.8494710286458333,-0.9431822916666667,0.5966884136199951,0.24174182415008544
1994-003,1994-06-06 00:00:00,0.8417643229166667,-1.0429166666666667,0.5518251895904541,0.2027071714401245
1994-003,1994-06-06 03:00:00,0.8417643229166667,-1.0429166666666667,0.5518251895904541,0.2027071714401245
1994-003,1994-06-06 06:00:00,0.8417643229166667,-0.9123125,0.5480696201324463,0.17169922590255737
1994-003,1994-06-06 12:00:00,0.8417643229166667,-1.087375,0.4796292304992676,0.23046422004699707
1994-003,1994-06-06 18:00:00,0.8417643229166667,-0.9454635416666667,0.4639299392700195,0.3283920049667358
1994-003,1994-06-07 00:00:00,0.830487060546875,-1.0498697916666666,0.446626615524292,0.3753230333328247
1994-003,1994-06-07 03:00:00,0.830487060546875,-1.0498697916666666,0.446626615524292,0.3753230333328247
1994-003,1994-06-07 06:00:00,0.830487060546875,-0.92175,0.4520717620849609,0.3906102180480957
1994-003,1994-06-07 12:00:00,0.830487060546875,-1.055640625,0.4296806812286377,0.4070411682128906
1994-003,1994-06-07 18:00:00,0.830487060546875,-0.9121614583333333,0.3775100946426392,0.47242112159729005
1994-003,1994-06-08 00:00:00,0.8210795084635417,-0.9770989583333334,0.4175861358642578,0.49310669898986814
1994-003,1994-06-08 03:00:00,0.8210795084635417,-0.9770989583333334,0.4175861358642578,0.49310669898986814
1994-003,1994-06-08 06:00:00,0.8210795084635417,-0.793328125,0.4536196231842041,0.5137368202209472
1994-003,1994-06-08 12:00:00,0.8210795084635417,-0.9449635416666666,0.5156350612640381,0.47926883697509765
1994-003,1994-06-08 18:00:00,0.8210795084635417,-0.7934375,0.47608027458190916,0.5161905765533448
1994-003,1994-06-09 00:00:00,0.817266845703125,-0.834734375,0.4376349449157715,0.5038682460784912
1994-003,1994-06-09 03:00:00,0.817266845703125,-0.834734375,0.4376349449157715,0.5038682460784912
1994-003,1994-06-09 06:00:00,0.817266845703125,-0.6769166666666667,0.4548328399658203,0.4896738052368164
1994-004,1994-10-29 03:00:00,0.8009053548177083,-0.174671875,-0.15715339183807372,0.01790715754032135
1994-004,1994-10-29 06:00:00,0.8009053548177083,-0.07492708333333334,-0.22493629455566405,0.04238246977329254
1994-004,1994-10-29 12:00:00,0.8009053548177083,-0.21107291666666667,-0.19541349411010742,0.07928104400634765
1994-004,1994-10-29 18:00:00,0.8009053548177083,-0.06260416666666667,-0.14232919216156006,0.11002182960510254
1994-004,1994-10-30 00:00:00,0.796978759765625,-0.162078125,-0.13437445163726808,0.04878071546554565
1994-004,1994-10-30 03:00:00,0.796978759765625,-0.162078125,-0.13437445163726808,0.04878071546554565
1994-004,1994-10-30 06:00:00,0.796978759765625,-0.08316666666666667,-0.224006986618042,0.07729235887527466
1994-004,1994-10-30 12:00:00,0.796978759765625,-0.19375,-0.2552958488464355,0.11808564662933349
1994-004,1994-10-30 18:00:00,0.796978759765625,-0.027807291666666668,-0.28149240016937255,0.1797117829322815
1994-004,1994-10-31 00:00:00,0.7929524739583333,-0.126,-0.2670199155807495,0.19876817464828492
1994-004,1994-10-31 03:00:00,0.7929524739583333,-0.126,-0.2670199155807495,0.19876817464828492
1994-004,1994-10-31 06:00:00,0.7929524739583333,-0.014885416666666667,-0.2782892227172852,0.21545569896697997
1994-004,1994-10-31 12:00:00,0.7929524739583333,-0.15185416666666668,-0.21300530433654785,0.15975509881973265
1994-004,1994-10-31 18:00:00,0.7929524739583333,0.01171875,-0.27624173164367677,0.12475762367248536
1994-005,1994-11-15 03:00:00,0.74769287109375,-0.274140625,-0.1524692416191101,-0.2993018627166748
1994-005,1994-11-15 06:00:00,0.74769287109375,-0.07896875,-0.2133467435836792,-0.28637712001800536
1994-005,1994-11-15 12:00:00,0.74769287109375,-0.30985416666666665,-0.21030087471008302,-0.3119833946228027
1994-005,1994-11-15 18:00:00,0.74769287109375,-0.145421875,-0.30139267444610596,-0.23835299015045167
1994-005,1994-11-16 00:00:00,0.74378662109375,-0.264375,-0.2161033868789673,-0.26441359519958496
1994-005,1994-11-16 03:00:00,0.74378662109375,-0.264375,-0.2161033868789673,-0.26441359519958496
1994-005,1994-11-16 06:00:00,0.74378662109375,-0.07256770833333333,-0.23463964462280273,-0.21017076969146728
1994-005,1994-11-16 12:00:00,0.74378662109375,-0.27395833333333336,-0.16481003761291504,-0.19545223712921142
1994-005,1994-11-16 18:00:00,0.74378662109375,-0.09321354166666666,-0.24867920875549315,-0.12024165391921997
1994-005,1994-11-17 00:00:00,0.7396952311197916,-0.215921875,-0.21420180797576904,-0.15218517780303956
1994-005,1994-11-17 03:00:00,0.7396952311197916,-0.215921875,-0.21420180797576904,-0.15218517780303956
1994-005,1994-11-17 06:00:00,0.7396952311197916,-0.068640625,-0.20610566139221193,-0.1223453164100647
1994-005,1994-11-17 12:00:00,0.7396952311197916,-0.280546875,-0.14998916387557984,-0.11777108907699585
1994-005,1994-11-17 18:00:00,0.7396952311197916,-0.13775520833333332,-0.2966411352157593,-0.08388369083404541
1994-005,1994-11-18 00:00:00,0.7367329915364583,-0.233390625,-0.13401464223861695,0.005246492475271225
1994-005,1994-11-18 03:00:00,0.7367329915364583,-0.233390625,-0.13401464223861695,0.005246492475271225
1994-005,1994-11-18 06:00:00,0.7367329915364583,-0.034479166666666665,-0.13887970447540282,-0.05624329447746277
1994-005,1994-11-18 12:00:00,0.7367329915364583,-0.30509895833333334,-0.1393788456916809,-0.032825255393981935
1994-005,1994-11-18 18:00:00,0.7367329915364583,-0.13866145833333332,-0.26892895698547364,0.025987571477890013
1994-005,1994-11-19 00:00:00,0.7362101236979167,-0.26213020833333334,-0.19992637634277344,0.0936273992061615
1994-005,1994-11-19 03:00:00,0.7362101236979167,-0.26213020833333334,-0.19992637634277344,0.0936273992061615
1994-005,1994-11-19 06:00:00,0.7362101236979167,-0.05306770833333333,-0.20748448371887207,0.11685389280319214
1994-005,1994-11-19 12:00:00,0.7362101236979167,-0.247578125,-0.15618499517440795,0.02561159133911133
1994-005,1994-11-19 18:00:00,0.7362101236979167,-0.03240625,-0.21473548412322999,-0.0107288658618927
1994-005,1994-11-20 00:00:00,0.7382893880208333,-0.12048958333333333,-0.1356217861175537,-0.09364505410194397
1994-005,1994-11-20 03:00:00,0.7382893880208333,-0.12048958333333333,-0.1356217861175537,-0.09364505410194397
1995-001,1995-05-05 21:00:00,0.8944234212239583,-0.5286979166666667,-0.23673813343048095,0.14361414909362794
1995-001,1995-05-06 00:00:00,0.8763895670572917,-0.6118489583333333,-0.14494413137435913,0.15974329710006713
1995-001,1995-05-06 03:00:00,0.8763895670572917,-0.6118489583333333,-0.14494413137435913,0.15974329710006713
1995-001,1995-05-06 06:00:00,0.8763895670572917,-0.49506770833333336,-0.14008989334106445,0.1697699546813965
1995-001,1995-05-06 09:00:00,0.8763895670572917,-0.49506770833333336,-0.14008989334106445,0.1697699546813965
1995-001,1995-05-06 12:00:00,0.8763895670572917,-0.6085364583333334,-0.11366773843765259,0.10804632902145386
1995-001,1995-05-06 18:00:00,0.8763895670572917,-0.4362447916666667,-0.13661071062088012,0.15132570266723633
1995-002,1995-05-08 09:00:00,0.824041748046875,-0.4098333333333333,-0.15945045948028563,0.2444272518157959
1995-002,1995-05-08 12:00:00,0.824041748046875,-0.635015625,-0.14669283628463745,0.24621114730834961
1995-002,1995-05-08 18:00:00,0.824041748046875,-0.5361510416666667,-0.058562451601028444,0.2614475965499878
1995-002,1995-05-09 00:00:00,0.82127685546875,-0.696828125,-0.00653916671872139,0.20354752540588378
1995-002,1995-05-09 03:00:00,0.82127685546875,-0.696828125,-0.00653916671872139,0.20354752540588378
1995-002,1995-05-09 06:00:00,0.82127685546875,-0.6344895833333334,0.013195087015628815,0.22774083614349366
1995-002,1995-05-09 09:00:00,0.82127685546875,-0.6344895833333334,0.013195087015628815,0.22774083614349366
1995-002,1995-05-09 12:00:00,0.82127685546875,-0.8498229166666667,0.00990290492773056,0.18443330526351928
1995-002,1995-05-09 18:00:00,0.82127685546875,-0.7009270833333333,0.009446659684181213,0.30615873336791993
1995-002,1995-05-10 00:00:00,0.8340840657552083,-0.8352864583333334,0.09928374886512756,0.3180806636810303
1995-002,1995-05-10 03:00:00,0.8340840657552083,-0.8352864583333334,0.09928374886512756,0.3180806636810303
1995-002,1995-05-10 06:00:00,0.8340840657552083,-0.7389895833333333,0.11706434488296509,0.277445912361145
1995-002,1995-05-10 09:00:00,0.8340840657552083,-0.7389895833333333,0.11706434488296509,0.277445912361145
1995-003,1995-05-14 18:00:00,0.8430419921875,-0.8402239583333333,0.016404062509536743,0.3587678909301758
1995-003,1995-05-15 00:00:00,0.8303324381510416,-0.934703125,0.05948154330253601,0.2889531373977661
1995-003,1995-05-15 03:00:00,0.8303324381510416,-0.934703125,0.05948154330253601,0.2889531373977661
1995-003,1995-05-15 06:00:00,0.8303324381510416,-0.9156302083333333,0.06030486226081848,0.3899319887161255
1995-003,1995-05-15 12:00:00,0.8303324381510416,-1.06928125,0.10020184516906738,0.3647324562072754
1995-003,1995-05-15 18:00:00,0.8303324381510416,-0.88271875,0.10923278331756592,0.3902068853378296
1995-003,1995-05-16 00:00:00,0.8215901692708333,-0.9314322916666666,0.16778992414474486,0.3539372205734253
1995-003,1995-05-16 03:00:00,0.8215901692708333,-0.9314322916666666,0.16778992414474486,0.3539372205734253
1995-003,1995-05-16 06:00:00,0.8215901692708333,-0.8732916666666667,0.20028970241546631,0.39346697330474856
1995-003,1995-05-16 12:00:00,0.8215901692708333,-0.9875052083333333,0.18119961023330688,0.3197911500930786
1995-003,1995-05-16 18:00:00,0.8215901692708333,-0.835796875,0.17407037019729615,0.3279862642288208
1995-003,1995-05-17 00:00:00,0.812591552734375,-0.90128125,0.21694092750549315,0.3005925893783569
1995-003,1995-05-17 03:00:00,0.812591552734375,-0.90128125,0.21694092750549315,0.3005925893783569
1995-003,1995-05-17 06:00:00,0.812591552734375,-0.8629947916666667,0.2879505634307861,0.3134563207626343
1995-003,1995-05-17 12:00:00,0.812591552734375,-0.9572760416666667,0.2317655086517334,0.2991849184036255
1995-003,1995-05-17 18:00:00,0.812591552734375,-0.8038697916666667,0.2257521152496338,0.31549208164215087
1995-003,1995-05-18 00:00:00,0.7991129557291666,-0.798046875,0.23315677642822266,0.2673816442489624
1995-004,1995-09-16 03:00:00,0.8300944010416667,-0.6306302083333334,0.09222562313079834,0.11758571863174438
1995-004,1995-09-16 06:00:00,0.8300944010416667,-0.5543958333333333,0.034916463494300845,0.1869779944419861
1995-004,1995-09-16 12:00:00,0.8300944010416667,-0.6934114583333333,0.05752476453781128,0.25254116058349607
1995-004,1995-09-16 18:00:00,0.8300944010416667,-0.49642708333333335,0.04627344906330109,0.2674302339553833
1995-004,1995-09-17 00:00:00,0.8231892903645833,-0.5567708333333333,0.011152197420597077,0.3032499074935913
1995-004,1995-09-17 03:00:00,0.8231892903645833,-0.5567708333333333,0.011152197420597077,0.3032499074935913
1995-004,1995-09-17 06:00:00,0.8231892903645833,-0.45755208333333336,0.008158298581838608,0.3790779113769531
1995-004,1995-09-17 12:00:00,0.8231892903645833,-0.5809583333333334,0.027291595935821533,0.3627633810043335
1995-005,1995-09-26 03:00:00,0.8197530110677084,-0.5512604166666667,-0.0843691349029541,0.11985177993774414
1995-005,1995-09-26 06:00:00,0.8197530110677084,-0.46641666666666665,-0.10476752519607543,0.15097486972808838
1995-005,1995-09-26 12:00:00,0.8197530110677084,-0.6214895833333334,-0.014482904970645905,0.18740905523300172
1995-005,1995-09-26 18:00:00,0.8197530110677084,-0.456875,-0.07630560994148254,0.20498826503753662
1995-005,1995-09-27 00:00:00,0.8175740559895833,-0.5205364583333333,-0.035068169236183167,0.20280299186706544
1995-005,1995-09-27 03:00:00,0.8175740559895833,-0.5205364583333333,-0.035068169236183167,0.20280299186706544
1995-005,1995-09-27 06:00:00,0.8175740559895833,-0.41882291666666666,-0.059518301486968996,0.19633136987686156
1995-005,1995-09-27 12:00:00,0.8175740559895833,-0.5799375,-0.0526674211025238,0.1795074462890625
1995-005,1995-09-27 18:00:00,0.8175740559895833,-0.420046875,-0.04935733675956726,0.194547700881958
1995-005,1995-09-28 00:00:00,0.81556396484375,-0.46245833333333336,-0.012566688656806945,0.18766050338745116
1995-005,1995-09-28 03:00:00,0.81556396484375,-0.46245833333333336,-0.012566688656806945,0.18766050338745116
1995-006,1995-10-12 12:00:00,0.7802734375,-0.4725729166666667,0.2982600927352905,-0.33678271770477297
1995-006,1995-10-12 18:00:00,0.7802734375,-0.39003125,0.2358301877975464,-0.27086827754974363
1995-006,1995-10-13 00:00:00,0.771881103515625,-0.4795260416666667,0.29797360897064207,-0.21357977390289307
1995-006,1995-10-13 03:00:00,0.771881103515625,-0.4795260416666667,0.29797360897064207,-0.21357977390289307
1995-006,1995-10-13 06:00:00,0.771881103515625,-0.302046875,0.2683820962905884,-0.11184170246124267
1995-006,1995-10-13 12:00:00,0.771881103515625,-0.50225,0.3511399984359741,-0.070365571975708
1995-006,1995-10-13 18:00:00,0.771881103515625,-0.3445052083333333,0.24236950874328614,0.04166244268417359
1995-006,1995-10-14 00:00:00,0.7645121256510417,-0.43547395833333336,0.3652921676635742,0.0749338686466217
1995-006,1995-10-14 03:00:00,0.7645121256510417,-0.43547395833333336,0.3652921676635742,0.0749338686466217
1995-006,1995-10-14 06:00:00,0.7645121256510417,-0.262859375,0.3378127098083496,0.1282414197921753
1995-006,1995-10-14 12:00:00,0.7645121256510417,-0.49245833333333333,0.3618095636367798,0.1758728504180908
1995-006,1995-10-14 18:00:00,0.7645121256510417,-0.38100520833333335,0.29394772052764895,0.17237924337387084
1995-006,1995-10-15 00:00:00,0.759490966796875,-0.45752604166666666,0.25446219444274903,0.21964144706726074
1995-006,1995-10-15 03:00:00,0.759490966796875,-0.45752604166666666,0.25446219444274903,0.21964144706726074
1995-006,1995-10-15 06:00:00,0.759490966796875,-0.32295833333333335,0.25308105945587156,0.24745025634765624
1995-006,1995-10-15 12:00:00,0.759490966796875,-0.5384947916666667,0.25921828746795655,0.1846293568611145
1995-006,1995-10-15 18:00:00,0.759490966796875,-0.35959375,0.12065237760543823,0.2130826234817505
1995-006,1995-10-16 00:00:00,0.7588419596354167,-0.438453125,0.13255982398986815,0.2515125274658203
1995-006,1995-10-16 03:00:00,0.7588419596354167,-0.438453125,0.13255982398986815,0.2515125274658203
1995-006,1995-10-16 06:00:00,0.7588419596354167,-0.23639583333333333,0.0964084267616272,0.21801698207855225
1995-006,1995-10-16 12:00:00,0.7588419596354167,-0.38909375,0.07030476331710815,0.1407405376434326
1995-006,1995-10-16 18:00:00,0.7588419596354167,-0.26539583333333333,-0.04473034143447876,0.11829286813735962
1995-006,1995-10-17 00:00:00,0.7628194173177083,-0.3260208333333333,-0.025305452942848205,0.06369174718856811
1995-006,1995-10-17 03:00:00,0.7628194173177083,-0.3260208333333333,-0.025305452942848205,0.06369174718856811
1995-006,1995-10-17 06:00:00,0.7628194173177083,-0.1589375,-0.1118322730064392,0.08739321827888488
1995-006,1995-10-17 12:00:00,0.7628194173177083,-0.31438020833333336,0.013805240392684937,0.02738514542579651
1995-007,1995-11-07 03:00:00,0.80889892578125,-0.18767708333333333,-0.2157893180847168,-0.1511378049850464
1995-007,1995-11-07 06:00:00,0.80889892578125,-0.16805208333333332,-0.27072913646698,-0.08271067142486573
1995-007,1995-11-07 12:00:00,0.80889892578125,-0.2839583333333333,-0.2310581922531128,-0.0157213032245636
1995-007,1995-11-07 18:00:00,0.80889892578125,-0.13815625,-0.2094348669052124,0.02975185513496399
1995-007,1995-11-08 00:00:00,0.8084676106770833,-0.21707291666666667,-0.19372820854187012,0.0447428435087204
1995-007,1995-11-08 03:00:00,0.8084676106770833,-0.21707291666666667,-0.19372820854187012,0.0447428435087204
1995-007,1995-11-08 06:00:00,0.8084676106770833,-0.21738541666666666,-0.2214989423751831,0.16956397294998168
1995-007,1995-11-08 12:00:00,0.8084676106770833,-0.336265625,-0.10204536914825439,0.2555523872375488
1995-007,1995-11-08 18:00:00,0.8084676106770833,-0.23609375,-0.0934487223625183,0.3134521245956421
1995-007,1995-11-09 00:00:00,0.8086893717447917,-0.30603125,-0.04647659957408905,0.33433477878570556
1995-007,1995-11-09 03:00:00,0.8086893717447917,-0.30603125,-0.04647659957408905,0.33433477878570556
1995-007,1995-11-09 06:00:00,0.8086893717447917,-0.2774270833333333,-0.0401660293340683,0.44615840911865234
1995-007,1995-11-09 12:00:00,0.8086893717447917,-0.33939583333333334,0.009538839012384415,0.4176651477813721
1995-007,1995-11-09 18:00:00,0.8086893717447917,-0.187234375,-0.006175305321812629,0.3945809841156006
1995-007,1995-11-10 00:00:00,0.8086181640625,-0.21490625,0.045343142747879026,0.3206865549087524
1995-007,1995-11-10 03:00:00,0.8086181640625,-0.21490625,0.045343142747879026,0.3206865549087524
1995-007,1995-11-10 06:00:00,0.8086181640625,-0.1341875,0.053419721126556394,0.2740026950836182
1995-007,1995-11-10 09:00:00,0.8086181640625,-0.1341875,0.053419721126556394,0.2740026950836182
1995-008,1995-11-21 12:00:00,0.7894246419270833,-0.23675,-0.25994372367858887,-0.12108169794082642
1995-008,1995-11-21 18:00:00,0.7894246419270833,-0.09604166666666666,-0.25312464237213134,-0.07389118075370789
1995-008,1995-11-22 00:00:00,0.7876220703125,-0.15490104166666666,-0.2679431676864624,-0.08621843457221985
1995-008,1995-11-22 03:00:00,0.7876220703125,-0.15490104166666666,-0.2679431676864624,-0.08621843457221985
1995-008,1995-11-22 06:00:00,0.7876220703125,-0.11313541666666667,-0.265152645111084,-0.05123644471168518
1995-008,1995-11-22 12:00:00,0.7876220703125,-0.217609375,-0.22077696323394774,0.03796486556529999
1995-008,1995-11-22 18:00:00,0.7876220703125,-0.07959895833333333,-0.22437078952789308,0.07519539594650268
1995-008,1995-11-23 00:00:00,0.7844095865885417,-0.13559375,-0.2264894962310791,0.09428654313087463
1995-008,1995-11-23 03:00:00,0.7844095865885417,-0.13559375,-0.2264894962310791,0.09428654313087463
1995-008,1995-11-23 06:00:00,0.7844095865885417,-0.09751041666666667,-0.23636929988861083,0.1409155011177063
1995-008,1995-11-23 12:00:00,0.7844095865885417,-0.21130208333333333,-0.19424052238464357,0.13550068140029908
1995-008,1995-11-23 18:00:00,0.7844095865885417,-0.10236458333333333,-0.2332773208618164,0.1585039258003235
1995-008,1995-11-24 00:00:00,0.7790181477864583,-0.20589583333333333,-0.20915007591247559,0.21741294860839844
1995-008,1995-11-24 03:00:00,0.7790181477864583,-0.20589583333333333,-0.20915007591247559,0.21741294860839844
1995-008,1995-11-24 06:00:00,0.7790181477864583,-0.17147395833333334,-0.15982271432876588,0.2570502281188965
1995-008,1995-11-24 12:00:00,0.7790181477864583,-0.2904791666666667,-0.038965004682540896,0.2281426429748535
1995-008,1995-11-24 18:00:00,0.7790181477864583,-0.21177083333333332,-0.009772956371307373,0.24208979606628417
1995-008,1995-11-25 00:00:00,0.7732686360677083,-0.28533854166666667,0.09990344643592834,0.19658126831054687
1995-008,1995-11-25 03:00:00,0.7732686360677083,-0.28533854166666667,0.09990344643592834,0.19658126831054687
1995-008,1995-11-25 06:00:00,0.7732686360677083,-0.22628125,0.21577579975128175,0.1266324996948242
1995-008,1995-11-25 09:00:00,0.7732686360677083,-0.22628125,0.21577579975128175,0.1266324996948242
1996-001,1996-05-07 03:00:00,0.8417724609375,-0.5241510416666667,-0.0645803987979889,0.3386519908905029
1996-001,1996-05-07 06:00:00,0.8417724609375,-0.475984375,0.11269444227218628,0.35479302406311036
1996-001,1996-05-07 12:00:00,0.8417724609375,-0.636984375,0.14721323251724244,0.2844479322433472
1996-001,1996-05-07 18:00:00,0.8417724609375,-0.5639583333333333,0.2185983180999756,0.3397029161453247
1996-001,1996-05-08 00:00:00,0.8509379069010417,-0.6332708333333333,0.3470303535461426,0.2945962905883789
1996-002,1996-06-12 12:00:00,0.8458272298177083,-0.8667864583333333,-0.20934844017028809,0.07467077970504761
1996-002,1996-06-12 18:00:00,0.8458272298177083,-0.7534114583333333,-0.12547192573547364,0.20191566944122313
1996-002,1996-06-13 00:00:00,0.8346822102864583,-0.8785989583333333,-0.03204216957092285,0.14324787855148316
1996-002,1996-06-13 03:00:00,0.8346822102864583,-0.8785989583333333,-0.03204216957092285,0.14324787855148316
1996-002,1996-06-13 06:00:00,0.8346822102864583,-0.7995052083333334,-0.01751621961593628,0.19486781358718872
1996-002,1996-06-13 12:00:00,0.8346822102864583,-0.99440625,0.05426338315010071,0.2802592277526855
1996-002,1996-06-13 18:00:00,0.8346822102864583,-0.871453125,0.14385955333709716,0.4209567070007324
1996-002,1996-06-14 00:00:00,0.825445556640625,-0.9784947916666666,0.24773528575897216,0.39041087627410886
1996-002,1996-06-14 03:00:00,0.825445556640625,-0.9784947916666666,0.24773528575897216,0.39041087627410886
1996-002,1996-06-14 06:00:00,0.825445556640625,-0.8879479166666666,0.2366407632827759,0.40064082145690916
1996-002,1996-06-14 12:00:00,0.825445556640625,-1.0052708333333333,0.2603298187255859,0.3910879373550415
1996-002,1996-06-14 18:00:00,0.825445556640625,-0.8705364583333334,0.3551990747451782,0.46733875274658204
1996-002,1996-06-15 00:00:00,0.8178629557291667,-0.9951510416666667,0.4293666839599609,0.41621623039245603
1996-002,1996-06-15 03:00:00,0.8178629557291667,-0.9951510416666667,0.4293666839599609,0.41621623039245603
1996-002,1996-06-15 06:00:00,0.8178629557291667,-0.876078125,0.39701099395751954,0.4703973770141602
1996-002,1996-06-15 12:00:00,0.8178629557291667,-1.0420885416666668,0.4255918025970459,0.50475172996521
1996-002,1996-06-15 18:00:00,0.8178629557291667,-0.87428125,0.5083676338195801,0.5684261322021484
1996-002,1996-06-16 00:00:00,0.811669921875,-0.9654427083333333,0.54347825050354,0.5308534145355225
1996-002,1996-06-16 03:00:00,0.811669921875,-0.9654427083333333,0.54347825050354,0.5308534145355225
1996-002,1996-06-16 06:00:00,0.811669921875,-0.8640677083333334,0.5206311225891114,0.6058826923370362
1996-003,1996-06-17 09:00:00,0.8160786946614583,-1.205125,0.11199092864990234,0.05483536720275879
1996-003,1996-06-17 12:00:00,0.8162129720052084,-1.3733541666666667,0.3253986120223999,0.12413878440856933
1996-003,1996-06-17 18:00:00,0.8160603841145834,-1.1972760416666666,0.39339940547943114,0.05058676600456238
1996-003,1996-06-18 00:00:00,0.81298828125,-1.2909479166666666,0.3970820665359497,0.045108506083488466
1996-003,1996-06-18 03:00:00,0.81298828125,-1.2909479166666666,0.3970820665359497,0.045108506083488466
1996-003,1996-06-18 06:00:00,0.81298828125,-1.2004166666666667,0.2881270408630371,0.08649789690971374
1996-003,1996-06-18 09:00:00,0.81298828125,-1.2004166666666667,0.2881270408630371,0.08649789690971374
1996-003,1996-06-18 12:00:00,0.8131306966145834,-1.3563177083333333,0.384882378578186,0.06837823390960693
1996-003,1996-06-18 18:00:00,0.812969970703125,-1.2047239583333333,0.3969051599502563,0.1371519684791565
1996-003,1996-06-19 00:00:00,0.8098002115885417,-1.3198125,0.5492626190185547,0.05231682062149048
1996-003,1996-06-19 03:00:00,0.8098002115885417,-1.3198125,0.5492626190185547,0.05231682062149048
1996-003,1996-06-19 06:00:00,0.809735107421875,-1.17425,0.5214202880859375,-0.0016683779656887054
1996-003,1996-06-19 12:00:00,0.809710693359375,-1.2580625,0.6339846611022949,0.10903854370117187
1996-003,1996-06-19 18:00:00,0.8096659342447917,-1.057171875,0.6476495265960693,0.1537673830986023
1996-003,1996-06-20 00:00:00,0.806024169921875,-1.0830260416666666,0.69117112159729,0.1418398380279541
1996-003,1996-06-20 03:00:00,0.806024169921875,-1.0830260416666666,0.69117112159729,0.1418398380279541
1996-003,1996-06-20 06:00:00,0.806005859375,-0.9257708333333333,0.6842602729797364,0.12079430818557739
1996-004,1996-07-26 03:00:00,0.8454976399739583,-1.260609375,0.09445417523384095,-0.008222672343254089
1996-004,1996-07-26 12:00:00,0.8454976399739583,-1.2445208333333333,0.1267643928527832,0.07745853662490845
1996-004,1996-07-27 03:00:00,0.831158447265625,-1.0988645833333333,0.06812690496444702,0.11348147392272949
1996-004,1996-07-27 12:00:00,0.831158447265625,-1.177484375,0.10439814329147339,0.15798808336257936
1996-004,1996-07-28 03:00:00,0.823724365234375,-1.0363385416666666,0.13572700023651124,0.18591712713241576
1996-005,1996-10-01 03:00:00,0.7939371744791667,-0.6134635416666666,0.21162397861480714,-0.028839710354804992
1996-005,1996-10-01 06:00:00,0.7939371744791667,-0.509984375,0.09138671159744263,-0.012471549212932587
1996-005,1996-10-01 12:00:00,0.7939371744791667,-0.6629479166666666,0.06922523379325866,0.10174980163574218
1996-005,1996-10-01 18:00:00,0.7939371744791667,-0.4783177083333333,0.04726819396018982,0.15953803062438965
1996-005,1996-10-02 00:00:00,0.797320556640625,-0.550640625,0.04847923815250397,0.18746546506881714
1996-005,1996-10-02 03:00:00,0.797320556640625,-0.550640625,0.04847923815250397,0.18746546506881714
1996-005,1996-10-02 06:00:00,0.797320556640625,-0.46870833333333334,0.04223892986774445,0.26002261638641355
1996-006,1996-10-22 09:00:00,0.7504679361979166,-0.31352083333333336,-0.2322192907333374,-0.11911094188690186
1996-006,1996-10-22 12:00:00,0.7504679361979166,-0.525359375,-0.0941763699054718,-0.05264793634414673
1996-006,1996-10-22 18:00:00,0.7504679361979166,-0.3751979166666667,-0.10418118238449096,-0.03297761380672455
1996-006,1996-10-23 00:00:00,0.739483642578125,-0.4884375,-0.10028512477874756,-0.06173995733261108
1996-006,1996-10-23 03:00:00,0.739483642578125,-0.4884375,-0.10028512477874756,-0.06173995733261108
1996-006,1996-10-23 06:00:00,0.739483642578125,-0.31625,-0.06419034004211426,-0.02438219040632248
1996-006,1996-10-23 09:00:00,0.739483642578125,-0.31625,-0.06419034004211426,-0.02438219040632248
1996-006,1996-10-23 12:00:00,0.739483642578125,-0.4833385416666667,0.0526428759098053,-0.12841030359268188
1996-006,1996-10-23 18:00:00,0.739483642578125,-0.3507239583333333,0.043040046095848085,-0.13533121347427368
1996-006,1996-10-24 00:00:00,0.7283101399739583,-0.445859375,0.08910914063453675,-0.1620568037033081
1996-006,1996-10-24 03:00:00,0.7283101399739583,-0.445859375,0.08910914063453675,-0.1620568037033081
1996-006,1996-10-24 06:00:00,0.7283101399739583,-0.2875260416666667,0.06680834889411927,-0.047059327363967896
1996-006,1996-10-24 12:00:00,0.7283101399739583,-0.4505,0.21863861083984376,-0.0595016598701477
1996-006,1996-10-24 18:00:00,0.7283101399739583,-0.30577604166666666,0.18836350440979005,-0.017210009694099426
1996-006,1996-10-25 00:00:00,0.7167032877604167,-0.365875,0.280432391166687,-0.04573453068733215
1996-006,1996-10-25 03:00:00,0.7167032877604167,-0.365875,0.280432391166687,-0.04573453068733215
1996-006,1996-10-25 06:00:00,0.7167032877604167,-0.21619791666666666,0.2611397743225098,0.00733489915728569
1996-006,1996-10-25 12:00:00,0.7167032877604167,-0.4202135416666667,0.3358595848083496,0.0035752858966588974
1996-006,1996-10-26 00:00:00,0.71019287109375,-0.402765625,0.279218864440918,-0.07902733087539673
1996-006,1996-10-26 03:00:00,0.71019287109375,-0.402765625,0.279218864440918,-0.07902733087539673
1996-006,1996-10-26 06:00:00,0.71019287109375,-0.273859375,0.1987347722053528,-0.06874874830245972
1996-006,1996-10-26 12:00:00,0.71019287109375,-0.49114583333333334,0.27413077354431153,-0.1305480718612671
1996-006,1996-10-26 18:00:00,0.71019287109375,-0.3964010416666667,0.20260729789733886,-0.10553809404373168
1996-006,1996-10-27 00:00:00,0.7118123372395834,-0.528125,0.2044157028198242,-0.13901419639587403
1996-006,1996-10-27 03:00:00,0.7118123372395834,-0.528125,0.2044157028198242,-0.13901419639587403
1996-006,1996-10-27 06:00:00,0.7118123372395834,-0.3766979166666667,0.100017249584198,-0.06409600973129273
1996-006,1996-10-27 09:00:00,0.7118123372395834,-0.3766979166666667,0.100017249584198,-0.06409600973129273
1996-006,1996-10-27 12:00:00,0.7118123372395834,-0.574265625,0.14629484415054322,-0.022277092933654784
1996-007,1996-10-27 03:00:00,0.8170186360677083,-0.509296875,-0.11859139204025268,0.25317518711090087
1996-007,1996-10-27 06:00:00,0.8170186360677083,-0.43928645833333335,-0.08293904662132263,0.28159565925598146
1996-007,1996-10-27 12:00:00,0.8170186360677083,-0.5726875,-0.043419384956359865,0.28852946758270265
1996-007,1996-10-27 18:00:00,0.8170186360677083,-0.43721354166666665,-0.01888362765312195,0.3389525651931763
1996-007,1996-10-28 00:00:00,0.813592529296875,-0.48625,0.09881428480148316,0.31926522254943845
1996-007,1996-10-28 03:00:00,0.813592529296875,-0.48625,0.09881428480148316,0.31926522254943845
1996-007,1996-10-28 06:00:00,0.813592529296875,-0.392765625,0.11863946914672852,0.25496485233306887
1996-007,1996-10-28 12:00:00,0.813592529296875,-0.5343072916666667,0.15870481729507446,0.2025149345397949
1996-007,1996-10-28 18:00:00,0.813592529296875,-0.4015208333333333,0.15219345092773437,0.2262421131134033
1996-007,1996-10-29 00:00:00,0.808441162109375,-0.46334375,0.2244577646255493,0.20002481937408448
1996-008,1996-11-04 15:00:00,0.7775248209635417,-0.48655208333333333,0.027061212062835693,-0.25649075508117675
1996-008,1996-11-04 18:00:00,0.7775248209635417,-0.38040625,0.030835890769958497,-0.18314698934555054
1996-008,1996-11-05 00:00:00,0.7776570638020833,-0.43709895833333334,0.05944351553916931,-0.13874975442886353
1996-008,1996-11-05 03:00:00,0.7776570638020833,-0.43709895833333334,0.05944351553916931,-0.13874975442886353
1996-008,1996-11-05 06:00:00,0.7776570638020833,-0.36384375,-0.02527945041656494,-0.1393313527107239
1996-008,1996-11-05 09:00:00,0.7776570638020833,-0.36384375,-0.02527945041656494,-0.1393313527107239
1996-008,1996-11-05 12:00:00,0.7776570638020833,-0.49108854166666666,0.00365586057305336,-0.01784904897212982
1996-008,1996-11-05 18:00:00,0.7776570638020833,-0.369078125,0.053196436166763304,0.0438418984413147
1996-008,1996-11-06 00:00:00,0.7782735188802083,-0.42668229166666666,0.056518709659576415,0.08567415475845337
1996-008,1996-11-06 01:00:00,0.7782735188802083,-0.42668229166666666,0.056518709659576415,0.08567415475845337
1996-008,1996-11-06 03:00:00,0.7782735188802083,-0.42668229166666666,0.056518709659576415,0.08567415475845337
1996-008,1996-11-06 06:00:00,0.7782735188802083,-0.306296875,0.016537022590637208,0.0943567395210266
1996-008,1996-11-06 09:00:00,0.7782735188802083,-0.306296875,0.016537022590637208,0.0943567395210266
1996-008,1996-11-06 12:00:00,0.7782735188802083,-0.43536458333333333,0.09482927918434143,0.18299657106399536
1996-008,1996-11-06 18:00:00,0.7782735188802083,-0.2884583333333333,0.09231182932853699,0.16047089099884032
1996-008,1996-11-07 00:00:00,0.7798624674479167,-0.30008854166666665,0.04455064833164215,0.14165536165237427
1996-008,1996-11-07 03:00:00,0.7798624674479167,-0.30008854166666665,0.04455064833164215,0.14165536165237427
1996-008,1996-11-07 06:00:00,0.7798624674479167,-0.19053125,-0.05264049768447876,0.13126890659332274
1996-009,1996-11-28 03:00:00,0.7609883626302083,-0.2865729166666667,-0.348545503616333,-0.09921792149543762
1996-009,1996-11-28 06:00:00,0.7609883626302083,-0.2703541666666667,-0.36633131504058836,-0.12115374803543091
1996-009,1996-11-28 12:00:00,0.7609883626302083,-0.4157135416666667,-0.30419583320617677,-0.07424739599227906
1996-009,1996-11-28 18:00:00,0.7609883626302083,-0.28506770833333334,-0.182345712184906,-0.031049767136573793
1996-009,1996-11-29 00:00:00,0.754388427734375,-0.34279166666666666,-0.11415413618087769,-0.07894234657287598
1996-009,1996-11-29 03:00:00,0.754388427734375,-0.34279166666666666,-0.11415413618087769,-0.07894234657287598
1996-009,1996-11-29 06:00:00,0.754388427734375,-0.28288541666666667,-0.17763383388519288,-0.14801613092422486
1996-009,1996-11-29 12:00:00,0.754388427734375,-0.4023333333333333,-0.10249583721160889,-0.16616560220718385
1996-009,1996-11-29 18:00:00,0.754388427734375,-0.28066145833333334,-0.08691540956497193,-0.2052218198776245
1996-009,1996-11-30 00:00:00,0.7481241861979167,-0.316203125,-0.008560159802436828,-0.26505379676818847
1996-009,1996-11-30 03:00:00,0.7481241861979167,-0.316203125,-0.008560159802436828,-0.26505379676818847
1996-009,1996-11-30 06:00:00,0.7481241861979167,-0.262984375,-0.061033505201339724,-0.380489444732666
1996-009,1996-11-30 12:00:00,0.7481241861979167,-0.3867552083333333,-0.0867737352848053,-0.393222713470459
1996-009,1996-11-30 18:00:00,0.7481241861979167,-0.25131770833333333,-0.09806475639343262,-0.3447801828384399
1996-009,1996-12-01 00:00:00,0.742999267578125,-0.298921875,-0.0365024596452713,-0.307794451713562
1996-009,1996-12-01 03:00:00,0.742999267578125,-0.298921875,-0.0365024596452713,-0.307794451713562
1996-009,1996-12-01 06:00:00,0.742999267578125,-0.21692708333333333,-0.05230427384376526,-0.29437103271484377
1996-009,1996-12-01 12:00:00,0.742999267578125,-0.3454479166666667,-0.03699440062046051,-0.2753098964691162
1996-009,1996-12-01 18:00:00,0.742999267578125,-0.234890625,-0.042671877145767215,-0.20784881114959716
1996-009,1996-12-02 00:00:00,0.73837890625,-0.308296875,0.027189496159553527,-0.15143576860427857
1996-009,1996-12-02 03:00:00,0.73837890625,-0.308296875,0.027189496159553527,-0.15143576860427857
1996-009,1996-12-02 06:00:00,0.73837890625,-0.253046875,-0.002391582354903221,-0.14477982521057128
1996-009,1996-12-02 12:00:00,0.73837890625,-0.407359375,-0.08413987755775451,-0.09650049209594727
1996-009,1996-12-02 18:00:00,0.73837890625,-0.27630208333333334,-0.09790673851966858,0.011425083130598068
1996-009,1996-12-03 00:00:00,0.7336405436197917,-0.31935416666666666,-0.0371890515089035,0.07783318161964417
1996-009,1996-12-03 03:00:00,0.7336405436197917,-0.31935416666666666,-0.0371890515089035,0.07783318161964417
1996-009,1996-12-03 06:00:00,0.7336405436197917,-0.215578125,-0.016077181696891783,0.10406365394592285
1996-009,1996-12-03 12:00:00,0.7336405436197917,-0.31869270833333335,0.027759286761283874,0.08258472084999084
1996-009,1996-12-03 18:00:00,0.7336405436197917,-0.18802083333333333,0.022766196727752687,0.11119664907455444
1996-009,1996-12-04 00:00:00,0.7281473795572917,-0.24547916666666666,0.07831650376319885,0.1727219820022583
1996-009,1996-12-04 03:00:00,0.7281473795572917,-0.24547916666666666,0.07831650376319885,0.1727219820022583
1996-009,1996-12-04 06:00:00,0.7281473795572917,-0.13859375,0.09856096506118775,0.1348498821258545
1996-009,1996-12-04 12:00:00,0.7281473795572917,-0.3066302083333333,0.11693453788757324,0.0735170602798462
1996-009,1996-12-04 18:00:00,0.7281473795572917,-0.20377083333333335,0.06049904227256775,0.01674352288246155
1996-009,1996-12-05 00:00:00,0.7232401529947917,-0.27625,-0.011377538740634918,0.005383720621466637
1996-009,1996-12-05 03:00:00,0.7232401529947917,-0.27625,-0.011377538740634918,0.005383720621466637
1996-009,1996-12-05 06:00:00,0.7232401529947917,-0.200265625,-0.0368789941072464,-0.024266839027404785
1996-009,1996-12-05 12:00:00,0.7232401529947917,-0.35301041666666666,-0.09360457062721253,-0.005919726938009262
1996-009,1996-12-05 18:00:00,0.7232401529947917,-0.191015625,-0.14056191444396973,0.0020095281302928924
1996-009,1996-12-06 00:00:00,0.7202168782552083,-0.23817708333333334,-0.1343385696411133,-0.05761487483978271
1996-009,1996-12-06 03:00:00,0.7202168782552083,-0.23817708333333334,-0.1343385696411133,-0.05761487483978271
1996-009,1996-12-06 06:00:00,0.7202168782552083,-0.12135416666666667,-0.21879339218139648,-0.1531458854675293
1996-009,1996-12-06 12:00:00,0.7202168782552083,-0.267234375,-0.32776076793670655,-0.17884076833724977
1996-009,1996-12-06 18:00:00,0.7202168782552083,-0.08850520833333334,-0.37668576240539553,-0.16809408664703368
1997-001,1997-05-15 06:00:00,0.860650634765625,-0.35598958333333336,0.13645763397216798,0.12136250734329224
1997-001,1997-05-15 09:00:00,0.860650634765625,-0.35598958333333336,0.13645763397216798,0.12136250734329224
1997-001,1997-05-15 12:00:00,0.860650634765625,-0.49322916666666666,0.21906332969665526,0.20538685321807862
1997-001,1997-05-15 18:00:00,0.860650634765625,-0.38193229166666665,0.29319303035736083,0.2584392070770264
1997-001,1997-05-16 00:00:00,0.8569010416666667,-0.46511979166666667,0.22999844551086426,0.1805851101875305
1997-001,1997-05-16 03:00:00,0.8569010416666667,-0.46511979166666667,0.22999844551086426,0.1805851101875305
1997-001,1997-05-16 06:00:00,0.8569010416666667,-0.4175729166666667,0.2018326997756958,0.28276586532592773
1997-001,1997-05-16 09:00:00,0.8569010416666667,-0.4175729166666667,0.2018326997756958,0.28276586532592773
1997-001,1997-05-16 12:00:00,0.8569010416666667,-0.60703125,0.27635884284973145,0.30177485942840576
1997-001,1997-05-16 18:00:00,0.8569010416666667,-0.469984375,0.3119565725326538,0.37162916660308837
1997-001,1997-05-17 00:00:00,0.8508260091145833,-0.542359375,0.26582424640655516,0.35365447998046873
1997-001,1997-05-17 03:00:00,0.8508260091145833,-0.542359375,0.26582424640655516,0.35365447998046873
1997-001,1997-05-17 06:00:00,0.8508260091145833,-0.49416666666666664,0.27871952056884763,0.4153254985809326
1997-001,1997-05-17 09:00:00,0.8508260091145833,-0.49416666666666664,0.27871952056884763,0.4153254985809326
1997-001,1997-05-17 12:00:00,0.8508260091145833,-0.6750520833333333,0.33491926193237304,0.4243175506591797
1997-001,1997-05-17 18:00:00,0.8508260091145833,-0.5529791666666667,0.3415614128112793,0.49871025085449217
1997-001,1997-05-18 00:00:00,0.8368326822916666,-0.67290625,0.365617561340332,0.5341323375701904
1997-001,1997-05-18 03:00:00,0.8368326822916666,-0.67290625,0.365617561340332,0.5341323375701904
1997-001,1997-05-18 06:00:00,0.8368326822916666,-0.5922135416666666,0.4121867656707764,0.5318714618682862
1997-001,1997-05-18 09:00:00,0.8368326822916666,-0.5922135416666666,0.4121867656707764,0.5318714618682862
1997-001,1997-05-18 12:00:00,0.8368326822916666,-0.7141770833333333,0.4403317928314209,0.4682604312896729
1997-001,1997-05-18 18:00:00,0.8368326822916666,-0.596953125,0.39368362426757814,0.5875499725341797
1997-001,1997-05-19 00:00:00,0.8206766764322917,-0.673671875,0.5406774997711181,0.5330019950866699
1997-001,1997-05-19 03:00:00,0.8206766764322917,-0.673671875,0.5406774997711181,0.5330019950866699
1997-001,1997-05-19 06:00:00,0.8206766764322917,-0.585125,0.571299695968628,0.5912797927856446
1997-001,1997-05-19 09:00:00,0.8206766764322917,-0.585125,0.571299695968628,0.5912797927856446
1997-001,1997-05-19 12:00:00,0.8206766764322917,-0.65609375,0.5094634532928467,0.615546703338623
1997-002,1997-06-26 03:00:00,0.8305033365885417,-1.0266041666666668,0.05286977887153625,0.07969238162040711
1997-002,1997-06-26 06:00:00,0.8305033365885417,-1.061609375,0.09651539921760559,0.15874308347702026
1997-002,1997-06-26 12:00:00,0.8305033365885417,-1.2278125,0.10588124990463257,0.16078351736068724
1997-002,1997-06-26 18:00:00,0.8305033365885417,-1.0216875,0.0976159393787384,0.18640074729919434
1997-002,1997-06-27 00:00:00,0.830377197265625,-1.1169427083333334,0.12836281061172486,0.19453405141830443
1997-002,1997-06-27 03:00:00,0.830377197265625,-1.1169427083333334,0.12836281061172486,0.19453405141830443
1997-002,1997-06-27 06:00:00,0.830377197265625,-1.0836927083333334,0.13795506954193115,0.24268054962158203
1997-002,1997-06-27 12:00:00,0.830377197265625,-1.2182135416666666,0.0720811128616333,0.2534128904342651
1997-002,1997-06-27 18:00:00,0.830377197265625,-1.0801510416666666,0.07634022235870361,0.30281250476837157
1997-002,1997-06-28 00:00:00,0.8269551595052084,-1.186234375,0.101093590259552,0.27156522274017336
1997-002,1997-06-28 03:00:00,0.8269551595052084,-1.186234375,0.101093590259552,0.27156522274017336
1997-002,1997-06-28 06:00:00,0.8269551595052084,-1.1713489583333334,0.12388035058975219,0.3025644779205322
1997-002,1997-06-28 12:00:00,0.8269551595052084,-1.2793541666666666,0.09189493656158447,0.28758432865142824
1997-002,1997-06-28 18:00:00,0.8269551595052084,-1.1131927083333333,0.0995125412940979,0.29710586071014405
1997-002,1997-06-29 00:00:00,0.8209757486979167,-1.1913333333333334,0.14724680185317993,0.2821882963180542
1997-002,1997-06-29 03:00:00,0.8209757486979167,-1.1913333333333334,0.14724680185317993,0.2821882963180542
1997-002,1997-06-29 06:00:00,0.8209757486979167,-1.123625,0.17748167514801025,0.2646928071975708
1997-002,1997-06-29 12:00:00,0.8209757486979167,-1.20828125,0.07863611578941346,0.25065951347351073
1997-002,1997-06-29 18:00:00,0.8209757486979167,-0.9965677083333333,0.07877190113067627,0.2861889362335205
1997-003,1997-07-29 03:00:00,0.7886759440104166,-0.7379270833333333,0.15101419687271117,0.02296973466873169
1997-003,1997-07-29 06:00:00,0.7890909830729167,-0.7811197916666667,0.15450599193572997,0.10083019733428955
1997-003,1997-07-29 12:00:00,0.7890401204427083,-1.0007083333333333,0.1573542594909668,0.09849966764450073
1997-003,1997-07-29 18:00:00,0.7887288411458333,-0.80803125,0.13411393165588378,0.12448955774307251
1997-003,1997-07-30 00:00:00,0.7782816569010417,-0.924109375,0.12774790525436402,0.07249277830123901
1997-003,1997-07-30 03:00:00,0.7782816569010417,-0.924109375,0.12774790525436402,0.07249277830123901
1997-003,1997-07-30 06:00:00,0.7780965169270834,-0.9194010416666667,0.1047737717628479,0.1412479043006897
1997-003,1997-07-30 12:00:00,0.7784444173177083,-1.0785364583333332,0.13547784090042114,0.13169251680374144
1997-003,1997-07-30 18:00:00,0.778265380859375,-0.8710729166666666,0.10280628204345703,0.15075244903564453
1997-003,1997-07-31 00:00:00,0.7682718912760417,-0.9766927083333333,0.09721375703811645,0.12207434177398682
1997-003,1997-07-31 03:00:00,0.7682718912760417,-0.9766927083333333,0.09721375703811645,0.12207434177398682
1997-003,1997-07-31 06:00:00,0.76903076171875,-0.95728125,0.07732726931571961,0.17948349714279174
1997-003,1997-07-31 12:00:00,0.7688313802083333,-1.1181197916666668,0.11048814058303832,0.16735080480575562
1997-003,1997-07-31 18:00:00,0.768609619140625,-0.859625,0.09135205745697021,0.18213411569595336
1997-003,1997-08-01 00:00:00,0.7597554524739584,-0.923125,0.09919424057006836,0.15739195346832274
1997-003,1997-08-01 03:00:00,0.7597554524739584,-0.923125,0.09919424057006836,0.15739195346832274
1997-003,1997-08-01 06:00:00,0.76065673828125,-0.8724375,0.15218963623046874,0.22497239112854003
1997-003,1997-08-01 12:00:00,0.7609517415364583,-1.045421875,0.1428995370864868,0.1860459566116333
1997-003,1997-08-02 00:00:00,0.755364990234375,-0.80975,0.16990984678268434,0.1373075246810913
1997-003,1997-08-02 03:00:00,0.755364990234375,-0.80975,0.16990984678268434,0.1373075246810913
1997-003,1997-08-02 06:00:00,0.756134033203125,-0.7910572916666667,0.2898229122161865,0.1551588535308838
1997-004,1997-08-04 06:00:00,0.7562845865885417,-0.8936041666666666,0.3984748601913452,0.05370619297027588
1997-004,1997-08-04 09:00:00,0.7562845865885417,-0.8936041666666666,0.3984748601913452,0.05370619297027588
1997-004,1997-08-04 12:00:00,0.7562845865885417,-1.0428333333333333,0.33608791828155515,0.09957839846611023
1997-004,1997-08-04 18:00:00,0.7562845865885417,-0.8616510416666666,0.3150278091430664,0.13730909824371337
1997-004,1997-08-05 00:00:00,0.7612040201822917,-0.8984947916666667,0.31038618087768555,0.10776057243347167
1997-004,1997-08-05 00:00:00,0.7612040201822917,-0.8984947916666667,0.31038618087768555,0.10776057243347167
1997-004,1997-08-05 00:00:00,0.7612040201822917,-0.8984947916666667,0.31038618087768555,0.10776057243347167
1997-004,1997-08-05 03:00:00,0.7612040201822917,-0.8984947916666667,0.31038618087768555,0.10776057243347167
1997-004,1997-08-05 03:00:00,0.7612040201822917,-0.8984947916666667,0.31038618087768555,0.10776057243347167
1997-004,1997-08-05 03:00:00,0.7612040201822917,-0.8984947916666667,0.31038618087768555,0.10776057243347167
1997-004,1997-08-05 06:00:00,0.7612040201822917,-0.8150625,0.3232184648513794,0.1307756185531616
1997-004,1997-08-05 06:00:00,0.7612040201822917,-0.8150625,0.3232184648513794,0.1307756185531616
1997-004,1997-08-05 06:00:00,0.7612040201822917,-0.8150625,0.3232184648513794,0.1307756185531616
1997-004,1997-08-05 09:00:00,0.7612040201822917,-0.8150625,0.3232184648513794,0.1307756185531616
1997-004,1997-08-05 09:00:00,0.7612040201822917,-0.8150625,0.3232184648513794,0.1307756185531616
1997-004,1997-08-05 09:00:00,0.7612040201822917,-0.8150625,0.3232184648513794,0.1307756185531616
1997-004,1997-08-05 12:00:00,0.7612040201822917,-0.942953125,0.23090872764587403,0.16553009748458863
1997-004,1997-08-05 12:00:00,0.7612040201822917,-0.942953125,0.23090872764587403,0.16553009748458863
1997-004,1997-08-05 12:00:00,0.7612040201822917,-0.942953125,0.23090872764587403,0.16553009748458863
1997-004,1997-08-05 18:00:00,0.7612040201822917,-0.7383177083333333,0.19759608507156373,0.2168962240219116
1997-004,1997-08-05 18:00:00,0.7612040201822917,-0.7383177083333333,0.19759608507156373,0.2168962240219116
1997-004,1997-08-05 18:00:00,0.7612040201822917,-0.7383177083333333,0.19759608507156373,0.2168962240219116
1997-005,1997-08-20 03:00:00,0.7789815266927084,-0.4312916666666667,0.04674083590507507,0.02919623553752899
1997-005,1997-08-20 06:00:00,0.7791361490885417,-0.3914739583333333,0.007578174769878388,0.011784008145332337
1997-005,1997-08-20 12:00:00,0.77930908203125,-0.6014635416666667,-0.006936315447092056,0.0008502579294145107
1997-005,1997-08-20 18:00:00,0.7790384928385417,-0.38599479166666667,-0.004031825810670853,0.0822995126247406
1997-005,1997-08-21 00:00:00,0.78472900390625,-0.38499479166666667,-0.009804439544677735,0.046846804022789
1997-005,1997-08-21 03:00:00,0.78472900390625,-0.38499479166666667,-0.009804439544677735,0.046846804022789
1997-005,1997-08-21 06:00:00,0.7850240071614584,-0.40898958333333335,-0.09741625189781189,0.0667344570159912
1997-005,1997-08-21 12:00:00,0.7853434244791667,-0.663359375,-0.06394857168197632,0.04751619100570679
1997-005,1997-08-21 18:00:00,0.7850321451822917,-0.440046875,-0.041740939021110535,0.11790980100631714
1997-005,1997-08-22 00:00:00,0.7900614420572917,-0.460015625,-0.02326730340719223,0.07576817870140076
1997-005,1997-08-22 03:00:00,0.7900614420572917,-0.460015625,-0.02326730340719223,0.07576817870140076
1997-005,1997-08-22 06:00:00,0.790325927734375,-0.4686458333333333,-0.0924869418144226,0.13304332494735718
1997-005,1997-08-22 12:00:00,0.790447998046875,-0.6759375,-0.034666556119918826,0.0740411639213562
1997-005,1997-08-22 18:00:00,0.7902018229166666,-0.5156145833333333,-0.022674192488193513,0.10176675319671631
1997-005,1997-08-23 00:00:00,0.793389892578125,-0.514515625,0.003109423443675041,0.07205951809883118
1997-005,1997-08-23 03:00:00,0.793389892578125,-0.514515625,0.003109423443675041,0.07205951809883118
1997-005,1997-08-23 06:00:00,0.7937337239583333,-0.5092916666666667,-0.010677870362997055,0.12732391357421874
1997-005,1997-08-23 12:00:00,0.7936604817708334,-0.7280364583333333,0.037031063437461854,0.0802697479724884
1997-005,1997-08-23 18:00:00,0.7934427897135417,-0.5295572916666667,0.04324584305286407,0.12360150814056396
1997-005,1997-08-24 00:00:00,0.7946492513020833,-0.5367864583333334,0.060637688636779784,0.08585813641548157
1997-005,1997-08-24 03:00:00,0.7946492513020833,-0.5367864583333334,0.060637688636779784,0.08585813641548157
1997-005,1997-08-24 06:00:00,0.7950826009114583,-0.5746458333333333,0.07075732946395874,0.14231406450271605
1997-005,1997-08-24 12:00:00,0.7949544270833333,-0.770625,0.09034151434898377,0.11520853042602539
1997-005,1997-08-24 18:00:00,0.7947794596354166,-0.5721979166666666,0.08645899891853333,0.13510124683380126
1997-005,1997-08-25 00:00:00,0.7938639322916666,-0.5886041666666667,0.08537081480026246,0.08931666016578674
1997-005,1997-08-25 03:00:00,0.7938639322916666,-0.5886041666666667,0.08537081480026246,0.08931666016578674
1997-005,1997-08-25 06:00:00,0.7943868001302083,-0.61871875,0.15283360481262206,0.12622370719909667
1997-005,1997-08-25 12:00:00,0.7946451822916667,-0.8592135416666666,0.11760193109512329,0.09352540969848633
1997-005,1997-08-25 18:00:00,0.7943603515625,-0.624671875,0.07412519454956054,0.10319716930389404
1997-005,1997-08-26 00:00:00,0.7911397298177083,-0.6499479166666666,0.058331114053726194,0.053526222705841064
1997-005,1997-08-26 03:00:00,0.7911397298177083,-0.6499479166666666,0.058331114053726194,0.053526222705841064
1997-005,1997-08-26 06:00:00,0.7914530436197916,-0.6221927083333333,0.07394649386405945,0.09941223859786988
1997-005,1997-08-26 12:00:00,0.7915506998697917,-0.7944114583333334,0.07160052061080932,0.08541575074195862
1997-005,1997-08-26 18:00:00,0.7913289388020833,-0.538296875,0.04354109466075897,0.07877464294433593
1997-005,1997-08-27 03:00:00,0.7867818196614583,-0.553953125,0.042572027444839476,0.026388013362884523
1997-005,1997-08-27 06:00:00,0.7871805826822916,-0.5705625,0.07136590480804443,0.08812678456306458
1997-006,1997-08-28 03:00:00,0.7989481608072917,-0.8903072916666667,0.08276965618133544,0.030491960048675538
1997-006,1997-08-28 06:00:00,0.7989481608072917,-0.831828125,0.02407081127166748,0.1630791664123535
1997-006,1997-08-28 09:00:00,0.7989481608072917,-0.831828125,0.02407081127166748,0.1630791664123535
1997-006,1997-08-28 12:00:00,0.7989481608072917,-1.041328125,0.09917611479759217,0.22549717426300048
1997-006,1997-08-28 18:00:00,0.7989481608072917,-0.836984375,0.11179671287536622,0.24521446228027344
1997-006,1997-08-29 00:00:00,0.7956461588541667,-0.9361145833333333,0.10883846282958984,0.2710633993148804
1997-006,1997-08-29 03:00:00,0.7956461588541667,-0.9361145833333333,0.10883846282958984,0.2710633993148804
1997-006,1997-08-29 09:00:00,0.7956461588541667,-0.81375,0.1261925220489502,0.29956517219543455
1997-006,1997-08-29 12:00:00,0.7956461588541667,-0.953890625,0.1494935393333435,0.2618582725524902
1997-006,1997-08-29 18:00:00,0.7956461588541667,-0.74665625,0.1281416893005371,0.2671581983566284
1997-006,1997-08-30 00:00:00,0.7921773274739583,-0.8248125,0.16768146753311158,0.24967916011810304
1997-006,1997-08-30 03:00:00,0.7921773274739583,-0.8248125,0.16768146753311158,0.24967916011810304
1997-006,1997-08-30 06:00:00,0.7921773274739583,-0.6560989583333333,0.2254730463027954,0.2744577169418335
1997-007,1997-09-23 03:00:00,0.0,0.0,0.0,0.0
1997-007,1997-09-23 06:00:00,0.0,0.0,0.0,0.0
1997-007,1997-09-23 09:00:00,0.0,0.0,0.0,0.0
1997-007,1997-09-23 12:00:00,0.0,0.0,0.0,0.0
1997-007,1997-09-23 18:00:00,0.0,0.0,0.0,0.0
1997-007,1997-09-24 00:00:00,0.0,0.0,0.0,0.0
1997-007,1997-09-24 03:00:00,0.0,0.0,0.0,0.0
1997-007,1997-09-24 06:00:00,0.0,0.0,0.0,0.0
1997-007,1997-09-24 09:00:00,0.0,0.0,0.0,0.0
1997-007,1997-09-24 12:00:00,0.0,0.0,0.0,0.0
1997-007,1997-09-24 18:00:00,0.0,0.0,0.0,0.0
1997-007,1997-09-25 00:00:00,0.0,0.0,0.0,0.0
1997-007,1997-09-25 03:00:00,0.0,0.0,0.0,0.0
1997-007,1997-09-25 06:00:00,0.0,0.0,0.0,0.0
1997-007,1997-09-25 09:00:00,0.0,0.0,0.0,0.0
1997-007,1997-09-25 12:00:00,0.0,0.0,0.0,0.0
1997-007,1997-09-25 18:00:00,0.0,0.0,0.0,0.0
1997-007,1997-09-26 00:00:00,0.0,0.0,0.0,0.0
1997-007,1997-09-26 03:00:00,0.0,0.0,0.0,0.0
1997-007,1997-09-26 06:00:00,0.0,0.0,0.0,0.0
1997-007,1997-09-26 09:00:00,0.0,0.0,0.0,0.0
1997-007,1997-09-26 12:00:00,0.0,0.0,0.0,0.0
1997-007,1997-09-26 18:00:00,0.0,0.0,0.0,0.0
1997-007,1997-09-27 00:00:00,0.0,0.0,0.0,0.0
1997-007,1997-09-27 03:00:00,0.0,0.0,0.0,0.0
1997-007,1997-09-27 06:00:00,0.0,0.0,0.0,0.0
1997-007,1997-09-27 12:00:00,0.0,0.0,0.0,0.0
1997-008,1997-11-04 03:00:00,0.8737060546875,-0.014505208333333333,-0.3339977502822876,-0.2620123863220215
1997-008,1997-11-04 06:00:00,0.8737060546875,0.029020833333333333,-0.3669512987136841,-0.22156612873077391
1997-008,1997-11-04 09:00:00,0.8737060546875,0.029020833333333333,-0.3669512987136841,-0.22156612873077391
1997-008,1997-11-04 12:00:00,0.8737060546875,-0.025765625,-0.3142635583877563,-0.1574848175048828
1997-008,1997-11-04 18:00:00,0.8737060546875,0.06002604166666667,-0.3132190227508545,-0.10570131540298462
1997-008,1997-11-05 00:00:00,0.8583455403645833,-0.004322916666666667,-0.28825290203094484,-0.1121603012084961
1997-008,1997-11-05 03:00:00,0.8583455403645833,-0.004322916666666667,-0.28825290203094484,-0.1121603012084961
1997-008,1997-11-05 06:00:00,0.8583455403645833,0.0,-0.31011717319488524,-0.0814836084842682
1997-008,1997-11-05 12:00:00,0.8583455403645833,-0.03690625,-0.34426212310791016,-0.039234548807144165
1997-008,1997-11-05 18:00:00,0.8583455403645833,0.03239583333333333,-0.3102024793624878,0.02218415290117264
1997-008,1997-11-06 00:00:00,0.8442606608072917,0.03174479166666667,-0.28334965705871584,-0.0007772793993353844
1997-008,1997-11-06 03:00:00,0.8442606608072917,0.03174479166666667,-0.28334965705871584,-0.0007772793993353844
1997-008,1997-11-06 06:00:00,0.8442606608072917,0.05884895833333333,-0.2604015111923218,-0.007547470182180405
1997-008,1997-11-06 09:00:00,0.8442606608072917,0.05884895833333333,-0.2604015111923218,-0.007547470182180405
1997-008,1997-11-06 12:00:00,0.8442606608072917,0.01371875,-0.26773240566253664,0.0018010204657912254
1997-008,1997-11-06 18:00:00,0.8442606608072917,0.088625,-0.3477910041809082,0.05102427005767822
1997-008,1997-11-07 00:00:00,0.8309427897135416,0.10140625,-0.2792503833770752,0.07055761218070984
1997-008,1997-11-07 03:00:00,0.8309427897135416,0.10140625,-0.2792503833770752,0.07055761218070984
1997-008,1997-11-07 06:00:00,0.8309427897135416,0.09826041666666667,-0.24604716300964355,0.10866152048110962
1997-008,1997-11-07 09:00:00,0.8309427897135416,0.09826041666666667,-0.24604716300964355,0.10866152048110962
1997-008,1997-11-07 12:00:00,0.8309427897135416,0.09772395833333333,-0.19110871553421022,0.0858971655368805
1997-008,1997-11-07 18:00:00,0.8309427897135416,0.131296875,-0.2113210678100586,0.0842508852481842
1997-008,1997-11-08 00:00:00,0.817877197265625,0.08627604166666666,-0.18620120286941527,0.0674956977367401
1997-008,1997-11-08 03:00:00,0.817877197265625,0.08627604166666666,-0.18620120286941527,0.0674956977367401
1997-008,1997-11-08 06:00:00,0.817877197265625,0.040765625,-0.14246609210968017,0.08145685195922851
1997-008,1997-11-08 09:00:00,0.817877197265625,0.040765625,-0.14246609210968017,0.08145685195922851
1997-008,1997-11-08 12:00:00,0.817877197265625,0.015682291666666667,-0.08880725502967834,0.01132609024643898
1997-008,1997-11-08 18:00:00,0.817877197265625,0.016307291666666668,-0.14059892892837525,0.057058674097061154
1997-008,1997-11-09 00:00:00,0.8045572916666667,-0.009619791666666667,-0.1900143504142761,0.025439998507499693
1997-008,1997-11-09 03:00:00,0.8045572916666667,-0.009619791666666667,-0.1900143504142761,0.025439998507499693
1997-008,1997-11-09 06:00:00,0.8045572916666667,-0.04097395833333333,-0.22524559497833252,0.04244774281978607
1997-008,1997-11-09 09:00:00,0.8045572916666667,-0.04097395833333333,-0.22524559497833252,0.04244774281978607
1997-009,1997-11-10 18:00:00,0.8229878743489584,-0.08626041666666667,-0.23125476837158204,-0.08248769640922546
1997-009,1997-11-11 00:00:00,0.8205281575520833,-0.21355729166666668,-0.17729755640029907,-0.002380844950675964
1997-009,1997-11-11 03:00:00,0.8205281575520833,-0.21355729166666668,-0.17729755640029907,-0.002380844950675964
1997-009,1997-11-11 06:00:00,0.8205281575520833,-0.03136979166666667,-0.19126741886138915,0.07234345674514771
1997-009,1997-11-11 12:00:00,0.8205281575520833,-0.240921875,-0.07376663088798523,0.14374445676803588
1997-009,1997-11-11 18:00:00,0.8205281575520833,-0.08295833333333333,-0.07530673742294311,0.11460058689117432
1997-009,1997-11-12 00:00:00,0.8169535319010417,-0.24159375,-0.06712468266487122,0.028940501809120178
1997-009,1997-11-12 03:00:00,0.8169535319010417,-0.24159375,-0.06712468266487122,0.028940501809120178
1997-009,1997-11-12 06:00:00,0.8169535319010417,-0.046010416666666665,-0.1475732922554016,0.11696795225143433
1997-009,1997-11-12 12:00:00,0.8169535319010417,-0.27083854166666665,-0.053595972061157224,0.14787695407867432
1997-009,1997-11-12 18:00:00,0.8169535319010417,-0.095421875,-0.045727291703224184,0.1156279444694519
1997-009,1997-11-13 00:00:00,0.8141805013020833,-0.22855208333333332,-0.06990406513214112,0.012820023298263549
1997-009,1997-11-13 03:00:00,0.8141805013020833,-0.22855208333333332,-0.06990406513214112,0.012820023298263549
1997-009,1997-11-13 06:00:00,0.8141805013020833,-0.062875,-0.21569700241088868,0.025302693247795105
1997-009,1997-11-13 09:00:00,0.8141805013020833,-0.062875,-0.21569700241088868,0.025302693247795105
1998-001,1998-05-17 12:00:00,0.9661397298177083,-0.6329114583333333,-0.10538333654403687,0.4060521602630615
1998-001,1998-05-17 18:00:00,0.9661397298177083,-0.5064479166666667,-0.10741652250289917,0.411592435836792
1998-001,1998-05-18 00:00:00,0.9574361165364583,-0.566546875,-0.1357348680496216,0.25589189529418943
1998-001,1998-05-18 03:00:00,0.9574361165364583,-0.566546875,-0.1357348680496216,0.25589189529418943
1998-001,1998-05-18 06:00:00,0.9574361165364583,-0.56,-0.1089972734451294,0.3011522054672241
1998-001,1998-05-18 09:00:00,0.9574361165364583,-0.56,-0.1089972734451294,0.3011522054672241
1998-001,1998-05-18 12:00:00,0.9574361165364583,-0.7607239583333333,0.00495271310210228,0.22474877834320067
1998-001,1998-05-18 18:00:00,0.9574361165364583,-0.7040520833333334,0.12768508195877076,0.268914794921875
1998-001,1998-05-19 00:00:00,0.9442891438802083,-0.751734375,0.22152576446533204,0.18727966547012329
1998-001,1998-05-19 03:00:00,0.9442891438802083,-0.751734375,0.22152576446533204,0.18727966547012329
1998-001,1998-05-19 06:00:00,0.9442891438802083,-0.744609375,0.21900129318237305,0.24825522899627686
1998-001,1998-05-19 12:00:00,0.9442891438802083,-0.9226145833333333,0.272290301322937,0.287736701965332
1998-001,1998-05-19 18:00:00,0.9442891438802083,-0.8012708333333334,0.3607802391052246,0.4116096496582031
1998-001,1998-05-20 00:00:00,0.9329366048177083,-0.8007916666666667,0.4354757308959961,0.3258681058883667
1998-001,1998-05-20 03:00:00,0.9329366048177083,-0.8007916666666667,0.4354757308959961,0.3258681058883667
1998-001,1998-05-20 12:00:00,0.9329366048177083,-0.799125,0.23144989013671874,0.4400306701660156
1998-002,1998-06-04 06:00:00,0.9018473307291667,-0.38953125,0.3572190284729004,0.007900244742631912
1998-002,1998-06-04 12:00:00,0.9018697102864583,-0.6073125,0.3634599447250366,-0.020137833058834077
1998-002,1998-06-05 03:00:00,0.896929931640625,-0.5306822916666667,0.29465560913085936,0.02291356921195984
1998-002,1998-06-05 06:00:00,0.8969807942708333,-0.45030729166666666,0.2617238998413086,0.036904796957969666
1998-002,1998-06-05 09:00:00,0.8969807942708333,-0.45030729166666666,0.2617238998413086,0.036904796957969666
1998-002,1998-06-05 12:00:00,0.897003173828125,-0.6513802083333333,0.3214390993118286,0.09241070747375488
1998-002,1998-06-05 18:00:00,0.8969685872395833,-0.511796875,0.2923970937728882,0.16696423292160034
1998-002,1998-06-06 00:00:00,0.8899515787760417,-0.5806666666666667,0.2173219680786133,0.1822662591934204
1998-002,1998-06-06 03:00:00,0.8899515787760417,-0.5806666666666667,0.2173219680786133,0.1822662591934204
1998-002,1998-06-06 06:00:00,0.889971923828125,-0.5079947916666666,0.25403580665588377,0.21453723907470704
1998-002,1998-06-06 12:00:00,0.8900065104166667,-0.7010104166666666,0.30907135009765624,0.23530058860778807
1998-002,1998-06-06 18:00:00,0.889971923828125,-0.5377552083333333,0.3097301721572876,0.29263577461242674
1998-002,1998-06-07 00:00:00,0.87984619140625,-0.6196145833333333,0.3102141857147217,0.2367152452468872
1998-002,1998-06-07 03:00:00,0.87984619140625,-0.6196145833333333,0.3102141857147217,0.2367152452468872
1998-002,1998-06-07 06:00:00,0.8798787434895833,-0.5362083333333333,0.3152529239654541,0.2902216911315918
1998-002,1998-06-07 09:00:00,0.8798787434895833,-0.5362083333333333,0.3152529239654541,0.2902216911315918
1998-002,1998-06-07 12:00:00,0.8799092610677083,-0.7286302083333334,0.3703041076660156,0.3304432392120361
1998-002,1998-06-07 18:00:00,0.879876708984375,-0.5555104166666667,0.3363363265991211,0.3268789052963257
1998-002,1998-06-08 00:00:00,0.8696695963541666,-0.6293958333333334,0.31316089630126953,0.288256573677063
1998-002,1998-06-08 03:00:00,0.8696695963541666,-0.6293958333333334,0.31316089630126953,0.288256573677063
1998-002,1998-06-08 06:00:00,0.8697591145833333,-0.5320364583333334,0.37740728855133054,0.34187290668487547
1998-002,1998-06-08 12:00:00,0.8698079427083333,-0.7403177083333333,0.45850510597229005,0.31545684337615965
1998-002,1998-06-08 18:00:00,0.8697428385416667,-0.564234375,0.40840740203857423,0.2842093467712402
1998-002,1998-06-09 00:00:00,0.8624532063802083,-0.6806302083333333,0.4660014629364014,0.26044259071350095
1998-002,1998-06-09 03:00:00,0.8624532063802083,-0.6806302083333333,0.4660014629364014,0.26044259071350095
1998-002,1998-06-09 06:00:00,0.8624186197916667,-0.5777552083333334,0.5289229869842529,0.30398752689361574
1998-002,1998-06-09 12:00:00,0.8623982747395833,-0.74240625,0.5596230030059814,0.2452207088470459
1998-002,1998-06-09 18:00:00,0.8623799641927083,-0.5577239583333333,0.5268191337585449,0.24333374500274657
1998-002,1998-06-10 00:00:00,0.857208251953125,-0.6506875,0.5338478088378906,0.18464587926864623
1998-002,1998-06-10 03:00:00,0.857208251953125,-0.6506875,0.5338478088378906,0.18464587926864623
1998-002,1998-06-10 06:00:00,0.8572591145833334,-0.5279114583333333,0.6107871532440186,0.1870221257209778
1998-002,1998-06-10 09:00:00,0.8572591145833334,-0.5279114583333333,0.6107871532440186,0.1870221257209778
1998-003,1998-06-13 15:00:00,0.9012980143229167,-0.9189635416666667,0.019706207513809203,0.04104500412940979
1998-003,1998-06-13 18:00:00,0.9012980143229167,-0.7484739583333333,-0.009564249962568282,0.13781025409698486
1998-003,1998-06-14 00:00:00,0.9040771484375,-0.80009375,0.02603180706501007,0.17234320640563966
1998-003,1998-06-14 03:00:00,0.9040771484375,-0.80009375,0.02603180706501007,0.17234320640563966
1998-003,1998-06-14 06:00:00,0.9040771484375,-0.7341770833333333,-0.011552581936120987,0.18119049072265625
1998-003,1998-06-14 12:00:00,0.9040771484375,-0.9030260416666667,0.058016741275787355,0.2878303289413452
1998-003,1998-06-14 18:00:00,0.9040771484375,-0.7285052083333333,0.05264299511909485,0.36305372714996337
1998-003,1998-06-15 00:00:00,0.907861328125,-0.7522864583333333,0.07430316805839539,0.3916416883468628
1998-003,1998-06-15 03:00:00,0.907861328125,-0.7522864583333333,0.07430316805839539,0.3916416883468628
1998-004,1998-10-06 12:00:00,0.7160054524739583,-0.430921875,0.3008315086364746,-0.37793118953704835
1998-004,1998-10-06 18:00:00,0.7160054524739583,-0.25552604166666665,0.24855244159698486,-0.3651896953582764
1998-004,1998-10-07 00:00:00,0.7152750651041667,-0.36875,0.2420245885848999,-0.43680481910705565
1998-004,1998-10-07 03:00:00,0.7152750651041667,-0.36875,0.2420245885848999,-0.43680481910705565
1998-004,1998-10-07 06:00:00,0.7152750651041667,-0.2692864583333333,0.1976322889328003,-0.3913454294204712
1998-004,1998-10-07 12:00:00,0.7152750651041667,-0.4948125,0.2684760570526123,-0.3219693660736084
1998-004,1998-10-07 18:00:00,0.7152750651041667,-0.34588541666666667,0.1775432586669922,-0.30570063591003416
1998-004,1998-10-08 00:00:00,0.7171061197916667,-0.4891197916666667,0.1926676869392395,-0.3385636806488037
1998-004,1998-10-08 03:00:00,0.7171061197916667,-0.4891197916666667,0.1926676869392395,-0.3385636806488037
1998-004,1998-10-08 06:00:00,0.7171061197916667,-0.32747916666666665,0.1185221791267395,-0.31313228607177734
1998-004,1998-10-08 12:00:00,0.7171061197916667,-0.4937916666666667,0.18552305698394775,-0.3269907712936401
1998-004,1998-10-08 18:00:00,0.7171061197916667,-0.3651041666666667,0.11576675176620484,-0.29762654304504393
1998-004,1998-10-09 00:00:00,0.7189310709635417,-0.5023072916666667,0.10635420083999633,-0.35061652660369874
1998-004,1998-10-09 03:00:00,0.7189310709635417,-0.5023072916666667,0.10635420083999633,-0.35061652660369874
1998-004,1998-10-09 06:00:00,0.7189310709635417,-0.34803645833333335,0.0940121054649353,-0.3378234148025513
1998-004,1998-10-09 12:00:00,0.7189310709635417,-0.5169791666666667,0.17675150632858277,-0.3909426212310791
1998-005,1998-10-11 12:00:00,0.759857177734375,-0.5923802083333334,0.0568103551864624,-0.11462396383285522
1998-005,1998-10-11 18:00:00,0.7598225911458333,-0.46163020833333335,0.051934444904327394,-0.08988259434700012
1998-005,1998-10-12 00:00:00,0.7550882975260417,-0.5645104166666667,0.022395047545433044,-0.11682394742965699
1998-005,1998-10-12 03:00:00,0.7550882975260417,-0.5645104166666667,0.022395047545433044,-0.11682394742965699
1998-005,1998-10-12 06:00:00,0.7551066080729166,-0.39609375,-0.04585184156894684,-0.04349557757377624
1998-005,1998-10-12 09:00:00,0.7551066080729166,-0.39609375,-0.04585184156894684,-0.04349557757377624
1998-005,1998-10-12 12:00:00,0.7551228841145833,-0.5472447916666666,0.047420373558998107,-0.03394518196582794
1998-005,1998-10-12 18:00:00,0.75509033203125,-0.434484375,0.00916263684630394,0.02857641875743866
1998-005,1998-10-13 00:00:00,0.7498250325520833,-0.5148541666666666,0.03624373376369476,0.01966015100479126
1998-005,1998-10-13 03:00:00,0.7498250325520833,-0.5148541666666666,0.03624373376369476,0.01966015100479126
1998-005,1998-10-13 06:00:00,0.749859619140625,-0.36754166666666666,-0.03345614373683929,0.10638117790222168
1998-005,1998-10-13 12:00:00,0.7498799641927083,-0.5417864583333334,0.05317037105560303,0.14490208625793458
1998-005,1998-10-13 18:00:00,0.749847412109375,-0.376984375,0.06803249716758727,0.21001181602478028
1998-005,1998-10-14 00:00:00,0.7431294759114583,-0.488328125,0.0947485089302063,0.2015662670135498
1998-005,1998-10-14 03:00:00,0.7431294759114583,-0.488328125,0.0947485089302063,0.2015662670135498
1998-005,1998-10-14 06:00:00,0.7431681315104167,-0.356359375,0.07135411500930786,0.24556784629821776
1998-005,1998-10-14 12:00:00,0.743194580078125,-0.5974270833333334,0.1891174793243408,0.23359143733978271
1998-005,1998-10-14 18:00:00,0.743157958984375,-0.434640625,0.2132650375366211,0.24249041080474854
1998-005,1998-10-15 00:00:00,0.7340596516927084,-0.5777395833333333,0.26277077198028564,0.17298370599746704
1998-005,1998-10-15 03:00:00,0.7340596516927084,-0.5777395833333333,0.26277077198028564,0.17298370599746704
1998-005,1998-10-15 06:00:00,0.734051513671875,-0.46920833333333334,0.24593327045440674,0.1973886251449585
1998-005,1998-10-15 12:00:00,0.7340311686197917,-0.6837760416666666,0.31002516746520997,0.15786898136138916
1998-005,1998-10-15 18:00:00,0.7340047200520833,-0.5073333333333333,0.31363141536712646,0.1801288604736328
1998-005,1998-10-16 00:00:00,0.7258585611979167,-0.5768958333333334,0.3293165683746338,0.12311681509017944
1998-005,1998-10-16 03:00:00,0.7258585611979167,-0.5768958333333334,0.3293165683746338,0.12311681509017944
1998-005,1998-10-16 06:00:00,0.7258402506510416,-0.37159375,0.34852759838104247,0.129749858379364
1998-005,1998-10-16 12:00:00,0.725830078125,-0.4874375,0.41289315223693845,0.05662384629249573
1998-005,1998-10-16 18:00:00,0.7258199055989584,-0.26123958333333336,0.36184492111206057,0.04987618327140808
1998-005,1998-10-17 00:00:00,0.722100830078125,-0.28847395833333334,0.41322755813598633,-0.02008703202009201
1998-005,1998-10-17 03:00:00,0.722100830078125,-0.28847395833333334,0.41322755813598633,-0.02008703202009201
1998-006,1998-10-13 12:00:00,0.8643086751302084,-0.5296458333333334,-0.03570241630077362,-0.07390770912170411
1998-006,1998-10-13 18:00:00,0.8643086751302084,-0.39634375,0.03871721625328064,-0.005379278585314751
1998-006,1998-10-14 00:00:00,0.866937255859375,-0.5052760416666666,0.09999234676361084,0.005811508744955063
1998-006,1998-10-14 03:00:00,0.866937255859375,-0.5052760416666666,0.09999234676361084,0.005811508744955063
1998-006,1998-10-14 06:00:00,0.866937255859375,-0.46832291666666664,0.08211408853530884,0.05504876971244812
1998-006,1998-10-14 12:00:00,0.866937255859375,-0.6633020833333333,0.16191257238388063,0.2021113634109497
1998-006,1998-10-14 18:00:00,0.866937255859375,-0.5424635416666667,0.2653144359588623,0.2725047588348389
1998-006,1998-10-15 00:00:00,0.8659708658854167,-0.609921875,0.370809006690979,0.1982099413871765
1998-007,1998-10-26 09:00:00,0.8530904134114583,-0.20689583333333333,0.14549672603607178,-0.1743399977684021
1998-007,1998-10-26 12:00:00,0.8530904134114583,-0.3324270833333333,0.029056471586227418,-0.16825231313705444
1998-007,1998-10-26 18:00:00,0.8530904134114583,-0.25178125,-0.065337073802948,-0.09570668339729309
1998-007,1998-10-27 00:00:00,0.8441548665364583,-0.300234375,-0.06030711531639099,-0.06033938527107239
1998-007,1998-10-27 03:00:00,0.8441548665364583,-0.300234375,-0.06030711531639099,-0.06033938527107239
1998-007,1998-10-27 06:00:00,0.8441548665364583,-0.254046875,-0.1308573842048645,-0.043859413266181944
1998-007,1998-10-27 12:00:00,0.8441548665364583,-0.360609375,-0.13671457767486572,-0.020040927827358244
1998-007,1998-10-27 18:00:00,0.8441548665364583,-0.24821354166666668,-0.14784033298492433,0.05400276184082031
1998-007,1998-10-28 00:00:00,0.834429931640625,-0.2837864583333333,-0.09036053419113159,0.12831038236618042
1998-007,1998-10-28 03:00:00,0.834429931640625,-0.2837864583333333,-0.09036053419113159,0.12831038236618042
1998-007,1998-10-28 06:00:00,0.834429931640625,-0.21234375,-0.06333630681037902,0.14476463794708253
1998-007,1998-10-28 12:00:00,0.834429931640625,-0.3198489583333333,-0.045236846804618834,0.1257031202316284
1998-007,1998-10-28 18:00:00,0.834429931640625,-0.21514583333333334,-0.05879970192909241,0.2509602546691895
1998-007,1998-10-29 00:00:00,0.8240885416666667,-0.31808854166666667,-0.004328067228198051,0.2845735788345337
1998-007,1998-10-29 03:00:00,0.8240885416666667,-0.31808854166666667,-0.004328067228198051,0.2845735788345337
1998-007,1998-10-29 06:00:00,0.8240885416666667,-0.28288541666666667,-0.07097734212875366,0.2597211360931396
1998-007,1998-10-29 09:00:00,0.8240885416666667,-0.28288541666666667,-0.07097734212875366,0.2597211360931396
1998-008,1998-11-13 12:00:00,0.812847900390625,-0.39047916666666665,-0.26682310104370116,-0.24017553329467772
1998-008,1998-11-14 03:00:00,0.8070882161458334,-0.35555729166666666,-0.15662518739700318,-0.18228751420974731
1998-008,1998-11-14 06:00:00,0.8070882161458334,-0.303859375,-0.17669777870178222,-0.1754915237426758
1998-008,1998-11-14 09:00:00,0.8070882161458334,-0.303859375,-0.17669777870178222,-0.1754915237426758
1998-008,1998-11-14 12:00:00,0.8070882161458334,-0.485765625,-0.10112777948379517,-0.09004456400871277
1998-008,1998-11-14 18:00:00,0.8070882161458334,-0.3534791666666667,-0.024798764288425444,0.043836620450019834
1998-008,1998-11-15 00:00:00,0.8032999674479167,-0.4143125,0.0502236008644104,0.0930584967136383
1998-008,1998-11-15 03:00:00,0.8032999674479167,-0.4143125,0.0502236008644104,0.0930584967136383
1998-008,1998-11-15 06:00:00,0.8032999674479167,-0.3134635416666667,0.07817370295524598,0.14338716268539428
1998-008,1998-11-15 09:00:00,0.8032999674479167,-0.3134635416666667,0.07817370295524598,0.14338716268539428
1998-008,1998-11-15 12:00:00,0.8032999674479167,-0.393,0.09356354475021363,0.17335344552993776
1998-008,1998-11-15 18:00:00,0.8032999674479167,-0.25122395833333333,0.08821415901184082,0.29186694622039794
1998-008,1998-11-16 00:00:00,0.8010538736979167,-0.33160416666666664,0.15180437564849852,0.2239577054977417
1998-008,1998-11-16 03:00:00,0.8010538736979167,-0.33160416666666664,0.15180437564849852,0.2239577054977417
1998-008,1998-11-16 06:00:00,0.8010538736979167,-0.24925,0.15723755359649658,0.17345058917999268
1998-009,1998-11-19 03:00:00,0.820703125,-0.3330989583333333,0.009170523285865784,-0.2674896240234375
1998-009,1998-11-19 06:00:00,0.820703125,-0.28928645833333333,-0.014951211214065552,-0.22987871170043944
1998-009,1998-11-19 12:00:00,0.820703125,-0.37746875,0.025129422545433044,-0.17589261531829833
1998-009,1998-11-19 15:00:00,0.820703125,-0.37746875,0.025129422545433044,-0.17589261531829833
1998-009,1998-11-19 18:00:00,0.820703125,-0.27741666666666664,-0.054118961095809937,-0.12385473251342774
1998-009,1998-11-20 00:00:00,0.8160135904947917,-0.33667708333333335,-0.02377716600894928,-0.07404940128326416
1998-009,1998-11-20 03:00:00,0.8160135904947917,-0.33667708333333335,-0.02377716600894928,-0.07404940128326416
1998-009,1998-11-20 06:00:00,0.8160135904947917,-0.276640625,-0.03354423046112061,-0.04129144847393036
1998-009,1998-11-20 09:00:00,0.8160135904947917,-0.276640625,-0.03354423046112061,-0.04129144847393036
1998-009,1998-11-20 12:00:00,0.8160135904947917,-0.37913020833333333,0.01779194623231888,0.002106088399887085
1998-009,1998-11-20 18:00:00,0.8160135904947917,-0.2747864583333333,0.04839804470539093,0.06123310327529907
1998-009,1998-11-21 00:00:00,0.8083943684895833,-0.3320625,0.0666971743106842,0.09623093008995057
1998-009,1998-11-21 03:00:00,0.8083943684895833,-0.3320625,0.0666971743106842,0.09623093008995057
1998-009,1998-11-21 06:00:00,0.8083943684895833,-0.2644739583333333,0.06036563515663147,0.12587380409240723
1998-009,1998-11-21 09:00:00,0.8083943684895833,-0.2644739583333333,0.06036563515663147,0.12587380409240723
1998-009,1998-11-21 12:00:00,0.8083943684895833,-0.373875,0.13591858148574829,0.12113751173019409
1998-009,1998-11-21 18:00:00,0.8083943684895833,-0.24761458333333333,0.12769930362701415,0.1352428674697876
1998-009,1998-11-22 00:00:00,0.7999918619791667,-0.31947916666666665,0.132627534866333,0.08847565650939941
1998-009,1998-11-22 03:00:00,0.7999918619791667,-0.31947916666666665,0.132627534866333,0.08847565650939941
1998-009,1998-11-22 06:00:00,0.7999918619791667,-0.21806770833333333,0.08370503187179565,0.11675305366516113
1998-009,1998-11-22 12:00:00,0.7999918619791667,-0.30495833333333333,0.13570066690444946,0.017325755953788758
1998-009,1998-11-23 03:00:00,0.7929545084635417,-0.24232291666666667,0.03706517815589905,-0.03686708509922028
1998-010,1998-12-13 00:00:00,0.6800923665364583,-0.204875,-0.3759599208831787,-0.4293960094451904
1998-010,1998-12-13 03:00:00,0.6800923665364583,-0.204875,-0.3759599208831787,-0.4293960094451904
1998-010,1998-12-13 06:00:00,0.6800923665364583,-0.04821875,-0.4157564163208008,-0.3857907295227051
1998-010,1998-12-13 09:00:00,0.6800923665364583,-0.04821875,-0.4157564163208008,-0.3857907295227051
1998-010,1998-12-13 12:00:00,0.6800923665364583,-0.27888541666666666,-0.35411393642425537,-0.3681561231613159
1998-010,1998-12-13 18:00:00,0.6800923665364583,-0.12772916666666667,-0.34802875518798826,-0.35610458850860593
1998-010,1998-12-14 00:00:00,0.66898193359375,-0.21661458333333333,-0.25238564014434817,-0.3763600826263428
1998-010,1998-12-14 03:00:00,0.66898193359375,-0.21661458333333333,-0.25238564014434817,-0.3763600826263428
1998-010,1998-12-14 06:00:00,0.66898193359375,-0.07803125,-0.25669307708740235,-0.33968491554260255
1998-010,1998-12-14 09:00:00,0.66898193359375,-0.07803125,-0.25669307708740235,-0.33968491554260255
1998-010,1998-12-14 12:00:00,0.66898193359375,-0.273,-0.2269659996032715,-0.348915696144104
1998-010,1998-12-14 18:00:00,0.66898193359375,-0.1375625,-0.22590062618255616,-0.26786901950836184
1998-010,1998-12-15 00:00:00,0.6615865071614583,-0.246921875,-0.03657149076461792,-0.27298409938812257
1998-010,1998-12-15 03:00:00,0.6615865071614583,-0.246921875,-0.03657149076461792,-0.27298409938812257
1998-010,1998-12-15 06:00:00,0.6615865071614583,-0.10015625,-0.034846150875091554,-0.27224681377410886
1998-010,1998-12-15 09:00:00,0.6615865071614583,-0.10015625,-0.034846150875091554,-0.27224681377410886
1998-010,1998-12-15 12:00:00,0.6615865071614583,-0.326546875,0.022811417281627656,-0.2849945306777954
1998-010,1998-12-15 18:00:00,0.6615865071614583,-0.15790104166666666,0.023643453419208527,-0.18221324682235718
1998-010,1998-12-16 00:00:00,0.65936279296875,-0.267078125,0.05637885332107544,-0.08460190296173095
1998-010,1998-12-16 03:00:00,0.65936279296875,-0.267078125,0.05637885332107544,-0.08460190296173095
1998-010,1998-12-16 06:00:00,0.65936279296875,-0.07674479166666667,0.0446340411901474,0.034302324056625366
1998-010,1998-12-16 09:00:00,0.65936279296875,-0.07674479166666667,0.0446340411901474,0.034302324056625366
1998-010,1998-12-16 12:00:00,0.65936279296875,-0.2591822916666667,0.02670694887638092,0.050708156824111936
1998-010,1998-12-16 18:00:00,0.65936279296875,-0.05628645833333333,-0.01220458820462227,0.10334571599960327
1998-010,1998-12-17 00:00:00,0.6599853515625,-0.10807291666666667,-0.013842977583408356,0.11308245658874512
1998-010,1998-12-17 03:00:00,0.6599853515625,-0.10807291666666667,-0.013842977583408356,0.11308245658874512
1999-001,1999-02-01 03:00:00,0.7474222819010417,-0.33476041666666667,-0.4069383144378662,-0.20248963832855224
1999-001,1999-02-01 12:00:00,0.7474222819010417,-0.31542708333333336,-0.3608998775482178,-0.0866742491722107
1999-001,1999-02-02 03:00:00,0.75140380859375,-0.2795885416666667,-0.29433412551879884,0.05294221043586731
1999-001,1999-02-02 06:00:00,0.75140380859375,-0.12111458333333333,-0.25373144149780275,0.14567978382110597
1999-001,1999-02-02 09:00:00,0.75140380859375,-0.12111458333333333,-0.25373144149780275,0.14567978382110597
1999-001,1999-02-02 12:00:00,0.75140380859375,-0.2584635416666667,-0.17019662857055665,0.11509909629821777
1999-001,1999-02-02 18:00:00,0.75140380859375,-0.115359375,-0.22162172794342042,0.08631227016448975
1999-001,1999-02-03 00:00:00,0.7546183268229166,-0.18820833333333334,-0.18173147439956666,0.1523136854171753
1999-001,1999-02-03 03:00:00,0.7546183268229166,-0.18820833333333334,-0.18173147439956666,0.1523136854171753
1999-001,1999-02-03 06:00:00,0.7546183268229166,-0.079375,-0.165965473651886,0.18436722755432128
1999-001,1999-02-03 09:00:00,0.7546183268229166,-0.079375,-0.165965473651886,0.18436722755432128
1999-001,1999-02-03 12:00:00,0.7546183268229166,-0.22003125,-0.12040899991989136,0.020103716850280763
1999-001,1999-02-03 18:00:00,0.7546183268229166,-0.06828125,-0.21563010215759276,-0.01104353293776512
1999-002,1999-05-16 12:00:00,0.8392862955729167,-0.724453125,0.2572248220443726,0.03627312481403351
1999-002,1999-05-16 15:00:00,0.8392862955729167,-0.724453125,0.2572248220443726,0.03627312481403351
1999-002,1999-05-16 18:00:00,0.839202880859375,-0.5613541666666667,0.23943688869476318,0.09777185320854187
1999-002,1999-05-16 21:00:00,0.839202880859375,-0.5613541666666667,0.23943688869476318,0.09777185320854187
1999-002,1999-05-17 00:00:00,0.8408589680989583,-0.6407604166666667,0.23654136657714844,0.10018782615661621
1999-002,1999-05-17 03:00:00,0.8408589680989583,-0.6407604166666667,0.23654136657714844,0.10018782615661621
1999-002,1999-05-17 06:00:00,0.8408915201822916,-0.4922239583333333,0.24356544017791748,0.12422764301300049
1999-002,1999-05-17 09:00:00,0.8408915201822916,-0.4922239583333333,0.24356544017791748,0.12422764301300049
1999-002,1999-05-17 12:00:00,0.8409098307291667,-0.7010520833333334,0.30144681930541994,0.14374783039093017
1999-002,1999-05-17 15:00:00,0.8409098307291667,-0.7010520833333334,0.30144681930541994,0.14374783039093017
1999-002,1999-05-17 18:00:00,0.8408671061197917,-0.5395052083333334,0.21512987613677978,0.1939329147338867
1999-002,1999-05-17 21:00:00,0.8408671061197917,-0.5395052083333334,0.21512987613677978,0.1939329147338867
1999-002,1999-05-18 00:00:00,0.837005615234375,-0.599953125,0.2268672466278076,0.20742638111114503
1999-002,1999-05-18 03:00:00,0.837005615234375,-0.599953125,0.2268672466278076,0.20742638111114503
1999-002,1999-05-18 06:00:00,0.837066650390625,-0.45021875,0.26315882205963137,0.29019033908843994
1999-002,1999-05-18 09:00:00,0.837066650390625,-0.45021875,0.26315882205963137,0.29019033908843994
1999-002,1999-05-18 12:00:00,0.8370686848958333,-0.645796875,0.3749603986740112,0.2976126194000244
1999-002,1999-05-18 15:00:00,0.8370686848958333,-0.645796875,0.3749603986740112,0.2976126194000244
1999-002,1999-05-18 18:00:00,0.8370442708333333,-0.48606770833333335,0.3390726327896118,0.33216142654418945
1999-002,1999-05-18 21:00:00,0.8370442708333333,-0.48606770833333335,0.3390726327896118,0.33216142654418945
1999-002,1999-05-19 00:00:00,0.8292439778645834,-0.5906979166666667,0.3312323570251465,0.29714508056640626
1999-002,1999-05-19 03:00:00,0.8292439778645834,-0.5906979166666667,0.3312323570251465,0.29714508056640626
1999-002,1999-05-19 06:00:00,0.82930908203125,-0.4708125,0.3723883867263794,0.38337230682373047
1999-002,1999-05-19 09:00:00,0.82930908203125,-0.4708125,0.3723883867263794,0.38337230682373047
1999-002,1999-05-19 12:00:00,0.829351806640625,-0.6698645833333333,0.47517099380493166,0.3446587085723877
1999-002,1999-05-19 15:00:00,0.829351806640625,-0.6698645833333333,0.47517099380493166,0.3446587085723877
1999-002,1999-05-19 18:00:00,0.8292928059895833,-0.5294114583333334,0.4098959922790527,0.3512223720550537
1999-002,1999-05-19 21:00:00,0.8292928059895833,-0.5294114583333334,0.4098959922790527,0.3512223720550537
1999-002,1999-05-20 00:00:00,0.8207743326822917,-0.6204739583333333,0.4205170631408691,0.31339738368988035
1999-002,1999-05-20 03:00:00,0.8207743326822917,-0.6204739583333333,0.4205170631408691,0.31339738368988035
1999-002,1999-05-20 06:00:00,0.82073974609375,-0.5091927083333333,0.4385079860687256,0.3368765592575073
1999-002,1999-05-20 12:00:00,0.8207173665364583,-0.7096666666666667,0.47228069305419923,0.311415958404541
1999-002,1999-05-20 18:00:00,0.8206929524739583,-0.5660104166666666,0.42633829116821287,0.33473231792449953
1999-002,1999-05-21 00:00:00,0.8121256510416667,-0.6436927083333334,0.42421326637268064,0.33375470638275145
1999-002,1999-05-21 03:00:00,0.8121256510416667,-0.6436927083333334,0.42421326637268064,0.33375470638275145
1999-002,1999-05-21 06:00:00,0.8120829264322916,-0.528796875,0.4597907066345215,0.3613437652587891
1999-002,1999-05-21 12:00:00,0.8121134440104166,-0.7260520833333334,0.5010918140411377,0.2523167133331299
1999-002,1999-05-21 18:00:00,0.8121337890625,-0.590890625,0.42497954368591306,0.25731008052825927
1999-002,1999-05-22 00:00:00,0.8040730794270833,-0.6798333333333333,0.39747276306152346,0.2103128433227539
1999-002,1999-05-22 03:00:00,0.8040730794270833,-0.6798333333333333,0.39747276306152346,0.2103128433227539
1999-002,1999-05-22 06:00:00,0.8041605631510417,-0.5337083333333333,0.4281633377075195,0.24488537311553954
1999-002,1999-05-22 12:00:00,0.8041971842447917,-0.73246875,0.4951624393463135,0.223714280128479
1999-003,1999-06-17 03:00:00,0.8361328125,-0.9436197916666667,0.3065402746200562,0.03637141287326813
1999-003,1999-06-17 06:00:00,0.8361328125,-0.8902447916666667,0.2917840003967285,0.03281924426555634
1999-003,1999-06-17 12:00:00,0.8361328125,-1.1016770833333334,0.31384565830230715,0.21067333221435547
1999-003,1999-06-17 18:00:00,0.8361328125,-0.9114010416666667,0.28274922370910643,0.23819684982299805
1999-003,1999-06-18 00:00:00,0.8297465006510417,-0.966203125,0.28736565113067625,0.24366648197174073
1999-003,1999-06-18 03:00:00,0.8297465006510417,-0.966203125,0.28736565113067625,0.24366648197174073
1999-003,1999-06-18 06:00:00,0.8297465006510417,-0.8663802083333333,0.2759362459182739,0.27633061408996584
1999-003,1999-06-18 09:00:00,0.8297465006510417,-0.8663802083333333,0.2759362459182739,0.27633061408996584
1999-004,1999-07-27 03:00:00,0.805523681640625,-0.9922083333333334,0.1448327660560608,0.0497486799955368
1999-004,1999-07-27 06:00:00,0.805523681640625,-0.9355989583333333,0.15617187023162843,0.059537369012832644
1999-004,1999-07-27 12:00:00,0.805523681640625,-1.088265625,0.1654677391052246,0.06162880659103394
1999-004,1999-07-27 18:00:00,0.805523681640625,-0.9293229166666667,0.13211066722869874,0.1154892086982727
1999-004,1999-07-28 00:00:00,0.8122965494791666,-0.9901770833333333,0.13739022016525268,0.11138764619827271
1999-004,1999-07-28 03:00:00,0.8122965494791666,-0.9901770833333333,0.13739022016525268,0.11138764619827271
1999-004,1999-07-28 06:00:00,0.8122965494791666,-0.916046875,0.09686459302902221,0.13438959121704103
1999-004,1999-07-28 12:00:00,0.8122965494791666,-1.0450364583333334,0.10831581354141236,0.13727502822875975
1999-004,1999-07-28 18:00:00,0.8122965494791666,-0.8802135416666667,0.07129308581352234,0.1687663435935974
1999-004,1999-07-29 00:00:00,0.8163838704427083,-0.9764270833333333,0.08571891784667969,0.14427953958511353
1999-004,1999-07-29 03:00:00,0.8163838704427083,-0.9764270833333333,0.08571891784667969,0.14427953958511353
1999-004,1999-07-29 06:00:00,0.8163838704427083,-0.9026510416666667,0.1077993631362915,0.1515101432800293
1999-005,1999-08-06 12:00:00,0.7833353678385416,-1.1740989583333334,0.250288200378418,0.11497594118118286
1999-005,1999-08-06 18:00:00,0.7833353678385416,-0.9974166666666666,0.3058488130569458,0.14407763481140137
1999-005,1999-08-07 03:00:00,0.7761637369791666,-1.1093958333333334,0.2716712713241577,0.11409256458282471
1999-005,1999-08-07 06:00:00,0.7761637369791666,-0.9998802083333334,0.2476802349090576,0.12677661180496216
1999-005,1999-08-07 12:00:00,0.7761637369791666,-1.1887604166666668,0.2614743709564209,0.14478033781051636
1999-005,1999-08-07 18:00:00,0.7761637369791666,-0.9913802083333333,0.2137918710708618,0.1796986222267151
1999-005,1999-08-08 03:00:00,0.7734598795572917,-1.1013125,0.22247629165649413,0.14853131771087646
1999-005,1999-08-08 06:00:00,0.7734598795572917,-0.9819427083333333,0.15984961986541749,0.19515174627304077
1999-005,1999-08-08 12:00:00,0.7734598795572917,-1.1450260416666667,0.17056901454925538,0.1997467279434204
1999-005,1999-08-08 18:00:00,0.7734598795572917,-0.9440572916666666,0.15660490989685058,0.2383211374282837
1999-005,1999-08-09 00:00:00,0.773370361328125,-0.9914479166666667,0.1470766544342041,0.24744935035705568
1999-006,1999-10-15 03:00:00,0.84200439453125,-0.2710625,-0.18125386238098146,-0.08281155228614807
1999-006,1999-10-15 06:00:00,0.84200439453125,-0.252875,-0.22639021873474122,-0.058653402328491214
1999-006,1999-10-15 12:00:00,0.84200439453125,-0.40828125,-0.17453807592391968,-0.04195029735565185
1999-006,1999-10-15 18:00:00,0.84200439453125,-0.26701041666666664,-0.1897176742553711,0.02125082314014435
1999-006,1999-10-15 21:00:00,0.84200439453125,-0.26701041666666664,-0.1897176742553711,0.02125082314014435
1999-006,1999-10-16 00:00:00,0.8323323567708333,-0.32834895833333333,-0.16666821241378785,0.033365371823310855
1999-006,1999-10-16 03:00:00,0.8323323567708333,-0.32834895833333333,-0.16666821241378785,0.033365371823310855
1999-006,1999-10-16 06:00:00,0.8323323567708333,-0.3210625,-0.17175136804580687,0.09358403682708741
1999-006,1999-10-16 09:00:00,0.8323323567708333,-0.3210625,-0.17175136804580687,0.09358403682708741
1999-006,1999-10-16 12:00:00,0.8323323567708333,-0.455203125,-0.060147082805633544,0.09049862623214722
1999-006,1999-10-16 15:00:00,0.8323323567708333,-0.455203125,-0.060147082805633544,0.09049862623214722
1999-006,1999-10-16 18:00:00,0.8323323567708333,-0.3878697916666667,-0.08671624660491943,0.12328641414642334
1999-006,1999-10-16 21:00:00,0.8323323567708333,-0.3878697916666667,-0.08671624660491943,0.12328641414642334
1999-006,1999-10-17 00:00:00,0.82100830078125,-0.48951041666666667,-0.006917354464530945,0.168414306640625
1999-006,1999-10-17 03:00:00,0.82100830078125,-0.48951041666666667,-0.006917354464530945,0.168414306640625
1999-006,1999-10-17 06:00:00,0.82100830078125,-0.480015625,0.005164608731865883,0.2474689483642578
1999-006,1999-10-17 09:00:00,0.82100830078125,-0.480015625,0.005164608731865883,0.2474689483642578
1999-006,1999-10-17 12:00:00,0.82100830078125,-0.5857239583333333,0.06016957759857178,0.2984234094619751
1999-006,1999-10-17 15:00:00,0.82100830078125,-0.5857239583333333,0.06016957759857178,0.2984234094619751
1999-006,1999-10-17 18:00:00,0.82100830078125,-0.4924427083333333,0.07027502059936523,0.35015733242034913
1999-006,1999-10-18 00:00:00,0.8100118001302083,-0.5304270833333333,0.1304740786552429,0.33995130062103274
1999-006,1999-10-18 03:00:00,0.8100118001302083,-0.5304270833333333,0.1304740786552429,0.33995130062103274
1999-006,1999-10-18 06:00:00,0.8100118001302083,-0.470390625,0.0731014370918274,0.2950711250305176
1999-006,1999-10-18 09:00:00,0.8100118001302083,-0.470390625,0.0731014370918274,0.2950711250305176
1999-006,1999-10-18 12:00:00,0.8100118001302083,-0.55290625,0.05322788953781128,0.2944604158401489
1999-006,1999-10-18 15:00:00,0.8100118001302083,-0.55290625,0.05322788953781128,0.2944604158401489
1999-006,1999-10-18 18:00:00,0.8100118001302083,-0.38393229166666665,0.019682179391384124,0.32736117839813234
1999-006,1999-10-18 21:00:00,0.8100118001302083,-0.38393229166666665,0.019682179391384124,0.32736117839813234
1999-006,1999-10-19 00:00:00,0.8013346354166667,-0.4414427083333333,0.0729812204837799,0.29237282276153564
1999-006,1999-10-19 03:00:00,0.8013346354166667,-0.4414427083333333,0.0729812204837799,0.29237282276153564
1999-007,1999-10-25 06:00:00,0.8235941569010417,-0.2757291666666667,0.05937566161155701,-0.1576626181602478
1999-007,1999-10-25 09:00:00,0.8235941569010417,-0.2757291666666667,0.05937566161155701,-0.1576626181602478
1999-007,1999-10-25 12:00:00,0.8235941569010417,-0.3949010416666667,0.06317828893661499,-0.19288684129714967
1999-007,1999-10-25 18:00:00,0.8235941569010417,-0.2883177083333333,0.04805110096931457,-0.17435157299041748
1999-007,1999-10-26 00:00:00,0.8189371744791667,-0.34860416666666666,0.05134965181350708,-0.15821923017501832
1999-007,1999-10-26 03:00:00,0.8189371744791667,-0.34860416666666666,0.05134965181350708,-0.15821923017501832
1999-007,1999-10-26 06:00:00,0.8189371744791667,-0.30878125,0.0422711580991745,-0.1303010106086731
1999-007,1999-10-26 09:00:00,0.8189371744791667,-0.30878125,0.0422711580991745,-0.1303010106086731
1999-007,1999-10-26 12:00:00,0.8189371744791667,-0.40548958333333335,0.08591611385345459,-0.09120343327522278
1999-007,1999-10-26 15:00:00,0.8189371744791667,-0.40548958333333335,0.08591611385345459,-0.09120343327522278
1999-007,1999-10-26 18:00:00,0.8189371744791667,-0.3126614583333333,0.10083141326904296,-0.06504729390144348
1999-007,1999-10-26 21:00:00,0.8189371744791667,-0.3126614583333333,0.10083141326904296,-0.06504729390144348
1999-007,1999-10-27 00:00:00,0.8100850423177083,-0.406765625,0.11287815570831299,-0.0713392972946167
1999-007,1999-10-27 03:00:00,0.8100850423177083,-0.406765625,0.11287815570831299,-0.0713392972946167
1999-007,1999-10-27 06:00:00,0.8100850423177083,-0.39822395833333335,0.1128111720085144,-0.02268563210964203
1999-007,1999-10-27 09:00:00,0.8100850423177083,-0.39822395833333335,0.1128111720085144,-0.02268563210964203
1999-007,1999-10-27 12:00:00,0.8100850423177083,-0.5060520833333333,0.14979499578475952,0.015650342404842376
1999-007,1999-10-27 15:00:00,0.8100850423177083,-0.5060520833333333,0.14979499578475952,0.015650342404842376
1999-007,1999-10-27 18:00:00,0.8100850423177083,-0.4088177083333333,0.15263266563415528,0.09324389696121216
1999-007,1999-10-27 21:00:00,0.8100850423177083,-0.4088177083333333,0.15263266563415528,0.09324389696121216
1999-007,1999-10-28 00:00:00,0.7993021647135417,-0.441296875,0.15028530359268188,0.13509489297866822
1999-007,1999-10-28 03:00:00,0.7993021647135417,-0.441296875,0.15028530359268188,0.13509489297866822
1999-007,1999-10-28 06:00:00,0.7993021647135417,-0.3954010416666667,0.16555806398391723,0.22455577850341796
1999-007,1999-10-28 09:00:00,0.7993021647135417,-0.3954010416666667,0.16555806398391723,0.22455577850341796
1999-007,1999-10-28 12:00:00,0.7993021647135417,-0.46930208333333334,0.220534610748291,0.2110877513885498
1999-007,1999-10-28 15:00:00,0.7993021647135417,-0.46930208333333334,0.220534610748291,0.2110877513885498
1999-007,1999-10-28 18:00:00,0.7993021647135417,-0.351984375,0.20638444423675537,0.30065317153930665
1999-007,1999-10-28 21:00:00,0.7993021647135417,-0.351984375,0.20638444423675537,0.30065317153930665
1999-007,1999-10-29 00:00:00,0.7888509114583333,-0.38467708333333334,0.21477293968200684,0.29581403732299805
1999-007,1999-10-29 03:00:00,0.7888509114583333,-0.38467708333333334,0.21477293968200684,0.29581403732299805
1999-007,1999-10-29 06:00:00,0.7888509114583333,-0.33765104166666665,0.24441230297088623,0.34434359073638915
1999-007,1999-10-29 12:00:00,0.7888509114583333,-0.45630729166666667,0.2985034227371216,0.29212298393249514
1999-007,1999-10-29 18:00:00,0.7888509114583333,-0.36171875,0.2892191410064697,0.29986772537231443
1999-007,1999-10-30 00:00:00,0.7809977213541667,-0.4321510416666667,0.30428390502929686,0.2939674615859985
1999-007,1999-10-30 03:00:00,0.7809977213541667,-0.4321510416666667,0.30428390502929686,0.2939674615859985
1999-007,1999-10-30 06:00:00,0.7809977213541667,-0.40202604166666667,0.3132143020629883,0.31698107719421387
1999-007,1999-10-30 12:00:00,0.7809977213541667,-0.48296875,0.2791189670562744,0.24990406036376953
1999-007,1999-10-30 18:00:00,0.7809977213541667,-0.36297395833333335,0.24238262176513672,0.2530823230743408
1999-007,1999-10-31 00:00:00,0.7785237630208334,-0.382890625,0.21825623512268066,0.2456744909286499
1999-007,1999-10-31 03:00:00,0.7785237630208334,-0.382890625,0.21825623512268066,0.2456744909286499
1999-008,1999-12-08 11:30:00,0.7355550130208334,-0.2576875,0.08488793969154358,-0.2205580711364746
1999-008,1999-12-08 15:00:00,0.7355550130208334,-0.2576875,0.08488793969154358,-0.2205580711364746
1999-008,1999-12-08 18:00:00,0.7355550130208334,-0.13794791666666667,0.0411629319190979,-0.1752966046333313
1999-008,1999-12-08 21:00:00,0.7355550130208334,-0.13794791666666667,0.0411629319190979,-0.1752966046333313
1999-008,1999-12-09 03:00:00,0.7323079427083333,-0.219328125,0.0668354332447052,-0.10010786056518554
1999-008,1999-12-09 06:00:00,0.7323079427083333,-0.15006770833333333,0.12970706224441528,-0.13695014715194703
1999-008,1999-12-09 09:00:00,0.7323079427083333,-0.15006770833333333,0.12970706224441528,-0.13695014715194703
1999-008,1999-12-09 12:00:00,0.7323079427083333,-0.31845833333333334,-0.016495594382286073,-0.28057401180267333
1999-008,1999-12-09 18:00:00,0.7323079427083333,-0.18877604166666667,-0.17625824213027955,-0.14206526279449463
1999-008,1999-12-09 21:00:00,0.7323079427083333,-0.18877604166666667,-0.17625824213027955,-0.14206526279449463
1999-008,1999-12-10 00:00:00,0.732989501953125,-0.27805729166666665,-0.08291631340980529,-0.06584915518760681
1999-008,1999-12-10 03:00:00,0.732989501953125,-0.27805729166666665,-0.08291631340980529,-0.06584915518760681
1999-008,1999-12-10 06:00:00,0.732989501953125,-0.18686458333333333,-0.11753367185592652,-0.11363939046859742
1999-008,1999-12-10 09:00:00,0.732989501953125,-0.18686458333333333,-0.11753367185592652,-0.11363939046859742
2000-001,2000-03-27 12:00:00,0.7941935221354167,-0.3131614583333333,-0.3553516387939453,0.06177827715873718
2000-001,2000-03-27 18:00:00,0.7941935221354167,-0.2243125,-0.2589909076690674,0.14082430601119994
2000-001,2000-03-28 00:00:00,0.787957763671875,-0.2921458333333333,-0.22639615535736085,0.09798558950424194
2000-001,2000-03-28 03:00:00,0.787957763671875,-0.2921458333333333,-0.22639615535736085,0.09798558950424194
2000-001,2000-03-28 12:00:00,0.787957763671875,-0.3396875,-0.15014022588729858,0.07584635019302369
2000-001,2000-03-28 18:00:00,0.787957763671875,-0.22786979166666665,-0.2347454309463501,0.17783044576644896
2000-001,2000-03-29 00:00:00,0.781207275390625,-0.2932708333333333,-0.25083324909210203,0.24127185344696045
2000-001,2000-03-29 03:00:00,0.781207275390625,-0.2932708333333333,-0.25083324909210203,0.24127185344696045
2000-001,2000-03-29 06:00:00,0.781207275390625,-0.23867708333333335,-0.21567900180816652,0.284170937538147
2000-001,2000-03-29 12:00:00,0.781207275390625,-0.39046875,-0.10569461584091186,0.19897174835205078
2000-001,2000-03-29 15:00:00,0.781207275390625,-0.39046875,-0.10569461584091186,0.19897174835205078
2000-001,2000-03-29 18:00:00,0.781207275390625,-0.2819479166666667,-0.12141749858856202,0.29413156509399413
2000-001,2000-03-29 21:00:00,0.781207275390625,-0.2819479166666667,-0.12141749858856202,0.29413156509399413
2000-001,2000-03-30 00:00:00,0.7771708170572916,-0.382953125,-0.025986292958259584,0.2883749961853027
2000-001,2000-03-30 03:00:00,0.7771708170572916,-0.382953125,-0.025986292958259584,0.2883749961853027
2000-001,2000-03-30 06:00:00,0.7771708170572916,-0.32302604166666665,0.015891721844673155,0.23860373497009277
2000-001,2000-03-30 09:00:00,0.7771708170572916,-0.32302604166666665,0.015891721844673155,0.23860373497009277
2000-001,2000-03-30 12:00:00,0.7771708170572916,-0.47719791666666667,-0.04894729852676392,0.18502317667007445
2000-002,2000-08-23 03:00:00,0.7738993326822917,-0.9648645833333334,0.30764968395233155,0.08871317505836487
2000-002,2000-08-23 06:00:00,0.7738993326822917,-0.8467604166666667,0.23686444759368896,0.1100543737411499
2000-002,2000-08-23 12:00:00,0.7738993326822917,-1.0006041666666667,0.24695799350738526,0.18565109968185425
2000-002,2000-08-23 18:00:00,0.7738993326822917,-0.8605052083333333,0.29812023639678953,0.2710386276245117
2000-002,2000-08-24 00:00:00,0.775579833984375,-0.9333125,0.29496421813964846,0.20618972778320313
2000-003,2000-10-15 00:00:00,0.805743408203125,-0.657234375,0.2858783006668091,-0.14037286043167113
2000-003,2000-10-15 03:00:00,0.805743408203125,-0.657234375,0.2858783006668091,-0.14037286043167113
2000-003,2000-10-15 06:00:00,0.805743408203125,-0.5432604166666667,0.22280237674713135,-0.22837493419647217
2000-003,2000-10-15 12:00:00,0.805743408203125,-0.6936041666666667,0.09156332015991211,-0.1708177447319031
2000-003,2000-10-15 18:00:00,0.805743408203125,-0.5486875,0.09906524419784546,-0.02546917200088501
2000-003,2000-10-16 00:00:00,0.8013142903645833,-0.6130052083333334,0.15718847513198853,0.07240215539932252
2000-003,2000-10-16 03:00:00,0.8013142903645833,-0.6130052083333334,0.15718847513198853,0.07240215539932252
2000-003,2000-10-16 06:00:00,0.8013142903645833,-0.5352760416666666,0.16375494003295898,0.09619114995002746
2000-003,2000-10-16 12:00:00,0.8013142903645833,-0.6643697916666667,0.15913654565811158,0.11946332454681396
2000-003,2000-10-16 18:00:00,0.8013142903645833,-0.5190260416666667,0.09305021762847901,0.2170318841934204
2000-003,2000-10-17 00:00:00,0.8014404296875,-0.6038541666666667,0.09301110506057739,0.2984649419784546
2000-003,2000-10-17 03:00:00,0.8014404296875,-0.6038541666666667,0.09301110506057739,0.2984649419784546
2000-003,2000-10-17 06:00:00,0.8014404296875,-0.5272447916666667,0.06115536689758301,0.27497224807739257
2000-003,2000-10-17 09:00:00,0.8014404296875,-0.5272447916666667,0.06115536689758301,0.27497224807739257
2000-003,2000-10-17 12:00:00,0.8014404296875,-0.6453489583333333,0.0014668472111225128,0.3042068719863892
2000-003,2000-10-17 15:00:00,0.8014404296875,-0.6453489583333333,0.0014668472111225128,0.3042068719863892
2000-003,2000-10-17 18:00:00,0.8014404296875,-0.5226510416666666,0.0337033212184906,0.40764684677124025
2000-003,2000-10-17 21:00:00,0.8014404296875,-0.5226510416666666,0.0337033212184906,0.40764684677124025
2000-003,2000-10-18 00:00:00,0.8053385416666666,-0.6175729166666667,0.10712002515792847,0.3413934946060181
2000-003,2000-10-18 03:00:00,0.8053385416666666,-0.6175729166666667,0.10712002515792847,0.3413934946060181
2000-003,2000-10-18 06:00:00,0.8053385416666666,-0.5203802083333333,0.07822902202606201,0.2503462791442871
2000-003,2000-10-18 12:00:00,0.8053385416666666,-0.6347291666666667,0.03261011242866516,0.19014235734939575
2000-003,2000-10-18 18:00:00,0.8053385416666666,-0.4538802083333333,0.032639145851135254,0.3194371461868286
2000-003,2000-10-19 03:00:00,0.8122151692708334,-0.5251145833333334,0.12639046907424928,0.33296980857849123
2000-003,2000-10-19 06:00:00,0.8122151692708334,-0.402234375,0.1336537003517151,0.22609713077545165
2000-004,2000-10-25 09:00:00,0.8379374186197917,-0.23324479166666667,-0.18531160354614257,-0.08960880637168885
2000-004,2000-10-25 12:00:00,0.8379374186197917,-0.337921875,-0.12539662122726442,-0.03088070750236511
2000-004,2000-10-25 18:00:00,0.8379374186197917,-0.20911458333333333,-0.12314460277557374,0.0006078240927308798
2000-004,2000-10-26 00:00:00,0.8338033040364583,-0.285421875,-0.12654366493225097,0.015532988309860229
2000-004,2000-10-26 03:00:00,0.8338033040364583,-0.285421875,-0.12654366493225097,0.015532988309860229
2000-004,2000-10-26 06:00:00,0.8338033040364583,-0.26646875,-0.14731831550598146,0.11494379043579102
2000-004,2000-10-26 12:00:00,0.8338033040364583,-0.370203125,-0.059903180599212645,0.14230809211730958
2000-004,2000-10-26 18:00:00,0.8338033040364583,-0.24916666666666668,-0.0633314609527588,0.19778939485549926
2000-004,2000-10-27 00:00:00,0.829791259765625,-0.30465625,-0.08806005716323853,0.21939454078674317
2000-004,2000-10-27 03:00:00,0.829791259765625,-0.30465625,-0.08806005716323853,0.21939454078674317
2000-004,2000-10-27 06:00:00,0.829791259765625,-0.2613020833333333,-0.12351566553115845,0.2428370475769043
2000-004,2000-10-27 12:00:00,0.829791259765625,-0.33951041666666665,-0.006124750897288323,0.20741453170776367
2000-004,2000-10-27 18:00:00,0.829791259765625,-0.20402604166666666,0.025991138815879822,0.19612997770309448
2000-004,2000-10-27 21:00:00,0.829791259765625,-0.20402604166666666,0.025991138815879822,0.19612997770309448
2000-004,2000-10-28 00:00:00,0.8252400716145833,-0.22238541666666667,0.08903141021728515,0.1341974139213562
2000-004,2000-10-28 03:00:00,0.8252400716145833,-0.22238541666666667,0.08903141021728515,0.1341974139213562
2000-004,2000-10-28 06:00:00,0.8252400716145833,-0.17740104166666668,0.06477167010307312,0.11666148900985718
2000-004,2000-10-28 12:00:00,0.8252400716145833,-0.24669791666666666,0.08788144588470459,0.05076560378074646
2000-004,2000-10-28 18:00:00,0.8252400716145833,-0.0799375,0.058057856559753415,-0.023604165017604827
2000-004,2000-10-29 00:00:00,0.8194864908854167,-0.12340104166666667,0.036806854605674746,-0.12263484001159668
2000-005,2000-11-26 03:00:00,0.7788370768229167,-0.21892708333333333,-0.09934467673301697,-0.3508219003677368
2000-005,2000-11-26 06:00:00,0.7788370768229167,-0.13859895833333333,-0.11422468423843384,-0.3617146730422974
2000-005,2000-11-26 09:00:00,0.7788370768229167,-0.13859895833333333,-0.11422468423843384,-0.3617146730422974
2000-005,2000-11-26 12:00:00,0.7788370768229167,-0.290140625,-0.11777744293212891,-0.2961076259613037
2000-005,2000-11-26 15:00:00,0.7788370768229167,-0.290140625,-0.11777744293212891,-0.2961076259613037
2000-005,2000-11-26 18:00:00,0.7788370768229167,-0.19465625,-0.11980907917022705,-0.21877436637878417
2000-005,2000-11-27 00:00:00,0.779931640625,-0.26515104166666664,-0.09228672981262206,-0.11597397327423095
2000-005,2000-11-27 03:00:00,0.779931640625,-0.26515104166666664,-0.09228672981262206,-0.11597397327423095
2000-005,2000-11-27 06:00:00,0.779931640625,-0.18878125,-0.07265938520431518,-0.07188628315925598
2000-005,2000-11-27 09:00:00,0.779931640625,-0.18878125,-0.07265938520431518,-0.07188628315925598
2000-005,2000-11-27 12:00:00,0.779931640625,-0.353203125,-0.0764624834060669,0.0025715257972478865
2000-005,2000-11-27 15:00:00,0.779931640625,-0.353203125,-0.0764624834060669,0.0025715257972478865
2000-005,2000-11-27 18:00:00,0.779931640625,-0.24046875,-0.04794515669345856,0.12199553251266479
2000-005,2000-11-27 21:00:00,0.779931640625,-0.24046875,-0.04794515669345856,0.12199553251266479
2000-005,2000-11-28 00:00:00,0.7811258951822917,-0.318640625,-0.014524173736572266,0.17595740556716918
2000-005,2000-11-28 03:00:00,0.7811258951822917,-0.318640625,-0.014524173736572266,0.17595740556716918
2000-005,2000-11-28 06:00:00,0.7811258951822917,-0.24197916666666666,0.017097173631191252,0.17326918840408326
2000-005,2000-11-28 09:00:00,0.7811258951822917,-0.24197916666666666,0.017097173631191252,0.17326918840408326
2000-005,2000-11-28 12:00:00,0.7811258951822917,-0.381921875,0.06732205152511597,0.2002192735671997
2000-005,2000-11-28 15:00:00,0.7811258951822917,-0.381921875,0.06732205152511597,0.2002192735671997
2000-005,2000-11-28 18:00:00,0.7811258951822917,-0.261,0.04477930963039398,0.25489442348480223
2000-005,2000-11-28 21:00:00,0.7811258951822917,-0.261,0.04477930963039398,0.25489442348480223
2000-005,2000-11-29 00:00:00,0.7831644694010417,-0.35825520833333335,0.013976195454597473,0.22648980617523193
2000-005,2000-11-29 03:00:00,0.7831644694010417,-0.35825520833333335,0.013976195454597473,0.22648980617523193
2000-005,2000-11-29 06:00:00,0.7831644694010417,-0.256609375,-0.032725533843040465,0.18655415773391723
2000-005,2000-11-29 09:00:00,0.7831644694010417,-0.256609375,-0.032725533843040465,0.18655415773391723
2000-005,2000-11-29 12:00:00,0.7831644694010417,-0.339859375,-0.061540746688842775,0.1604948878288269
2000-005,2000-11-29 18:00:00,0.7831644694010417,-0.17305208333333333,-0.09030035734176636,0.17591639757156372
2000-005,2000-11-30 03:00:00,0.7849405924479167,-0.248328125,-0.06389479637145996,0.15097831487655639
2000-005,2000-11-30 06:00:00,0.7849405924479167,-0.12014583333333333,-0.022661036252975462,0.1349836468696594
2000-006,2000-12-23 03:00:00,0.7501220703125,-0.30145833333333333,-0.23550169467926024,-0.3853567123413086
2000-006,2000-12-23 06:00:00,0.7501220703125,-0.203015625,-0.30480592250823973,-0.36106443405151367
2000-006,2000-12-23 12:00:00,0.7501220703125,-0.35086979166666665,-0.3074233293533325,-0.27932660579681395
2000-006,2000-12-23 18:00:00,0.7501220703125,-0.212390625,-0.288438606262207,-0.1928127646446228
2000-006,2000-12-24 00:00:00,0.7492207845052083,-0.344578125,-0.21558704376220703,-0.17291759252548217
2000-006,2000-12-24 03:00:00,0.7492207845052083,-0.344578125,-0.21558704376220703,-0.17291759252548217
2000-006,2000-12-24 06:00:00,0.7492207845052083,-0.24115625,-0.1978827714920044,-0.19942814111709595
2000-006,2000-12-24 12:00:00,0.7492207845052083,-0.3558541666666667,-0.08998605608940125,-0.2458770751953125
2000-006,2000-12-24 18:00:00,0.7492207845052083,-0.21819791666666666,-0.07035320401191711,-0.22606585025787354
2000-006,2000-12-25 00:00:00,0.7476277669270833,-0.32233333333333336,-0.0443409264087677,-0.2152207612991333
2000-006,2000-12-25 03:00:00,0.7476277669270833,-0.32233333333333336,-0.0443409264087677,-0.2152207612991333
2000-006,2000-12-25 06:00:00,0.7476277669270833,-0.23028645833333333,-0.09027841687202454,-0.22109971046447754
2000-006,2000-12-25 12:00:00,0.7476277669270833,-0.3977291666666667,-0.053006511926651,-0.17283916473388672
2000-006,2000-12-25 18:00:00,0.7476277669270833,-0.268640625,-0.07638499140739441,-0.07849053740501404
2000-006,2000-12-26 00:00:00,0.7450113932291667,-0.35025,-0.10784142017364502,-0.08878326416015625
2000-006,2000-12-26 03:00:00,0.7450113932291667,-0.35025,-0.10784142017364502,-0.08878326416015625
2000-006,2000-12-26 06:00:00,0.7450113932291667,-0.21200520833333333,-0.1484328866004944,-0.06256986260414124
2000-006,2000-12-26 09:00:00,0.7450113932291667,-0.21200520833333333,-0.1484328866004944,-0.06256986260414124
2000-006,2000-12-26 12:00:00,0.7450113932291667,-0.386078125,-0.10206308364868164,-0.052885580062866214
2000-006,2000-12-26 15:00:00,0.7450113932291667,-0.386078125,-0.10206308364868164,-0.052885580062866214
2000-006,2000-12-26 18:00:00,0.7450113932291667,-0.23311979166666666,-0.0915783166885376,0.015319314599037171
2000-006,2000-12-26 21:00:00,0.7450113932291667,-0.23311979166666666,-0.0915783166885376,0.015319314599037171
2000-006,2000-12-27 00:00:00,0.742413330078125,-0.36097395833333334,-0.0719664752483368,-0.09351163506507873
2000-006,2000-12-27 03:00:00,0.742413330078125,-0.36097395833333334,-0.0719664752483368,-0.09351163506507873
2000-006,2000-12-27 06:00:00,0.742413330078125,-0.24408333333333335,-0.17646896839141846,-0.08597846031188965
2000-006,2000-12-27 09:00:00,0.742413330078125,-0.24408333333333335,-0.17646896839141846,-0.08597846031188965
2000-006,2000-12-27 12:00:00,0.742413330078125,-0.3504479166666667,-0.16520826816558837,-0.08586570620536804
2000-006,2000-12-27 15:00:00,0.742413330078125,-0.3504479166666667,-0.16520826816558837,-0.08586570620536804
2000-006,2000-12-27 18:00:00,0.742413330078125,-0.21336979166666667,-0.14769903421401978,-0.008756763488054275
2000-006,2000-12-27 21:00:00,0.742413330078125,-0.21336979166666667,-0.14769903421401978,-0.008756763488054275
2000-006,2000-12-28 00:00:00,0.7408671061197917,-0.3066770833333333,-0.09188277721405029,-0.0109883151948452
2000-006,2000-12-28 03:00:00,0.7408671061197917,-0.3066770833333333,-0.09188277721405029,-0.0109883151948452
2000-006,2000-12-28 06:00:00,0.7408671061197917,-0.148734375,-0.07062979340553284,-0.02973899245262146
2000-006,2000-12-28 12:00:00,0.7408671061197917,-0.296609375,-0.10738751888275147,-0.09886385798454285
2000-006,2000-12-29 00:00:00,0.7414103190104167,-0.23632291666666666,-0.15936378240585328,-0.0622277557849884
2001-001,2001-05-21 12:00:00,0.8725606282552083,-0.6313958333333334,0.4044633388519287,0.20041165351867676
2001-001,2001-05-21 18:00:00,0.8725260416666667,-0.46986979166666665,0.37373669147491456,0.20319721698760987
2001-001,2001-05-21 21:00:00,0.8725260416666667,-0.46986979166666665,0.37373669147491456,0.20319721698760987
2001-001,2001-05-22 00:00:00,0.8679484049479167,-0.6351822916666666,0.38605074882507323,0.06452226042747497
2001-001,2001-05-22 03:00:00,0.8679484049479167,-0.6351822916666666,0.38605074882507323,0.06452226042747497
2001-001,2001-05-22 06:00:00,0.8680440266927083,-0.46501041666666665,0.3621716260910034,0.06073245406150818
2001-001,2001-05-22 09:00:00,0.8680440266927083,-0.46501041666666665,0.3621716260910034,0.06073245406150818
2001-001,2001-05-22 12:00:00,0.868109130859375,-0.6601770833333334,0.4518289566040039,0.026124942302703857
2001-001,2001-05-22 15:00:00,0.868109130859375,-0.6601770833333334,0.4518289566040039,0.026124942302703857
2001-001,2001-05-22 18:00:00,0.8680277506510417,-0.5273645833333334,0.49687652587890624,0.067409086227417
2001-001,2001-05-22 21:00:00,0.8680277506510417,-0.5273645833333334,0.49687652587890624,0.067409086227417
2001-001,2001-05-23 00:00:00,0.8541463216145834,-0.6601302083333334,0.5127129554748535,-0.026776736974716185
2001-001,2001-05-23 03:00:00,0.8541463216145834,-0.6601302083333334,0.5127129554748535,-0.026776736974716185
2001-001,2001-05-23 06:00:00,0.854248046875,-0.5216822916666667,0.4642199516296387,0.027997884154319762
2001-001,2001-05-23 09:00:00,0.854248046875,-0.5216822916666667,0.4642199516296387,0.027997884154319762
2001-001,2001-05-23 12:00:00,0.8543253580729167,-0.7527864583333334,0.5599105358123779,0.062021774053573606
2001-001,2001-05-23 15:00:00,0.8543253580729167,-0.7527864583333334,0.5599105358123779,0.062021774053573606
2001-001,2001-05-23 18:00:00,0.8542154947916667,-0.6342239583333333,0.5595311164855957,0.19543739557266235
2001-001,2001-05-23 21:00:00,0.8542154947916667,-0.6342239583333333,0.5595311164855957,0.19543739557266235
2001-001,2001-05-24 00:00:00,0.8368204752604167,-0.7851927083333333,0.5729200839996338,0.19176164865493775
2001-001,2001-05-24 03:00:00,0.8368204752604167,-0.7851927083333333,0.5729200839996338,0.19176164865493775
2001-001,2001-05-24 06:00:00,0.83685302734375,-0.6641302083333334,0.4757267475128174,0.2884174346923828
2001-001,2001-05-24 09:00:00,0.83685302734375,-0.6641302083333334,0.4757267475128174,0.2884174346923828
2001-001,2001-05-24 12:00:00,0.8368367513020833,-0.8650416666666667,0.5422605991363525,0.3948297739028931
2001-001,2001-05-24 15:00:00,0.8368367513020833,-0.8650416666666667,0.5422605991363525,0.3948297739028931
2001-001,2001-05-24 18:00:00,0.836798095703125,-0.76,0.4663583755493164,0.44089183807373045
2001-001,2001-05-24 21:00:00,0.836798095703125,-0.76,0.4663583755493164,0.44089183807373045
2001-001,2001-05-25 00:00:00,0.8234273274739583,-0.8918697916666667,0.46370725631713866,0.3981167316436768
2001-001,2001-05-25 03:00:00,0.8234273274739583,-0.8918697916666667,0.46370725631713866,0.3981167316436768
2001-001,2001-05-25 06:00:00,0.8235738118489583,-0.7984947916666667,0.46866769790649415,0.4799333572387695
2001-001,2001-05-25 09:00:00,0.8235738118489583,-0.7984947916666667,0.46866769790649415,0.4799333572387695
2001-001,2001-05-25 12:00:00,0.8235921223958333,-0.9793072916666666,0.45452175140380857,0.4117302894592285
2001-001,2001-05-25 15:00:00,0.8235921223958333,-0.9793072916666666,0.45452175140380857,0.4117302894592285
2001-001,2001-05-25 18:00:00,0.8235249837239583,-0.8469635416666667,0.39019978046417236,0.5008414268493653
2001-001,2001-05-25 21:00:00,0.8235249837239583,-0.8469635416666667,0.39019978046417236,0.5008414268493653
2001-001,2001-05-26 00:00:00,0.8126485188802083,-0.9370833333333334,0.3728553533554077,0.4790798187255859
2001-001,2001-05-26 03:00:00,0.8126485188802083,-0.9370833333333334,0.3728553533554077,0.4790798187255859
2001-001,2001-05-26 06:00:00,0.8127339680989584,-0.7451458333333333,0.3652256727218628,0.5493616580963134
2001-001,2001-05-26 09:00:00,0.8127339680989584,-0.7451458333333333,0.3652256727218628,0.5493616580963134
2001-001,2001-05-26 12:00:00,0.8128214518229167,-0.864234375,0.4360767364501953,0.4684457778930664
2001-001,2001-05-26 15:00:00,0.8128214518229167,-0.864234375,0.4360767364501953,0.4684457778930664
2001-001,2001-05-26 18:00:00,0.8127298990885417,-0.7147135416666667,0.4258862018585205,0.46552481651306155
2001-001,2001-05-26 21:00:00,0.8127298990885417,-0.7147135416666667,0.4258862018585205,0.46552481651306155
2001-001,2001-05-27 00:00:00,0.80289306640625,-0.8153802083333334,0.3506461143493652,0.38131041526794435
2001-001,2001-05-27 03:00:00,0.80289306640625,-0.8153802083333334,0.3506461143493652,0.38131041526794435
2001-001,2001-05-27 06:00:00,0.8029683430989584,-0.6431979166666667,0.329245924949646,0.46280794143676757
2001-001,2001-05-27 09:00:00,0.8029683430989584,-0.6431979166666667,0.329245924949646,0.46280794143676757
2001-001,2001-05-27 12:00:00,0.8030049641927083,-0.800859375,0.38301141262054444,0.4627090930938721
2001-001,2001-05-27 15:00:00,0.8030049641927083,-0.800859375,0.38301141262054444,0.4627090930938721
2001-001,2001-05-27 18:00:00,0.8029459635416667,-0.6313333333333333,0.36079814434051516,0.5129096984863282
2001-001,2001-05-27 21:00:00,0.8029459635416667,-0.6313333333333333,0.36079814434051516,0.5129096984863282
2001-001,2001-05-28 00:00:00,0.79266357421875,-0.7609010416666667,0.400575590133667,0.4505130767822266
2001-001,2001-05-28 03:00:00,0.79266357421875,-0.7609010416666667,0.400575590133667,0.4505130767822266
2001-001,2001-05-28 06:00:00,0.792694091796875,-0.6313125,0.4469165802001953,0.4458742141723633
2001-001,2001-05-28 09:00:00,0.792694091796875,-0.6313125,0.4469165802001953,0.4458742141723633
2001-001,2001-05-28 12:00:00,0.7927266438802083,-0.7839635416666667,0.5154643058776855,0.38123044967651365
2001-001,2001-05-28 15:00:00,0.7927266438802083,-0.7839635416666667,0.5154643058776855,0.38123044967651365
2001-001,2001-05-28 18:00:00,0.7926981608072917,-0.59840625,0.5447159290313721,0.42642855644226074
2001-001,2001-05-28 21:00:00,0.7926981608072917,-0.59840625,0.5447159290313721,0.42642855644226074
2001-001,2001-05-29 00:00:00,0.78658447265625,-0.6846822916666667,0.6075764179229737,0.3378850221633911
2001-002,2001-06-12 03:00:00,0.886932373046875,-1.0381510416666666,0.24143774509429933,0.16096680164337157
2001-002,2001-06-12 12:00:00,0.886932373046875,-1.1494895833333334,0.22521553039550782,0.30164785385131837
2001-002,2001-06-13 03:00:00,0.8848592122395833,-1.012359375,0.3095672607421875,0.3076526165008545
2001-002,2001-06-13 09:00:00,0.8848592122395833,-0.9836458333333333,0.2457789659500122,0.34670565128326414
2001-002,2001-06-13 12:00:00,0.8848592122395833,-1.1006666666666667,0.24623849391937255,0.41097192764282225
2001-003,2001-09-24 09:00:00,0.743133544921875,-0.22381770833333334,0.337703800201416,-0.04822167456150055
2001-003,2001-09-24 12:00:00,0.743133544921875,-0.412296875,0.4186079025268555,-0.050956475734710696
2001-003,2001-09-24 18:00:00,0.743133544921875,-0.292375,0.3315831422805786,0.042534512281417844
2001-003,2001-09-25 00:00:00,0.7425577799479167,-0.42128645833333334,0.3864764928817749,0.043611884117126465
2001-003,2001-09-25 03:00:00,0.7425577799479167,-0.42128645833333334,0.3864764928817749,0.043611884117126465
2001-003,2001-09-25 06:00:00,0.7425577799479167,-0.277,0.3472090482711792,0.069538152217865
2001-003,2001-09-25 09:00:00,0.7425577799479167,-0.277,0.3472090482711792,0.069538152217865
2001-003,2001-09-25 12:00:00,0.7425577799479167,-0.49678645833333335,0.46326332092285155,-0.02430535703897476
2001-003,2001-09-25 15:00:00,0.7425577799479167,-0.49678645833333335,0.46326332092285155,-0.02430535703897476
2001-003,2001-09-25 18:00:00,0.7425577799479167,-0.38407291666666665,0.2908776760101318,0.023916244506835938
2001-003,2001-09-25 21:00:00,0.7425577799479167,-0.38407291666666665,0.2908776760101318,0.023916244506835938
2001-003,2001-09-26 00:00:00,0.7452901204427084,-0.493390625,0.31482634544372556,0.09191547632217408
2001-003,2001-09-26 03:00:00,0.7452901204427084,-0.493390625,0.31482634544372556,0.09191547632217408
2001-003,2001-09-26 06:00:00,0.7452901204427084,-0.3145572916666667,0.26139006614685056,0.06791399121284485
2001-003,2001-09-26 09:00:00,0.7452901204427084,-0.3145572916666667,0.26139006614685056,0.06791399121284485
2001-003,2001-09-26 12:00:00,0.7452901204427084,-0.513125,0.315825366973877,0.0008745905011892319
2001-003,2001-09-26 15:00:00,0.7452901204427084,-0.513125,0.315825366973877,0.0008745905011892319
2001-003,2001-09-26 18:00:00,0.7452901204427084,-0.34596354166666665,0.22259092330932617,0.07478525638580322
2001-003,2001-09-26 21:00:00,0.7452901204427084,-0.34596354166666665,0.22259092330932617,0.07478525638580322
2001-003,2001-09-27 00:00:00,0.7508707682291667,-0.45766666666666667,0.2727257251739502,0.0899831235408783
2001-003,2001-09-27 03:00:00,0.7508707682291667,-0.45766666666666667,0.2727257251739502,0.0899831235408783
2001-003,2001-09-27 06:00:00,0.7508707682291667,-0.26957291666666666,0.2471754789352417,0.03860648274421692
2001-003,2001-09-27 12:00:00,0.7508707682291667,-0.478,0.3104944467544556,-0.08660191297531128
2001-003,2001-09-27 18:00:00,0.7508707682291667,-0.29469270833333333,0.22933428287506102,-0.058194863796234134
2001-003,2001-09-27 21:00:00,0.7508707682291667,-0.29469270833333333,0.22933428287506102,-0.058194863796234134
2001-004,2001-10-08 21:00:00,0.7398274739583334,-0.363734375,0.13535985946655274,-0.1722859501838684
2001-004,2001-10-09 00:00:00,0.7481221516927083,-0.469421875,0.10323921442031861,-0.13836053609848023
2001-004,2001-10-09 03:00:00,0.7481221516927083,-0.469421875,0.10323921442031861,-0.13836053609848023
2001-004,2001-10-09 06:00:00,0.7481221516927083,-0.32834375,-0.0019095366820693015,-0.015193606913089752
2001-004,2001-10-09 09:00:00,0.7481221516927083,-0.32834375,-0.0019095366820693015,-0.015193606913089752
2001-004,2001-10-09 12:00:00,0.7481221516927083,-0.476609375,0.10338822603225709,0.06768435835838318
2001-004,2001-10-09 15:00:00,0.7481221516927083,-0.476609375,0.10338822603225709,0.06768435835838318
2001-004,2001-10-09 18:00:00,0.7481221516927083,-0.33986979166666664,0.09450967907905579,0.13307273387908936
2001-004,2001-10-09 21:00:00,0.7481221516927083,-0.33986979166666664,0.09450967907905579,0.13307273387908936
2001-004,2001-10-10 00:00:00,0.75487060546875,-0.4063645833333333,0.006425698101520538,0.16014039516448975
2001-004,2001-10-10 03:00:00,0.75487060546875,-0.4063645833333333,0.006425698101520538,0.16014039516448975
2001-004,2001-10-10 06:00:00,0.75487060546875,-0.26003645833333333,-0.004245206713676453,0.31043500900268556
2001-004,2001-10-10 09:00:00,0.75487060546875,-0.26003645833333333,-0.004245206713676453,0.31043500900268556
2001-005,2001-10-14 12:00:00,0.8166097005208334,-0.5587135416666666,0.07125973105430602,-0.10158646106719971
2001-005,2001-10-14 18:00:00,0.8166097005208334,-0.40222395833333335,0.07104406356811524,-0.08468711376190186
2001-005,2001-10-15 00:00:00,0.8144124348958334,-0.472328125,0.0694018542766571,-0.05801835060119629
2001-005,2001-10-15 03:00:00,0.8144124348958334,-0.472328125,0.0694018542766571,-0.05801835060119629
2001-005,2001-10-15 06:00:00,0.8144124348958334,-0.364296875,0.029996219277381896,-0.05634703636169434
2001-005,2001-10-15 09:00:00,0.8144124348958334,-0.364296875,0.029996219277381896,-0.05634703636169434
2001-005,2001-10-15 12:00:00,0.8144124348958334,-0.5451197916666667,0.0006751231849193573,-0.01807779520750046
2001-005,2001-10-15 15:00:00,0.8144124348958334,-0.5451197916666667,0.0006751231849193573,-0.01807779520750046
2001-005,2001-10-15 18:00:00,0.8144124348958334,-0.3999479166666667,0.05022539496421814,0.16373035907745362
2001-005,2001-10-15 21:00:00,0.8144124348958334,-0.3999479166666667,0.05022539496421814,0.16373035907745362
2001-005,2001-10-16 00:00:00,0.8181172688802083,-0.5049739583333334,0.10289947986602783,0.1947429060935974
2001-005,2001-10-16 03:00:00,0.8181172688802083,-0.5049739583333334,0.10289947986602783,0.1947429060935974
2001-005,2001-10-16 06:00:00,0.8181172688802083,-0.386765625,0.08204568028450013,0.18018277883529663
2001-005,2001-10-16 09:00:00,0.8181172688802083,-0.386765625,0.08204568028450013,0.18018277883529663
2001-005,2001-10-16 12:00:00,0.8181172688802083,-0.5235416666666667,0.014501419663429261,0.19346646070480347
2001-005,2001-10-16 18:00:00,0.8181172688802083,-0.333359375,-0.04527118802070618,0.27894647121429444
2001-006,2001-11-11 03:00:00,0.7839518229166667,-0.4418125,-0.20033860206604004,-0.008933401107788086
2001-006,2001-11-11 06:00:00,0.7839518229166667,-0.35046354166666666,-0.2769482612609863,-0.04428878426551819
2001-006,2001-11-11 12:00:00,0.7839518229166667,-0.43984375,-0.12832834720611572,-0.08921606540679931
2001-006,2001-11-11 18:00:00,0.7839518229166667,-0.31405208333333334,-0.1342190146446228,-0.03922795951366424
2001-006,2001-11-12 00:00:00,0.7812703450520834,-0.37042708333333335,-0.004686443135142326,-0.14706249237060548
2002-001,2002-05-06 03:00:00,0.8511433919270833,-0.5624114583333333,0.38180582523345946,0.005598375946283341
2002-001,2002-05-06 06:00:00,0.8511433919270833,-0.4177708333333333,0.35929653644561765,0.003176067769527435
2002-001,2002-05-06 12:00:00,0.8511433919270833,-0.643328125,0.34233253002166747,-0.00590231716632843
2002-001,2002-05-06 18:00:00,0.8511433919270833,-0.521515625,0.2423870325088501,0.07656212449073792
2002-001,2002-05-07 00:00:00,0.8524576822916666,-0.660359375,0.2896458387374878,0.08476226925849914
2002-001,2002-05-07 03:00:00,0.8524576822916666,-0.660359375,0.2896458387374878,0.08476226925849914
2002-001,2002-05-07 06:00:00,0.8524576822916666,-0.43978645833333335,0.23661420345306397,0.17601042985916138
2002-001,2002-05-07 12:00:00,0.8524576822916666,-0.6500104166666667,0.2656634092330933,0.20998353958129884
2002-001,2002-05-07 18:00:00,0.8524576822916666,-0.4900833333333333,0.19799933433532715,0.2606943130493164
2002-001,2002-05-08 00:00:00,0.8517191569010417,-0.6374322916666667,0.17606744766235352,0.3001650333404541
2002-001,2002-05-08 03:00:00,0.8517191569010417,-0.6374322916666667,0.17606744766235352,0.3001650333404541
2002-001,2002-05-08 06:00:00,0.8517191569010417,-0.4039947916666667,0.14565287828445433,0.3707772731781006
2002-001,2002-05-08 12:00:00,0.8517191569010417,-0.5952552083333333,0.21837806701660156,0.36404101848602294
2002-001,2002-05-08 18:00:00,0.8517191569010417,-0.3944010416666667,0.1609486699104309,0.3770197153091431
2002-001,2002-05-08 21:00:00,0.8517191569010417,-0.3944010416666667,0.1609486699104309,0.3770197153091431
2002-001,2002-05-09 00:00:00,0.851171875,-0.489390625,0.19819048643112183,0.452557897567749
2002-001,2002-05-09 03:00:00,0.851171875,-0.489390625,0.19819048643112183,0.452557897567749
2002-001,2002-05-09 06:00:00,0.851171875,-0.27122395833333335,0.19930490255355834,0.5204634189605712
2002-001,2002-05-09 09:00:00,0.851171875,-0.27122395833333335,0.19930490255355834,0.5204634189605712
2002-001,2002-05-09 12:00:00,0.851171875,-0.43921875,0.21537473201751708,0.48427624702453614
2002-001,2002-05-09 15:00:00,0.851171875,-0.43921875,0.21537473201751708,0.48427624702453614
2002-001,2002-05-09 18:00:00,0.851171875,-0.256921875,0.1904482364654541,0.5092114925384521
2002-001,2002-05-09 21:00:00,0.851171875,-0.256921875,0.1904482364654541,0.5092114925384521
2002-001,2002-05-10 00:00:00,0.852618408203125,-0.36708854166666666,0.2133051872253418,0.5568371295928956
2002-001,2002-05-10 03:00:00,0.852618408203125,-0.36708854166666666,0.2133051872253418,0.5568371295928956
2002-001,2002-05-10 06:00:00,0.852618408203125,-0.14309895833333333,0.17155916690826417,0.5958098411560059
2002-002,2002-05-11 03:00:00,0.8807454427083333,-0.5906770833333334,0.15473932027816772,0.23058674335479737
2002-002,2002-05-11 06:00:00,0.8807454427083333,-0.5770520833333334,0.2729496479034424,0.30034408569335935
2002-002,2002-05-11 12:00:00,0.8807454427083333,-0.652,0.39281885623931884,0.22991459369659423
2002-002,2002-05-11 18:00:00,0.8807454427083333,-0.513859375,0.3639911413192749,0.2965104341506958
2002-002,2002-05-12 00:00:00,0.8651753743489583,-0.5489010416666666,0.2705700397491455,0.3175461769104004
2002-002,2002-05-12 03:00:00,0.8651753743489583,-0.5489010416666666,0.2705700397491455,0.3175461769104004
2002-003,2002-10-22 09:00:00,0.837469482421875,-0.21872916666666667,-0.17955219745635986,-0.35784809589385985
2002-003,2002-10-22 12:00:00,0.837469482421875,-0.40106770833333333,-0.17356159687042236,-0.36659414768218995
2002-003,2002-10-22 18:00:00,0.837469482421875,-0.268671875,-0.1267511010169983,-0.22543184757232665
2002-003,2002-10-23 03:00:00,0.831854248046875,-0.397375,-0.035894712805747984,-0.2069087505340576
2002-003,2002-10-23 06:00:00,0.831854248046875,-0.3242083333333333,-0.11281208992004395,-0.27405948638916017
2002-003,2002-10-23 12:00:00,0.831854248046875,-0.45781770833333335,-0.06522026658058167,-0.26116046905517576
2002-003,2002-10-23 18:00:00,0.831854248046875,-0.31613541666666667,-0.05361465811729431,-0.12202023267745972
2002-004,2002-11-10 03:00:00,0.7933980305989583,-0.12734375,-0.18893966674804688,-0.0014575771987438203
2002-004,2002-11-10 06:00:00,0.7933980305989583,-0.0915625,-0.1677065372467041,0.055295950174331664
2002-004,2002-11-10 12:00:00,0.7933980305989583,-0.24767708333333333,-0.1135107159614563,0.034595715999603274
2002-004,2002-11-10 18:00:00,0.7933980305989583,-0.12884375,-0.12741256952285768,0.07604635953903198
2002-004,2002-11-11 00:00:00,0.791143798828125,-0.21034375,-0.11347092390060425,0.04834961593151092
2002-004,2002-11-11 03:00:00,0.791143798828125,-0.21034375,-0.11347092390060425,0.04834961593151092
2002-004,2002-11-11 06:00:00,0.791143798828125,-0.15738541666666667,-0.10754826068878173,0.11042778491973877
2002-004,2002-11-11 09:00:00,0.791143798828125,-0.15738541666666667,-0.10754826068878173,0.11042778491973877
2002-004,2002-11-11 12:00:00,0.791143798828125,-0.300640625,-0.03495660126209259,0.15580748319625853
2002-004,2002-11-11 15:00:00,0.791143798828125,-0.300640625,-0.03495660126209259,0.15580748319625853
2002-004,2002-11-11 18:00:00,0.791143798828125,-0.20661979166666666,-0.027454811334609985,0.16220039129257202
2002-004,2002-11-11 21:00:00,0.791143798828125,-0.20661979166666666,-0.027454811334609985,0.16220039129257202
2002-004,2002-11-12 00:00:00,0.7891988118489583,-0.29005729166666666,0.007212242484092713,0.1267138361930847
2002-004,2002-11-12 03:00:00,0.7891988118489583,-0.29005729166666666,0.007212242484092713,0.1267138361930847
2002-004,2002-11-12 06:00:00,0.7891988118489583,-0.231609375,-0.015707550942897795,0.12164454460144043
2002-004,2002-11-12 09:00:00,0.7891988118489583,-0.231609375,-0.015707550942897795,0.12164454460144043
2002-004,2002-11-12 12:00:00,0.7891988118489583,-0.32614583333333336,-0.006621476262807846,0.0682297945022583
2002-004,2002-11-12 15:00:00,0.7891988118489583,-0.32614583333333336,-0.006621476262807846,0.0682297945022583
2002-005,2002-11-23 03:00:00,0.7721211751302083,-0.28178125,-0.16469582319259643,-0.03915062844753266
2002-005,2002-11-23 06:00:00,0.7721211751302083,-0.19446354166666666,-0.04841762483119964,0.040528866648674014
2002-005,2002-11-23 12:00:00,0.7721211751302083,-0.31421875,0.08629717230796814,-0.048942485451698305
2002-005,2002-11-23 18:00:00,0.7721211751302083,-0.22991145833333335,0.08754152059555054,-0.05862104892730713
2002-005,2002-11-23 21:00:00,0.7721211751302083,-0.22991145833333335,0.08754152059555054,-0.05862104892730713
2002-005,2002-11-24 00:00:00,0.76961669921875,-0.31616666666666665,0.13168399333953856,-0.0025703201070427896
2002-005,2002-11-24 03:00:00,0.76961669921875,-0.31616666666666665,0.13168399333953856,-0.0025703201070427896
2002-005,2002-11-24 06:00:00,0.76961669921875,-0.280359375,0.14047037363052367,0.06307045221328736
2002-005,2002-11-24 09:00:00,0.76961669921875,-0.280359375,0.14047037363052367,0.06307045221328736
2002-005,2002-11-24 12:00:00,0.76961669921875,-0.343203125,0.16716042757034302,0.06721228361129761
2002-005,2002-11-24 15:00:00,0.76961669921875,-0.343203125,0.16716042757034302,0.06721228361129761
2002-005,2002-11-24 18:00:00,0.76961669921875,-0.2796197916666667,0.1482755422592163,0.1406973958015442
2002-005,2002-11-25 00:00:00,0.7678263346354167,-0.3474114583333333,0.16329282522201538,0.16108388900756837
2002-005,2002-11-25 03:00:00,0.7678263346354167,-0.3474114583333333,0.16329282522201538,0.16108388900756837
2002-005,2002-11-25 06:00:00,0.7678263346354167,-0.275921875,0.13828884363174437,0.20844202041625975
2002-005,2002-11-25 09:00:00,0.7678263346354167,-0.275921875,0.13828884363174437,0.20844202041625975
2002-005,2002-11-25 12:00:00,0.7678263346354167,-0.34225,0.14131908416748046,0.20767571926116943
2002-005,2002-11-25 15:00:00,0.7678263346354167,-0.34225,0.14131908416748046,0.20767571926116943
2002-005,2002-11-25 18:00:00,0.7678263346354167,-0.22397395833333333,0.07540661692619324,0.26986820697784425
2002-005,2002-11-26 00:00:00,0.7663533528645833,-0.2311875,0.12138184309005737,0.2616137504577637
2002-005,2002-11-26 03:00:00,0.7663533528645833,-0.2311875,0.12138184309005737,0.2616137504577637
2002-005,2002-11-26 06:00:00,0.7663533528645833,-0.15378125,0.12581584453582764,0.19331220388412476
2002-005,2002-11-26 09:00:00,0.7663533528645833,-0.15378125,0.12581584453582764,0.19331220388412476
2002-005,2002-11-26 12:00:00,0.7663533528645833,-0.23347395833333334,0.13312259912490845,0.11852515935897827
2002-005,2002-11-26 15:00:00,0.7663533528645833,-0.23347395833333334,0.13312259912490845,0.11852515935897827
2002-005,2002-11-26 18:00:00,0.7663533528645833,-0.14253125,0.04120568335056305,0.12115484476089478
2002-005,2002-11-26 21:00:00,0.7663533528645833,-0.14253125,0.04120568335056305,0.12115484476089478
2002-005,2002-11-27 00:00:00,0.76546630859375,-0.18961458333333334,0.01867581605911255,0.11820064783096314
2002-005,2002-11-27 03:00:00,0.76546630859375,-0.18961458333333334,0.01867581605911255,0.11820064783096314
2002-005,2002-11-27 06:00:00,0.76546630859375,-0.127609375,0.08808130025863647,0.034202396869659424
2002-005,2002-11-27 12:00:00,0.76546630859375,-0.1609375,0.04418589472770691,-0.06144058108329773
2002-005,2002-11-27 18:00:00,0.76546630859375,-0.06803645833333333,-0.021299152076244353,-0.031157702207565308
2002-005,2002-11-28 00:00:00,0.76544189453125,-0.09768229166666667,0.0720417857170105,-0.1050246000289917
2002-005,2002-11-28 03:00:00,0.76544189453125,-0.09768229166666667,0.0720417857170105,-0.1050246000289917
2002-005,2002-11-28 06:00:00,0.76544189453125,-0.02334375,0.06869212985038757,-0.15308432579040526
2002-005,2002-11-28 12:00:00,0.76544189453125,-0.085890625,0.008538592606782913,-0.2025758743286133
2002-006,2002-12-21 03:00:00,0.8013875325520833,-0.35032291666666665,-0.16247823238372802,-0.40907111167907717
2002-006,2002-12-21 06:00:00,0.8013875325520833,-0.1925625,-0.22444674968719483,-0.3731559753417969
2002-006,2002-12-21 12:00:00,0.8013875325520833,-0.3629583333333333,-0.15132802724838257,-0.3659559726715088
2002-006,2002-12-21 18:00:00,0.8013875325520833,-0.21981770833333333,-0.2357356071472168,-0.30179476737976074
2002-006,2002-12-22 00:00:00,0.7964579264322916,-0.30745833333333333,-0.22479324340820311,-0.2782916069030762
2002-006,2002-12-22 03:00:00,0.7964579264322916,-0.30745833333333333,-0.22479324340820311,-0.2782916069030762
2002-006,2002-12-22 06:00:00,0.7964579264322916,-0.17006770833333335,-0.22792115211486816,-0.2649608850479126
2002-006,2002-12-22 12:00:00,0.7964579264322916,-0.2831875,-0.24558734893798828,-0.27163846492767335
2002-006,2002-12-22 18:00:00,0.7964579264322916,-0.15002083333333333,-0.24655840396881104,-0.2121358633041382
2002-006,2002-12-23 00:00:00,0.7908610026041667,-0.25408854166666667,-0.19411969184875488,-0.21081123352050782
2002-006,2002-12-23 03:00:00,0.7908610026041667,-0.25408854166666667,-0.19411969184875488,-0.21081123352050782
2002-006,2002-12-23 06:00:00,0.7908610026041667,-0.13397395833333334,-0.17985448837280274,-0.2322995185852051
2002-006,2002-12-23 12:00:00,0.7908610026041667,-0.2844583333333333,-0.13081167936325072,-0.20064427852630615
2002-006,2002-12-23 18:00:00,0.7908610026041667,-0.14705208333333333,-0.13347325325012208,-0.1702891230583191
2002-006,2002-12-24 00:00:00,0.7850830078125,-0.26752604166666666,-0.02617233693599701,-0.16053565740585327
2002-006,2002-12-24 03:00:00,0.7850830078125,-0.26752604166666666,-0.02617233693599701,-0.16053565740585327
2002-006,2002-12-24 06:00:00,0.7850830078125,-0.14915625,0.01830364018678665,-0.1877993941307068
2002-006,2002-12-24 09:00:00,0.7850830078125,-0.14915625,0.01830364018678665,-0.1877993941307068
2002-006,2002-12-24 12:00:00,0.7850830078125,-0.2849947916666667,0.06286726593971252,-0.18403396606445313
2002-006,2002-12-24 15:00:00,0.7850830078125,-0.2849947916666667,0.06286726593971252,-0.18403396606445313
2002-006,2002-12-24 18:00:00,0.7850830078125,-0.135375,0.07405385375022888,-0.1875673770904541
2002-006,2002-12-24 21:00:00,0.7850830078125,-0.135375,0.07405385375022888,-0.1875673770904541
2002-006,2002-12-25 00:00:00,0.7810262044270834,-0.22913541666666667,0.1739160895347595,-0.278301739692688
2002-006,2002-12-25 03:00:00,0.7810262044270834,-0.22913541666666667,0.1739160895347595,-0.278301739692688
2002-006,2002-12-25 06:00:00,0.7810262044270834,-0.07771354166666666,0.15560743808746338,-0.3649482727050781
2002-006,2002-12-25 12:00:00,0.7810262044270834,-0.19133854166666667,0.15131170749664308,-0.34711241722106934
2002-006,2002-12-25 15:00:00,0.7810262044270834,-0.19133854166666667,0.15131170749664308,-0.34711241722106934
2003-001,2003-05-10 03:00:00,0.889178466796875,-0.3709791666666667,-0.059516406059265135,0.08495758771896363
2003-001,2003-05-10 06:00:00,0.889178466796875,-0.35013541666666664,-0.05515556335449219,0.09072744250297546
2003-001,2003-05-10 09:00:00,0.889178466796875,-0.35013541666666664,-0.05515556335449219,0.09072744250297546
2003-001,2003-05-10 12:00:00,0.889178466796875,-0.492796875,-0.023622383177280427,0.12759298086166382
2003-001,2003-05-10 15:00:00,0.889178466796875,-0.492796875,-0.023622383177280427,0.12759298086166382
2003-001,2003-05-10 18:00:00,0.889178466796875,-0.402328125,-0.011730777472257614,0.21339211463928223
2003-001,2003-05-10 21:00:00,0.889178466796875,-0.402328125,-0.011730777472257614,0.21339211463928223
2003-001,2003-05-11 00:00:00,0.879541015625,-0.4706875,-0.027368438243865967,0.20171141624450684
2003-001,2003-05-11 03:00:00,0.879541015625,-0.4706875,-0.027368438243865967,0.20171141624450684
2003-001,2003-05-11 06:00:00,0.879541015625,-0.44478125,0.022756680846214294,0.2568328857421875
2003-001,2003-05-11 09:00:00,0.879541015625,-0.44478125,0.022756680846214294,0.2568328857421875
2003-001,2003-05-11 12:00:00,0.879541015625,-0.6073697916666667,0.09577603936195374,0.23282191753387452
2003-001,2003-05-11 15:00:00,0.879541015625,-0.6073697916666667,0.09577603936195374,0.23282191753387452
2003-001,2003-05-11 18:00:00,0.879541015625,-0.5149739583333334,0.09832242727279664,0.307495641708374
2003-001,2003-05-11 21:00:00,0.879541015625,-0.5149739583333334,0.09832242727279664,0.307495641708374
2003-001,2003-05-12 00:00:00,0.8689290364583333,-0.5854427083333333,0.09000327587127685,0.2903470516204834
2003-001,2003-05-12 03:00:00,0.8689290364583333,-0.5854427083333333,0.09000327587127685,0.2903470516204834
2003-001,2003-05-12 06:00:00,0.8689290364583333,-0.5240052083333333,0.07145788669586181,0.3946813106536865
2003-001,2003-05-12 09:00:00,0.8689290364583333,-0.5240052083333333,0.07145788669586181,0.3946813106536865
2003-001,2003-05-12 12:00:00,0.8689290364583333,-0.654234375,0.08637451529502868,0.43044614791870117
2003-001,2003-05-12 15:00:00,0.8689290364583333,-0.654234375,0.08637451529502868,0.43044614791870117
2003-001,2003-05-12 18:00:00,0.8689290364583333,-0.5225,0.1267475962638855,0.5019027709960937
2003-001,2003-05-12 21:00:00,0.8689290364583333,-0.5225,0.1267475962638855,0.5019027709960937
2003-001,2003-05-13 00:00:00,0.8566304524739583,-0.597109375,0.18676809072494507,0.47084941864013674
2003-001,2003-05-13 03:00:00,0.8566304524739583,-0.597109375,0.18676809072494507,0.47084941864013674
2003-001,2003-05-13 06:00:00,0.8566304524739583,-0.516109375,0.20111520290374757,0.49301633834838865
2003-001,2003-05-13 09:00:00,0.8566304524739583,-0.516109375,0.20111520290374757,0.49301633834838865
2003-001,2003-05-13 12:00:00,0.8566304524739583,-0.64621875,0.22131948471069335,0.46927967071533205
2003-001,2003-05-13 15:00:00,0.8566304524739583,-0.64621875,0.22131948471069335,0.46927967071533205
2003-001,2003-05-13 18:00:00,0.8566304524739583,-0.5164166666666666,0.2302473783493042,0.4989779949188232
2003-001,2003-05-13 21:00:00,0.8566304524739583,-0.5164166666666666,0.2302473783493042,0.4989779949188232
2003-001,2003-05-14 00:00:00,0.8488566080729166,-0.6381458333333333,0.1964935064315796,0.42966856956481936
2003-001,2003-05-14 03:00:00,0.8488566080729166,-0.6381458333333333,0.1964935064315796,0.42966856956481936
2003-001,2003-05-14 06:00:00,0.8488566080729166,-0.546625,0.20055222511291504,0.4799705982208252
2003-001,2003-05-14 09:00:00,0.8488566080729166,-0.546625,0.20055222511291504,0.4799705982208252
2003-001,2003-05-14 12:00:00,0.8488566080729166,-0.6694166666666667,0.2549294948577881,0.46507935523986815
2003-001,2003-05-14 15:00:00,0.8488566080729166,-0.6694166666666667,0.2549294948577881,0.46507935523986815
2003-001,2003-05-14 18:00:00,0.8488566080729166,-0.52696875,0.2675192356109619,0.5492133617401123
2003-001,2003-05-14 21:00:00,0.8488566080729166,-0.52696875,0.2675192356109619,0.5492133617401123
2003-001,2003-05-15 00:00:00,0.8492085774739583,-0.6386145833333333,0.2667335033416748,0.5234446048736572
2003-001,2003-05-15 03:00:00,0.8492085774739583,-0.6386145833333333,0.2667335033416748,0.5234446048736572
2003-001,2003-05-15 06:00:00,0.8492085774739583,-0.55578125,0.2615626811981201,0.5341008186340332
2003-001,2003-05-15 09:00:00,0.8492085774739583,-0.55578125,0.2615626811981201,0.5341008186340332
2003-001,2003-05-15 12:00:00,0.8492085774739583,-0.6565364583333333,0.2406222105026245,0.5115756034851074
2003-001,2003-05-15 15:00:00,0.8492085774739583,-0.6565364583333333,0.2406222105026245,0.5115756034851074
2003-001,2003-05-15 18:00:00,0.8492085774739583,-0.4694479166666667,0.2545222043991089,0.5747896671295166
2003-001,2003-05-15 21:00:00,0.8492085774739583,-0.4694479166666667,0.2545222043991089,0.5747896671295166
2003-001,2003-05-16 00:00:00,0.8530843098958333,-0.5531145833333333,0.26885371208190917,0.5450028419494629
2003-001,2003-05-16 03:00:00,0.8530843098958333,-0.5531145833333333,0.26885371208190917,0.5450028419494629
2003-001,2003-05-16 06:00:00,0.8530843098958333,-0.46611979166666667,0.28524844646453856,0.594191312789917
2003-001,2003-05-16 09:00:00,0.8530843098958333,-0.46611979166666667,0.28524844646453856,0.594191312789917
2003-001,2003-05-16 12:00:00,0.8530843098958333,-0.607578125,0.28847975730895997,0.5669889926910401
2003-001,2003-05-16 15:00:00,0.8530843098958333,-0.607578125,0.28847975730895997,0.5669889926910401
2003-001,2003-05-16 18:00:00,0.8530843098958333,-0.4553333333333333,0.3215874195098877,0.6045314788818359
2003-001,2003-05-16 21:00:00,0.8530843098958333,-0.4553333333333333,0.3215874195098877,0.6045314788818359
2003-001,2003-05-17 00:00:00,0.8558858235677084,-0.550265625,0.3700540065765381,0.574114179611206
2003-001,2003-05-17 03:00:00,0.8558858235677084,-0.550265625,0.3700540065765381,0.574114179611206
2003-001,2003-05-17 06:00:00,0.8558858235677084,-0.4689114583333333,0.42501468658447267,0.5620805740356445
2003-001,2003-05-17 09:00:00,0.8558858235677084,-0.4689114583333333,0.42501468658447267,0.5620805740356445
2003-001,2003-05-17 12:00:00,0.8558858235677084,-0.6376458333333334,0.37037947177886965,0.537785005569458
2003-001,2003-05-17 15:00:00,0.8558858235677084,-0.6376458333333334,0.37037947177886965,0.537785005569458
2003-001,2003-05-17 18:00:00,0.8558858235677084,-0.4918854166666667,0.4017904281616211,0.5904325485229492
2003-001,2003-05-17 21:00:00,0.8558858235677084,-0.4918854166666667,0.4017904281616211,0.5904325485229492
2003-001,2003-05-18 00:00:00,0.8530049641927083,-0.577734375,0.45793871879577636,0.5211657047271728
2003-001,2003-05-18 03:00:00,0.8530049641927083,-0.577734375,0.45793871879577636,0.5211657047271728
2003-001,2003-05-18 06:00:00,0.8530049641927083,-0.4993697916666667,0.4649726390838623,0.5261299133300781
2003-001,2003-05-18 09:00:00,0.8530049641927083,-0.4993697916666667,0.4649726390838623,0.5261299133300781
2003-001,2003-05-18 12:00:00,0.8530049641927083,-0.630328125,0.4684877395629883,0.4820845127105713
2003-001,2003-05-18 15:00:00,0.8530049641927083,-0.630328125,0.4684877395629883,0.4820845127105713
2003-001,2003-05-18 18:00:00,0.8530049641927083,-0.508296875,0.4413614749908447,0.5156433582305908
2003-001,2003-05-18 21:00:00,0.8530049641927083,-0.508296875,0.4413614749908447,0.5156433582305908
2003-001,2003-05-19 00:00:00,0.8457845052083334,-0.544015625,0.45624599456787107,0.5007833957672119
2003-001,2003-05-19 03:00:00,0.8457845052083334,-0.544015625,0.45624599456787107,0.5007833957672119
2003-001,2003-05-19 06:00:00,0.8457845052083334,-0.46496875,0.4882976531982422,0.48729934692382815
2003-001,2003-05-19 09:00:00,0.8457845052083334,-0.46496875,0.4882976531982422,0.48729934692382815
2003-001,2003-05-19 12:00:00,0.8457845052083334,-0.5444114583333334,0.4324323654174805,0.48804364204406736
2003-001,2003-05-19 15:00:00,0.8457845052083334,-0.5444114583333334,0.4324323654174805,0.48804364204406736
2003-001,2003-05-19 18:00:00,0.8457845052083334,-0.39577083333333335,0.38391411304473877,0.5722748279571533
2003-001,2003-05-19 21:00:00,0.8457845052083334,-0.39577083333333335,0.38391411304473877,0.5722748279571533
2003-002,2003-07-25 03:00:00,0.810296630859375,-1.0781145833333334,0.22640953063964844,0.03642111420631409
2003-002,2003-07-25 12:00:00,0.810296630859375,-1.1957864583333333,0.24278690814971923,0.11102908849716187
2003-002,2003-07-26 03:00:00,0.8149434407552083,-1.084796875,0.18664530515670777,0.10005555152893067
2003-002,2003-07-26 12:00:00,0.8149434407552083,-1.1351145833333334,0.07698193192481995,0.16071537733078003
2003-002,2003-07-27 03:00:00,0.815142822265625,-0.9684270833333334,0.010254205018281937,0.1574869394302368
2003-002,2003-07-27 12:00:00,0.815142822265625,-0.9746302083333334,-0.00888369232416153,0.24258363246917725
2003-002,2003-07-28 03:00:00,0.810968017578125,-0.7272447916666667,-0.000927602406591177,0.2665199041366577
2003-003,2003-08-27 12:00:00,0.78759765625,-0.9414947916666667,0.2416449785232544,0.3732799768447876
2003-003,2003-08-28 03:00:00,0.7809855143229166,-0.81203125,0.25212388038635253,0.36327381134033204
2003-003,2003-08-28 12:00:00,0.7809855143229166,-0.8291979166666666,0.19196025133132935,0.4652998924255371
2003-004,2003-10-06 03:00:00,0.8117289225260417,-0.4770052083333333,-0.1420577049255371,0.08114437460899353
2003-004,2003-10-06 09:00:00,0.8117289225260417,-0.431625,-0.18574541807174683,0.14761382341384888
2003-004,2003-10-06 12:00:00,0.8117289225260417,-0.5593541666666667,-0.08678248524665833,0.12797750234603883
2003-004,2003-10-07 03:00:00,0.8048624674479167,-0.5105833333333333,-0.01655828654766083,0.22150073051452637
2003-004,2003-10-07 12:00:00,0.8048624674479167,-0.622734375,-0.008752071112394334,0.2518580675125122
2003-004,2003-10-08 03:00:00,0.8026957194010417,-0.5305729166666666,0.016695177555084227,0.28111026287078855
2003-004,2003-10-08 12:00:00,0.8026957194010417,-0.5963541666666666,0.05107255578041077,0.26394436359405515
2003-004,2003-10-09 03:00:00,0.8035624186197917,-0.55078125,0.14981502294540405,0.2804509401321411
2003-004,2003-10-09 12:00:00,0.8035624186197917,-0.5765364583333333,0.1915094494819641,0.18807657957077026
2003-005,2003-10-26 12:00:00,0.8496175130208333,-0.33110416666666664,-0.05765535831451416,0.08817486763000489
2003-005,2003-10-27 03:00:00,0.8468037923177083,-0.22786979166666665,-0.19284895658493043,0.13997596502304077
2003-005,2003-10-27 12:00:00,0.8468037923177083,-0.16565104166666667,-0.08878403902053833,0.20600557327270508
2003-005,2003-10-28 03:00:00,0.8405049641927084,-0.03621875,-0.22095260620117188,0.1280885100364685
2003-005,2003-10-28 09:00:00,0.8405049641927084,0.034890625,-0.28660595417022705,0.045540064573287964
2003-006,2003-11-12 03:00:00,0.75096435546875,-0.20476041666666667,-0.05112934112548828,-0.2986211538314819
2003-006,2003-11-12 12:00:00,0.75096435546875,-0.27019791666666665,-0.10779273509979248,-0.22828707695007325
2003-006,2003-11-12 18:00:00,0.75096435546875,-0.10340625,-0.15975285768508912,-0.19351977109909058
2003-006,2003-11-13 00:00:00,0.746527099609375,-0.24507291666666667,-0.05329721570014954,-0.17635170221328736
2003-006,2003-11-13 03:00:00,0.746527099609375,-0.24507291666666667,-0.05329721570014954,-0.17635170221328736
2003-006,2003-11-13 06:00:00,0.746527099609375,-0.060640625,-0.025932979583740235,-0.15134364366531372
2003-006,2003-11-13 09:00:00,0.746527099609375,-0.060640625,-0.025932979583740235,-0.15134364366531372
2003-006,2003-11-13 12:00:00,0.746527099609375,-0.2630677083333333,0.06048461198806763,-0.10120368003845215
2003-006,2003-11-13 15:00:00,0.746527099609375,-0.2630677083333333,0.06048461198806763,-0.10120368003845215
2003-006,2003-11-13 18:00:00,0.746527099609375,-0.07496875,0.01607048064470291,-0.11280560493469238
2003-006,2003-11-13 21:00:00,0.746527099609375,-0.07496875,0.01607048064470291,-0.11280560493469238
2003-006,2003-11-14 00:00:00,0.7393636067708333,-0.17675520833333333,0.10397961139678955,-0.11574128866195679
2003-006,2003-11-14 03:00:00,0.7393636067708333,-0.17675520833333333,0.10397961139678955,-0.11574128866195679
2003-006,2003-11-14 06:00:00,0.7393636067708333,0.01121875,0.048780503869056704,-0.11181929111480712
2003-006,2003-11-14 09:00:00,0.7393636067708333,0.01121875,0.048780503869056704,-0.11181929111480712
2003-006,2003-11-14 12:00:00,0.7393636067708333,-0.19375520833333335,0.082039475440979,-0.10877801179885864
2003-006,2003-11-14 15:00:00,0.7393636067708333,-0.19375520833333335,0.082039475440979,-0.10877801179885864
2003-006,2003-11-14 18:00:00,0.7393636067708333,-0.027671875,-0.0030392397195100783,-0.08133093118667603
2003-006,2003-11-14 21:00:00,0.7393636067708333,-0.027671875,-0.0030392397195100783,-0.08133093118667603
2003-006,2003-11-15 00:00:00,0.7319620768229167,-0.17565104166666667,0.08529130220413209,-0.005282411351799965
2003-006,2003-11-15 03:00:00,0.7319620768229167,-0.17565104166666667,0.08529130220413209,-0.005282411351799965
2003-006,2003-11-15 12:00:00,0.7319620768229167,-0.189515625,0.08291571736335754,0.011047082394361496
2003-007,2003-12-11 12:00:00,0.75035400390625,-0.19857291666666665,-0.2708971738815308,-0.35715413093566895
2003-007,2003-12-12 03:00:00,0.745098876953125,-0.161015625,-0.23567688465118408,-0.39184491634368895
2003-007,2003-12-12 12:00:00,0.745098876953125,-0.2125625,-0.29456367492675783,-0.3452981233596802
2003-007,2003-12-13 03:00:00,0.741046142578125,-0.22415104166666666,-0.22620801925659179,-0.27410025596618653
2003-007,2003-12-13 12:00:00,0.741046142578125,-0.2601041666666667,-0.19744105339050294,-0.19837360382080077
2003-007,2003-12-13 15:00:00,0.741046142578125,-0.2601041666666667,-0.19744105339050294,-0.19837360382080077
2003-007,2003-12-13 18:00:00,0.741046142578125,-0.13751041666666666,-0.2072897434234619,-0.14512652158737183
2003-007,2003-12-13 21:00:00,0.741046142578125,-0.13751041666666666,-0.2072897434234619,-0.14512652158737183
2003-007,2003-12-14 00:00:00,0.7402140299479166,-0.21846354166666668,-0.16384330987930298,-0.10005823373794556
2003-007,2003-12-14 03:00:00,0.7402140299479166,-0.21846354166666668,-0.16384330987930298,-0.10005823373794556
2003-007,2003-12-14 06:00:00,0.7402140299479166,-0.14240104166666667,-0.19633562564849855,-0.04815801978111267
2003-007,2003-12-14 09:00:00,0.7402140299479166,-0.14240104166666667,-0.19633562564849855,-0.04815801978111267
2003-007,2003-12-14 12:00:00,0.7402140299479166,-0.27205729166666665,-0.15000591278076172,0.008088377118110657
2003-007,2003-12-14 15:00:00,0.7402140299479166,-0.27205729166666665,-0.15000591278076172,0.008088377118110657
2003-007,2003-12-14 18:00:00,0.7402140299479166,-0.13529166666666667,-0.1586758613586426,0.10919140577316284
2003-007,2003-12-14 21:00:00,0.7402140299479166,-0.13529166666666667,-0.1586758613586426,0.10919140577316284
2003-007,2003-12-15 00:00:00,0.7415913899739583,-0.203921875,-0.14427247047424316,0.14285370111465454
2003-007,2003-12-15 03:00:00,0.7415913899739583,-0.203921875,-0.14427247047424316,0.14285370111465454
2003-007,2003-12-15 06:00:00,0.7415913899739583,-0.15611979166666667,-0.13699800968170167,0.17766536474227906
2003-007,2003-12-15 09:00:00,0.7415913899739583,-0.15611979166666667,-0.13699800968170167,0.17766536474227906
2003-007,2003-12-15 12:00:00,0.7415913899739583,-0.26966666666666667,-0.07637612223625183,0.16718374490737914
2003-007,2003-12-15 15:00:00,0.7415913899739583,-0.26966666666666667,-0.07637612223625183,0.16718374490737914
2003-007,2003-12-15 18:00:00,0.7415913899739583,-0.15644791666666666,-0.10096646547317505,0.17946968078613282
2003-007,2003-12-15 21:00:00,0.7415913899739583,-0.15644791666666666,-0.10096646547317505,0.17946968078613282
2003-007,2003-12-16 00:00:00,0.7430521647135416,-0.211265625,-0.06630576252937317,0.18275316953659057
2003-007,2003-12-16 03:00:00,0.7430521647135416,-0.211265625,-0.06630576252937317,0.18275316953659057
2003-007,2003-12-16 06:00:00,0.7430521647135416,-0.156765625,-0.0639118492603302,0.15712546110153197
2003-007,2003-12-16 12:00:00,0.7430521647135416,-0.26702604166666666,-0.05954456925392151,0.12538789510726928
2004-001,2004-05-05 03:00:00,0.8620463053385417,-0.628484375,0.20347256660461427,-0.2890623569488525
2004-001,2004-05-05 06:00:00,0.8620463053385417,-0.51909375,0.18700178861618041,-0.22218928337097169
2004-001,2004-05-05 09:00:00,0.8620463053385417,-0.51909375,0.18700178861618041,-0.22218928337097169
2004-001,2004-05-05 12:00:00,0.8620463053385417,-0.7555625,0.36672747135162354,-0.28811352252960204
2004-001,2004-05-05 15:00:00,0.8620463053385417,-0.7555625,0.36672747135162354,-0.28811352252960204
2004-001,2004-05-05 18:00:00,0.8620463053385417,-0.590484375,0.34358930587768555,-0.29511661529541017
2004-001,2004-05-05 21:00:00,0.8620463053385417,-0.590484375,0.34358930587768555,-0.29511661529541017
2004-001,2004-05-06 00:00:00,0.859759521484375,-0.6949166666666666,0.33496406078338625,-0.3098494052886963
2004-001,2004-05-06 03:00:00,0.859759521484375,-0.6949166666666666,0.33496406078338625,-0.3098494052886963
2004-001,2004-05-06 06:00:00,0.859759521484375,-0.5870833333333333,0.2949333906173706,-0.3016118764877319
2004-001,2004-05-06 09:00:00,0.859759521484375,-0.5870833333333333,0.2949333906173706,-0.3016118764877319
2004-001,2004-05-06 12:00:00,0.859759521484375,-0.7868177083333333,0.4643244743347168,-0.2871400356292725
2004-001,2004-05-06 15:00:00,0.859759521484375,-0.7868177083333333,0.4643244743347168,-0.2871400356292725
2004-001,2004-05-06 18:00:00,0.859759521484375,-0.6208125,0.40727710723876953,-0.2966563940048218
2004-001,2004-05-06 21:00:00,0.859759521484375,-0.6208125,0.40727710723876953,-0.2966563940048218
2004-001,2004-05-07 00:00:00,0.8567484537760417,-0.693359375,0.2875626564025879,-0.1876675009727478
2004-001,2004-05-07 03:00:00,0.8567484537760417,-0.693359375,0.2875626564025879,-0.1876675009727478
2004-001,2004-05-07 06:00:00,0.8567484537760417,-0.558390625,0.3150962829589844,-0.1501508831977844
2004-001,2004-05-07 09:00:00,0.8567484537760417,-0.558390625,0.3150962829589844,-0.1501508831977844
2004-001,2004-05-07 12:00:00,0.8567484537760417,-0.7610833333333333,0.4561895847320557,-0.21810379028320312
2004-001,2004-05-07 15:00:00,0.8567484537760417,-0.7610833333333333,0.4561895847320557,-0.21810379028320312
2004-001,2004-05-07 18:00:00,0.8567484537760417,-0.6031666666666666,0.35194008350372313,-0.19859344959259034
2004-001,2004-05-07 21:00:00,0.8567484537760417,-0.6031666666666666,0.35194008350372313,-0.19859344959259034
2004-001,2004-05-08 00:00:00,0.85179443359375,-0.6535104166666666,0.26706039905548096,-0.1382574439048767
2004-001,2004-05-08 03:00:00,0.85179443359375,-0.6535104166666666,0.26706039905548096,-0.1382574439048767
2004-001,2004-05-08 06:00:00,0.85179443359375,-0.5494479166666667,0.23595924377441407,-0.09001524448394775
2004-001,2004-05-08 09:00:00,0.85179443359375,-0.5494479166666667,0.23595924377441407,-0.09001524448394775
2004-001,2004-05-08 12:00:00,0.85179443359375,-0.71328125,0.35524954795837405,-0.165397047996521
2004-001,2004-05-08 15:00:00,0.85179443359375,-0.71328125,0.35524954795837405,-0.165397047996521
2004-001,2004-05-08 18:00:00,0.85179443359375,-0.5653177083333333,0.3083393335342407,-0.15446193218231202
2004-001,2004-05-08 21:00:00,0.85179443359375,-0.5653177083333333,0.3083393335342407,-0.15446193218231202
2004-001,2004-05-09 00:00:00,0.8481424967447917,-0.6603958333333333,0.22934339046478272,-0.11746593713760375
2004-001,2004-05-09 03:00:00,0.8481424967447917,-0.6603958333333333,0.22934339046478272,-0.11746593713760375
2004-001,2004-05-09 06:00:00,0.8481424967447917,-0.48355729166666667,0.22752106189727783,0.01644591838121414
2004-001,2004-05-09 09:00:00,0.8481424967447917,-0.48355729166666667,0.22752106189727783,0.01644591838121414
2004-001,2004-05-09 12:00:00,0.8481424967447917,-0.6597916666666667,0.35639467239379885,0.003938417881727219
2004-001,2004-05-09 15:00:00,0.8481424967447917,-0.6597916666666667,0.35639467239379885,0.003938417881727219
2004-001,2004-05-09 18:00:00,0.8481424967447917,-0.41347395833333334,0.35801405906677247,0.038051915168762204
2004-001,2004-05-09 21:00:00,0.8481424967447917,-0.41347395833333334,0.35801405906677247,0.038051915168762204
2004-001,2004-05-10 00:00:00,0.848419189453125,-0.47877604166666665,0.3313645601272583,0.09907729625701904
2004-001,2004-05-10 03:00:00,0.848419189453125,-0.47877604166666665,0.3313645601272583,0.09907729625701904
2004-001,2004-05-10 06:00:00,0.848419189453125,-0.3615364583333333,0.3494527578353882,0.1454160213470459
2004-001,2004-05-10 09:00:00,0.848419189453125,-0.3615364583333333,0.3494527578353882,0.1454160213470459
2004-002,2004-05-16 09:00:00,0.8773539225260417,-0.679875,0.19714794158935547,0.2690175771713257
2004-002,2004-05-16 12:00:00,0.8773539225260417,-0.8268385416666667,0.2554881811141968,0.2167208194732666
2004-002,2004-05-16 18:00:00,0.8773539225260417,-0.6948802083333333,0.2061746597290039,0.31181294918060304
2004-002,2004-05-16 21:00:00,0.8773539225260417,-0.6948802083333333,0.2061746597290039,0.31181294918060304
2004-002,2004-05-17 00:00:00,0.875067138671875,-0.8024375,0.19486887454986573,0.2698652982711792
2004-002,2004-05-17 03:00:00,0.875067138671875,-0.8024375,0.19486887454986573,0.2698652982711792
2004-002,2004-05-17 06:00:00,0.875067138671875,-0.7399895833333333,0.21743361949920653,0.31750457286834716
2004-002,2004-05-17 09:00:00,0.875067138671875,-0.7399895833333333,0.21743361949920653,0.31750457286834716
2004-002,2004-05-17 12:00:00,0.875067138671875,-0.9096458333333334,0.2718796968460083,0.37103519439697263
2004-002,2004-05-17 15:00:00,0.875067138671875,-0.9096458333333334,0.2718796968460083,0.37103519439697263
2004-002,2004-05-17 18:00:00,0.875067138671875,-0.8030989583333333,0.2875845909118652,0.49822192192077636
2004-002,2004-05-17 21:00:00,0.875067138671875,-0.8030989583333333,0.2875845909118652,0.49822192192077636
2004-002,2004-05-18 00:00:00,0.8664632161458333,-0.91875,0.3391685962677002,0.4124608039855957
2004-002,2004-05-18 03:00:00,0.8664632161458333,-0.91875,0.3391685962677002,0.4124608039855957
2004-002,2004-05-18 06:00:00,0.8664632161458333,-0.8800208333333334,0.3989586114883423,0.45040087699890136
2004-002,2004-05-18 09:00:00,0.8664632161458333,-0.8800208333333334,0.3989586114883423,0.45040087699890136
2004-002,2004-05-18 12:00:00,0.8664632161458333,-1.0845364583333332,0.3868397235870361,0.4942418098449707
2004-002,2004-05-18 15:00:00,0.8664632161458333,-1.0845364583333332,0.3868397235870361,0.4942418098449707
2004-002,2004-05-18 18:00:00,0.8664632161458333,-1.0123854166666666,0.45992770195007326,0.5430012226104737
2004-002,2004-05-18 21:00:00,0.8664632161458333,-1.0123854166666666,0.45992770195007326,0.5430012226104737
2004-002,2004-05-19 00:00:00,0.8550882975260417,-1.104171875,0.5118623733520508,0.43365678787231443
2004-002,2004-05-19 03:00:00,0.8550882975260417,-1.104171875,0.5118623733520508,0.43365678787231443
2004-003,2004-06-10 03:00:00,0.8385172526041667,-0.8042916666666666,0.6945831298828125,0.03796049654483795
2004-003,2004-06-10 06:00:00,0.8385172526041667,-0.6946822916666666,0.7133608341217041,-0.004420004412531852
2004-003,2004-06-10 09:00:00,0.8385172526041667,-0.6946822916666666,0.7133608341217041,-0.004420004412531852
2004-003,2004-06-10 12:00:00,0.8385172526041667,-0.905515625,0.7061212539672852,0.03919517695903778
2004-003,2004-06-10 15:00:00,0.8385172526041667,-0.905515625,0.7061212539672852,0.03919517695903778
2004-003,2004-06-10 18:00:00,0.8385172526041667,-0.853859375,0.6725579261779785,0.061489760875701904
2004-003,2004-06-10 21:00:00,0.8385172526041667,-0.853859375,0.6725579261779785,0.061489760875701904
2004-003,2004-06-11 00:00:00,0.84173583984375,-1.0262239583333332,0.5797770023345947,0.1443960189819336
2004-003,2004-06-11 03:00:00,0.84173583984375,-1.0262239583333332,0.5797770023345947,0.1443960189819336
2004-003,2004-06-11 06:00:00,0.84173583984375,-0.9356822916666667,0.6115790367126465,0.21276631355285644
2004-003,2004-06-11 09:00:00,0.84173583984375,-0.9356822916666667,0.6115790367126465,0.21276631355285644
2004-003,2004-06-11 12:00:00,0.84173583984375,-1.0748385416666666,0.5420506477355957,0.22106666564941407
2004-003,2004-06-11 15:00:00,0.84173583984375,-1.0748385416666666,0.5420506477355957,0.22106666564941407
2004-003,2004-06-11 18:00:00,0.84173583984375,-0.9424322916666666,0.4475196361541748,0.29082000255584717
2004-003,2004-06-11 21:00:00,0.84173583984375,-0.9424322916666666,0.4475196361541748,0.29082000255584717
2004-003,2004-06-12 00:00:00,0.8375040690104166,-1.0208385416666668,0.45091986656188965,0.2783422708511353
2004-003,2004-06-12 03:00:00,0.8375040690104166,-1.0208385416666668,0.45091986656188965,0.2783422708511353
2004-003,2004-06-12 06:00:00,0.8375040690104166,-0.8403697916666667,0.4678161144256592,0.34035477638244627
2004-003,2004-06-12 09:00:00,0.8375040690104166,-0.8403697916666667,0.4678161144256592,0.34035477638244627
2004-003,2004-06-12 12:00:00,0.8375040690104166,-1.0277604166666667,0.4860990047454834,0.2931037664413452
2004-003,2004-06-13 03:00:00,0.8278951009114583,-0.970890625,0.5937142848968506,0.3507751703262329
2004-004,2004-06-11 03:00:00,0.8586751302083333,-0.7982291666666667,0.08203822374343872,-0.07230013608932495
2004-004,2004-06-11 06:00:00,0.8586751302083333,-0.793125,-0.0016117436811327935,-0.03161284327507019
2004-004,2004-06-11 09:00:00,0.8586751302083333,-0.793125,-0.0016117436811327935,-0.03161284327507019
2004-004,2004-06-11 12:00:00,0.8586751302083333,-0.9362916666666666,0.02405358701944351,0.12155771255493164
2004-004,2004-06-11 15:00:00,0.8586751302083333,-0.9362916666666666,0.02405358701944351,0.12155771255493164
2004-004,2004-06-11 18:00:00,0.8586751302083333,-0.79271875,0.08297038078308105,0.21815178394317628
2004-004,2004-06-11 21:00:00,0.8586751302083333,-0.79271875,0.08297038078308105,0.21815178394317628
2004-004,2004-06-12 00:00:00,0.8466756184895833,-0.8450572916666667,0.13463141918182372,0.22280783653259278
2004-004,2004-06-12 03:00:00,0.8466756184895833,-0.8450572916666667,0.13463141918182372,0.22280783653259278
2004-004,2004-06-12 06:00:00,0.8466756184895833,-0.7996041666666667,0.14537211656570434,0.26527791023254393
2004-004,2004-06-12 09:00:00,0.8466756184895833,-0.7996041666666667,0.14537211656570434,0.26527791023254393
2004-004,2004-06-12 12:00:00,0.8466756184895833,-0.98684375,0.22098839282989502,0.3114076852798462
2004-004,2004-06-12 15:00:00,0.8466756184895833,-0.98684375,0.22098839282989502,0.3114076852798462
2004-004,2004-06-12 18:00:00,0.8466756184895833,-0.8534375,0.19163079261779786,0.38151886463165285
2004-004,2004-06-12 21:00:00,0.8466756184895833,-0.8534375,0.19163079261779786,0.38151886463165285
2004-004,2004-06-13 00:00:00,0.84093017578125,-0.9042083333333333,0.21996309757232665,0.41048550605773926
2004-004,2004-06-13 03:00:00,0.84093017578125,-0.9042083333333333,0.21996309757232665,0.41048550605773926
2004-004,2004-06-13 06:00:00,0.84093017578125,-0.85046875,0.23821499347686767,0.4551374435424805
2004-004,2004-06-13 09:00:00,0.84093017578125,-0.85046875,0.23821499347686767,0.4551374435424805
2004-004,2004-06-13 12:00:00,0.84093017578125,-0.9844739583333333,0.23170058727264403,0.491947078704834
2004-004,2004-06-14 03:00:00,0.8426045735677083,-0.921203125,0.23888008594512938,0.5077342987060547
2004-004,2004-06-14 09:00:00,0.8426045735677083,-0.8308229166666666,0.2890571117401123,0.5217933654785156
2004-005,2004-09-12 03:00:00,0.7989644368489583,-0.8845625,0.052992630004882815,0.051040977239608765
2004-005,2004-09-12 12:00:00,0.7989644368489583,-0.8063333333333333,0.055340951681137084,0.09493228793144226
2004-005,2004-09-13 03:00:00,0.78975830078125,-0.6478489583333333,0.080702406167984,0.0747608482837677
2004-005,2004-09-13 12:00:00,0.78975830078125,-0.6861979166666666,0.00608116127550602,0.12915340662002564
2004-005,2004-09-14 03:00:00,0.7839680989583333,-0.6052395833333334,0.044355496764183044,0.053879207372665404
2004-005,2004-09-14 12:00:00,0.7839680989583333,-0.738109375,0.01672651320695877,0.019907474517822266
2004-005,2004-09-15 03:00:00,0.78258056640625,-0.68078125,0.030443650484085084,0.03286184668540955
2004-005,2004-09-15 12:00:00,0.78258056640625,-0.7976614583333334,0.04803605675697327,0.09050961136817932
2004-006,2004-09-30 09:00:00,0.7503011067708333,-0.13048958333333333,0.026324504613876344,-0.025976207852363587
2004-006,2004-09-30 12:00:00,0.7503865559895834,-0.3109322916666667,0.06388965845108033,-0.014704905450344086
2004-006,2004-09-30 15:00:00,0.7503865559895834,-0.3109322916666667,0.06388965845108033,-0.014704905450344086
2004-006,2004-09-30 18:00:00,0.7503031412760417,-0.14631770833333332,0.06305046081542968,0.031842127442359924
2004-006,2004-09-30 21:00:00,0.7503031412760417,-0.14631770833333332,0.06305046081542968,0.031842127442359924
2004-006,2004-10-01 00:00:00,0.7432027180989583,-0.20480208333333333,0.04965789914131165,0.04116135835647583
2004-006,2004-10-01 03:00:00,0.7432027180989583,-0.20480208333333333,0.04965789914131165,0.04116135835647583
2004-006,2004-10-01 06:00:00,0.7431925455729167,-0.0570625,0.09119133949279785,0.12496076822280884
2004-006,2004-10-01 09:00:00,0.7431925455729167,-0.0570625,0.09119133949279785,0.12496076822280884
2004-006,2004-10-01 12:00:00,0.7432230631510417,-0.30404166666666665,0.20790960788726806,0.0995611846446991
2004-006,2004-10-01 15:00:00,0.7432230631510417,-0.30404166666666665,0.20790960788726806,0.0995611846446991
2004-006,2004-10-01 18:00:00,0.7431925455729167,-0.16623958333333333,0.1907298445701599,0.1206668734550476
2004-006,2004-10-01 21:00:00,0.7431925455729167,-0.16623958333333333,0.1907298445701599,0.1206668734550476
2004-006,2004-10-02 00:00:00,0.7375996907552084,-0.29804166666666665,0.2499828577041626,0.07823301553726196
2004-006,2004-10-02 03:00:00,0.7375996907552084,-0.29804166666666665,0.2499828577041626,0.07823301553726196
2004-006,2004-10-02 06:00:00,0.7375935872395833,-0.172953125,0.25204920768737793,0.07205974459648132
2004-006,2004-10-02 09:00:00,0.7375935872395833,-0.172953125,0.25204920768737793,0.07205974459648132
2004-006,2004-10-02 12:00:00,0.73763427734375,-0.41033854166666667,0.31355674266815187,-0.03457873165607452
2004-006,2004-10-02 15:00:00,0.73763427734375,-0.41033854166666667,0.31355674266815187,-0.03457873165607452
2004-006,2004-10-02 18:00:00,0.7375834147135417,-0.28243229166666667,0.26704859733581543,0.006736060231924057
2004-006,2004-10-02 21:00:00,0.7375834147135417,-0.28243229166666667,0.26704859733581543,0.006736060231924057
2004-006,2004-10-03 00:00:00,0.7334187825520834,-0.38646875,0.3531798362731934,-0.09324563145637513
2004-006,2004-10-03 03:00:00,0.7334187825520834,-0.38646875,0.3531798362731934,-0.09324563145637513
2004-006,2004-10-03 06:00:00,0.7333964029947917,-0.227875,0.31864261627197266,-0.1015383243560791
2004-006,2004-10-03 09:00:00,0.7333964029947917,-0.227875,0.31864261627197266,-0.1015383243560791
2004-006,2004-10-03 12:00:00,0.7334635416666667,-0.416859375,0.3706852674484253,-0.19601757526397706
2004-006,2004-10-03 15:00:00,0.7334635416666667,-0.416859375,0.3706852674484253,-0.19601757526397706
2004-006,2004-10-03 18:00:00,0.7334228515625,-0.2285,0.27658226490020754,-0.10644930601119995
2004-007,2004-10-02 03:00:00,0.82266845703125,-0.36080208333333336,0.010762393474578857,0.03749296367168427
2004-007,2004-10-02 06:00:00,0.82266845703125,-0.28366145833333334,0.023127876222133636,0.025679153203964234
2004-007,2004-10-02 09:00:00,0.82266845703125,-0.28366145833333334,0.023127876222133636,0.025679153203964234
2004-007,2004-10-02 12:00:00,0.82266845703125,-0.44829166666666664,-0.004251809790730476,0.10410610437393189
2004-007,2004-10-02 15:00:00,0.82266845703125,-0.44829166666666664,-0.004251809790730476,0.10410610437393189
2004-007,2004-10-02 18:00:00,0.82266845703125,-0.35438020833333334,0.06806117296218872,0.27374532222747805
2004-007,2004-10-02 21:00:00,0.82266845703125,-0.35438020833333334,0.06806117296218872,0.27374532222747805
2004-007,2004-10-03 00:00:00,0.805377197265625,-0.4431145833333333,0.16949617862701416,0.2694319486618042
2004-007,2004-10-03 03:00:00,0.805377197265625,-0.4431145833333333,0.16949617862701416,0.2694319486618042
2004-007,2004-10-03 06:00:00,0.805377197265625,-0.377359375,0.17009042501449584,0.31706416606903076
2004-007,2004-10-03 09:00:00,0.805377197265625,-0.377359375,0.17009042501449584,0.31706416606903076
2004-007,2004-10-03 12:00:00,0.805377197265625,-0.479921875,0.19061769247055055,0.3578264474868774
2004-007,2004-10-03 15:00:00,0.805377197265625,-0.479921875,0.19061769247055055,0.3578264474868774
2004-007,2004-10-03 18:00:00,0.805377197265625,-0.342703125,0.24446041584014894,0.4706704616546631
2004-007,2004-10-03 21:00:00,0.805377197265625,-0.342703125,0.24446041584014894,0.4706704616546631
2004-007,2004-10-04 00:00:00,0.7904764811197916,-0.43373958333333335,0.34546289443969724,0.44786577224731444
2004-007,2004-10-04 03:00:00,0.7904764811197916,-0.43373958333333335,0.34546289443969724,0.44786577224731444
2004-008,2004-10-07 03:00:00,0.8166544596354167,-0.48805208333333333,-0.08849936127662658,0.23014686107635499
2004-008,2004-10-07 12:00:00,0.8166544596354167,-0.5552447916666666,-0.03274751603603363,0.19157809019088745
2004-008,2004-10-08 03:00:00,0.81832275390625,-0.4229895833333333,0.1505207061767578,0.1487896680831909
2004-009,2004-11-02 12:00:00,0.7470621744791667,-0.282546875,-0.22727484703063966,-0.2590569734573364
2004-009,2004-11-03 03:00:00,0.7454488118489583,-0.21663020833333332,-0.23076486587524414,-0.20760197639465333
2004-009,2004-11-03 12:00:00,0.7454488118489583,-0.2786875,-0.17145721912384032,-0.25895578861236573
2004-009,2004-11-04 03:00:00,0.744122314453125,-0.25077604166666667,-0.24997591972351074,-0.20968906879425048
2004-009,2004-11-04 12:00:00,0.744122314453125,-0.277671875,-0.15763823986053466,-0.2237499713897705
2004-009,2004-11-05 03:00:00,0.7432942708333333,-0.278296875,-0.17282987833023072,-0.20346593856811523
2004-009,2004-11-05 12:00:00,0.7432942708333333,-0.31493229166666664,-0.18072301149368286,-0.1875082492828369
2004-009,2004-11-06 03:00:00,0.7430684407552083,-0.2690416666666667,-0.1284751534461975,-0.10152809619903565
2004-009,2004-11-06 09:00:00,0.7430684407552083,-0.11921875,-0.12290539741516113,-0.1766498565673828
2004-009,2004-11-06 12:00:00,0.7430684407552083,-0.33840625,-0.1372036814689636,-0.22743623256683348
2004-009,2004-11-07 03:00:00,0.7433024088541667,-0.23191145833333332,-0.18184168338775636,-0.16745506525039672
2004-009,2004-11-07 09:00:00,0.7433024088541667,-0.104703125,-0.22695543766021728,-0.19274966716766356
2004-009,2004-11-07 12:00:00,0.7433024088541667,-0.36259895833333333,-0.22631394863128662,-0.23339345455169677
2004-010,2004-11-29 03:00:00,0.731878662109375,-0.12169270833333333,-0.12307312488555908,-0.27660508155822755
2004-010,2004-11-29 06:00:00,0.731878662109375,0.019197916666666665,-0.1531322717666626,-0.31570580005645754
2004-010,2004-11-29 09:00:00,0.731878662109375,0.019197916666666665,-0.1531322717666626,-0.31570580005645754
2004-010,2004-11-29 12:00:00,0.731878662109375,-0.17091666666666666,-0.12339601516723633,-0.29153289794921877
2004-010,2004-11-29 15:00:00,0.731878662109375,-0.17091666666666666,-0.12339601516723633,-0.29153289794921877
2004-010,2004-11-29 18:00:00,0.731878662109375,-0.019291666666666665,-0.19677462577819824,-0.24339921474456788
2004-010,2004-11-29 21:00:00,0.731878662109375,-0.019291666666666665,-0.19677462577819824,-0.24339921474456788
2004-010,2004-11-30 00:00:00,0.73052978515625,-0.17619791666666668,-0.04447988271713257,-0.20289959907531738
2004-010,2004-11-30 03:00:00,0.73052978515625,-0.17619791666666668,-0.04447988271713257,-0.20289959907531738
2004-010,2004-11-30 06:00:00,0.73052978515625,-0.0505625,-0.033328893780708316,-0.16762659549713135
2004-010,2004-11-30 09:00:00,0.73052978515625,-0.0505625,-0.033328893780708316,-0.16762659549713135
2004-010,2004-11-30 12:00:00,0.73052978515625,-0.247265625,0.07864430546760559,-0.19947330951690673
2004-010,2004-11-30 15:00:00,0.73052978515625,-0.247265625,0.07864430546760559,-0.19947330951690673
2004-010,2004-11-30 18:00:00,0.73052978515625,-0.105203125,-0.0007120941765606404,-0.21342716217041016
2004-010,2004-11-30 21:00:00,0.73052978515625,-0.105203125,-0.0007120941765606404,-0.21342716217041016
2004-010,2004-12-01 00:00:00,0.7346028645833333,-0.22726041666666666,0.07362456917762757,-0.18520214557647705
2004-010,2004-12-01 03:00:00,0.7346028645833333,-0.22726041666666666,0.07362456917762757,-0.18520214557647705
2004-010,2004-12-01 06:00:00,0.7346028645833333,-0.07471354166666666,0.01693306416273117,-0.13917447328567506
2004-010,2004-12-01 09:00:00,0.7346028645833333,-0.07471354166666666,0.01693306416273117,-0.13917447328567506
2004-010,2004-12-01 12:00:00,0.7346028645833333,-0.2618229166666667,0.05581788420677185,-0.1311499834060669
2004-010,2004-12-02 03:00:00,0.7422322591145833,-0.2026875,0.010199403017759323,0.022873005270957945
2004-010,2004-12-02 12:00:00,0.7422322591145833,-0.17830208333333333,0.05468522310256958,0.0890270471572876
2005-001,2005-01-13 12:00:00,0.7533223470052083,-0.3713489583333333,-0.030619022250175477,-0.6257759094238281
2005-001,2005-01-14 03:00:00,0.7522379557291666,-0.37330729166666665,-0.07260698676109315,-0.4943575382232666
2005-001,2005-01-14 12:00:00,0.7522379557291666,-0.37609895833333334,-0.24406023025512696,-0.5052306175231933
2005-001,2005-01-15 03:00:00,0.7510945638020833,-0.382546875,-0.12642234563827515,-0.40513153076171876
2005-001,2005-01-15 06:00:00,0.7510945638020833,-0.234578125,-0.2916816234588623,-0.45209197998046874
2005-001,2005-01-15 09:00:00,0.7510945638020833,-0.234578125,-0.2916816234588623,-0.45209197998046874
2005-001,2005-01-15 12:00:00,0.7510945638020833,-0.37615625,-0.2675361633300781,-0.42950286865234377
2005-001,2005-01-15 15:00:00,0.7510945638020833,-0.37615625,-0.2675361633300781,-0.42950286865234377
2005-001,2005-01-15 18:00:00,0.7510945638020833,-0.23936979166666666,-0.3645969867706299,-0.2685914278030396
2005-001,2005-01-15 21:00:00,0.7510945638020833,-0.23936979166666666,-0.3645969867706299,-0.2685914278030396
2005-001,2005-01-16 00:00:00,0.7507181803385417,-0.3288697916666667,-0.20775740146636962,-0.2521744966506958
2005-001,2005-01-16 03:00:00,0.7507181803385417,-0.3288697916666667,-0.20775740146636962,-0.2521744966506958
2005-001,2005-01-16 06:00:00,0.7507181803385417,-0.21232291666666667,-0.3590973138809204,-0.19996248483657836
2005-001,2005-01-16 09:00:00,0.7507181803385417,-0.21232291666666667,-0.3590973138809204,-0.19996248483657836
2005-001,2005-01-16 12:00:00,0.7507181803385417,-0.276125,-0.1882678747177124,-0.15135573148727416
2005-001,2005-01-16 15:00:00,0.7507181803385417,-0.276125,-0.1882678747177124,-0.15135573148727416
2005-001,2005-01-16 18:00:00,0.7507181803385417,-0.13621875,-0.3153332233428955,-0.11971410512924194
2005-001,2005-01-16 21:00:00,0.7507181803385417,-0.13621875,-0.3153332233428955,-0.11971410512924194
2005-001,2005-01-17 00:00:00,0.75194091796875,-0.26800520833333336,-0.31040494441986083,0.06584436297416688
2005-001,2005-01-17 03:00:00,0.75194091796875,-0.26800520833333336,-0.31040494441986083,0.06584436297416688
2005-001,2005-01-17 06:00:00,0.75194091796875,-0.155625,-0.26891360282897947,0.11448891162872314
2005-001,2005-01-17 09:00:00,0.75194091796875,-0.155625,-0.26891360282897947,0.11448891162872314
2005-001,2005-01-17 12:00:00,0.75194091796875,-0.316421875,-0.20153908729553222,0.043793341517448424
2005-002,2005-06-21 03:00:00,0.8741800944010417,-1.112515625,0.6079945087432861,0.11673204898834229
2005-002,2005-06-21 12:00:00,0.8742167154947916,-1.091265625,0.5824792861938477,0.2690896987915039
2005-002,2005-06-22 03:00:00,0.8544392903645833,-0.9895208333333333,0.6145631313323975,0.20123491287231446
2005-002,2005-06-22 12:00:00,0.8545145670572917,-0.9451197916666667,0.5181175231933594,0.33408517837524415
2005-003,2005-06-27 12:00:00,0.8682393391927083,-1.090890625,0.1670771360397339,0.09890735149383545
2005-003,2005-06-28 03:00:00,0.8654439290364583,-0.9840885416666667,0.1447283983230591,0.09627839922904968
2005-003,2005-06-28 12:00:00,0.8654439290364583,-1.0963229166666666,0.0788888156414032,0.1902071237564087
2005-003,2005-06-29 03:00:00,0.8690104166666667,-0.9556979166666667,0.08391011357307435,0.15450769662857056
2005-003,2005-06-29 12:00:00,0.8690104166666667,-1.01921875,0.09486947655677795,0.18371433019638062
2005-003,2005-06-30 03:00:00,0.8740559895833333,-0.9182135416666667,0.11878767013549804,0.16273765563964843
2005-003,2005-06-30 12:00:00,0.8740559895833333,-0.9981875,0.11288779973983765,0.20928988456726075
2005-003,2005-07-01 03:00:00,0.8757283528645833,-0.8286927083333333,0.095430988073349,0.1943719506263733
2005-003,2005-07-01 12:00:00,0.8757283528645833,-0.9366145833333334,0.12889076471328736,0.20767323970794677
2005-003,2005-07-02 03:00:00,0.8691507975260416,-0.797765625,0.14115313291549683,0.15194828510284425
2005-003,2005-07-02 12:00:00,0.8691507975260416,-0.934578125,0.14695314168930054,0.1810484528541565
2005-003,2005-07-03 03:00:00,0.8564778645833333,-0.8346927083333333,0.13839372396469116,0.11003180742263793
2005-003,2005-07-03 12:00:00,0.8564778645833333,-0.9593020833333333,0.1608128786087036,0.1545740008354187
2005-003,2005-07-04 03:00:00,0.8435302734375,-0.920953125,0.147469961643219,0.11172043085098267
2005-003,2005-07-04 12:00:00,0.8435302734375,-1.0385677083333333,0.08646558523178101,0.17625417709350585
2005-003,2005-07-05 03:00:00,0.830975341796875,-0.9026822916666667,0.06391901969909668,0.15054258108139038
2005-003,2005-07-05 12:00:00,0.830975341796875,-0.9537760416666666,0.04867382645606995,0.1681552052497864
2005-004,2005-07-29 03:00:00,0.8424825032552083,-1.0503541666666667,0.2753613471984863,0.02462989091873169
2005-004,2005-07-29 12:00:00,0.8424825032552083,-1.1855208333333334,0.23733015060424806,0.09932361245155334
2005-004,2005-07-30 03:00:00,0.8468424479166666,-1.1521614583333333,0.1826270580291748,0.10996460914611816
2005-004,2005-07-30 12:00:00,0.8468424479166666,-1.2672916666666667,0.12946330308914183,0.1751686692237854
2005-004,2005-07-31 03:00:00,0.8471435546875,-1.1720625,0.09037549495697021,0.16858139038085937
2005-004,2005-07-31 12:00:00,0.8471435546875,-1.2030989583333334,0.053551048040390015,0.2242351531982422
2005-005,2005-09-12 03:00:00,0.82174072265625,-0.6620416666666666,-0.06376243829727173,0.07225514650344848
2005-005,2005-09-12 12:00:00,0.822515869140625,-0.8070416666666667,-0.021449977159500123,0.13701573610305787
2005-005,2005-09-13 03:00:00,0.8314493815104167,-0.5609947916666667,-0.08261573314666748,0.12434642314910889
2005-005,2005-09-13 12:00:00,0.8318074544270834,-0.655796875,-0.04546250402927399,0.16227316856384277
2005-005,2005-09-14 03:00:00,0.8377421061197917,-0.43180729166666665,-0.11120474338531494,0.13256484270095825
2005-005,2005-09-14 12:00:00,0.8379313151041666,-0.49075,-0.06326736211776733,0.136447274684906
2005-005,2005-09-15 03:00:00,0.8331278483072917,-0.33405729166666664,-0.018811538815498352,0.07124707698822022
2005-005,2005-09-15 12:00:00,0.8332804361979167,-0.5019583333333333,0.08362928032875061,0.061937850713729856
2005-005,2005-09-16 03:00:00,0.8209737141927084,-0.38271875,0.12888700962066652,0.02832440733909607
2005-005,2005-09-16 12:00:00,0.821588134765625,-0.5195260416666667,0.17290291786193848,0.04638994336128235
2005-006,2005-09-14 03:00:00,0.7365437825520833,-0.8647864583333333,0.48549556732177734,-0.1469966173171997
2005-006,2005-09-14 12:00:00,0.7367207845052083,-0.883140625,0.4542043685913086,-0.004531793668866158
2005-006,2005-09-15 03:00:00,0.7223734537760417,-0.8057291666666667,0.4360339164733887,0.11107405424118041
2005-006,2005-09-15 12:00:00,0.7224446614583333,-0.8441197916666666,0.422979736328125,0.1385170817375183
2005-006,2005-09-16 03:00:00,0.7110819498697917,-0.71421875,0.5245729446411133,0.18042333126068116
2005-006,2005-09-16 12:00:00,0.7112345377604167,-0.661765625,0.6756267070770263,0.21413114070892333
2005-007,2005-09-17 03:00:00,0.81317138671875,-0.44615625,0.30450055599212644,0.005748523026704788
2005-007,2005-09-17 12:00:00,0.81317138671875,-0.54975,0.2925887584686279,0.06458501815795899
2005-007,2005-09-18 03:00:00,0.8035359700520833,-0.45126041666666666,0.2607996940612793,0.08432701230049133
2005-007,2005-09-18 06:00:00,0.8035359700520833,-0.37905208333333335,0.3036064863204956,0.07558119893074036
2005-007,2005-09-18 09:00:00,0.8035359700520833,-0.37905208333333335,0.3036064863204956,0.07558119893074036
2005-007,2005-09-18 12:00:00,0.8035359700520833,-0.5809010416666667,0.23341598510742187,0.1240781307220459
2005-007,2005-09-18 15:00:00,0.8035359700520833,-0.5809010416666667,0.23341598510742187,0.1240781307220459
2005-007,2005-09-18 18:00:00,0.8035359700520833,-0.455640625,0.23103046417236328,0.1595398187637329
2005-007,2005-09-18 21:00:00,0.8035359700520833,-0.455640625,0.23103046417236328,0.1595398187637329
2005-007,2005-09-19 00:00:00,0.79510498046875,-0.5640677083333333,0.21201565265655517,0.10515391826629639
2005-007,2005-09-19 03:00:00,0.79510498046875,-0.5640677083333333,0.21201565265655517,0.10515391826629639
2005-007,2005-09-19 06:00:00,0.79510498046875,-0.5315520833333334,0.20801944732666017,0.15197501182556153
2005-007,2005-09-19 09:00:00,0.79510498046875,-0.5315520833333334,0.20801944732666017,0.15197501182556153
2005-007,2005-09-19 12:00:00,0.79510498046875,-0.7458072916666667,0.21762185096740722,0.16803956031799316
2005-007,2005-09-19 15:00:00,0.79510498046875,-0.7458072916666667,0.21762185096740722,0.16803956031799316
2005-007,2005-09-19 18:00:00,0.79510498046875,-0.6329947916666666,0.21015031337738038,0.22867741584777831
2005-007,2005-09-19 21:00:00,0.79510498046875,-0.6329947916666666,0.21015031337738038,0.22867741584777831
2005-007,2005-09-20 00:00:00,0.787847900390625,-0.68140625,0.1794295310974121,0.1891426920890808
2005-007,2005-09-20 03:00:00,0.787847900390625,-0.68140625,0.1794295310974121,0.1891426920890808
2005-007,2005-09-20 06:00:00,0.787847900390625,-0.5861875,0.09729602932929993,0.2616687059402466
2005-007,2005-09-20 09:00:00,0.787847900390625,-0.5861875,0.09729602932929993,0.2616687059402466
2005-007,2005-09-20 12:00:00,0.787847900390625,-0.7078958333333333,0.12875831127166748,0.29012489318847656
2005-007,2005-09-21 03:00:00,0.7859029134114583,-0.5457239583333333,0.09682687520980834,0.2691655158996582
2005-007,2005-09-21 12:00:00,0.7859029134114583,-0.522515625,0.062217038869857785,0.25719735622406004
2005-008,2005-10-26 03:00:00,0.7940511067708333,-0.38985416666666667,-0.08194872736930847,-0.17450668811798095
2005-008,2005-10-26 06:00:00,0.7940511067708333,-0.353125,-0.024748973548412323,-0.09032458662986756
2005-008,2005-10-26 09:00:00,0.7940511067708333,-0.353125,-0.024748973548412323,-0.09032458662986756
2005-008,2005-10-26 12:00:00,0.7940511067708333,-0.4952447916666667,0.007468435913324356,-0.042699027061462405
2005-008,2005-10-26 15:00:00,0.7940511067708333,-0.4952447916666667,0.007468435913324356,-0.042699027061462405
2005-008,2005-10-26 18:00:00,0.7940511067708333,-0.3698854166666667,0.04603939950466156,0.026896679401397706
2005-008,2005-10-26 21:00:00,0.7940511067708333,-0.3698854166666667,0.04603939950466156,0.026896679401397706
2005-008,2005-10-27 00:00:00,0.7931050618489583,-0.4879791666666667,0.10900181531906128,0.09111077189445496
2005-008,2005-10-27 03:00:00,0.7931050618489583,-0.4879791666666667,0.10900181531906128,0.09111077189445496
2005-008,2005-10-27 06:00:00,0.7931050618489583,-0.39317708333333334,0.0997161865234375,0.15775766372680664
2005-008,2005-10-27 09:00:00,0.7931050618489583,-0.39317708333333334,0.0997161865234375,0.15775766372680664
2005-008,2005-10-27 12:00:00,0.7931050618489583,-0.45269270833333336,0.15938771963119508,0.19705967903137206
2005-008,2005-10-27 15:00:00,0.7931050618489583,-0.45269270833333336,0.15938771963119508,0.19705967903137206
2005-008,2005-10-27 18:00:00,0.7931050618489583,-0.341625,0.13376747369766234,0.29639253616333006
2005-008,2005-10-27 21:00:00,0.7931050618489583,-0.341625,0.13376747369766234,0.29639253616333006
2005-008,2005-10-28 00:00:00,0.79368896484375,-0.38153125,0.2282510757446289,0.3068901538848877
2005-008,2005-10-28 03:00:00,0.79368896484375,-0.38153125,0.2282510757446289,0.3068901538848877
2005-008,2005-10-28 06:00:00,0.79368896484375,-0.27486458333333336,0.2120115041732788,0.2586189031600952
2005-008,2005-10-28 09:00:00,0.79368896484375,-0.27486458333333336,0.2120115041732788,0.2586189031600952
2005-008,2005-10-28 12:00:00,0.79368896484375,-0.365359375,0.14738253355026246,0.2607221841812134
2005-008,2005-10-29 03:00:00,0.79666748046875,-0.2911458333333333,0.16368759870529176,0.2738034248352051
2005-009,2005-11-20 03:00:00,0.7758829752604167,-0.2811354166666667,-0.06040533185005188,-0.32046630382537844
2005-009,2005-11-20 06:00:00,0.7758829752604167,-0.21349479166666666,-0.10918378829956055,-0.30369224548339846
2005-009,2005-11-20 09:00:00,0.7758829752604167,-0.21349479166666666,-0.10918378829956055,-0.30369224548339846
2005-009,2005-11-20 12:00:00,0.7758829752604167,-0.333734375,-0.06190792918205261,-0.21788909435272216
2005-009,2005-11-20 15:00:00,0.7758829752604167,-0.333734375,-0.06190792918205261,-0.21788909435272216
2005-009,2005-11-20 18:00:00,0.7758829752604167,-0.21334375,-0.16536840200424194,-0.11139858961105346
2005-009,2005-11-20 21:00:00,0.7758829752604167,-0.21334375,-0.16536840200424194,-0.11139858961105346
2005-009,2005-11-21 00:00:00,0.77198486328125,-0.31940104166666666,-0.11150685548782349,-0.019992022216320036
2005-009,2005-11-21 03:00:00,0.77198486328125,-0.31940104166666666,-0.11150685548782349,-0.019992022216320036
2005-009,2005-11-21 06:00:00,0.77198486328125,-0.25836458333333334,-0.1623413920402527,0.011819276213645934
2005-009,2005-11-21 09:00:00,0.77198486328125,-0.25836458333333334,-0.1623413920402527,0.011819276213645934
2005-009,2005-11-21 12:00:00,0.77198486328125,-0.36868229166666666,-0.23406581878662108,0.08063368201255798
2005-009,2005-11-21 15:00:00,0.77198486328125,-0.36868229166666666,-0.23406581878662108,0.08063368201255798
2005-009,2005-11-21 18:00:00,0.77198486328125,-0.21591145833333333,-0.23402998447418213,0.1410773515701294
2005-009,2005-11-21 21:00:00,0.77198486328125,-0.21591145833333333,-0.23402998447418213,0.1410773515701294
2005-009,2005-11-22 00:00:00,0.7688232421875,-0.2998645833333333,-0.21604888439178466,0.2265096426010132
2005-009,2005-11-22 03:00:00,0.7688232421875,-0.2998645833333333,-0.21604888439178466,0.2265096426010132
2005-009,2005-11-22 06:00:00,0.7688232421875,-0.19099479166666666,-0.23163487911224365,0.25409176349639895
2005-009,2005-11-22 09:00:00,0.7688232421875,-0.19099479166666666,-0.23163487911224365,0.25409176349639895
2005-010,2005-11-28 03:00:00,0.76265869140625,-0.18703125,-0.290837836265564,-0.32829766273498534
2005-010,2005-11-28 06:00:00,0.76265869140625,-0.14304166666666668,-0.35310437679290774,-0.3326510667800903
2005-010,2005-11-28 09:00:00,0.76265869140625,-0.14304166666666668,-0.35310437679290774,-0.3326510667800903
2005-010,2005-11-28 12:00:00,0.76265869140625,-0.270765625,-0.2977931261062622,-0.22432100772857666
2005-010,2005-11-28 15:00:00,0.76265869140625,-0.270765625,-0.2977931261062622,-0.22432100772857666
2005-010,2005-11-28 18:00:00,0.76265869140625,-0.14566145833333333,-0.2703571081161499,-0.12393192052841187
2005-010,2005-11-28 21:00:00,0.76265869140625,-0.14566145833333333,-0.2703571081161499,-0.12393192052841187
2005-010,2005-11-29 00:00:00,0.760601806640625,-0.23778645833333334,-0.14846770763397216,-0.043857067823410034
2005-010,2005-11-29 03:00:00,0.760601806640625,-0.23778645833333334,-0.14846770763397216,-0.043857067823410034
2005-010,2005-11-29 06:00:00,0.760601806640625,-0.15719791666666666,-0.04362490773200989,0.0045497164130210875
2005-010,2005-11-29 09:00:00,0.760601806640625,-0.15719791666666666,-0.04362490773200989,0.0045497164130210875
2005-010,2005-11-29 12:00:00,0.760601806640625,-0.31114583333333334,0.035377237200737,-0.07182231545448303
2005-010,2005-11-29 15:00:00,0.760601806640625,-0.31114583333333334,0.035377237200737,-0.07182231545448303
2005-010,2005-11-29 18:00:00,0.760601806640625,-0.24247916666666666,-0.011541059613227845,0.012858299911022187
2005-010,2005-11-29 21:00:00,0.760601806640625,-0.24247916666666666,-0.011541059613227845,0.012858299911022187
2005-010,2005-11-30 00:00:00,0.7601664225260417,-0.4074010416666667,0.0242235466837883,0.03759871423244476
2005-010,2005-11-30 03:00:00,0.7601664225260417,-0.4074010416666667,0.0242235466837883,0.03759871423244476
2005-010,2005-11-30 06:00:00,0.7601664225260417,-0.34036458333333336,0.054820239543914795,-0.01605069190263748
2005-010,2005-11-30 09:00:00,0.7601664225260417,-0.34036458333333336,0.054820239543914795,-0.01605069190263748
2005-010,2005-11-30 12:00:00,0.7601664225260417,-0.5004010416666667,0.030427557229995728,-0.056535929441452026
2005-010,2005-11-30 15:00:00,0.7601664225260417,-0.5004010416666667,0.030427557229995728,-0.056535929441452026
2005-010,2005-11-30 18:00:00,0.7601664225260417,-0.3550052083333333,-0.05624260902404785,0.04566658437252045
2005-010,2005-11-30 21:00:00,0.7601664225260417,-0.3550052083333333,-0.05624260902404785,0.04566658437252045
2005-010,2005-12-01 00:00:00,0.7605448404947917,-0.42954166666666665,-0.010517259687185287,0.0462539404630661
2005-010,2005-12-01 03:00:00,0.7605448404947917,-0.42954166666666665,-0.010517259687185287,0.0462539404630661
2005-010,2005-12-01 06:00:00,0.7605448404947917,-0.339296875,-0.024765343964099885,-0.025559327006340025
2005-010,2005-12-01 09:00:00,0.7605448404947917,-0.339296875,-0.024765343964099885,-0.025559327006340025
2005-010,2005-12-01 12:00:00,0.7605448404947917,-0.432578125,-0.10323708057403565,-0.12168302536010742
2005-010,2005-12-01 15:00:00,0.7605448404947917,-0.432578125,-0.10323708057403565,-0.12168302536010742
2005-010,2005-12-01 18:00:00,0.7605448404947917,-0.25790625,-0.22274549007415773,-0.015588128566741943
2005-010,2005-12-01 21:00:00,0.7605448404947917,-0.25790625,-0.22274549007415773,-0.015588128566741943
2005-010,2005-12-02 00:00:00,0.7609944661458333,-0.281125,-0.193727707862854,0.0634308934211731
2005-010,2005-12-02 03:00:00,0.7609944661458333,-0.281125,-0.193727707862854,0.0634308934211731
2005-011,2005-12-06 03:00:00,0.7540201822916667,-0.2999427083333333,-0.08806703090667725,-0.244592022895813
2005-011,2005-12-06 06:00:00,0.7540201822916667,-0.23249479166666667,-0.12765347957611084,-0.3204218864440918
2005-011,2005-12-06 09:00:00,0.7540201822916667,-0.23249479166666667,-0.12765347957611084,-0.3204218864440918
2005-011,2005-12-06 12:00:00,0.7540201822916667,-0.367234375,-0.14631661176681518,-0.3040696859359741
2005-011,2005-12-06 15:00:00,0.7540201822916667,-0.367234375,-0.14631661176681518,-0.3040696859359741
2005-011,2005-12-06 18:00:00,0.7540201822916667,-0.24055208333333333,-0.1640194535255432,-0.23189470767974854
2005-011,2005-12-06 21:00:00,0.7540201822916667,-0.24055208333333333,-0.1640194535255432,-0.23189470767974854
2005-011,2005-12-07 00:00:00,0.7517435709635417,-0.3375625,-0.09359192848205566,-0.19450124502182006
2005-011,2005-12-07 03:00:00,0.7517435709635417,-0.3375625,-0.09359192848205566,-0.19450124502182006
2005-011,2005-12-07 06:00:00,0.7517435709635417,-0.25473958333333335,-0.11254910230636597,-0.21054327487945557
2005-011,2005-12-07 09:00:00,0.7517435709635417,-0.25473958333333335,-0.11254910230636597,-0.21054327487945557
2005-011,2005-12-07 12:00:00,0.7517435709635417,-0.35215104166666666,-0.16007803678512572,-0.17757320404052734
2005-011,2005-12-07 15:00:00,0.7517435709635417,-0.35215104166666666,-0.16007803678512572,-0.17757320404052734
2005-011,2005-12-07 18:00:00,0.7517435709635417,-0.24209895833333334,-0.19914233684539795,-0.08474074006080627
2005-011,2005-12-07 21:00:00,0.7517435709635417,-0.24209895833333334,-0.19914233684539795,-0.08474074006080627
2005-011,2005-12-08 00:00:00,0.7487935384114583,-0.348296875,-0.12804133892059327,-0.02515724003314972
2005-011,2005-12-08 03:00:00,0.7487935384114583,-0.348296875,-0.12804133892059327,-0.02515724003314972
2005-011,2005-12-08 06:00:00,0.7487935384114583,-0.282515625,-0.1508180618286133,-0.06857300996780395
2005-011,2005-12-08 09:00:00,0.7487935384114583,-0.282515625,-0.1508180618286133,-0.06857300996780395
2005-011,2005-12-08 12:00:00,0.7487935384114583,-0.392328125,-0.17792654037475586,-0.033357816934585574
2005-011,2005-12-08 15:00:00,0.7487935384114583,-0.392328125,-0.17792654037475586,-0.033357816934585574
2005-011,2005-12-08 18:00:00,0.7487935384114583,-0.26474479166666665,-0.22512776851654054,0.05853310227394104
2005-011,2005-12-08 21:00:00,0.7487935384114583,-0.26474479166666665,-0.22512776851654054,0.05853310227394104
2005-011,2005-12-09 00:00:00,0.74488525390625,-0.3584114583333333,-0.12251054048538208,0.15529911518096923
2005-011,2005-12-09 03:00:00,0.74488525390625,-0.3584114583333333,-0.12251054048538208,0.15529911518096923
2005-011,2005-12-09 06:00:00,0.74488525390625,-0.27584375,-0.09547563195228577,0.10587292909622192
2005-011,2005-12-09 09:00:00,0.74488525390625,-0.27584375,-0.09547563195228577,0.10587292909622192
2005-011,2005-12-09 12:00:00,0.74488525390625,-0.3655364583333333,-0.15476980209350585,0.08515976667404175
2005-011,2005-12-09 15:00:00,0.74488525390625,-0.3655364583333333,-0.15476980209350585,0.08515976667404175
2005-011,2005-12-09 18:00:00,0.74488525390625,-0.20094791666666667,-0.2173168420791626,0.12002860307693482
2005-011,2005-12-09 21:00:00,0.74488525390625,-0.20094791666666667,-0.2173168420791626,0.12002860307693482
2005-011,2005-12-10 03:00:00,0.7411824544270833,-0.2650416666666667,-0.18639110326766967,0.0739544928073883
2005-011,2005-12-10 06:00:00,0.7411824544270833,-0.15433333333333332,-0.20786693096160888,0.06482075452804566
2005-011,2005-12-10 09:00:00,0.7411824544270833,-0.15433333333333332,-0.20786693096160888,0.06482075452804566
2005-011,2005-12-10 12:00:00,0.7411824544270833,-0.26928125,-0.19845391511917115,0.0218686044216156
2005-012,2005-12-15 12:00:00,0.72850341796875,-0.2573020833333333,-0.42353072166442873,-0.4346632957458496
2005-012,2005-12-15 15:00:00,0.72850341796875,-0.2573020833333333,-0.42353072166442873,-0.4346632957458496
2005-012,2005-12-15 18:00:00,0.72850341796875,-0.16311979166666668,-0.42067341804504393,-0.3787625551223755
2005-012,2005-12-15 21:00:00,0.72850341796875,-0.16311979166666668,-0.42067341804504393,-0.3787625551223755
2005-012,2005-12-16 00:00:00,0.7250101725260417,-0.27084375,-0.36803672313690183,-0.33510522842407225
2005-012,2005-12-16 03:00:00,0.7250101725260417,-0.27084375,-0.36803672313690183,-0.33510522842407225
2005-012,2005-12-16 06:00:00,0.7250101725260417,-0.168203125,-0.3879826784133911,-0.32224397659301757
2005-012,2005-12-16 09:00:00,0.7250101725260417,-0.168203125,-0.3879826784133911,-0.32224397659301757
2005-012,2005-12-16 12:00:00,0.7250101725260417,-0.31840625,-0.3907961130142212,-0.26996440887451173
2005-012,2005-12-16 15:00:00,0.7250101725260417,-0.31840625,-0.3907961130142212,-0.26996440887451173
2005-012,2005-12-16 18:00:00,0.7250101725260417,-0.206390625,-0.42642507553100584,-0.18132877349853516
2005-012,2005-12-16 21:00:00,0.7250101725260417,-0.206390625,-0.42642507553100584,-0.18132877349853516
2005-012,2005-12-17 00:00:00,0.7223042805989583,-0.32565104166666664,-0.40294623374938965,-0.07499164938926697
2005-012,2005-12-17 03:00:00,0.7223042805989583,-0.32565104166666664,-0.40294623374938965,-0.07499164938926697
2005-012,2005-12-17 06:00:00,0.7223042805989583,-0.24703645833333332,-0.3544919967651367,0.006451869755983353
2005-012,2005-12-17 09:00:00,0.7223042805989583,-0.24703645833333332,-0.3544919967651367,0.006451869755983353
2005-012,2005-12-17 12:00:00,0.7223042805989583,-0.36494791666666665,-0.37776570320129393,0.026152902841567995
2005-012,2005-12-17 15:00:00,0.7223042805989583,-0.36494791666666665,-0.37776570320129393,0.026152902841567995
2005-012,2005-12-17 18:00:00,0.7223042805989583,-0.2774583333333333,-0.36781816482543944,0.1002500295639038
2005-012,2005-12-17 21:00:00,0.7223042805989583,-0.2774583333333333,-0.36781816482543944,0.1002500295639038
2005-012,2005-12-18 00:00:00,0.7203206380208333,-0.38876041666666666,-0.2980681896209717,0.1625543713569641
2005-012,2005-12-18 03:00:00,0.7203206380208333,-0.38876041666666666,-0.2980681896209717,0.1625543713569641
2005-012,2005-12-18 06:00:00,0.7203206380208333,-0.30528645833333334,-0.1978954553604126,0.17515301704406738
2005-012,2005-12-18 09:00:00,0.7203206380208333,-0.30528645833333334,-0.1978954553604126,0.17515301704406738
2005-012,2005-12-18 12:00:00,0.7203206380208333,-0.458953125,-0.1333889842033386,0.10129414796829224
2005-012,2005-12-18 15:00:00,0.7203206380208333,-0.458953125,-0.1333889842033386,0.10129414796829224
2005-012,2005-12-18 18:00:00,0.7203206380208333,-0.370171875,-0.17227349281311036,0.13806021213531494
2005-012,2005-12-18 21:00:00,0.7203206380208333,-0.370171875,-0.17227349281311036,0.13806021213531494
2005-012,2005-12-19 00:00:00,0.718988037109375,-0.482296875,-0.0918996810913086,0.14836771488189698
2005-012,2005-12-19 03:00:00,0.718988037109375,-0.482296875,-0.0918996810913086,0.14836771488189698
2005-012,2005-12-19 06:00:00,0.718988037109375,-0.406859375,-0.028926536440849304,0.12371540069580078
2005-012,2005-12-19 09:00:00,0.718988037109375,-0.406859375,-0.028926536440849304,0.12371540069580078
2005-012,2005-12-19 12:00:00,0.718988037109375,-0.5029270833333334,-0.02896917462348938,0.05454528331756592
2005-012,2005-12-19 15:00:00,0.718988037109375,-0.5029270833333334,-0.02896917462348938,0.05454528331756592
2005-012,2005-12-19 18:00:00,0.718988037109375,-0.369203125,-0.07824287414550782,0.10212814807891846
2005-012,2005-12-19 21:00:00,0.718988037109375,-0.369203125,-0.07824287414550782,0.10212814807891846
2005-012,2005-12-20 00:00:00,0.7183003743489583,-0.46634895833333334,-0.050298672914505,0.14665123224258422
2005-012,2005-12-20 03:00:00,0.7183003743489583,-0.46634895833333334,-0.050298672914505,0.14665123224258422
2005-012,2005-12-20 06:00:00,0.7183003743489583,-0.3555520833333333,-0.009502069652080536,0.120155930519104
2005-012,2005-12-20 09:00:00,0.7183003743489583,-0.3555520833333333,-0.009502069652080536,0.120155930519104
2005-012,2005-12-20 12:00:00,0.7183003743489583,-0.4496822916666667,0.004128593951463699,0.0591109573841095
2005-012,2005-12-20 15:00:00,0.7183003743489583,-0.4496822916666667,0.004128593951463699,0.0591109573841095
2005-012,2005-12-20 18:00:00,0.7183003743489583,-0.29927604166666666,-0.036333400011062625,0.05993326306343079
2005-012,2005-12-20 21:00:00,0.7183003743489583,-0.29927604166666666,-0.036333400011062625,0.05993326306343079
2005-012,2005-12-21 00:00:00,0.7181254069010417,-0.3691770833333333,-0.054952025413513184,0.08615862727165222
2005-012,2005-12-21 03:00:00,0.7181254069010417,-0.3691770833333333,-0.054952025413513184,0.08615862727165222
2005-012,2005-12-21 06:00:00,0.7181254069010417,-0.2636875,-0.014732107520103455,0.10962111949920654
2005-012,2005-12-21 09:00:00,0.7181254069010417,-0.2636875,-0.014732107520103455,0.10962111949920654
2005-012,2005-12-21 12:00:00,0.7181254069010417,-0.3462604166666667,0.04810154736042023,0.07593997716903686
2005-012,2005-12-21 15:00:00,0.7181254069010417,-0.3462604166666667,0.04810154736042023,0.07593997716903686
2005-012,2005-12-21 18:00:00,0.7181254069010417,-0.23209375,0.12386690378189087,0.11749266386032105
2005-012,2005-12-21 21:00:00,0.7181254069010417,-0.23209375,0.12386690378189087,0.11749266386032105
2005-012,2005-12-22 00:00:00,0.71832275390625,-0.3436875,0.19992245435714723,0.08671973347663879
2006-001,2006-01-13 12:00:00,0.7282206217447916,-0.2758125,0.17571862936019897,-0.21150531768798828
2006-001,2006-01-14 00:00:00,0.7307637532552084,-0.23665104166666667,0.29565255641937255,-0.08859413862228394
2006-001,2006-01-14 03:00:00,0.7307637532552084,-0.23665104166666667,0.29565255641937255,-0.08859413862228394
2006-001,2006-01-14 06:00:00,0.7307637532552084,-0.07581770833333333,0.26032242774963377,-0.135662305355072
2006-001,2006-01-14 09:00:00,0.7307637532552084,-0.07581770833333333,0.26032242774963377,-0.135662305355072
2006-001,2006-01-14 12:00:00,0.7307637532552084,-0.280125,0.17185369729995728,-0.19822964668273926
2006-001,2006-01-14 15:00:00,0.7307637532552084,-0.280125,0.17185369729995728,-0.19822964668273926
2006-001,2006-01-14 18:00:00,0.7307637532552084,-0.165328125,0.0023482875898480416,-0.15308524370193483
2006-001,2006-01-14 21:00:00,0.7307637532552084,-0.165328125,0.0023482875898480416,-0.15308524370193483
2006-002,2006-04-25 03:00:00,0.86793212890625,-0.4244322916666667,0.13500155210494996,0.13166016340255737
2006-002,2006-04-25 06:00:00,0.86793212890625,-0.36859375,0.09106354117393493,0.16599169969558716
2006-002,2006-04-25 09:00:00,0.86793212890625,-0.36859375,0.09106354117393493,0.16599169969558716
2006-002,2006-04-25 12:00:00,0.86793212890625,-0.5244635416666666,0.09591604471206665,0.21155202388763428
2006-002,2006-04-25 15:00:00,0.86793212890625,-0.5244635416666666,0.09591604471206665,0.21155202388763428
2006-002,2006-04-25 18:00:00,0.86793212890625,-0.35601041666666666,0.15153876543045045,0.32971670627593996
2006-002,2006-04-25 21:00:00,0.86793212890625,-0.35601041666666666,0.15153876543045045,0.32971670627593996
2006-002,2006-04-26 00:00:00,0.8674275716145833,-0.43180729166666665,0.12376570701599121,0.28779537677764894
2006-002,2006-04-26 03:00:00,0.8674275716145833,-0.43180729166666665,0.12376570701599121,0.28779537677764894
2006-002,2006-04-26 06:00:00,0.8674275716145833,-0.3755625,0.111662757396698,0.3311452388763428
2006-002,2006-04-26 09:00:00,0.8674275716145833,-0.3755625,0.111662757396698,0.3311452388763428
2006-002,2006-04-26 12:00:00,0.8674275716145833,-0.5323854166666667,0.1415294051170349,0.367621111869812
2006-002,2006-04-26 15:00:00,0.8674275716145833,-0.5323854166666667,0.1415294051170349,0.367621111869812
2006-002,2006-04-26 18:00:00,0.8674275716145833,-0.37172916666666667,0.1462605118751526,0.39249844551086427
2006-002,2006-04-26 21:00:00,0.8674275716145833,-0.37172916666666667,0.1462605118751526,0.39249844551086427
2006-002,2006-04-27 00:00:00,0.8667582194010417,-0.44258333333333333,0.0807426929473877,0.3256295442581177
2006-002,2006-04-27 03:00:00,0.8667582194010417,-0.44258333333333333,0.0807426929473877,0.3256295442581177
2006-002,2006-04-27 06:00:00,0.8667582194010417,-0.4015520833333333,0.04618257284164429,0.38207962512969973
2006-002,2006-04-27 09:00:00,0.8667582194010417,-0.4015520833333333,0.04618257284164429,0.38207962512969973
2006-002,2006-04-27 12:00:00,0.8667582194010417,-0.5871666666666666,0.09876973032951356,0.37813587188720704
2006-002,2006-04-27 15:00:00,0.8667582194010417,-0.5871666666666666,0.09876973032951356,0.37813587188720704
2006-002,2006-04-27 18:00:00,0.8667582194010417,-0.4385572916666667,0.13268061876296997,0.360560941696167
2006-002,2006-04-27 21:00:00,0.8667582194010417,-0.4385572916666667,0.13268061876296997,0.360560941696167
2006-002,2006-04-28 00:00:00,0.8640116373697917,-0.5095416666666667,0.16228082180023193,0.3097235679626465
2006-002,2006-04-28 03:00:00,0.8640116373697917,-0.5095416666666667,0.16228082180023193,0.3097235679626465
2006-002,2006-04-28 06:00:00,0.8640116373697917,-0.4801875,0.19447951316833495,0.27579922676086427
2006-002,2006-04-28 09:00:00,0.8640116373697917,-0.4801875,0.19447951316833495,0.27579922676086427
2006-002,2006-04-28 12:00:00,0.8640116373697917,-0.6180260416666666,0.24133968353271484,0.18080872297286987
2006-002,2006-04-28 15:00:00,0.8640116373697917,-0.6180260416666666,0.24133968353271484,0.18080872297286987
2006-002,2006-04-28 18:00:00,0.8640116373697917,-0.5070520833333333,0.2975661277770996,0.16925296783447266
2006-002,2006-04-28 21:00:00,0.8640116373697917,-0.5070520833333333,0.2975661277770996,0.16925296783447266
2006-002,2006-04-29 00:00:00,0.8602396647135416,-0.5698177083333333,0.3589629173278809,0.10152041912078857
2006-002,2006-04-29 03:00:00,0.8602396647135416,-0.5698177083333333,0.3589629173278809,0.10152041912078857
2006-002,2006-04-29 06:00:00,0.8602396647135416,-0.5062552083333334,0.35736083984375,0.14174073934555054
2006-002,2006-04-29 09:00:00,0.8602396647135416,-0.5062552083333334,0.35736083984375,0.14174073934555054
2006-002,2006-04-29 12:00:00,0.8602396647135416,-0.5973489583333333,0.39422857761383057,0.18794288635253906
2006-002,2006-04-29 15:00:00,0.8602396647135416,-0.5973489583333333,0.39422857761383057,0.18794288635253906
2006-002,2006-04-29 18:00:00,0.8602396647135416,-0.4497083333333333,0.43642401695251465,0.27166974544525146
2006-003,2006-07-02 00:00:00,0.8072896321614583,-1.0982916666666667,0.2690323829650879,0.14204965829849242
2006-003,2006-07-02 03:00:00,0.8072896321614583,-1.0982916666666667,0.2690323829650879,0.14204965829849242
2006-003,2006-07-02 06:00:00,0.8072896321614583,-1.081890625,0.25373976230621337,0.1339431643486023
2006-003,2006-07-02 09:00:00,0.8072896321614583,-1.081890625,0.25373976230621337,0.1339431643486023
2006-003,2006-07-02 12:00:00,0.8072896321614583,-1.2692291666666666,0.20972261428833008,0.2112736463546753
2006-003,2006-07-02 15:00:00,0.8072896321614583,-1.2692291666666666,0.20972261428833008,0.2112736463546753
2006-003,2006-07-02 18:00:00,0.8072896321614583,-1.1046458333333333,0.2008296012878418,0.2586906671524048
2006-003,2006-07-02 21:00:00,0.8072896321614583,-1.1046458333333333,0.2008296012878418,0.2586906671524048
2006-003,2006-07-03 00:00:00,0.79967041015625,-1.1822135416666666,0.1793821096420288,0.25619466304779054
2006-003,2006-07-03 03:00:00,0.79967041015625,-1.1822135416666666,0.1793821096420288,0.25619466304779054
2006-003,2006-07-03 06:00:00,0.79967041015625,-1.0885885416666667,0.19693077802658082,0.2731680154800415
2006-003,2006-07-03 09:00:00,0.79967041015625,-1.0885885416666667,0.19693077802658082,0.2731680154800415
2006-003,2006-07-03 12:00:00,0.79967041015625,-1.2284375,0.1718792200088501,0.30684690475463866
2006-003,2006-07-03 15:00:00,0.79967041015625,-1.2284375,0.1718792200088501,0.30684690475463866
2006-003,2006-07-03 18:00:00,0.79967041015625,-1.0668072916666667,0.14515267610549926,0.33566062450408934
2006-003,2006-07-03 21:00:00,0.79967041015625,-1.0668072916666667,0.14515267610549926,0.33566062450408934
2006-003,2006-07-04 00:00:00,0.8039021809895833,-1.0924791666666667,0.13100577592849733,0.2888136863708496
2006-003,2006-07-04 03:00:00,0.8039021809895833,-1.0924791666666667,0.13100577592849733,0.2888136863708496
2006-003,2006-07-04 06:00:00,0.8039021809895833,-1.009890625,0.12020419836044312,0.32849118709564207
2006-003,2006-07-04 09:00:00,0.8039021809895833,-1.009890625,0.12020419836044312,0.32849118709564207
2006-003,2006-07-04 12:00:00,0.8039021809895833,-1.1303802083333334,0.1684739112854004,0.3462469816207886
2006-003,2006-07-04 15:00:00,0.8039021809895833,-1.1303802083333334,0.1684739112854004,0.3462469816207886
2006-003,2006-07-04 18:00:00,0.8039021809895833,-0.8914270833333333,0.17590450048446654,0.370336127281189
2006-003,2006-07-04 21:00:00,0.8039021809895833,-0.8914270833333333,0.17590450048446654,0.370336127281189
2006-003,2006-07-05 00:00:00,0.8145263671875,-0.8756822916666667,0.1541170597076416,0.31802384853363036
2006-003,2006-07-05 03:00:00,0.8145263671875,-0.8756822916666667,0.1541170597076416,0.31802384853363036
2006-003,2006-07-05 06:00:00,0.8145263671875,-0.760390625,0.2550957202911377,0.3884291410446167
2006-004,2006-08-02 03:00:00,0.7613505045572917,-0.892375,0.25414066314697265,0.033955973386764524
2006-004,2006-08-02 06:00:00,0.7613505045572917,-0.8525833333333334,0.270033073425293,0.0011764863505959512
2006-004,2006-08-02 09:00:00,0.7613505045572917,-0.8525833333333334,0.270033073425293,0.0011764863505959512
2006-004,2006-08-02 12:00:00,0.7613505045572917,-1.0430052083333334,0.22758810520172118,0.13461155891418458
2006-004,2006-08-02 15:00:00,0.7613505045572917,-1.0430052083333334,0.22758810520172118,0.13461155891418458
2006-004,2006-08-02 18:00:00,0.7613505045572917,-0.93259375,0.23446364402770997,0.1488857388496399
2006-004,2006-08-02 21:00:00,0.7613505045572917,-0.93259375,0.23446364402770997,0.1488857388496399
2006-004,2006-08-03 03:00:00,0.754547119140625,-0.9910625,0.18717890977859497,0.15271589756011963
2006-004,2006-08-03 06:00:00,0.754547119140625,-0.9414427083333333,0.16405491828918456,0.19432693719863892
2006-004,2006-08-03 09:00:00,0.754547119140625,-0.9414427083333333,0.16405491828918456,0.19432693719863892
2006-004,2006-08-03 12:00:00,0.754547119140625,-1.1038020833333333,0.1644853711128235,0.23789236545562745
2006-004,2006-08-03 15:00:00,0.754547119140625,-1.1038020833333333,0.1644853711128235,0.23789236545562745
2006-004,2006-08-03 18:00:00,0.754547119140625,-0.9450833333333334,0.14373650550842285,0.2745808601379395
2006-004,2006-08-03 21:00:00,0.754547119140625,-0.9450833333333334,0.14373650550842285,0.2745808601379395
2006-004,2006-08-04 00:00:00,0.7492472330729166,-0.9670885416666667,0.10262088775634766,0.2768817186355591
2006-004,2006-08-04 03:00:00,0.7492472330729166,-0.9670885416666667,0.10262088775634766,0.2768817186355591
2006-004,2006-08-04 06:00:00,0.7492472330729166,-0.831328125,0.09320595264434814,0.3469583988189697
2006-004,2006-08-04 09:00:00,0.7492472330729166,-0.831328125,0.09320595264434814,0.3469583988189697
2006-004,2006-08-04 12:00:00,0.7492472330729166,-0.8750104166666667,0.11320899724960327,0.3713040351867676
2006-004,2006-08-04 15:00:00,0.7492472330729166,-0.8750104166666667,0.11320899724960327,0.3713040351867676
2006-004,2006-08-04 18:00:00,0.7492472330729166,-0.693375,0.10301445722579956,0.37760741710662843
2006-004,2006-08-04 21:00:00,0.7492472330729166,-0.693375,0.10301445722579956,0.37760741710662843
2006-004,2006-08-05 00:00:00,0.7455362955729167,-0.6995052083333333,0.042505353689193726,0.35032429695129397
2006-004,2006-08-05 03:00:00,0.7455362955729167,-0.6995052083333333,0.042505353689193726,0.35032429695129397
2006-004,2006-08-05 06:00:00,0.7455362955729167,-0.5675364583333333,0.10983936786651612,0.43832874298095703
2006-004,2006-08-05 09:00:00,0.7455362955729167,-0.5675364583333333,0.10983936786651612,0.43832874298095703
2006-005,2006-08-12 03:00:00,0.7685017903645833,-0.9784322916666667,0.1252592086791992,0.12852073907852174
2006-005,2006-08-12 06:00:00,0.7685017903645833,-0.9232239583333334,0.05971171855926514,0.14902467727661134
2006-005,2006-08-12 09:00:00,0.7685017903645833,-0.9232239583333334,0.05971171855926514,0.14902467727661134
2006-005,2006-08-12 12:00:00,0.7685017903645833,-1.0970833333333334,0.08874046206474304,0.2340773820877075
2006-005,2006-08-12 15:00:00,0.7685017903645833,-1.0970833333333334,0.08874046206474304,0.2340773820877075
2006-005,2006-08-12 18:00:00,0.7685017903645833,-0.91084375,0.08131618499755859,0.2350917100906372
2006-005,2006-08-12 21:00:00,0.7685017903645833,-0.91084375,0.08131618499755859,0.2350917100906372
2006-005,2006-08-13 00:00:00,0.7652425130208333,-0.9488489583333334,0.09066854119300842,0.22337241172790528
2006-006,2006-08-16 03:00:00,0.7540384928385416,-1.0179947916666667,0.08044635653495788,0.08846388459205627
2006-006,2006-08-16 06:00:00,0.7540384928385416,-0.9853177083333333,0.0528800368309021,0.10494284629821778
2006-006,2006-08-16 09:00:00,0.7540384928385416,-0.9853177083333333,0.0528800368309021,0.10494284629821778
2006-006,2006-08-16 12:00:00,0.7540384928385416,-1.1782135416666666,0.03589330017566681,0.12721997499465942
2006-006,2006-08-16 15:00:00,0.7540384928385416,-1.1782135416666666,0.03589330017566681,0.12721997499465942
2006-006,2006-08-16 18:00:00,0.7540384928385416,-0.9600989583333334,0.054637610912323,0.14818557500839233
2006-006,2006-08-16 21:00:00,0.7540384928385416,-0.9600989583333334,0.054637610912323,0.14818557500839233
2006-006,2006-08-17 00:00:00,0.753607177734375,-1.0119166666666666,0.023512177169322968,0.14152414798736573
2006-006,2006-08-17 03:00:00,0.753607177734375,-1.0119166666666666,0.023512177169322968,0.14152414798736573
2006-006,2006-08-17 06:00:00,0.753607177734375,-0.90184375,0.0038711924105882646,0.17495816946029663
2006-006,2006-08-17 09:00:00,0.753607177734375,-0.90184375,0.0038711924105882646,0.17495816946029663
2006-006,2006-08-17 12:00:00,0.753607177734375,-1.0005052083333332,0.0015979783609509468,0.17864223718643188
2006-006,2006-08-17 15:00:00,0.753607177734375,-1.0005052083333332,0.0015979783609509468,0.17864223718643188
2006-006,2006-08-17 18:00:00,0.753607177734375,-0.7628958333333333,0.023393797874450683,0.19708720445632935
2006-006,2006-08-17 21:00:00,0.753607177734375,-0.7628958333333333,0.023393797874450683,0.19708720445632935
2006-006,2006-08-18 00:00:00,0.753851318359375,-0.7610416666666666,0.025500312447547913,0.15454031229019166
2006-006,2006-08-18 03:00:00,0.753851318359375,-0.7610416666666666,0.025500312447547913,0.15454031229019166
2006-006,2006-08-18 06:00:00,0.753851318359375,-0.6353072916666667,0.06351953744888306,0.2191704273223877
2006-006,2006-08-18 09:00:00,0.753851318359375,-0.6353072916666667,0.06351953744888306,0.2191704273223877
2006-007,2006-08-29 03:00:00,0.7949727376302084,-0.6880625,0.14292433261871337,0.02243293970823288
2006-007,2006-08-29 06:00:00,0.7949727376302084,-0.5858697916666666,0.09835618138313293,0.012650379538536071
2006-007,2006-08-29 09:00:00,0.7949727376302084,-0.5858697916666666,0.09835618138313293,0.012650379538536071
2006-007,2006-08-29 12:00:00,0.7949727376302084,-0.720921875,0.052794533967971805,0.07146119475364685
2006-007,2006-08-29 15:00:00,0.7949727376302084,-0.720921875,0.052794533967971805,0.07146119475364685
2006-007,2006-08-29 18:00:00,0.7949727376302084,-0.5300625,0.034967854619026184,0.0918846845626831
2006-007,2006-08-29 21:00:00,0.7949727376302084,-0.5300625,0.034967854619026184,0.0918846845626831
2006-007,2006-08-30 00:00:00,0.7967753092447917,-0.55178125,-0.026831507682800293,0.05936679244041443
2006-007,2006-08-30 03:00:00,0.7967753092447917,-0.55178125,-0.026831507682800293,0.05936679244041443
2006-007,2006-08-30 06:00:00,0.7967753092447917,-0.45034375,-0.017195864021778105,0.08870961666107177
2006-007,2006-08-30 09:00:00,0.7967753092447917,-0.45034375,-0.017195864021778105,0.08870961666107177
2006-007,2006-08-30 12:00:00,0.7967753092447917,-0.637640625,-0.002309549227356911,0.07011107206344605
2006-007,2006-08-30 15:00:00,0.7967753092447917,-0.637640625,-0.002309549227356911,0.07011107206344605
2006-007,2006-08-30 18:00:00,0.7967753092447917,-0.495171875,0.0043365336954593655,0.1286499857902527
2006-007,2006-08-30 21:00:00,0.7967753092447917,-0.495171875,0.0043365336954593655,0.1286499857902527
2006-007,2006-08-31 00:00:00,0.799005126953125,-0.567828125,0.010406962782144546,0.08613602519035339
2006-007,2006-08-31 03:00:00,0.799005126953125,-0.567828125,0.010406962782144546,0.08613602519035339
2006-007,2006-08-31 06:00:00,0.799005126953125,-0.49709895833333334,0.039912167191505435,0.16822561025619506
2006-007,2006-08-31 09:00:00,0.799005126953125,-0.49709895833333334,0.039912167191505435,0.16822561025619506
2006-007,2006-08-31 12:00:00,0.799005126953125,-0.6940572916666666,0.06625003218650818,0.11784600019454956
2006-007,2006-08-31 15:00:00,0.799005126953125,-0.6940572916666666,0.06625003218650818,0.11784600019454956
2006-007,2006-08-31 18:00:00,0.799005126953125,-0.539625,0.05958587527275085,0.16180047988891602
2006-007,2006-08-31 21:00:00,0.799005126953125,-0.539625,0.05958587527275085,0.16180047988891602
2006-007,2006-09-01 00:00:00,0.7991048177083333,-0.5794479166666666,0.07869481444358825,0.11971604824066162
2006-007,2006-09-01 03:00:00,0.7991048177083333,-0.5794479166666666,0.07869481444358825,0.11971604824066162
2006-007,2006-09-01 06:00:00,0.7991048177083333,-0.503015625,0.15070738792419433,0.17190990447998047
2006-008,2006-09-03 03:00:00,0.7902445475260417,-0.49471354166666665,0.19893866777420044,0.10523546934127807
2006-008,2006-09-03 06:00:00,0.7902445475260417,-0.46934895833333334,0.1687709093093872,0.09326472282409667
2006-008,2006-09-03 09:00:00,0.7902445475260417,-0.46934895833333334,0.1687709093093872,0.09326472282409667
2006-008,2006-09-03 12:00:00,0.7902445475260417,-0.6616354166666667,0.10701878070831299,0.23866138458251954
2006-008,2006-09-03 15:00:00,0.7902445475260417,-0.6616354166666667,0.10701878070831299,0.23866138458251954
2006-008,2006-09-03 18:00:00,0.7902445475260417,-0.537390625,0.06480959057807922,0.295109224319458
2006-008,2006-09-03 21:00:00,0.7902445475260417,-0.537390625,0.06480959057807922,0.295109224319458
2006-008,2006-09-04 00:00:00,0.7900919596354167,-0.6002291666666667,-0.01176132932305336,0.29268479347229004
2006-008,2006-09-04 03:00:00,0.7900919596354167,-0.6002291666666667,-0.01176132932305336,0.29268479347229004
2006-008,2006-09-04 06:00:00,0.7900919596354167,-0.538421875,-0.07368847131729125,0.34770917892456055
2006-008,2006-09-04 09:00:00,0.7900919596354167,-0.538421875,-0.07368847131729125,0.34770917892456055
2006-008,2006-09-04 12:00:00,0.7900919596354167,-0.6805364583333333,-0.026371106505393982,0.3700600862503052
2006-008,2006-09-04 15:00:00,0.7900919596354167,-0.6805364583333333,-0.026371106505393982,0.3700600862503052
2006-008,2006-09-04 18:00:00,0.7900919596354167,-0.5370572916666667,-0.051300859451293944,0.33217246532440187
2006-008,2006-09-04 21:00:00,0.7900919596354167,-0.5370572916666667,-0.051300859451293944,0.33217246532440187
2006-009,2006-09-21 03:00:00,0.8604878743489583,-0.7682864583333333,-0.15621479749679565,0.026914000511169434
2006-009,2006-09-21 06:00:00,0.8604878743489583,-0.707109375,-0.15785515308380127,0.03431488573551178
2006-009,2006-09-21 09:00:00,0.8604878743489583,-0.707109375,-0.15785515308380127,0.03431488573551178
2006-009,2006-09-21 12:00:00,0.8604878743489583,-0.86753125,-0.13193936347961427,0.08728986382484435
2006-009,2006-09-21 15:00:00,0.8604878743489583,-0.86753125,-0.13193936347961427,0.08728986382484435
2006-009,2006-09-21 18:00:00,0.8604878743489583,-0.72540625,-0.0729549765586853,0.07070021033287048
2006-009,2006-09-21 21:00:00,0.8604878743489583,-0.72540625,-0.0729549765586853,0.07070021033287048
2006-009,2006-09-22 00:00:00,0.84732666015625,-0.8133385416666666,-0.0879425585269928,0.044775328040122984
2006-009,2006-09-22 03:00:00,0.84732666015625,-0.8133385416666666,-0.0879425585269928,0.044775328040122984
2006-009,2006-09-22 06:00:00,0.84732666015625,-0.69946875,-0.08018792867660522,0.025874578952789308
2006-009,2006-09-22 09:00:00,0.84732666015625,-0.69946875,-0.08018792867660522,0.025874578952789308
2006-009,2006-09-22 12:00:00,0.84732666015625,-0.8384270833333334,-0.06485313773155213,0.03014039099216461
2006-009,2006-09-22 15:00:00,0.84732666015625,-0.8384270833333334,-0.06485313773155213,0.03014039099216461
2006-009,2006-09-22 18:00:00,0.84732666015625,-0.6614583333333334,-0.05153874158859253,0.042926734685897826
2006-009,2006-09-22 21:00:00,0.84732666015625,-0.6614583333333334,-0.05153874158859253,0.042926734685897826
2006-009,2006-09-23 00:00:00,0.8344970703125,-0.68471875,-0.03157240152359009,0.027681711316108703
2006-009,2006-09-23 03:00:00,0.8344970703125,-0.68471875,-0.03157240152359009,0.027681711316108703
2006-009,2006-09-23 06:00:00,0.8344970703125,-0.561015625,-0.05067367553710937,-1.092864476959221e-05
2006-009,2006-09-23 09:00:00,0.8344970703125,-0.561015625,-0.05067367553710937,-1.092864476959221e-05
2006-009,2006-09-23 12:00:00,0.8344970703125,-0.682484375,-0.05249587893486023,0.041320332884788515
2006-009,2006-09-23 15:00:00,0.8344970703125,-0.682484375,-0.05249587893486023,0.041320332884788515
2006-009,2006-09-23 18:00:00,0.8344970703125,-0.4891302083333333,-0.04357930421829224,0.05500996708869934
2006-009,2006-09-23 21:00:00,0.8344970703125,-0.4891302083333333,-0.04357930421829224,0.05500996708869934
2006-009,2006-09-24 00:00:00,0.824407958984375,-0.544,-0.10764079093933106,0.0882030725479126
2006-010,2006-09-21 03:00:00,0.7516703287760417,-0.6343854166666667,0.24267446994781494,0.10419541597366333
2006-010,2006-09-21 06:00:00,0.751788330078125,-0.49416145833333336,0.18145729303359986,0.1531472086906433
2006-010,2006-09-21 09:00:00,0.751788330078125,-0.49416145833333336,0.18145729303359986,0.1531472086906433
2006-010,2006-09-21 12:00:00,0.7520243326822916,-0.69871875,0.2588903188705444,0.14989335536956788
2006-010,2006-09-21 15:00:00,0.7520243326822916,-0.69871875,0.2588903188705444,0.14989335536956788
2006-010,2006-09-21 18:00:00,0.75179443359375,-0.54096875,0.1825577735900879,0.26659250259399414
2006-010,2006-09-21 21:00:00,0.75179443359375,-0.54096875,0.1825577735900879,0.26659250259399414
2006-010,2006-09-22 00:00:00,0.7408650716145834,-0.6351041666666667,0.2636986017227173,0.13877291679382325
2006-010,2006-09-22 03:00:00,0.7408650716145834,-0.6351041666666667,0.2636986017227173,0.13877291679382325
2006-010,2006-09-22 06:00:00,0.7409261067708334,-0.5108697916666667,0.18588221073150635,0.16964058876037597
2006-010,2006-09-22 09:00:00,0.7409261067708334,-0.5108697916666667,0.18588221073150635,0.16964058876037597
2006-010,2006-09-22 12:00:00,0.74100341796875,-0.7293958333333334,0.25088813304901125,0.13083590269088746
2006-010,2006-09-22 15:00:00,0.74100341796875,-0.7293958333333334,0.25088813304901125,0.13083590269088746
2006-010,2006-09-22 18:00:00,0.7408610026041667,-0.5663072916666667,0.18536155223846434,0.24122798442840576
2006-010,2006-09-22 21:00:00,0.7408610026041667,-0.5663072916666667,0.18536155223846434,0.24122798442840576
2006-010,2006-09-23 00:00:00,0.731549072265625,-0.6233802083333333,0.20197203159332275,0.12743895053863524
2006-010,2006-09-23 03:00:00,0.731549072265625,-0.6233802083333333,0.20197203159332275,0.12743895053863524
2006-010,2006-09-23 06:00:00,0.7316935221354167,-0.4369427083333333,0.12387923002243043,0.20466217994689942
2006-010,2006-09-23 09:00:00,0.7316935221354167,-0.4369427083333333,0.12387923002243043,0.20466217994689942
2006-010,2006-09-23 12:00:00,0.7318318684895834,-0.594703125,0.2708660364151001,0.11897684335708618
2006-010,2006-09-23 15:00:00,0.7318318684895834,-0.594703125,0.2708660364151001,0.11897684335708618
2006-010,2006-09-23 18:00:00,0.73167724609375,-0.40072395833333335,0.13105143308639527,0.15603753328323364
2006-010,2006-09-23 21:00:00,0.73167724609375,-0.40072395833333335,0.13105143308639527,0.15603753328323364
2006-010,2006-09-24 00:00:00,0.7264444986979167,-0.51771875,0.11861014366149902,0.07249194383621216
2006-010,2006-09-24 03:00:00,0.7264444986979167,-0.51771875,0.11861014366149902,0.07249194383621216
2006-010,2006-09-24 06:00:00,0.7266031901041666,-0.34222395833333336,0.05818554162979126,0.12356425523757934
2006-010,2006-09-24 09:00:00,0.7266031901041666,-0.34222395833333336,0.05818554162979126,0.12356425523757934
2006-010,2006-09-24 12:00:00,0.7267578125,-0.538328125,0.17339268922805787,0.08354259133338929
2006-011,2006-09-28 09:00:00,0.8135091145833333,-0.50659375,-0.07402526140213013,-0.144326114654541
2006-011,2006-09-28 12:00:00,0.8135091145833333,-0.6664322916666666,-0.13597599267959595,0.04614242613315582
2006-011,2006-09-28 15:00:00,0.8135091145833333,-0.6664322916666666,-0.13597599267959595,0.04614242613315582
2006-011,2006-09-28 18:00:00,0.8135091145833333,-0.5178177083333333,-0.10255160331726074,0.13254172801971437
2006-011,2006-09-28 21:00:00,0.8135091145833333,-0.5178177083333333,-0.10255160331726074,0.13254172801971437
2006-011,2006-09-29 00:00:00,0.8192911783854167,-0.579484375,-0.07186480164527893,0.21298329830169677
2006-011,2006-09-29 03:00:00,0.8192911783854167,-0.579484375,-0.07186480164527893,0.21298329830169677
2006-011,2006-09-29 06:00:00,0.8192911783854167,-0.486640625,-0.022993791103363036,0.24809761047363282
2006-011,2006-09-29 09:00:00,0.8192911783854167,-0.486640625,-0.022993791103363036,0.24809761047363282
2006-011,2006-09-29 12:00:00,0.8192911783854167,-0.6258385416666666,0.0013976338319480418,0.3345406293869019
2006-011,2006-09-29 15:00:00,0.8192911783854167,-0.6258385416666666,0.0013976338319480418,0.3345406293869019
2006-011,2006-09-29 18:00:00,0.8192911783854167,-0.47613541666666664,-0.0007306959480047226,0.3688437700271606
2006-011,2006-09-29 21:00:00,0.8192911783854167,-0.47613541666666664,-0.0007306959480047226,0.3688437700271606
2006-011,2006-09-30 00:00:00,0.828314208984375,-0.4463020833333333,-0.028913965821266173,0.3051901340484619
2006-012,2006-10-29 00:00:00,0.8218546549479167,-0.17628125,-0.1214111328125,0.16351355314254762
2006-012,2006-10-29 03:00:00,0.8218546549479167,-0.17628125,-0.1214111328125,0.16351355314254762
2006-012,2006-10-29 06:00:00,0.8218546549479167,-0.06636458333333334,-0.17810375690460206,0.17739654779434205
2006-012,2006-10-29 09:00:00,0.8218546549479167,-0.06636458333333334,-0.17810375690460206,0.17739654779434205
2006-012,2006-10-29 12:00:00,0.8218546549479167,-0.2606354166666667,-0.2267399787902832,0.15196118354797364
2006-012,2006-10-29 15:00:00,0.8218546549479167,-0.2606354166666667,-0.2267399787902832,0.15196118354797364
2006-012,2006-10-29 18:00:00,0.8218546549479167,-0.11468229166666667,-0.1693729877471924,0.15482146739959718
2006-012,2006-10-29 21:00:00,0.8218546549479167,-0.11468229166666667,-0.1693729877471924,0.15482146739959718
2006-012,2006-10-30 00:00:00,0.8091695149739583,-0.18726041666666668,-0.17146514654159545,0.07877020239830017
2006-012,2006-10-30 03:00:00,0.8091695149739583,-0.18726041666666668,-0.17146514654159545,0.07877020239830017
2006-012,2006-10-30 06:00:00,0.8091695149739583,-0.06294791666666667,-0.20725500583648682,0.07529950141906738
2006-012,2006-10-30 09:00:00,0.8091695149739583,-0.06294791666666667,-0.20725500583648682,0.07529950141906738
2007-001,2007-05-03 12:00:00,0.8846720377604167,-0.6069322916666666,-0.08168591856956482,0.265008807182312
2007-001,2007-05-03 15:00:00,0.8846720377604167,-0.6069322916666666,-0.08168591856956482,0.265008807182312
2007-001,2007-05-03 18:00:00,0.8846720377604167,-0.48147395833333334,0.019119614362716676,0.3756906747817993
2007-001,2007-05-03 21:00:00,0.8846720377604167,-0.48147395833333334,0.019119614362716676,0.3756906747817993
2007-001,2007-05-04 00:00:00,0.8747456868489584,-0.5502447916666666,0.14143595695495606,0.20798861980438232
2007-001,2007-05-04 03:00:00,0.8747456868489584,-0.5502447916666666,0.14143595695495606,0.20798861980438232
2007-001,2007-05-04 06:00:00,0.8747456868489584,-0.4817708333333333,0.12980226278305054,0.2477025032043457
2007-001,2007-05-04 09:00:00,0.8747456868489584,-0.4817708333333333,0.12980226278305054,0.2477025032043457
2007-001,2007-05-04 12:00:00,0.8747456868489584,-0.5724010416666667,0.1524950623512268,0.25373694896697996
2007-001,2007-05-04 15:00:00,0.8747456868489584,-0.5724010416666667,0.1524950623512268,0.25373694896697996
2007-001,2007-05-04 18:00:00,0.8747456868489584,-0.47748958333333336,0.2262028455734253,0.33834009170532225
2007-001,2007-05-04 21:00:00,0.8747456868489584,-0.47748958333333336,0.2262028455734253,0.33834009170532225
2007-002,2007-05-13 03:00:00,0.9027628580729167,-0.6709114583333333,-0.11128692626953125,-0.0014775490388274192
2007-002,2007-05-13 06:00:00,0.9027628580729167,-0.6494375,-0.06654830574989319,0.10231606960296631
2007-002,2007-05-13 09:00:00,0.9027628580729167,-0.6494375,-0.06654830574989319,0.10231606960296631
2007-002,2007-05-13 12:00:00,0.9027628580729167,-0.8063645833333334,0.09310409426689148,0.12413687705993652
2007-002,2007-05-13 15:00:00,0.9027628580729167,-0.8063645833333334,0.09310409426689148,0.12413687705993652
2007-002,2007-05-13 18:00:00,0.9027628580729167,-0.7495885416666667,0.09527592062950134,0.1295047402381897
2007-002,2007-05-13 21:00:00,0.9027628580729167,-0.7495885416666667,0.09527592062950134,0.1295047402381897
2007-002,2007-05-14 00:00:00,0.885284423828125,-0.8493020833333333,0.2050154209136963,0.15797401666641236
2007-002,2007-05-14 03:00:00,0.885284423828125,-0.8493020833333333,0.2050154209136963,0.15797401666641236
2007-002,2007-05-14 06:00:00,0.885284423828125,-0.763546875,0.281239652633667,0.20129945278167724
2007-002,2007-05-14 09:00:00,0.885284423828125,-0.763546875,0.281239652633667,0.20129945278167724
2007-002,2007-05-14 12:00:00,0.885284423828125,-0.8543958333333334,0.4301866054534912,0.19434455633163453
2007-002,2007-05-14 15:00:00,0.885284423828125,-0.8543958333333334,0.4301866054534912,0.19434455633163453
2007-002,2007-05-14 18:00:00,0.885284423828125,-0.7262604166666666,0.4402331352233887,0.2617610216140747
2007-002,2007-05-14 21:00:00,0.885284423828125,-0.7262604166666666,0.4402331352233887,0.2617610216140747
2007-003,2007-06-01 18:00:00,0.886749267578125,-0.49023958333333334,0.13051812648773192,0.22106502056121827
2007-003,2007-06-01 21:00:00,0.886749267578125,-0.49023958333333334,0.13051812648773192,0.22106502056121827
2007-003,2007-06-02 00:00:00,0.8865804036458333,-0.5661510416666666,0.2107781410217285,0.1429261326789856
2007-003,2007-06-02 03:00:00,0.8865804036458333,-0.5661510416666666,0.2107781410217285,0.1429261326789856
2007-003,2007-06-02 09:00:00,0.88660888671875,-0.48270833333333335,0.22236769199371337,0.13529276847839355
2007-003,2007-06-02 12:00:00,0.886614990234375,-0.7045052083333333,0.26064510345458985,0.11093266010284424
2007-003,2007-06-02 15:00:00,0.886614990234375,-0.7045052083333333,0.26064510345458985,0.11093266010284424
2007-003,2007-06-02 18:00:00,0.8865885416666667,-0.5976875,0.20658490657806397,0.2387925148010254
2007-003,2007-06-02 21:00:00,0.8865885416666667,-0.5976875,0.20658490657806397,0.2387925148010254
2007-003,2007-06-03 00:00:00,0.880340576171875,-0.7149895833333333,0.2283991575241089,0.17392085790634154
2007-003,2007-06-03 03:00:00,0.880340576171875,-0.7149895833333333,0.2283991575241089,0.17392085790634154
2007-003,2007-06-03 06:00:00,0.8804097493489583,-0.611546875,0.21766972541809082,0.19313699007034302
2007-003,2007-06-03 09:00:00,0.8804097493489583,-0.611546875,0.21766972541809082,0.19313699007034302
2007-003,2007-06-03 12:00:00,0.8804484049479167,-0.8386354166666666,0.21007170677185058,0.17566062211990358
2007-003,2007-06-03 15:00:00,0.8804484049479167,-0.8386354166666666,0.21007170677185058,0.17566062211990358
2007-003,2007-06-03 18:00:00,0.8804097493489583,-0.7027760416666666,0.14895222187042237,0.334123420715332
2007-003,2007-06-03 21:00:00,0.8804097493489583,-0.7027760416666666,0.14895222187042237,0.334123420715332
2007-003,2007-06-04 00:00:00,0.8706624348958333,-0.7822552083333333,0.13276599645614623,0.28577048778533937
2007-003,2007-06-04 03:00:00,0.8706624348958333,-0.7822552083333333,0.13276599645614623,0.28577048778533937
2007-003,2007-06-04 06:00:00,0.870648193359375,-0.6033125,0.08220446705818177,0.3716215848922729
2007-003,2007-06-04 09:00:00,0.870648193359375,-0.6033125,0.08220446705818177,0.3716215848922729
2007-003,2007-06-04 12:00:00,0.870709228515625,-0.7413697916666667,0.10836893320083618,0.3559215545654297
2007-003,2007-06-04 15:00:00,0.870709228515625,-0.7413697916666667,0.10836893320083618,0.3559215545654297
2007-003,2007-06-04 18:00:00,0.8706807454427083,-0.6110416666666667,0.10181012153625488,0.420836877822876
2007-003,2007-06-04 21:00:00,0.8706807454427083,-0.6110416666666667,0.10181012153625488,0.420836877822876
2007-003,2007-06-05 00:00:00,0.859552001953125,-0.708484375,0.08955575823783875,0.36479172706604
2007-003,2007-06-05 03:00:00,0.859552001953125,-0.708484375,0.08955575823783875,0.36479172706604
2007-003,2007-06-05 06:00:00,0.8595621744791667,-0.5973020833333333,0.10936993360519409,0.47318105697631835
2007-003,2007-06-05 09:00:00,0.8595621744791667,-0.5973020833333333,0.10936993360519409,0.47318105697631835
2007-003,2007-06-05 12:00:00,0.859619140625,-0.77365625,0.1498701572418213,0.4520269870758057
2007-003,2007-06-05 15:00:00,0.859619140625,-0.77365625,0.1498701572418213,0.4520269870758057
2007-003,2007-06-05 18:00:00,0.859576416015625,-0.6480260416666667,0.1548367738723755,0.5212677478790283
2007-003,2007-06-05 21:00:00,0.859576416015625,-0.6480260416666667,0.1548367738723755,0.5212677478790283
2007-003,2007-06-06 00:00:00,0.8491353352864583,-0.755671875,0.1692849278450012,0.45755805969238283
2007-003,2007-06-06 03:00:00,0.8491353352864583,-0.755671875,0.1692849278450012,0.45755805969238283
2007-003,2007-06-06 06:00:00,0.8491678873697917,-0.6224739583333333,0.17111492156982422,0.543761920928955
2007-003,2007-06-06 09:00:00,0.8491678873697917,-0.6224739583333333,0.17111492156982422,0.543761920928955
2007-003,2007-06-06 12:00:00,0.8491902669270833,-0.7411666666666666,0.21361937522888183,0.4730836391448975
2007-003,2007-06-06 15:00:00,0.8491902669270833,-0.7411666666666666,0.21361937522888183,0.4730836391448975
2007-003,2007-06-06 18:00:00,0.8491455078125,-0.6056979166666666,0.21176621913909913,0.5137610912322998
2007-003,2007-06-06 21:00:00,0.8491455078125,-0.6056979166666666,0.21176621913909913,0.5137610912322998
2007-003,2007-06-07 00:00:00,0.8414957682291667,-0.6603229166666666,0.27510459423065187,0.42384815216064453
2007-003,2007-06-07 03:00:00,0.8414957682291667,-0.6603229166666666,0.27510459423065187,0.42384815216064453
2007-004,2007-06-21 03:00:00,0.868218994140625,-0.9924375,0.1114654302597046,-0.046320492029190065
2007-004,2007-06-21 06:00:00,0.868218994140625,-0.9832552083333334,0.08310524821281433,-0.009716376662254333
2007-004,2007-06-21 09:00:00,0.868218994140625,-0.9832552083333334,0.08310524821281433,-0.009716376662254333
2007-004,2007-06-21 12:00:00,0.868218994140625,-1.1591822916666668,0.11890305280685425,0.15938282012939453
2007-004,2007-06-21 15:00:00,0.868218994140625,-1.1591822916666668,0.11890305280685425,0.15938282012939453
2007-004,2007-06-21 18:00:00,0.868218994140625,-1.000828125,0.15833765268325806,0.28381760120391847
2007-004,2007-06-21 21:00:00,0.868218994140625,-1.000828125,0.15833765268325806,0.28381760120391847
2007-004,2007-06-22 00:00:00,0.8541056315104166,-1.0719010416666668,0.16450512409210205,0.2569718360900879
2007-004,2007-06-22 03:00:00,0.8541056315104166,-1.0719010416666668,0.16450512409210205,0.2569718360900879
2007-004,2007-06-22 06:00:00,0.8541056315104166,-1.01459375,0.11299923658370972,0.28879151344299314
2007-004,2007-06-22 09:00:00,0.8541056315104166,-1.01459375,0.11299923658370972,0.28879151344299314
2007-004,2007-06-22 12:00:00,0.8541056315104166,-1.1545208333333334,0.14825170040130614,0.3282357931137085
2007-004,2007-06-22 15:00:00,0.8541056315104166,-1.1545208333333334,0.14825170040130614,0.3282357931137085
2007-004,2007-06-22 18:00:00,0.8541056315104166,-0.932,0.14646819829940796,0.40547842979431153
2007-004,2007-06-22 21:00:00,0.8541056315104166,-0.932,0.14646819829940796,0.40547842979431153
2007-004,2007-06-23 00:00:00,0.8420817057291666,-0.9187239583333333,0.17416287660598756,0.4043598651885986
2007-004,2007-06-23 03:00:00,0.8420817057291666,-0.9187239583333333,0.17416287660598756,0.4043598651885986
2007-004,2007-06-23 06:00:00,0.8420817057291666,-0.75496875,0.21026151180267333,0.4715146064758301
2007-004,2007-06-23 09:00:00,0.8420817057291666,-0.75496875,0.21026151180267333,0.4715146064758301
2007-005,2007-06-25 03:00:00,0.8652364095052083,-1.2156614583333334,0.22338292598724366,-0.034674879908561704
2007-005,2007-06-25 06:00:00,0.8652099609375,-1.1256875,0.15150101184844972,0.33616158962249754
2007-005,2007-06-25 09:00:00,0.8652099609375,-1.1256875,0.15150101184844972,0.33616158962249754
2007-005,2007-06-25 12:00:00,0.865191650390625,-1.2844322916666666,0.405669641494751,0.48568286895751955
2007-005,2007-06-25 15:00:00,0.865191650390625,-1.2844322916666666,0.405669641494751,0.48568286895751955
2007-005,2007-06-25 18:00:00,0.8650655110677083,-1.193671875,0.4452181339263916,0.5135699272155761
2007-005,2007-06-25 21:00:00,0.8650655110677083,-1.193671875,0.4452181339263916,0.5135699272155761
2007-005,2007-06-26 00:00:00,0.8480448404947917,-1.19590625,0.5000693321228027,0.5891525268554687
2007-006,2007-06-28 00:00:00,0.833282470703125,-1.13371875,0.16469553709030152,-0.017666043341159822
2007-006,2007-06-28 03:00:00,0.833282470703125,-1.13371875,0.16469553709030152,-0.017666043341159822
2007-006,2007-06-28 06:00:00,0.833282470703125,-1.0696770833333333,0.14144532680511473,0.024756483733654022
2007-006,2007-06-28 09:00:00,0.833282470703125,-1.0696770833333333,0.14144532680511473,0.024756483733654022
2007-006,2007-06-28 12:00:00,0.833282470703125,-1.2059947916666667,0.19060078859329224,0.15903836488723755
2007-006,2007-06-28 15:00:00,0.833282470703125,-1.2059947916666667,0.19060078859329224,0.15903836488723755
2007-006,2007-06-28 18:00:00,0.833282470703125,-1.05153125,0.2454601526260376,0.2328554630279541
2007-006,2007-06-28 21:00:00,0.833282470703125,-1.05153125,0.2454601526260376,0.2328554630279541
2007-006,2007-06-29 00:00:00,0.8239664713541667,-1.1024947916666668,0.21993834972381593,0.20036721229553223
2007-006,2007-06-29 03:00:00,0.8239664713541667,-1.1024947916666668,0.21993834972381593,0.20036721229553223
2007-006,2007-06-29 06:00:00,0.8239664713541667,-1.0367239583333334,0.1951932430267334,0.2918489217758179
2007-006,2007-06-29 09:00:00,0.8239664713541667,-1.0367239583333334,0.1951932430267334,0.2918489217758179
2007-006,2007-06-29 12:00:00,0.8239664713541667,-1.196375,0.17350372076034545,0.34155728816986086
2007-006,2007-06-29 15:00:00,0.8239664713541667,-1.196375,0.17350372076034545,0.34155728816986086
2007-006,2007-06-29 18:00:00,0.8239664713541667,-0.969390625,0.2218254566192627,0.4229374885559082
2007-006,2007-06-29 21:00:00,0.8239664713541667,-0.969390625,0.2218254566192627,0.4229374885559082
2007-006,2007-06-30 00:00:00,0.8175130208333333,-1.0085416666666667,0.22409565448760987,0.3713130235671997
2007-006,2007-06-30 03:00:00,0.8175130208333333,-1.0085416666666667,0.22409565448760987,0.3713130235671997
2007-006,2007-06-30 06:00:00,0.8175130208333333,-0.9269166666666667,0.23475728034973145,0.44065113067626954
2007-006,2007-06-30 09:00:00,0.8175130208333333,-0.9269166666666667,0.23475728034973145,0.44065113067626954
2007-006,2007-06-30 12:00:00,0.8175130208333333,-1.0918958333333333,0.21260607242584229,0.4219078063964844
2007-007,2007-05-07 00:00:00,0.8952840169270834,-0.581515625,-0.0015948042273521423,0.07076939940452576
2007-007,2007-05-07 03:00:00,0.8952840169270834,-0.581515625,-0.0015948042273521423,0.07076939940452576
2007-007,2007-05-07 06:00:00,0.8952840169270834,-0.5649375,0.025880038738250732,0.02860757112503052
2007-007,2007-05-07 09:00:00,0.8952840169270834,-0.5649375,0.025880038738250732,0.02860757112503052
2007-007,2007-05-07 12:00:00,0.8952840169270834,-0.8260833333333333,0.010068272799253463,-0.03876197338104248
2007-007,2007-05-07 15:00:00,0.8952840169270834,-0.8260833333333333,0.010068272799253463,-0.03876197338104248
2007-007,2007-05-07 18:00:00,0.8952840169270834,-0.6008229166666667,-0.04233592748641968,0.09809410572052002
2007-007,2007-05-07 21:00:00,0.8952840169270834,-0.6008229166666667,-0.04233592748641968,0.09809410572052002
2007-007,2007-06-07 00:00:00,0.878338623046875,-0.753921875,0.10354161262512207,0.07742584943771362
2007-007,2007-06-07 03:00:00,0.878338623046875,-0.753921875,0.10354161262512207,0.07742584943771362
2007-007,2007-06-07 06:00:00,0.878338623046875,-0.7305677083333333,0.14428114891052246,0.03516171872615814
2007-007,2007-06-07 09:00:00,0.878338623046875,-0.7305677083333333,0.14428114891052246,0.03516171872615814
2007-007,2007-06-07 12:00:00,0.878338623046875,-0.9151875,0.13391580581665039,0.0723941445350647
2007-007,2007-06-07 15:00:00,0.878338623046875,-0.9151875,0.13391580581665039,0.0723941445350647
2007-007,2007-06-07 18:00:00,0.878338623046875,-0.7466979166666666,0.08209355473518372,0.20177953243255614
2007-007,2007-06-07 21:00:00,0.878338623046875,-0.7466979166666666,0.08209355473518372,0.20177953243255614
2007-007,2007-07-04 03:00:00,0.7896402994791667,-0.98296875,0.249847412109375,0.1363101840019226
2007-007,2007-07-04 06:00:00,0.7896402994791667,-0.9489479166666667,0.3199383020401001,0.10701795816421508
2007-007,2007-07-04 09:00:00,0.7896402994791667,-0.9489479166666667,0.3199383020401001,0.10701795816421508
2007-007,2007-07-04 12:00:00,0.7896402994791667,-1.1164583333333333,0.26738502979278567,0.1281490683555603
2007-007,2007-07-04 15:00:00,0.7896402994791667,-1.1164583333333333,0.26738502979278567,0.1281490683555603
2007-007,2007-07-04 18:00:00,0.7896402994791667,-0.9647135416666667,0.2745274543762207,0.14784425497055054
2007-007,2007-07-04 21:00:00,0.7896402994791667,-0.9647135416666667,0.2745274543762207,0.14784425497055054
2007-007,2007-07-07 00:00:00,0.7898844401041667,-1.0435625,0.07761298418045044,0.10450794696807861
2007-007,2007-07-07 03:00:00,0.7898844401041667,-1.0435625,0.07761298418045044,0.10450794696807861
2007-007,2007-07-07 06:00:00,0.7898844401041667,-0.9635989583333333,0.0536057710647583,0.16477423906326294
2007-007,2007-07-07 09:00:00,0.7898844401041667,-0.9635989583333333,0.0536057710647583,0.16477423906326294
2007-007,2007-07-07 12:00:00,0.7898844401041667,-1.0650989583333332,0.03532330989837647,0.16023645401000977
2007-007,2007-07-07 15:00:00,0.7898844401041667,-1.0650989583333332,0.03532330989837647,0.16023645401000977
2007-007,2007-07-07 18:00:00,0.7898844401041667,-0.90190625,0.02825348377227783,0.16878801584243774
2007-007,2007-07-07 21:00:00,0.7898844401041667,-0.90190625,0.02825348377227783,0.16878801584243774
2007-007,2007-08-07 00:00:00,0.8217936197916667,-0.9619895833333333,-0.06777928471565246,0.10345183610916138
2007-007,2007-08-07 03:00:00,0.8217936197916667,-0.9619895833333333,-0.06777928471565246,0.10345183610916138
2007-007,2007-08-07 06:00:00,0.8217936197916667,-0.9110677083333333,-0.11155173778533936,0.2087120771408081
2007-007,2007-08-07 09:00:00,0.8217936197916667,-0.9110677083333333,-0.11155173778533936,0.2087120771408081
2007-007,2007-08-07 12:00:00,0.8217936197916667,-1.0758854166666667,-0.011683379113674165,0.1872506022453308
2007-007,2007-08-07 15:00:00,0.8217936197916667,-1.0758854166666667,-0.011683379113674165,0.1872506022453308
2007-007,2007-08-07 18:00:00,0.8217936197916667,-0.906078125,-0.014613141119480134,0.1981528401374817
2007-007,2007-08-07 21:00:00,0.8217936197916667,-0.906078125,-0.014613141119480134,0.1981528401374817
2007-007,2007-09-07 00:00:00,0.7852315266927083,-0.8081041666666666,0.1624877095222473,0.19610744714736938
2007-007,2007-09-07 03:00:00,0.7852315266927083,-0.8081041666666666,0.1624877095222473,0.19610744714736938
2007-007,2007-09-07 06:00:00,0.7852315266927083,-0.6983177083333333,0.21395211219787597,0.20161423683166504
2007-007,2007-09-07 09:00:00,0.7852315266927083,-0.6983177083333333,0.21395211219787597,0.20161423683166504
2007-008,2007-05-08 00:00:00,0.89503173828125,-0.6075989583333333,0.0433403342962265,0.11250149011611939
2007-008,2007-05-08 03:00:00,0.89503173828125,-0.6075989583333333,0.0433403342962265,0.11250149011611939
2007-008,2007-05-08 06:00:00,0.89503173828125,-0.6055364583333334,0.048472476005554196,0.023522524535655974
2007-008,2007-05-08 09:00:00,0.89503173828125,-0.6055364583333334,0.048472476005554196,0.023522524535655974
2007-008,2007-05-08 12:00:00,0.89503173828125,-0.8655729166666667,0.0279043972492218,0.052682149410247806
2007-008,2007-05-08 15:00:00,0.89503173828125,-0.8655729166666667,0.0279043972492218,0.052682149410247806
2007-008,2007-05-08 18:00:00,0.89503173828125,-0.63971875,0.009034726768732071,0.18810774087905885
2007-008,2007-05-08 21:00:00,0.89503173828125,-0.63971875,0.009034726768732071,0.18810774087905885
2007-008,2007-06-08 00:00:00,0.8663777669270833,-0.7600989583333333,0.16791447401046752,0.29648354053497317
2007-008,2007-06-08 03:00:00,0.8663777669270833,-0.7600989583333333,0.16791447401046752,0.29648354053497317
2007-008,2007-06-08 06:00:00,0.8663777669270833,-0.72759375,0.2073119878768921,0.1982735276222229
2007-008,2007-06-08 09:00:00,0.8663777669270833,-0.72759375,0.2073119878768921,0.1982735276222229
2007-008,2007-06-08 12:00:00,0.8663777669270833,-0.9134270833333333,0.15622298717498778,0.27920148372650144
2007-008,2007-06-08 15:00:00,0.8663777669270833,-0.9134270833333333,0.15622298717498778,0.27920148372650144
2007-008,2007-06-08 18:00:00,0.8663777669270833,-0.7397083333333333,0.15519404411315918,0.36513333320617675
2007-008,2007-06-08 21:00:00,0.8663777669270833,-0.7397083333333333,0.15519404411315918,0.36513333320617675
2007-008,2007-07-08 00:00:00,0.8011454264322917,-0.9212135416666667,0.1407253623008728,0.3088550090789795
2007-008,2007-07-08 03:00:00,0.8011454264322917,-0.9212135416666667,0.1407253623008728,0.3088550090789795
2007-008,2007-07-08 06:00:00,0.8011454264322917,-0.7966510416666667,0.21796057224273682,0.3965195894241333
2007-008,2007-07-08 09:00:00,0.8011454264322917,-0.7966510416666667,0.21796057224273682,0.3965195894241333
2007-009,2007-01-11 00:00:00,0.6353658040364584,0.059473958333333334,-0.5244801044464111,-0.5483656406402588
2007-009,2007-01-11 03:00:00,0.6353658040364584,0.059473958333333334,-0.5244801044464111,-0.5483656406402588
2007-009,2007-01-11 06:00:00,0.6353658040364584,0.23811979166666666,-0.5229137897491455,-0.6118388652801514
2007-009,2007-01-11 09:00:00,0.6353658040364584,0.23811979166666666,-0.5229137897491455,-0.6118388652801514
2007-009,2007-01-11 12:00:00,0.6353658040364584,-0.03847916666666667,-0.5072988986968994,-0.6271122932434082
2007-009,2007-01-11 15:00:00,0.6353658040364584,-0.03847916666666667,-0.5072988986968994,-0.6271122932434082
2007-009,2007-01-11 18:00:00,0.6353658040364584,0.11815625,-0.5987026214599609,-0.5801928520202637
2007-009,2007-01-11 21:00:00,0.6353658040364584,0.11815625,-0.5987026214599609,-0.5801928520202637
2007-009,2007-02-11 00:00:00,0.681365966796875,-0.08311979166666666,-0.21287922859191893,-0.16736266613006592
2007-009,2007-02-11 03:00:00,0.681365966796875,-0.08311979166666666,-0.21287922859191893,-0.16736266613006592
2007-009,2007-02-11 06:00:00,0.681365966796875,0.11833333333333333,-0.261165976524353,-0.10253758430480957
2007-009,2007-02-11 09:00:00,0.681365966796875,0.11833333333333333,-0.261165976524353,-0.10253758430480957
2007-009,2007-10-27 18:00:00,0.772296142578125,-0.25218229166666667,-0.049434661865234375,-0.4465071678161621
2007-009,2007-10-27 21:00:00,0.772296142578125,-0.25218229166666667,-0.049434661865234375,-0.4465071678161621
2007-009,2007-10-28 00:00:00,0.763458251953125,-0.3705104166666667,0.06163378953933716,-0.3891363382339478
2007-009,2007-10-28 03:00:00,0.763458251953125,-0.3705104166666667,0.06163378953933716,-0.3891363382339478
2007-009,2007-10-28 09:00:00,0.763458251953125,-0.24344270833333334,0.09587357640266418,-0.4050281524658203
2007-009,2007-10-28 12:00:00,0.763458251953125,-0.4922916666666667,0.17485854625701905,-0.4098047256469727
2007-009,2007-10-28 15:00:00,0.763458251953125,-0.4922916666666667,0.17485854625701905,-0.4098047256469727
2007-009,2007-10-28 18:00:00,0.763458251953125,-0.35036979166666665,0.10601321458816529,-0.41396703720092776
2007-009,2007-10-28 21:00:00,0.763458251953125,-0.35036979166666665,0.10601321458816529,-0.41396703720092776
2007-009,2007-10-29 00:00:00,0.75487060546875,-0.4752135416666667,0.09249565601348878,-0.3969175100326538
2007-009,2007-10-29 03:00:00,0.75487060546875,-0.4752135416666667,0.09249565601348878,-0.3969175100326538
2007-009,2007-10-29 06:00:00,0.75487060546875,-0.36880729166666665,0.12063877582550049,-0.4184548854827881
2007-009,2007-10-29 09:00:00,0.75487060546875,-0.36880729166666665,0.12063877582550049,-0.4184548854827881
2007-009,2007-10-29 12:00:00,0.75487060546875,-0.605125,0.08406764268875122,-0.44785256385803224
2007-009,2007-10-29 15:00:00,0.75487060546875,-0.605125,0.08406764268875122,-0.44785256385803224
2007-009,2007-10-29 18:00:00,0.75487060546875,-0.47925,-0.060726648569107054,-0.45100817680358884
2007-009,2007-10-29 21:00:00,0.75487060546875,-0.47925,-0.060726648569107054,-0.45100817680358884
2007-009,2007-10-30 00:00:00,0.744110107421875,-0.57675,-0.027574113011360167,-0.3663928985595703
2007-009,2007-10-30 03:00:00,0.744110107421875,-0.57675,-0.027574113011360167,-0.3663928985595703
2007-009,2007-10-30 06:00:00,0.744110107421875,-0.4152239583333333,0.0008001473732292652,-0.31951735019683836
2007-009,2007-10-30 09:00:00,0.744110107421875,-0.4152239583333333,0.0008001473732292652,-0.31951735019683836
2007-009,2007-10-30 12:00:00,0.744110107421875,-0.568421875,0.05826897025108337,-0.3357666492462158
2007-009,2007-10-30 15:00:00,0.744110107421875,-0.568421875,0.05826897025108337,-0.3357666492462158
2007-009,2007-10-30 18:00:00,0.744110107421875,-0.42930729166666665,-0.03014918863773346,-0.30831634998321533
2007-009,2007-10-30 21:00:00,0.744110107421875,-0.42930729166666665,-0.03014918863773346,-0.30831634998321533
2007-009,2007-10-31 00:00:00,0.7311482747395833,-0.5354375,0.03185083568096161,-0.20093796253204346
2007-009,2007-10-31 03:00:00,0.7311482747395833,-0.5354375,0.03185083568096161,-0.20093796253204346
2007-009,2007-10-31 06:00:00,0.7311482747395833,-0.3764895833333333,0.0783406674861908,-0.10247318744659424
2007-009,2007-10-31 09:00:00,0.7311482747395833,-0.3764895833333333,0.0783406674861908,-0.10247318744659424
2007-009,2007-10-31 12:00:00,0.7311482747395833,-0.5613125,0.17954970598220826,-0.051270830631256106
2007-009,2007-10-31 15:00:00,0.7311482747395833,-0.5613125,0.17954970598220826,-0.051270830631256106
2007-009,2007-10-31 18:00:00,0.7311482747395833,-0.4015989583333333,0.1066429615020752,0.021204210817813873
2007-009,2007-10-31 21:00:00,0.7311482747395833,-0.4015989583333333,0.1066429615020752,0.021204210817813873
2007-010,2007-11-11 09:00:00,0.801019287109375,-0.17233333333333334,-0.14804649353027344,-0.18776658773422242
2007-010,2007-11-11 12:00:00,0.801019287109375,-0.2867239583333333,-0.1382137656211853,-0.1998142957687378
2007-010,2007-11-11 15:00:00,0.801019287109375,-0.2867239583333333,-0.1382137656211853,-0.1998142957687378
2007-010,2007-11-11 18:00:00,0.801019287109375,-0.19046875,-0.18284311294555664,-0.16859605312347412
2007-010,2007-11-11 21:00:00,0.801019287109375,-0.19046875,-0.18284311294555664,-0.16859605312347412
2007-010,2007-11-13 00:00:00,0.7756856282552084,-0.35149479166666664,-0.19070597887039184,-0.14308516979217528
2007-010,2007-11-13 03:00:00,0.7756856282552084,-0.35149479166666664,-0.19070597887039184,-0.14308516979217528
2007-010,2007-11-13 06:00:00,0.7756856282552084,-0.3026510416666667,-0.15397413969039916,-0.09006466269493103
2007-010,2007-11-13 09:00:00,0.7756856282552084,-0.3026510416666667,-0.15397413969039916,-0.09006466269493103
2007-010,2007-11-13 12:00:00,0.7756856282552084,-0.4523125,-0.08830642700195312,-0.07936509251594544
2007-010,2007-11-13 15:00:00,0.7756856282552084,-0.4523125,-0.08830642700195312,-0.07936509251594544
2007-010,2007-11-13 18:00:00,0.7756856282552084,-0.34513541666666664,-0.10857434272766113,-0.04560220241546631
2007-010,2007-11-13 21:00:00,0.7756856282552084,-0.34513541666666664,-0.10857434272766113,-0.04560220241546631
2007-010,2007-11-14 00:00:00,0.7637532552083334,-0.44898958333333333,-0.09223446846008301,-0.023517952859401704
2007-010,2007-11-14 03:00:00,0.7637532552083334,-0.44898958333333333,-0.09223446846008301,-0.023517952859401704
2007-010,2007-11-14 06:00:00,0.7637532552083334,-0.3601197916666667,-0.12354017496109009,0.02078423798084259
2007-010,2007-11-14 09:00:00,0.7637532552083334,-0.3601197916666667,-0.12354017496109009,0.02078423798084259
2007-010,2007-11-14 12:00:00,0.7637532552083334,-0.44778125,-0.11258141994476319,0.02812768816947937
2007-010,2007-11-14 15:00:00,0.7637532552083334,-0.44778125,-0.11258141994476319,0.02812768816947937
2007-010,2007-11-14 18:00:00,0.7637532552083334,-0.30985416666666665,-0.11307916641235352,0.08593230247497559
2007-010,2007-11-14 21:00:00,0.7637532552083334,-0.30985416666666665,-0.11307916641235352,0.08593230247497559
2007-010,2007-11-15 00:00:00,0.7628519694010417,-0.3294635416666667,-0.08543559908866882,0.11848152875900268
2007-010,2007-11-15 03:00:00,0.7628519694010417,-0.3294635416666667,-0.08543559908866882,0.11848152875900268
2007-010,2007-11-15 06:00:00,0.7628519694010417,-0.214875,-0.09631588459014892,0.14939305782318116
2007-010,2007-11-15 09:00:00,0.7628519694010417,-0.214875,-0.09631588459014892,0.14939305782318116
2007-010,2007-11-15 12:00:00,0.7628519694010417,-0.23611458333333332,-0.03229399025440216,0.07102978825569153
2007-010,2007-11-15 15:00:00,0.7628519694010417,-0.23611458333333332,-0.03229399025440216,0.07102978825569153
2007-010,2007-11-15 18:00:00,0.7628519694010417,-0.08738541666666666,-0.03537369072437287,-0.004877851903438568
2007-010,2007-11-15 21:00:00,0.7628519694010417,-0.08738541666666666,-0.03537369072437287,-0.004877851903438568
2007-010,2007-11-16 00:00:00,0.7674458821614584,-0.1158125,-0.0645073413848877,-0.05067371726036072
2007-010,2007-11-16 03:00:00,0.7674458821614584,-0.1158125,-0.0645073413848877,-0.05067371726036072
2007-010,2007-12-11 00:00:00,0.7040913899739584,-0.12678125,-0.2565781593322754,-0.24221401214599608
2007-010,2007-12-11 03:00:00,0.7040913899739584,-0.12678125,-0.2565781593322754,-0.24221401214599608
2007-010,2007-12-11 06:00:00,0.7040913899739584,-0.026697916666666665,-0.2995430946350098,-0.25354666709899903
2007-010,2007-12-11 09:00:00,0.7040913899739584,-0.026697916666666665,-0.2995430946350098,-0.25354666709899903
2007-010,2007-12-11 12:00:00,0.7040913899739584,-0.175921875,-0.30351183414459226,-0.27113382816314696
2007-010,2007-12-11 15:00:00,0.7040913899739584,-0.175921875,-0.30351183414459226,-0.27113382816314696
2007-010,2007-12-11 18:00:00,0.7040913899739584,-0.056765625,-0.2923563003540039,-0.21898977756500243
2007-010,2007-12-11 21:00:00,0.7040913899739584,-0.056765625,-0.2923563003540039,-0.21898977756500243
2008-001,2008-01-05 00:00:00,0.6657084147135417,0.04608854166666667,-0.2919583797454834,-0.31300554275512693
2008-001,2008-01-05 03:00:00,0.6657084147135417,0.04608854166666667,-0.2919583797454834,-0.31300554275512693
2008-001,2008-01-05 06:00:00,0.6657084147135417,0.1265,-0.2870262861251831,-0.33963215351104736
2008-001,2008-01-05 09:00:00,0.6657084147135417,0.1265,-0.2870262861251831,-0.33963215351104736
2008-001,2008-01-05 12:00:00,0.6657084147135417,-0.035208333333333335,-0.26090757846832274,-0.36362380981445314
2008-001,2008-01-05 15:00:00,0.6657084147135417,-0.035208333333333335,-0.26090757846832274,-0.36362380981445314
2008-001,2008-01-05 18:00:00,0.6657084147135417,0.11365625,-0.30018017292022703,-0.28459968566894533
2008-001,2008-01-05 21:00:00,0.6657084147135417,0.11365625,-0.30018017292022703,-0.28459968566894533
2008-001,2008-02-05 00:00:00,0.67142333984375,-0.133671875,-0.32156550884246826,-0.20338711738586426
2008-001,2008-02-05 03:00:00,0.67142333984375,-0.133671875,-0.32156550884246826,-0.20338711738586426
2008-001,2008-02-05 06:00:00,0.67142333984375,-0.042859375,-0.34332354068756105,-0.1720638871192932
2008-001,2008-02-05 09:00:00,0.67142333984375,-0.042859375,-0.34332354068756105,-0.1720638871192932
2008-001,2008-02-05 12:00:00,0.67142333984375,-0.20992708333333332,-0.3220479726791382,-0.18459756374359132
2008-001,2008-02-05 15:00:00,0.67142333984375,-0.20992708333333332,-0.3220479726791382,-0.18459756374359132
2008-001,2008-02-05 18:00:00,0.67142333984375,-0.12039583333333333,-0.32728090286254885,-0.13445357084274293
2008-001,2008-02-05 21:00:00,0.67142333984375,-0.12039583333333333,-0.32728090286254885,-0.13445357084274293
2008-001,2008-03-05 00:00:00,0.7116414388020833,-0.12583333333333332,-0.13960366249084472,-0.012008202821016311
2008-001,2008-03-05 03:00:00,0.7116414388020833,-0.12583333333333332,-0.13960366249084472,-0.012008202821016311
2008-001,2008-03-05 06:00:00,0.7116414388020833,-0.012708333333333334,-0.15428532361984254,-0.03193504512310028
2008-001,2008-03-05 09:00:00,0.7116414388020833,-0.012708333333333334,-0.15428532361984254,-0.03193504512310028
2008-001,2008-04-27 03:00:00,0.8803609212239584,-0.467046875,0.006532491743564605,0.2656503677368164
2008-001,2008-04-27 06:00:00,0.8803609212239584,-0.4717864583333333,0.053993725776672365,0.32518806457519533
2008-001,2008-04-27 09:00:00,0.8803609212239584,-0.4717864583333333,0.053993725776672365,0.32518806457519533
2008-001,2008-04-27 12:00:00,0.8803609212239584,-0.59946875,0.09940836429595948,0.294698429107666
2008-001,2008-04-27 15:00:00,0.8803609212239584,-0.59946875,0.09940836429595948,0.294698429107666
2008-001,2008-04-27 18:00:00,0.8803609212239584,-0.498890625,0.07126381397247314,0.3667116641998291
2008-001,2008-04-27 21:00:00,0.8803609212239584,-0.498890625,0.07126381397247314,0.3667116641998291
2008-001,2008-04-28 00:00:00,0.8680887858072917,-0.5829322916666667,0.08422305583953857,0.3360445976257324
2008-001,2008-04-28 03:00:00,0.8680887858072917,-0.5829322916666667,0.08422305583953857,0.3360445976257324
2008-001,2008-04-28 06:00:00,0.8680887858072917,-0.5297239583333333,0.07281556129455566,0.4141432762145996
2008-001,2008-04-28 09:00:00,0.8680887858072917,-0.5297239583333333,0.07281556129455566,0.4141432762145996
2008-001,2008-04-28 12:00:00,0.8680887858072917,-0.6660104166666667,0.14268521070480347,0.3861914873123169
2008-001,2008-04-28 15:00:00,0.8680887858072917,-0.6660104166666667,0.14268521070480347,0.3861914873123169
2008-001,2008-04-28 18:00:00,0.8680887858072917,-0.5556666666666666,0.08824927806854248,0.4394857406616211
2008-001,2008-04-28 21:00:00,0.8680887858072917,-0.5556666666666666,0.08824927806854248,0.4394857406616211
2008-001,2008-04-29 00:00:00,0.8612284342447917,-0.6046875,0.08836921453475952,0.37802102565765383
2008-001,2008-04-29 03:00:00,0.8612284342447917,-0.6046875,0.08836921453475952,0.37802102565765383
2008-001,2008-04-29 06:00:00,0.8612284342447917,-0.5089895833333333,0.12291018962860108,0.44644646644592284
2008-001,2008-04-29 09:00:00,0.8612284342447917,-0.5089895833333333,0.12291018962860108,0.44644646644592284
2008-001,2008-04-29 12:00:00,0.8612284342447917,-0.5779791666666667,0.16577985286712646,0.36799468994140627
2008-001,2008-04-29 15:00:00,0.8612284342447917,-0.5779791666666667,0.16577985286712646,0.36799468994140627
2008-001,2008-04-29 18:00:00,0.8612284342447917,-0.452859375,0.0968183696269989,0.4327378273010254
2008-001,2008-04-29 21:00:00,0.8612284342447917,-0.452859375,0.0968183696269989,0.4327378273010254
2008-001,2008-04-30 00:00:00,0.852008056640625,-0.49090104166666665,0.11106077432632447,0.35845987796783446
2008-001,2008-04-30 03:00:00,0.852008056640625,-0.49090104166666665,0.11106077432632447,0.35845987796783446
2008-001,2008-04-30 06:00:00,0.852008056640625,-0.43169270833333334,0.13274364471435546,0.4140615463256836
2008-001,2008-04-30 09:00:00,0.852008056640625,-0.43169270833333334,0.13274364471435546,0.4140615463256836
2008-001,2008-04-30 12:00:00,0.852008056640625,-0.5684947916666667,0.19456346035003663,0.3903663158416748
2008-001,2008-04-30 15:00:00,0.852008056640625,-0.5684947916666667,0.19456346035003663,0.3903663158416748
2008-001,2008-04-30 18:00:00,0.852008056640625,-0.49183333333333334,0.19710373878479004,0.4449925422668457
2008-001,2008-04-30 21:00:00,0.852008056640625,-0.49183333333333334,0.19710373878479004,0.4449925422668457
2008-002,2008-05-06 00:00:00,0.7902974446614583,-0.3949375,0.6366628646850586,0.26759512424468995
2008-002,2008-05-06 03:00:00,0.7902974446614583,-0.3949375,0.6366628646850586,0.26759512424468995
2008-002,2008-05-06 06:00:00,0.7902974446614583,-0.25407291666666665,0.6637335300445557,0.28749020099639894
2008-002,2008-05-06 09:00:00,0.7902974446614583,-0.25407291666666665,0.6637335300445557,0.28749020099639894
2008-002,2008-05-06 12:00:00,0.7902974446614583,-0.4779114583333333,0.6073995590209961,0.23286054134368897
2008-002,2008-05-06 15:00:00,0.7902974446614583,-0.4779114583333333,0.6073995590209961,0.23286054134368897
2008-002,2008-05-06 18:00:00,0.7902974446614583,-0.37797916666666664,0.5316150188446045,0.349357008934021
2008-002,2008-05-06 21:00:00,0.7902974446614583,-0.37797916666666664,0.5316150188446045,0.349357008934021
2008-002,2008-06-06 00:00:00,0.823553466796875,-0.8768229166666667,0.5821484565734864,0.5354694366455078
2008-002,2008-06-06 03:00:00,0.823553466796875,-0.8768229166666667,0.5821484565734864,0.5354694366455078
2008-002,2008-06-06 06:00:00,0.823553466796875,-0.7452916666666667,0.632962703704834,0.5499007701873779
2008-002,2008-06-06 09:00:00,0.823553466796875,-0.7452916666666667,0.632962703704834,0.5499007701873779
2008-002,2008-06-06 12:00:00,0.823553466796875,-0.9421302083333334,0.6706453800201416,0.5312469482421875
2008-002,2008-06-06 15:00:00,0.823553466796875,-0.9421302083333334,0.6706453800201416,0.5312469482421875
2008-002,2008-06-06 18:00:00,0.823553466796875,-0.8323333333333334,0.6961874485015869,0.6588995933532715
2008-002,2008-06-06 21:00:00,0.823553466796875,-0.8323333333333334,0.6961874485015869,0.6588995933532715
2008-003,2008-06-16 03:00:00,0.8170756022135417,-1.194890625,0.23228390216827394,0.1272948145866394
2008-003,2008-06-16 09:00:00,0.8170756022135417,-1.1171041666666666,0.22821836471557616,0.19572333097457886
2008-003,2008-06-16 12:00:00,0.8170756022135417,-1.261734375,0.2694758176803589,0.23627772331237792
2008-003,2008-06-17 03:00:00,0.7880147298177084,-1.163546875,0.21747684478759766,0.2550969123840332
2008-003,2008-06-17 09:00:00,0.7880147298177084,-1.0517083333333332,0.18361690044403076,0.3534643888473511
2008-003,2008-06-17 12:00:00,0.7880147298177084,-1.1393177083333332,0.1779174566268921,0.3111170053482056
2008-003,2008-06-18 03:00:00,0.7795267740885417,-1.024765625,0.13278623819351196,0.33965506553649905
2008-004,2008-09-08 12:00:00,0.829217529296875,-0.7129010416666667,-0.11773203611373902,0.0440116286277771
2008-004,2008-10-08 03:00:00,0.819921875,-0.30411458333333335,0.21467390060424804,0.10000180006027222
2008-004,2008-10-08 09:00:00,0.819921875,-0.23440625,0.20543427467346193,0.004833610728383064
2008-005,2008-09-15 12:00:00,0.8062703450520833,-0.789890625,0.13996942043304444,0.09099994301795959
2008-005,2008-09-15 15:00:00,0.8062703450520833,-0.789890625,0.13996942043304444,0.09099994301795959
2008-005,2008-09-15 18:00:00,0.8062703450520833,-0.6079583333333334,0.15958576202392577,0.09981443285942078
2008-005,2008-09-16 03:00:00,0.8000325520833333,-0.6994322916666667,0.1580748200416565,0.07346572875976562
2008-005,2008-09-16 06:00:00,0.8000325520833333,-0.6501822916666666,0.1454732298851013,0.10582386255264283
2008-005,2008-09-16 09:00:00,0.8000325520833333,-0.6501822916666666,0.1454732298851013,0.10582386255264283
2008-005,2008-09-16 12:00:00,0.8000325520833333,-0.8548020833333333,0.1281089186668396,0.1651471495628357
2008-005,2008-09-16 15:00:00,0.8000325520833333,-0.8548020833333333,0.1281089186668396,0.1651471495628357
2008-005,2008-09-16 18:00:00,0.8000325520833333,-0.6549791666666667,0.12905497550964357,0.18596944808959961
2008-005,2008-09-17 00:00:00,0.77490234375,-0.7092760416666667,0.10538619756698608,0.1404834508895874
2008-005,2008-09-17 03:00:00,0.77490234375,-0.7092760416666667,0.10538619756698608,0.1404834508895874
2008-005,2008-09-17 09:00:00,0.77490234375,-0.596328125,0.06126946210861206,0.1854419469833374
2008-005,2008-09-17 12:00:00,0.77490234375,-0.7878385416666667,0.05664560794830322,0.19463753700256348
2008-005,2008-09-18 03:00:00,0.7815755208333334,-0.632828125,0.027114376425743103,0.14526475667953492
2008-005,2008-09-18 09:00:00,0.7815755208333334,-0.5343072916666667,0.016298873722553252,0.21955256462097167
2008-005,2008-09-18 12:00:00,0.7815755208333334,-0.6928854166666667,0.011560630798339844,0.1940011978149414
2008-005,2008-09-19 03:00:00,0.791986083984375,-0.5570989583333333,-0.003359607234597206,0.16381841897964478
2008-005,2008-09-19 09:00:00,0.791986083984375,-0.4682604166666667,0.016534453630447386,0.2749922513961792
2008-006,2008-10-19 09:00:00,0.741094970703125,-0.274828125,-0.10668321847915649,-0.3709921360015869
2008-006,2008-10-19 12:00:00,0.741094970703125,-0.5154270833333333,-0.08777000904083251,-0.3095417022705078
2008-006,2008-10-20 03:00:00,0.7120564778645834,-0.5409635416666667,-0.043601080775260925,-0.11927134990692138
2008-006,2008-10-20 12:00:00,0.7120564778645834,-0.638984375,0.09167149066925048,0.15468636751174927
2008-006,2008-10-21 03:00:00,0.6987223307291667,-0.5632083333333333,0.18932870626449586,0.29687771797180174
2008-006,2008-10-21 12:00:00,0.6987223307291667,-0.55671875,0.20847804546356202,0.259243106842041
2008-006,2008-10-22 03:00:00,0.6831624348958333,-0.457328125,0.1237267017364502,0.29391841888427733
2008-006,2008-10-22 12:00:00,0.6831624348958333,-0.419140625,0.03349595963954925,0.26900472640991213
2008-007,2008-10-25 03:00:00,0.83665771484375,-0.36923958333333334,-0.005117831751704216,0.16537082195281982
2008-007,2008-10-25 09:00:00,0.83665771484375,-0.3216145833333333,-0.026284098625183105,0.13999613523483276
2008-007,2008-10-25 12:00:00,0.83665771484375,-0.490984375,0.013128761947155,0.1455684185028076
2008-007,2008-10-25 18:00:00,0.83665771484375,-0.37003125,0.024553611874580383,0.13651156425476074
2008-007,2008-10-26 00:00:00,0.7929178873697916,-0.5099895833333333,0.07792617082595825,0.08762068152427674
2008-007,2008-10-26 03:00:00,0.7929178873697916,-0.5099895833333333,0.07792617082595825,0.08762068152427674
2008-007,2008-10-26 09:00:00,0.7929178873697916,-0.47758333333333336,0.04610842168331146,0.06731715798377991
2008-007,2008-10-26 12:00:00,0.7929178873697916,-0.6126875,0.19452966451644899,0.061327415704727176
2008-007,2008-10-26 15:00:00,0.7929178873697916,-0.6126875,0.19452966451644899,0.061327415704727176
2008-007,2008-10-26 18:00:00,0.7929178873697916,-0.471875,0.23614718914031982,0.04739798605442047
2008-007,2008-10-26 21:00:00,0.7929178873697916,-0.471875,0.23614718914031982,0.04739798605442047
2008-007,2008-10-27 00:00:00,0.796697998046875,-0.5166302083333333,0.28368892669677737,0.01727719306945801
2008-007,2008-10-27 03:00:00,0.796697998046875,-0.5166302083333333,0.28368892669677737,0.01727719306945801
2008-008,2008-11-13 12:00:00,0.7741719563802083,-0.5068020833333333,-0.1929391384124756,-0.23029963970184325
2008-008,2008-11-13 18:00:00,0.7741719563802083,-0.3719427083333333,-0.16273586750030516,-0.15596680641174315
2008-008,2008-11-14 00:00:00,0.77039794921875,-0.4612864583333333,-0.05907484292984009,-0.14850844144821168
2008-008,2008-11-14 03:00:00,0.77039794921875,-0.4612864583333333,-0.05907484292984009,-0.14850844144821168
2008-008,2008-11-14 06:00:00,0.77039794921875,-0.384546875,-0.07195159196853637,-0.16561938524246217
2008-008,2008-11-14 09:00:00,0.77039794921875,-0.384546875,-0.07195159196853637,-0.16561938524246217
2008-008,2008-11-14 12:00:00,0.77039794921875,-0.55328125,-0.02751064896583557,-0.10753909349441529
2008-008,2008-11-14 15:00:00,0.77039794921875,-0.55328125,-0.02751064896583557,-0.10753909349441529
2008-008,2008-11-14 18:00:00,0.77039794921875,-0.43263541666666666,-0.0380470871925354,-0.01637313365936279
2008-008,2008-11-14 21:00:00,0.77039794921875,-0.43263541666666666,-0.0380470871925354,-0.01637313365936279
2008-008,2008-11-15 00:00:00,0.770025634765625,-0.5562447916666666,0.0013066298328340054,0.017477935552597045
2008-008,2008-11-15 03:00:00,0.770025634765625,-0.5562447916666666,0.0013066298328340054,0.017477935552597045
2008-008,2008-11-15 06:00:00,0.770025634765625,-0.44797916666666665,-0.09213451743125915,0.0066159188747406
2008-008,2008-11-15 09:00:00,0.770025634765625,-0.44797916666666665,-0.09213451743125915,0.0066159188747406
2008-008,2008-11-15 12:00:00,0.770025634765625,-0.5902864583333334,-0.1304200768470764,0.1431369662284851
2008-008,2008-11-15 15:00:00,0.770025634765625,-0.5902864583333334,-0.1304200768470764,0.1431369662284851
2008-008,2008-11-15 18:00:00,0.770025634765625,-0.4032291666666667,-0.11395459175109864,0.25736660957336427
2008-008,2008-11-15 21:00:00,0.770025634765625,-0.4032291666666667,-0.11395459175109864,0.25736660957336427
2008-008,2008-11-16 00:00:00,0.7719380696614583,-0.46315625,-0.05471782088279724,0.1817539930343628
2008-008,2008-11-16 03:00:00,0.7719380696614583,-0.46315625,-0.05471782088279724,0.1817539930343628
2008-009,2008-11-25 09:00:00,0.7672017415364584,-0.198234375,-0.14539885520935059,-0.15281994342803956
2008-009,2008-11-25 12:00:00,0.7672017415364584,-0.38178645833333336,-0.05231338143348694,-0.07588795423507691
2008-009,2008-11-25 15:00:00,0.7672017415364584,-0.38178645833333336,-0.05231338143348694,-0.07588795423507691
2008-009,2008-11-25 18:00:00,0.7672017415364584,-0.19965104166666667,-0.05637330412864685,0.018090900778770447
2008-009,2008-11-25 21:00:00,0.7672017415364584,-0.19965104166666667,-0.05637330412864685,0.018090900778770447
2008-009,2008-11-26 00:00:00,0.7602071126302083,-0.35686979166666666,-0.017990517616271972,0.0974195659160614
2008-009,2008-11-26 03:00:00,0.7602071126302083,-0.35686979166666666,-0.017990517616271972,0.0974195659160614
2008-009,2008-11-26 06:00:00,0.7602071126302083,-0.249984375,0.049680113792419434,0.07157517075538636
2008-009,2008-11-26 09:00:00,0.7602071126302083,-0.249984375,0.049680113792419434,0.07157517075538636
2008-009,2008-11-26 12:00:00,0.7602071126302083,-0.4301041666666667,-0.03498077392578125,0.03702752888202667
2008-009,2008-11-26 15:00:00,0.7602071126302083,-0.4301041666666667,-0.03498077392578125,0.03702752888202667
2008-009,2008-11-26 18:00:00,0.7602071126302083,-0.25461979166666665,-0.07398576736450195,0.1514948606491089
2008-009,2008-11-26 21:00:00,0.7602071126302083,-0.25461979166666665,-0.07398576736450195,0.1514948606491089
2008-009,2008-11-27 00:00:00,0.7488932291666667,-0.37845833333333334,-0.061150377988815306,0.25250539779663084
2008-009,2008-11-27 03:00:00,0.7488932291666667,-0.37845833333333334,-0.061150377988815306,0.25250539779663084
2008-009,2008-11-27 09:00:00,0.7488932291666667,-0.23814583333333333,0.019174805283546446,0.31032209396362304
2008-009,2008-11-27 12:00:00,0.7488932291666667,-0.42253125,-0.05001248717308045,0.2818112850189209
2008-010,2008-04-12 03:00:00,0.8498555501302083,-0.38914583333333336,0.14970746040344238,0.06307172775268555
2008-010,2008-04-12 09:00:00,0.8498555501302083,-0.2504427083333333,0.14813073873519897,0.09647057056427003
2008-010,2008-04-12 12:00:00,0.8498555501302083,-0.43395833333333333,0.15189554691314697,0.04483564794063568
2008-010,2008-04-12 18:00:00,0.8498555501302083,-0.29670833333333335,0.1755751132965088,0.0764513373374939
2008-010,2008-05-12 00:00:00,0.8143758138020833,-0.31516666666666665,0.6604653358459472,0.6253593921661377
2008-010,2008-05-12 03:00:00,0.8143758138020833,-0.31516666666666665,0.6604653358459472,0.6253593921661377
2008-010,2008-05-12 09:00:00,0.8143758138020833,-0.26034375,0.688291072845459,0.6098095893859863
2008-010,2008-05-12 12:00:00,0.8143758138020833,-0.36482291666666666,0.6228392124176025,0.5777726650238038
2008-010,2008-05-12 18:00:00,0.8143758138020833,-0.20668229166666666,0.6151967525482178,0.6652924060821533
2008-010,2008-06-12 03:00:00,0.810040283203125,-0.3483541666666667,0.5832641124725342,0.5835659027099609
2008-010,2008-06-12 09:00:00,0.810040283203125,-0.24504166666666666,0.6065834999084473,0.5508218765258789
2008-010,2008-06-12 12:00:00,0.810040283203125,-0.3654791666666667,0.6336585521697998,0.43205552101135253
2008-010,2008-06-12 18:00:00,0.810040283203125,-0.24313541666666666,0.5696512222290039,0.5203763961791992
2008-010,2008-07-12 00:00:00,0.7980977376302083,-0.4579947916666667,0.6420840740203857,0.314570689201355
2008-010,2008-07-12 03:00:00,0.7980977376302083,-0.4579947916666667,0.6420840740203857,0.314570689201355
2008-010,2008-07-12 09:00:00,0.7980977376302083,-0.3753958333333333,0.5828513622283935,0.3442543983459473
2008-010,2008-07-12 12:00:00,0.7980977376302083,-0.50884375,0.526740837097168,0.32989485263824464
2009-001,2009-04-14 09:00:00,0.8380961100260417,-0.4724791666666667,-0.10643396377563477,0.1843768835067749
2009-001,2009-04-14 12:00:00,0.8380961100260417,-0.6417083333333333,-0.09374741315841675,0.1445497155189514
2009-001,2009-04-14 18:00:00,0.8380961100260417,-0.44426041666666666,-0.1643085241317749,0.22669334411621095
2009-001,2009-04-15 00:00:00,0.837982177734375,-0.471421875,-0.14516428709030152,0.22520763874053956
2009-001,2009-04-15 03:00:00,0.837982177734375,-0.471421875,-0.14516428709030152,0.22520763874053956
2009-001,2009-04-15 06:00:00,0.837982177734375,-0.42172916666666665,-0.1089490532875061,0.31703073978424073
2009-001,2009-04-15 12:00:00,0.837982177734375,-0.5850625,-0.07233905792236328,0.3032200813293457
2009-001,2009-04-15 15:00:00,0.837982177734375,-0.5850625,-0.07233905792236328,0.3032200813293457
2009-001,2009-04-15 18:00:00,0.837982177734375,-0.44390625,-0.06121513843536377,0.4201756477355957
2009-001,2009-04-15 21:00:00,0.837982177734375,-0.44390625,-0.06121513843536377,0.4201756477355957
2009-001,2009-04-16 00:00:00,0.8231221516927083,-0.5098802083333334,-0.02630068063735962,0.3799494028091431
2009-001,2009-04-16 03:00:00,0.8231221516927083,-0.5098802083333334,-0.02630068063735962,0.3799494028091431
2009-001,2009-04-16 06:00:00,0.8231221516927083,-0.45314583333333336,0.016260334849357606,0.4650919437408447
2009-001,2009-04-16 09:00:00,0.8231221516927083,-0.45314583333333336,0.016260334849357606,0.4650919437408447
2009-001,2009-04-16 12:00:00,0.8231221516927083,-0.6780052083333333,0.13056399822235107,0.3926680326461792
2009-001,2009-04-16 15:00:00,0.8231221516927083,-0.6780052083333333,0.13056399822235107,0.3926680326461792
2009-001,2009-04-16 18:00:00,0.8231221516927083,-0.5829947916666667,0.14924615621566772,0.4658306121826172
2009-001,2009-04-16 21:00:00,0.8231221516927083,-0.5829947916666667,0.14924615621566772,0.4658306121826172
2009-001,2009-04-17 00:00:00,0.8272603352864584,-0.6344010416666667,0.1988505244255066,0.45171804428100587
2009-001,2009-04-17 03:00:00,0.8272603352864584,-0.6344010416666667,0.1988505244255066,0.45171804428100587
2009-001,2009-04-17 06:00:00,0.8272603352864584,-0.49371875,0.23756425380706786,0.5010884284973145
2009-001,2009-04-17 09:00:00,0.8272603352864584,-0.49371875,0.23756425380706786,0.5010884284973145
2009-001,2009-04-17 12:00:00,0.8272603352864584,-0.6597604166666666,0.3191510200500488,0.45386061668395994
2009-001,2009-04-17 15:00:00,0.8272603352864584,-0.6597604166666666,0.3191510200500488,0.45386061668395994
2009-002,2009-05-23 06:00:00,0.8724772135416666,-0.6970104166666666,-0.1023865818977356,0.17508097887039184
2009-002,2009-05-23 12:00:00,0.8724772135416666,-0.9339739583333333,-0.08961648344993592,0.13961143493652345
2009-002,2009-05-23 18:00:00,0.8724772135416666,-0.761078125,-0.09818880558013916,0.23574693202972413
2009-002,2009-05-24 00:00:00,0.8493143717447916,-0.8548958333333333,-0.049788659811019896,0.18068827390670777
2009-002,2009-05-24 03:00:00,0.8493143717447916,-0.8548958333333333,-0.049788659811019896,0.18068827390670777
2009-002,2009-05-24 06:00:00,0.8493143717447916,-0.9101302083333334,-0.03421960771083832,0.2764026880264282
2009-002,2009-05-24 09:00:00,0.8493143717447916,-0.9101302083333334,-0.03421960771083832,0.2764026880264282
2009-002,2009-05-24 12:00:00,0.8493143717447916,-1.1391927083333333,0.06950179338455201,0.31182968616485596
2009-002,2009-05-24 15:00:00,0.8493143717447916,-1.1391927083333333,0.06950179338455201,0.31182968616485596
2009-002,2009-05-24 18:00:00,0.8493143717447916,-0.9658125,0.04687657952308655,0.3711709976196289
2009-002,2009-05-24 21:00:00,0.8493143717447916,-0.9658125,0.04687657952308655,0.3711709976196289
2009-002,2009-05-25 00:00:00,0.8139607747395833,-1.0095,0.1335911512374878,0.4039016246795654
2009-002,2009-05-25 03:00:00,0.8139607747395833,-1.0095,0.1335911512374878,0.4039016246795654
2009-002,2009-05-25 06:00:00,0.8139607747395833,-1.0058333333333334,0.17324986457824706,0.44362716674804686
2009-002,2009-05-25 09:00:00,0.8139607747395833,-1.0058333333333334,0.17324986457824706,0.44362716674804686
2009-002,2009-05-25 12:00:00,0.8139607747395833,-1.151328125,0.16032315492630006,0.4329359531402588
2009-002,2009-05-25 15:00:00,0.8139607747395833,-1.151328125,0.16032315492630006,0.4329359531402588
2009-002,2009-05-25 18:00:00,0.8139607747395833,-1.0040052083333333,0.15838453769683838,0.4819804668426514
2009-002,2009-05-25 21:00:00,0.8139607747395833,-1.0040052083333333,0.15838453769683838,0.4819804668426514
2009-002,2009-05-26 00:00:00,0.8165079752604166,-1.0068072916666666,0.23356659412384034,0.4528467655181885
2009-002,2009-05-26 03:00:00,0.8165079752604166,-1.0068072916666666,0.23356659412384034,0.4528467655181885
2009-002,2009-05-26 06:00:00,0.8165079752604166,-0.8280208333333333,0.21814959049224852,0.48119473457336426
2009-003,2009-06-23 00:00:00,0.8572367350260417,-0.7290260416666666,0.42494688034057615,0.1535786509513855
2009-003,2009-06-23 03:00:00,0.8572367350260417,-0.7290260416666666,0.42494688034057615,0.1535786509513855
2009-003,2009-06-23 06:00:00,0.8574462890625,-0.6015572916666667,0.42223072052001953,0.2043898344039917
2009-003,2009-06-23 09:00:00,0.8574462890625,-0.6015572916666667,0.42223072052001953,0.2043898344039917
2009-003,2009-06-23 12:00:00,0.8575968424479167,-0.7790677083333334,0.5448301792144775,0.13911718130111694
2009-003,2009-06-23 15:00:00,0.8575968424479167,-0.7790677083333334,0.5448301792144775,0.13911718130111694
2009-003,2009-06-24 00:00:00,0.838812255859375,-0.7324270833333333,0.38626561164855955,0.17955199480056763
2009-004,2009-06-25 09:00:00,0.8599751790364584,-0.7530104166666667,0.37913596630096436,0.17783132791519166
2009-004,2009-06-25 12:00:00,0.8604024251302084,-0.90665625,0.5388838291168213,0.18405370712280272
2009-004,2009-06-25 18:00:00,0.8602864583333333,-0.8027864583333333,0.5291022300720215,0.22640588283538818
2009-005,2009-07-20 03:00:00,0.7659871419270833,-1.0608072916666667,0.11277037858963013,0.027343451976776123
2009-005,2009-07-20 06:00:00,0.7659871419270833,-1.0118385416666666,0.1003271460533142,0.03320515155792236
2009-005,2009-07-20 12:00:00,0.7659871419270833,-1.1839479166666667,0.12945595979690552,0.19497228860855104
2009-005,2009-07-20 18:00:00,0.7659871419270833,-0.98265625,0.08050786852836608,0.23666558265686036
2009-005,2009-07-21 00:00:00,0.7653910319010416,-1.01521875,0.05508609414100647,0.2287292242050171
2009-005,2009-07-21 03:00:00,0.7653910319010416,-1.01521875,0.05508609414100647,0.2287292242050171
2009-005,2009-07-21 06:00:00,0.7653910319010416,-0.9374895833333333,0.01603798270225525,0.33465511798858644
2009-006,2009-05-09 00:00:00,0.8507588704427084,-0.69459375,0.2011171817779541,0.1595857858657837
2009-006,2009-05-09 03:00:00,0.8507588704427084,-0.69459375,0.2011171817779541,0.1595857858657837
2009-006,2009-05-09 06:00:00,0.8507588704427084,-0.6526979166666667,0.29951293468475343,0.14586299657821655
2009-006,2009-05-09 09:00:00,0.8507588704427084,-0.6526979166666667,0.29951293468475343,0.14586299657821655
2009-006,2009-05-09 12:00:00,0.8507588704427084,-0.9156927083333334,0.24559373855590821,0.12140046358108521
2009-006,2009-05-09 18:00:00,0.8507588704427084,-0.7613125,0.18586081266403198,0.23174631595611572
2009-006,2009-06-09 00:00:00,0.8496683756510417,-0.8471197916666666,0.145355224609375,0.23456695079803466
2009-006,2009-06-09 03:00:00,0.8496683756510417,-0.8471197916666666,0.145355224609375,0.23456695079803466
2009-006,2009-06-09 09:00:00,0.8496683756510417,-0.77271875,0.14875545501708984,0.23091549873352052
2009-006,2009-06-09 12:00:00,0.8496683756510417,-0.8875104166666666,0.08672961592674255,0.24117863178253174
2009-006,2009-06-09 18:00:00,0.8496683756510417,-0.7182291666666667,0.05583170652389526,0.2693979263305664
2009-006,2009-07-09 00:00:00,0.8053731282552083,-0.85665625,0.09027112126350403,0.28578317165374756
2009-006,2009-07-09 03:00:00,0.8053731282552083,-0.85665625,0.09027112126350403,0.28578317165374756
2009-006,2009-07-09 09:00:00,0.8053731282552083,-0.76846875,0.0685655951499939,0.36540491580963136
2009-007,2009-09-11 09:00:00,0.762371826171875,-0.24079166666666665,0.34391274452209475,0.007434425503015518
2009-007,2009-09-11 12:00:00,0.762371826171875,-0.3668385416666667,0.35697505474090574,-0.05999543070793152
2009-007,2009-09-11 18:00:00,0.762371826171875,-0.16079166666666667,0.27004835605621336,0.01881856769323349
2009-007,2009-10-11 00:00:00,0.788494873046875,-0.13611979166666666,0.07867034077644348,-0.12114897966384888
2009-007,2009-10-11 03:00:00,0.788494873046875,-0.13611979166666666,0.07867034077644348,-0.12114897966384888
2009-007,2009-10-11 06:00:00,0.788494873046875,-0.014265625,-0.008575990796089172,-0.09650413990020752
2009-007,2009-10-11 12:00:00,0.788494873046875,-0.19234375,0.04171726405620575,-0.11934151649475097
2009-007,2009-10-11 18:00:00,0.788494873046875,-0.04990625,-0.0270546555519104,-0.10680124759674073
2009-007,2009-10-11 21:00:00,0.788494873046875,-0.04990625,-0.0270546555519104,-0.10680124759674073
2009-007,2009-11-11 00:00:00,0.7843912760416667,-0.7591145833333334,0.06952909231185914,-0.10028806924819947
2009-007,2009-11-11 03:00:00,0.7843912760416667,-0.7591145833333334,0.06952909231185914,-0.10028806924819947
2009-007,2009-11-11 06:00:00,0.7843912760416667,-0.6222604166666666,0.1532827138900757,-0.11229206323623657
2009-007,2009-11-11 09:00:00,0.7843912760416667,-0.6222604166666666,0.1532827138900757,-0.11229206323623657
2009-007,2009-11-11 12:00:00,0.7843912760416667,-0.72221875,0.1916039228439331,-0.2220170021057129
2009-007,2009-11-11 15:00:00,0.7843912760416667,-0.72221875,0.1916039228439331,-0.2220170021057129
2009-007,2009-11-11 18:00:00,0.7843912760416667,-0.5574895833333333,0.0910247802734375,-0.14926222562789918
2009-008,2009-10-12 09:00:00,0.8019734700520833,-0.07127604166666666,0.1692675232887268,0.037044504284858705
2009-008,2009-10-12 12:00:00,0.8019734700520833,-0.21893229166666667,0.11741819381713867,0.013041335344314575
2009-008,2009-10-12 18:00:00,0.8019734700520833,-0.06997395833333334,0.15268925428390503,0.06566950678825378
2009-008,2009-11-12 00:00:00,0.8158793131510417,-0.5126145833333333,-0.09456830024719239,0.023238125443458556
2009-008,2009-11-12 03:00:00,0.8158793131510417,-0.5126145833333333,-0.09456830024719239,0.023238125443458556
2009-008,2009-11-12 06:00:00,0.8158793131510417,-0.34605729166666666,-0.1516967535018921,0.010828855633735656
2009-008,2009-11-12 09:00:00,0.8158793131510417,-0.34605729166666666,-0.1516967535018921,0.010828855633735656
2009-008,2009-11-12 12:00:00,0.8158793131510417,-0.42328645833333334,-0.23130621910095214,-0.021898737549781798
2009-008,2009-11-12 15:00:00,0.8158793131510417,-0.42328645833333334,-0.23130621910095214,-0.021898737549781798
2009-008,2009-11-12 18:00:00,0.8158793131510417,-0.26009895833333335,-0.33526270389556884,-0.02262420505285263
2009-008,2009-11-12 21:00:00,0.8158793131510417,-0.26009895833333335,-0.33526270389556884,-0.02262420505285263
2009-008,2009-12-12 00:00:00,0.7772867838541667,-0.42266145833333335,-0.26244590282440183,-0.03495241701602936
2009-008,2009-12-12 03:00:00,0.7772867838541667,-0.42266145833333335,-0.26244590282440183,-0.03495241701602936
2009-008,2009-12-12 06:00:00,0.7772867838541667,-0.29053125,-0.23771131038665771,-0.051998603343963626
2009-008,2009-12-12 09:00:00,0.7772867838541667,-0.29053125,-0.23771131038665771,-0.051998603343963626
2009-008,2009-12-12 12:00:00,0.7772867838541667,-0.37027604166666667,-0.22834272384643556,-0.06011363863945007
2009-008,2009-12-12 15:00:00,0.7772867838541667,-0.37027604166666667,-0.22834272384643556,-0.06011363863945007
2009-008,2009-12-12 18:00:00,0.7772867838541667,-0.2206875,-0.19953198432922364,-0.03541392982006073
2009-008,2009-12-13 00:00:00,0.769171142578125,-0.28763020833333336,-0.20149519443511962,-0.04427460730075836
2009-008,2009-12-13 03:00:00,0.769171142578125,-0.28763020833333336,-0.20149519443511962,-0.04427460730075836
2009-008,2009-12-13 06:00:00,0.769171142578125,-0.16892708333333334,-0.2377479314804077,-0.051636695861816406
2009-008,2009-12-13 12:00:00,0.769171142578125,-0.3068177083333333,-0.2576072931289673,-0.06092192530632019
2009-008,2009-12-13 18:00:00,0.769171142578125,-0.15741666666666668,-0.25830080509185793,0.013649630546569824
2009-008,2009-12-14 00:00:00,0.7677408854166666,-0.213109375,-0.23763976097106934,0.06343492865562439
2009-008,2009-12-14 03:00:00,0.7677408854166666,-0.213109375,-0.23763976097106934,0.06343492865562439
2009-008,2009-12-14 06:00:00,0.7677408854166666,-0.10253645833333333,-0.3141236543655396,0.012493361532688142
2009-008,2009-12-14 09:00:00,0.7677408854166666,-0.10253645833333333,-0.3141236543655396,0.012493361532688142
2009-008,2009-12-14 12:00:00,0.7677408854166666,-0.22283854166666667,-0.3165362596511841,0.007918982207775116
2009-008,2009-12-14 18:00:00,0.7677408854166666,-0.09722916666666667,-0.3089824914932251,0.010898859053850175
2009-008,2009-12-15 00:00:00,0.770892333984375,-0.17909375,-0.2767625331878662,-0.04146146774291992
2010-001,2010-05-17 06:00:00,0.9433024088541667,-0.5249375,0.018395823240280152,0.0948699653148651
2010-001,2010-05-17 12:00:00,0.9433024088541667,-0.6925364583333333,-0.16997792720794677,0.1772946834564209
2010-001,2010-05-17 18:00:00,0.9433024088541667,-0.52878125,-0.09168163537979127,0.36457099914550783
2010-001,2010-05-18 00:00:00,0.9340372721354167,-0.6552864583333333,-0.01867920160293579,0.3407172441482544
2010-001,2010-05-18 03:00:00,0.9340372721354167,-0.6552864583333333,-0.01867920160293579,0.3407172441482544
2010-001,2010-05-18 06:00:00,0.9340372721354167,-0.59084375,0.03733881711959839,0.3427842617034912
2010-001,2010-05-18 09:00:00,0.9340372721354167,-0.59084375,0.03733881711959839,0.3427842617034912
2010-001,2010-05-18 12:00:00,0.9340372721354167,-0.7223020833333333,0.003720259666442871,0.4331634044647217
2010-001,2010-05-18 15:00:00,0.9340372721354167,-0.7223020833333333,0.003720259666442871,0.4331634044647217
2010-001,2010-05-18 18:00:00,0.9340372721354167,-0.5657239583333333,0.07610426545143127,0.5487712860107422
2010-001,2010-05-18 21:00:00,0.9340372721354167,-0.5657239583333333,0.07610426545143127,0.5487712860107422
2010-001,2010-05-19 00:00:00,0.9170084635416667,-0.6561979166666667,0.18173357248306274,0.5140914916992188
2010-001,2010-05-19 03:00:00,0.9170084635416667,-0.6561979166666667,0.18173357248306274,0.5140914916992188
2010-001,2010-05-19 06:00:00,0.9170084635416667,-0.5619010416666667,0.15431498289108275,0.566341495513916
2010-001,2010-05-19 09:00:00,0.9170084635416667,-0.5619010416666667,0.15431498289108275,0.566341495513916
2010-001,2010-05-19 12:00:00,0.9170084635416667,-0.6908645833333333,0.16242915391921997,0.5143834114074707
2010-001,2010-05-19 15:00:00,0.9170084635416667,-0.6908645833333333,0.16242915391921997,0.5143834114074707
2010-001,2010-05-19 18:00:00,0.9170084635416667,-0.5594583333333333,0.10724698305130005,0.6240171909332275
2010-001,2010-05-19 21:00:00,0.9170084635416667,-0.5594583333333333,0.10724698305130005,0.6240171909332275
2010-001,2010-05-20 00:00:00,0.9125203450520833,-0.6750729166666667,0.12200042009353637,0.6757415294647217
2010-001,2010-05-20 03:00:00,0.9125203450520833,-0.6750729166666667,0.12200042009353637,0.6757415294647217
2010-001,2010-05-20 06:00:00,0.9125203450520833,-0.5509375,0.19799673557281494,0.7050456047058106
2010-001,2010-05-20 09:00:00,0.9125203450520833,-0.5509375,0.19799673557281494,0.7050456047058106
2010-001,2010-05-20 12:00:00,0.9125203450520833,-0.6484739583333333,0.19286506175994872,0.672529935836792
2010-001,2010-05-20 15:00:00,0.9125203450520833,-0.6484739583333333,0.19286506175994872,0.672529935836792
2010-001,2010-05-20 18:00:00,0.9125203450520833,-0.51040625,0.2608966588973999,0.6894920825958252
2010-001,2010-05-20 21:00:00,0.9125203450520833,-0.51040625,0.2608966588973999,0.6894920825958252
2010-001,2010-05-21 00:00:00,0.8883951822916667,-0.5568177083333333,0.2882971286773682,0.6272534370422364
2010-001,2010-05-21 03:00:00,0.8883951822916667,-0.5568177083333333,0.2882971286773682,0.6272534370422364
2010-001,2010-05-21 06:00:00,0.8883951822916667,-0.43033333333333335,0.27525906562805175,0.6342636108398437
2010-002,2010-05-19 09:00:00,0.880938720703125,-0.343234375,0.07365139722824096,0.25922250747680664
2010-002,2010-05-19 12:00:00,0.880938720703125,-0.511609375,0.045419666171073916,0.35531327724456785
2010-002,2010-05-19 15:00:00,0.880938720703125,-0.511609375,0.045419666171073916,0.35531327724456785
2010-002,2010-05-19 18:00:00,0.880938720703125,-0.3339479166666667,0.010688667744398117,0.4552035331726074
2010-002,2010-05-19 21:00:00,0.880938720703125,-0.3339479166666667,0.010688667744398117,0.4552035331726074
2010-002,2010-05-20 00:00:00,0.853411865234375,-0.44783854166666665,0.13854477405548096,0.44358015060424805
2010-002,2010-05-20 03:00:00,0.853411865234375,-0.44783854166666665,0.13854477405548096,0.44358015060424805
2010-002,2010-05-20 06:00:00,0.853411865234375,-0.32183333333333336,0.24519953727722169,0.5243470668792725
2010-002,2010-05-20 09:00:00,0.853411865234375,-0.32183333333333336,0.24519953727722169,0.5243470668792725
2010-002,2010-05-20 12:00:00,0.853411865234375,-0.5192552083333334,0.23816442489624023,0.44656758308410643
2010-002,2010-05-20 18:00:00,0.853411865234375,-0.4231302083333333,0.08413286209106445,0.5682948112487793
2010-002,2010-05-21 00:00:00,0.8287556966145834,-0.5290052083333333,0.14491888284683227,0.5602395057678222
2010-002,2010-05-21 03:00:00,0.8287556966145834,-0.5290052083333333,0.14491888284683227,0.5602395057678222
2010-002,2010-05-21 06:00:00,0.8287556966145834,-0.376140625,0.254973316192627,0.6160064697265625
2010-002,2010-05-21 09:00:00,0.8287556966145834,-0.376140625,0.254973316192627,0.6160064697265625
2010-002,2010-05-21 12:00:00,0.8287556966145834,-0.5321041666666667,0.22997093200683594,0.5330811977386475
2010-002,2010-05-21 15:00:00,0.8287556966145834,-0.5321041666666667,0.22997093200683594,0.5330811977386475
2010-002,2010-05-21 18:00:00,0.8287556966145834,-0.39008333333333334,0.05610451102256775,0.5265643119812011
2010-002,2010-05-21 21:00:00,0.8287556966145834,-0.39008333333333334,0.05610451102256775,0.5265643119812011
2010-002,2010-05-22 00:00:00,0.822564697265625,-0.5075260416666667,0.06329651474952698,0.5335918426513672
2010-002,2010-05-22 03:00:00,0.822564697265625,-0.5075260416666667,0.06329651474952698,0.5335918426513672
2010-002,2010-05-22 06:00:00,0.822564697265625,-0.33560416666666665,0.1493174195289612,0.5733076095581054
2010-002,2010-05-22 09:00:00,0.822564697265625,-0.33560416666666665,0.1493174195289612,0.5733076095581054
2010-002,2010-05-22 12:00:00,0.822564697265625,-0.5186666666666667,0.11206027269363403,0.5181506156921387
2010-002,2010-05-22 18:00:00,0.822564697265625,-0.35569270833333333,0.05041341781616211,0.5559456825256348
2010-003,2010-05-31 06:00:00,0.9211100260416667,-0.47971875,0.2779666900634766,0.26102118492126464
2010-003,2010-05-31 12:00:00,0.9211263020833333,-0.6610208333333333,0.30324175357818606,0.30039305686950685
2010-003,2010-05-31 18:00:00,0.9210978190104167,-0.52565625,0.24720513820648193,0.3846996068954468
2010-003,2010-06-01 00:00:00,0.9019002278645833,-0.597515625,0.23055510520935057,0.3262259721755981
2010-003,2010-06-01 03:00:00,0.9019002278645833,-0.597515625,0.23055510520935057,0.3262259721755981
2010-003,2010-06-01 06:00:00,0.9019571940104166,-0.4858177083333333,0.2184372901916504,0.3652367353439331
2010-003,2010-06-01 09:00:00,0.9019571940104166,-0.4858177083333333,0.2184372901916504,0.3652367353439331
2010-003,2010-06-01 12:00:00,0.901983642578125,-0.6854479166666667,0.2880441188812256,0.39921913146972654
2010-003,2010-06-01 15:00:00,0.901983642578125,-0.6854479166666667,0.2880441188812256,0.39921913146972654
2010-003,2010-06-01 18:00:00,0.9019429524739583,-0.5170052083333333,0.2350717306137085,0.44685921669006345
2010-003,2010-06-01 21:00:00,0.9019429524739583,-0.5170052083333333,0.2350717306137085,0.44685921669006345
2010-003,2010-06-02 00:00:00,0.8930460611979166,-0.5610625,0.21835057735443114,0.41415061950683596
2010-003,2010-06-02 03:00:00,0.8930460611979166,-0.5610625,0.21835057735443114,0.41415061950683596
2010-003,2010-06-02 06:00:00,0.8930826822916667,-0.42486979166666666,0.23360960483551024,0.4232499599456787
2010-003,2010-06-02 09:00:00,0.8930826822916667,-0.42486979166666666,0.23360960483551024,0.4232499599456787
2010-003,2010-06-02 12:00:00,0.8930826822916667,-0.5715677083333334,0.33006513118743896,0.42200655937194825
2010-003,2010-06-02 15:00:00,0.8930826822916667,-0.5715677083333334,0.33006513118743896,0.42200655937194825
2010-003,2010-06-02 18:00:00,0.893060302734375,-0.37983854166666664,0.2534993410110474,0.42479677200317384
2010-003,2010-06-02 21:00:00,0.893060302734375,-0.37983854166666664,0.2534993410110474,0.42479677200317384
2010-003,2010-06-03 00:00:00,0.8762064615885417,-0.4404895833333333,0.20103302001953124,0.35292294025421145
2010-003,2010-06-03 03:00:00,0.8762064615885417,-0.4404895833333333,0.20103302001953124,0.35292294025421145
2010-003,2010-06-03 06:00:00,0.87620849609375,-0.317703125,0.20136783123016358,0.40505499839782716
2010-003,2010-06-03 09:00:00,0.87620849609375,-0.317703125,0.20136783123016358,0.40505499839782716
2010-003,2010-06-03 12:00:00,0.8762349446614583,-0.508765625,0.272441029548645,0.37444195747375486
2010-003,2010-06-03 15:00:00,0.8762349446614583,-0.508765625,0.272441029548645,0.37444195747375486
2010-003,2010-06-03 18:00:00,0.8762125651041667,-0.3527708333333333,0.2635072946548462,0.45098114013671875
2010-003,2010-06-03 21:00:00,0.8762125651041667,-0.3527708333333333,0.2635072946548462,0.45098114013671875
2010-003,2010-06-04 00:00:00,0.8643208821614583,-0.40103125,0.33491814136505127,0.36396467685699463
2010-003,2010-06-04 03:00:00,0.8643208821614583,-0.40103125,0.33491814136505127,0.36396467685699463
2010-003,2010-06-04 06:00:00,0.8643290201822916,-0.269125,0.34869768619537356,0.37958240509033203
2010-003,2010-06-04 09:00:00,0.8643290201822916,-0.269125,0.34869768619537356,0.37958240509033203
2010-003,2010-06-04 12:00:00,0.864349365234375,-0.44716666666666666,0.3797305583953857,0.33603954315185547
2010-003,2010-06-04 15:00:00,0.864349365234375,-0.44716666666666666,0.3797305583953857,0.33603954315185547
2010-003,2010-06-04 18:00:00,0.8643310546875,-0.340640625,0.3792214870452881,0.41413516998291017
2010-003,2010-06-04 21:00:00,0.8643310546875,-0.340640625,0.3792214870452881,0.41413516998291017
2010-003,2010-06-05 00:00:00,0.8563151041666667,-0.43346875,0.38726613521575926,0.37214293479919436
2010-003,2010-06-05 03:00:00,0.8563151041666667,-0.43346875,0.38726613521575926,0.37214293479919436
2010-003,2010-06-05 06:00:00,0.856329345703125,-0.358125,0.4798093795776367,0.35938310623168945
2010-003,2010-06-05 09:00:00,0.856329345703125,-0.358125,0.4798093795776367,0.35938310623168945
2010-003,2010-06-05 12:00:00,0.8563578287760417,-0.6030104166666667,0.4887206554412842,0.2870652198791504
2010-003,2010-06-05 15:00:00,0.8563578287760417,-0.6030104166666667,0.4887206554412842,0.2870652198791504
2010-003,2010-06-05 18:00:00,0.85633544921875,-0.5116302083333333,0.43938212394714354,0.3889685392379761
2010-003,2010-06-05 21:00:00,0.85633544921875,-0.5116302083333333,0.43938212394714354,0.3889685392379761
2010-003,2010-06-06 00:00:00,0.84976806640625,-0.627125,0.4606630802154541,0.36853339672088625
2010-003,2010-06-06 03:00:00,0.84976806640625,-0.627125,0.4606630802154541,0.36853339672088625
2010-003,2010-06-06 06:00:00,0.84976806640625,-0.5349427083333333,0.5382591247558594,0.38608860969543457
2010-003,2010-06-06 09:00:00,0.84976806640625,-0.5349427083333333,0.5382591247558594,0.38608860969543457
2010-003,2010-06-06 12:00:00,0.84976806640625,-0.7575208333333333,0.5576167583465577,0.34963603019714357
2010-003,2010-06-06 15:00:00,0.84976806640625,-0.7575208333333333,0.5576167583465577,0.34963603019714357
2010-003,2010-06-06 18:00:00,0.849749755859375,-0.6218802083333334,0.5031574249267579,0.3992826223373413
2010-003,2010-06-07 00:00:00,0.8493143717447916,-0.703109375,0.5090208053588867,0.3200056552886963
2010-003,2010-06-07 03:00:00,0.8493143717447916,-0.703109375,0.5090208053588867,0.3200056552886963
2010-003,2010-06-07 06:00:00,0.8493448893229166,-0.5409947916666666,0.5302963256835938,0.3022037744522095
2010-004,2010-10-07 03:00:00,0.8510233561197916,-0.61353125,-0.11146779060363769,0.24266560077667237
2010-004,2010-10-07 06:00:00,0.8510233561197916,-0.5716770833333333,-0.10737709999084473,0.3395557880401611
2010-004,2010-10-07 12:00:00,0.8510233561197916,-0.6615885416666667,0.0262281596660614,0.30726573467254636
2010-004,2010-10-07 18:00:00,0.8510233561197916,-0.5454114583333334,0.02175288796424866,0.3148802280426025
2010-004,2010-10-08 00:00:00,0.8309102376302083,-0.610078125,0.09802095890045166,0.2757676839828491
2010-004,2010-10-08 03:00:00,0.8309102376302083,-0.610078125,0.09802095890045166,0.2757676839828491
2010-004,2010-10-08 06:00:00,0.8309102376302083,-0.5446614583333333,0.12730491161346436,0.3024414300918579
2010-004,2010-10-08 12:00:00,0.8309102376302083,-0.6699427083333334,0.17187347412109374,0.2663534879684448
2010-004,2010-10-08 18:00:00,0.8309102376302083,-0.5656614583333334,0.22529489994049073,0.2842780590057373
2010-005,2010-10-13 06:00:00,0.827301025390625,-0.48561458333333335,-0.0534896731376648,-0.2575691223144531
2010-005,2010-10-13 12:00:00,0.827301025390625,-0.6551666666666667,-0.060586148500442506,-0.2688331127166748
2010-005,2010-10-13 18:00:00,0.827301025390625,-0.5899375,-0.04088940918445587,-0.19885040521621705
2010-005,2010-10-14 00:00:00,0.8287150065104166,-0.671703125,-0.03670096397399902,-0.18993762731552125
2010-005,2010-10-14 03:00:00,0.8287150065104166,-0.671703125,-0.03670096397399902,-0.18993762731552125
2010-005,2010-10-14 06:00:00,0.8287150065104166,-0.6534010416666667,-0.023638248443603516,-0.10322188138961792
2010-005,2010-10-14 12:00:00,0.8287150065104166,-0.8023072916666667,0.004304801672697067,0.022937317192554475
2010-005,2010-10-14 18:00:00,0.8287150065104166,-0.7261510416666667,0.004585721716284752,0.0959427833557129
2010-005,2010-10-15 00:00:00,0.8222798665364583,-0.7574947916666667,0.07551369071006775,0.22049124240875245
2010-005,2010-10-15 03:00:00,0.8222798665364583,-0.7574947916666667,0.07551369071006775,0.22049124240875245
2010-005,2010-10-15 06:00:00,0.8222798665364583,-0.656265625,0.1782410502433777,0.3070432186126709
2010-005,2010-10-15 12:00:00,0.8222798665364583,-0.77084375,0.1351361393928528,0.25217039585113527
2010-005,2010-10-15 18:00:00,0.8222798665364583,-0.6069114583333334,-0.018047337234020234,0.40629286766052247
2010-005,2010-10-16 00:00:00,0.8048970540364583,-0.6425052083333334,0.03584627509117126,0.3776656150817871
2010-006,2010-10-20 12:00:00,0.8056864420572917,-0.4261979166666667,0.0580977737903595,0.03695572912693024
2010-006,2010-10-20 18:00:00,0.8056864420572917,-0.36765625,-0.003889874741435051,0.05367549061775208
2010-006,2010-10-21 00:00:00,0.8021077473958333,-0.4293958333333333,0.005872149765491485,0.031051281094551086
2010-006,2010-10-21 03:00:00,0.8021077473958333,-0.4293958333333333,0.005872149765491485,0.031051281094551086
2010-006,2010-10-21 06:00:00,0.8021077473958333,-0.4580208333333333,0.046383893489837645,0.07168368697166443
2010-006,2010-10-21 09:00:00,0.8021077473958333,-0.4580208333333333,0.046383893489837645,0.07168368697166443
2010-006,2010-10-21 12:00:00,0.8021077473958333,-0.6142395833333333,0.06703051924705505,0.09886093735694886
2010-006,2010-10-21 15:00:00,0.8021077473958333,-0.6142395833333333,0.06703051924705505,0.09886093735694886
2010-006,2010-10-21 18:00:00,0.8021077473958333,-0.5011458333333333,0.07710008025169372,0.10036735534667969
2010-006,2010-10-21 21:00:00,0.8021077473958333,-0.5011458333333333,0.07710008025169372,0.10036735534667969
2010-006,2010-10-22 00:00:00,0.7931640625,-0.5491510416666666,0.09787234663963318,0.057410812377929686
2010-006,2010-10-22 03:00:00,0.7931640625,-0.5491510416666666,0.09787234663963318,0.057410812377929686
2010-006,2010-10-22 06:00:00,0.7931640625,-0.526765625,0.18308842182159424,0.1098747968673706
2010-006,2010-10-22 09:00:00,0.7931640625,-0.526765625,0.18308842182159424,0.1098747968673706
2010-006,2010-10-22 12:00:00,0.7931640625,-0.60815625,0.21885249614715577,0.0704102337360382
2010-006,2010-10-22 15:00:00,0.7931640625,-0.60815625,0.21885249614715577,0.0704102337360382
2010-006,2010-10-22 18:00:00,0.7931640625,-0.4939895833333333,0.2203977584838867,0.12354887723922729
2010-006,2010-10-22 21:00:00,0.7931640625,-0.4939895833333333,0.2203977584838867,0.12354887723922729
2010-006,2010-10-23 00:00:00,0.7899515787760417,-0.48053645833333336,0.20391998291015626,0.12346028089523316
2010-006,2010-10-23 03:00:00,0.7899515787760417,-0.48053645833333336,0.20391998291015626,0.12346028089523316
2010-006,2010-10-23 06:00:00,0.7899515787760417,-0.435328125,0.2439713478088379,0.14492578506469728
2010-007,2010-11-04 00:00:00,0.800775146484375,-0.237921875,-0.1002739429473877,-0.23486835956573487
2010-007,2010-11-04 03:00:00,0.800775146484375,-0.237921875,-0.1002739429473877,-0.23486835956573487
2010-007,2010-11-04 06:00:00,0.800775146484375,-0.18400520833333334,-0.192400324344635,-0.22415716648101808
2010-007,2010-11-04 12:00:00,0.800775146484375,-0.30785416666666665,-0.16282833814620973,-0.15946542024612426
2010-007,2010-11-04 18:00:00,0.800775146484375,-0.21996354166666668,-0.15109964609146118,-0.11624424457550049
2010-007,2010-11-05 00:00:00,0.7874918619791667,-0.30884375,-0.07651129364967346,-0.12719670534133912
2010-007,2010-11-05 03:00:00,0.7874918619791667,-0.30884375,-0.07651129364967346,-0.12719670534133912
2010-007,2010-11-05 06:00:00,0.7874918619791667,-0.247890625,-0.10763781070709229,-0.11193180084228516
2010-007,2010-11-05 09:00:00,0.7874918619791667,-0.247890625,-0.10763781070709229,-0.11193180084228516
2010-007,2010-11-05 12:00:00,0.7874918619791667,-0.3883333333333333,-0.07960268259048461,-0.0395068883895874
2010-007,2010-11-05 15:00:00,0.7874918619791667,-0.3883333333333333,-0.07960268259048461,-0.0395068883895874
2010-007,2010-11-05 18:00:00,0.7874918619791667,-0.280140625,-0.04154689908027649,0.034019196033477785
2010-007,2010-11-05 21:00:00,0.7874918619791667,-0.280140625,-0.04154689908027649,0.034019196033477785
2010-007,2010-11-06 00:00:00,0.779156494140625,-0.3823697916666667,-0.00569063201546669,0.0005384969990700483
2010-007,2010-11-06 03:00:00,0.779156494140625,-0.3823697916666667,-0.00569063201546669,0.0005384969990700483
2010-007,2010-11-06 06:00:00,0.779156494140625,-0.343640625,-0.02956181764602661,0.04836599230766296
2010-007,2010-11-06 09:00:00,0.779156494140625,-0.343640625,-0.02956181764602661,0.04836599230766296
2010-007,2010-11-06 12:00:00,0.779156494140625,-0.47946354166666666,0.0007428972516208887,0.1297519564628601
2010-007,2010-11-06 15:00:00,0.779156494140625,-0.47946354166666666,0.0007428972516208887,0.1297519564628601
2010-007,2010-11-06 18:00:00,0.779156494140625,-0.3693177083333333,-0.017682355642318726,0.21638929843902588
2010-007,2010-11-06 21:00:00,0.779156494140625,-0.3693177083333333,-0.017682355642318726,0.21638929843902588
2010-007,2010-11-07 00:00:00,0.7742329915364583,-0.4480104166666667,0.008198416233062744,0.21616013050079347
2010-007,2010-11-07 03:00:00,0.7742329915364583,-0.4480104166666667,0.008198416233062744,0.21616013050079347
2010-007,2010-11-07 06:00:00,0.7742329915364583,-0.37047395833333335,-0.019383582472801208,0.2741020679473877
2010-007,2010-11-07 09:00:00,0.7742329915364583,-0.37047395833333335,-0.019383582472801208,0.2741020679473877
2010-007,2010-11-07 12:00:00,0.7742329915364583,-0.4501041666666667,-0.04281049370765686,0.28080120086669924
2010-007,2010-11-07 15:00:00,0.7742329915364583,-0.4501041666666667,-0.04281049370765686,0.28080120086669924
2010-007,2010-11-07 18:00:00,0.7742329915364583,-0.28952083333333334,-0.1029707670211792,0.3390513896942139
2010-007,2010-11-08 00:00:00,0.7873942057291666,-0.3576875,-0.10945605039596558,0.3078315019607544
2010-007,2010-11-08 03:00:00,0.7873942057291666,-0.3576875,-0.10945605039596558,0.3078315019607544
2010-008,2010-12-07 03:00:00,0.72464599609375,-0.5674322916666666,-0.09250699281692505,-0.07871205806732177
2010-008,2010-12-07 06:00:00,0.72464599609375,-0.4323958333333333,-0.010251866281032562,0.06899353265762329
2010-008,2010-12-07 12:00:00,0.72464599609375,-0.5833333333333334,0.02561136186122894,0.1463722825050354
2010-008,2010-12-07 18:00:00,0.72464599609375,-0.4278125,0.05186725258827209,0.2627195596694946
2010-008,2010-12-08 00:00:00,0.7195699055989583,-0.5238125,0.09420668482780456,0.22487668991088866
2011-001,2011-02-02 09:00:00,0.7238179524739583,-0.222859375,-0.04621783196926117,-0.301721453666687
2011-001,2011-02-02 12:00:00,0.7238179524739583,-0.42885416666666665,-0.1835573434829712,-0.5174972534179687
2011-001,2011-02-02 18:00:00,0.7238179524739583,-0.25064583333333335,-0.3241192102432251,-0.2116234064102173
2011-002,2011-06-11 12:00:00,0.8207010904947917,-0.8847916666666666,0.5544377326965332,0.27535438537597656
2011-002,2011-06-11 18:00:00,0.8205362955729166,-0.7443541666666667,0.5367558002471924,0.32171638011932374
2011-002,2011-06-12 00:00:00,0.8132161458333333,-0.8132708333333334,0.4492600917816162,0.26057426929473876
2011-002,2011-06-12 03:00:00,0.8132161458333333,-0.8132708333333334,0.4492600917816162,0.26057426929473876
2011-002,2011-06-12 06:00:00,0.81358642578125,-0.6270052083333333,0.4948441982269287,0.3193789005279541
2011-003,2011-06-16 03:00:00,0.8447774251302084,-1.0154739583333334,0.23812358379364013,0.028853020071983336
2011-003,2011-06-16 06:00:00,0.8447774251302084,-0.9836145833333333,0.3048320055007935,0.012581372261047363
2011-003,2011-06-16 12:00:00,0.8447774251302084,-1.1727083333333332,0.2727417230606079,0.05651983618736267
2011-003,2011-06-16 18:00:00,0.8447774251302084,-1.0427760416666667,0.23287599086761473,0.15562273263931276
2011-003,2011-06-17 00:00:00,0.8366373697916667,-1.0950208333333333,0.2599599599838257,0.12841652631759642
2011-003,2011-06-17 03:00:00,0.8366373697916667,-1.0950208333333333,0.2599599599838257,0.12841652631759642
2011-003,2011-06-17 06:00:00,0.8366373697916667,-1.05078125,0.2826571226119995,0.06756235957145691
2011-003,2011-06-17 12:00:00,0.8366373697916667,-1.2084375,0.17615604400634766,0.11058741807937622
2011-003,2011-06-17 18:00:00,0.8366373697916667,-1.008625,0.15900144577026368,0.17094237804412843
2011-003,2011-06-18 00:00:00,0.806109619140625,-1.0690572916666667,0.18206171989440917,0.11447751522064209
2011-003,2011-06-18 03:00:00,0.806109619140625,-1.0690572916666667,0.18206171989440917,0.11447751522064209
2011-003,2011-06-18 06:00:00,0.806109619140625,-0.988984375,0.21477062702178956,0.08427591323852539
2011-003,2011-06-18 12:00:00,0.806109619140625,-1.1566822916666666,0.13112218379974366,0.1083950400352478
2011-003,2011-06-18 18:00:00,0.806109619140625,-1.0093645833333333,0.11764979362487793,0.15669264793395996
2011-003,2011-06-19 00:00:00,0.8098225911458333,-1.0865729166666667,0.13625307083129884,0.12058336734771728
2011-003,2011-06-19 03:00:00,0.8098225911458333,-1.0865729166666667,0.13625307083129884,0.12058336734771728
2011-003,2011-06-19 06:00:00,0.8098225911458333,-1.0081979166666666,0.18854292631149291,0.08014721870422363
2011-003,2011-06-19 12:00:00,0.8098225911458333,-1.1705364583333333,0.09083670973777772,0.08878888487815857
2011-003,2011-06-19 18:00:00,0.8098225911458333,-0.9940989583333333,0.06854970455169677,0.15115821361541748
2011-003,2011-06-20 00:00:00,0.8073588053385417,-1.0138958333333334,0.06740067005157471,0.12969343662261962
2011-003,2011-06-20 03:00:00,0.8073588053385417,-1.0138958333333334,0.06740067005157471,0.12969343662261962
2011-003,2011-06-20 06:00:00,0.8073588053385417,-0.9379010416666667,0.1603832483291626,0.12560114860534669
2011-003,2011-06-20 12:00:00,0.8073588053385417,-1.0453177083333334,0.12237684726715088,0.12251659631729125
2011-003,2011-06-20 18:00:00,0.8073588053385417,-0.8833489583333334,0.10174901485443115,0.18334795236587526
2011-003,2011-06-21 00:00:00,0.8016947428385417,-0.9185729166666666,0.10301773548126221,0.1361068844795227
2011-003,2011-06-21 03:00:00,0.8016947428385417,-0.9185729166666666,0.10301773548126221,0.1361068844795227
2011-003,2011-06-21 06:00:00,0.8016947428385417,-0.8635989583333333,0.17148051261901856,0.14990270137786865
2011-003,2011-06-21 12:00:00,0.8016947428385417,-1.0273385416666667,0.12838938236236572,0.12080423831939698
2011-003,2011-06-21 18:00:00,0.8016947428385417,-0.8944166666666666,0.08586159944534302,0.16468425989151
2011-003,2011-06-22 00:00:00,0.8086995442708333,-0.952375,0.0714874505996704,0.16148691177368163
2011-003,2011-06-22 03:00:00,0.8086995442708333,-0.952375,0.0714874505996704,0.16148691177368163
2011-003,2011-06-22 06:00:00,0.8086995442708333,-0.9145885416666667,0.14669206142425537,0.20342776775360108
2011-003,2011-06-22 12:00:00,0.8086995442708333,-1.0577083333333333,0.14208289384841918,0.1578246235847473
2011-003,2011-06-22 18:00:00,0.8086995442708333,-0.9127916666666667,0.11039958000183106,0.17794541120529175
2011-004,2011-07-22 00:00:00,0.7886678059895833,-1.156703125,0.14032227993011476,0.035382834076881406
2011-004,2011-07-22 03:00:00,0.7886678059895833,-1.156703125,0.14032227993011476,0.035382834076881406
2011-004,2011-07-22 06:00:00,0.7886678059895833,-1.0714375,0.10019974708557129,0.09265947937965394
2011-004,2011-07-22 12:00:00,0.7886678059895833,-1.1673333333333333,0.07489324808120727,0.08710395693778991
2011-004,2011-07-22 18:00:00,0.7886678059895833,-0.9733385416666667,0.02339610457420349,0.12474452257156372
2011-004,2011-07-23 00:00:00,0.8115030924479166,-0.9892447916666667,-0.06448751091957092,0.09545748829841613
2011-005,2011-09-22 03:00:00,0.796429443359375,-0.7838854166666667,0.06522749662399292,0.09788239002227783
2011-005,2011-09-22 06:00:00,0.796429443359375,-0.699546875,0.02469247281551361,0.14512984752655028
2011-005,2011-09-22 12:00:00,0.796429443359375,-0.8826822916666667,0.129570472240448,0.12023363113403321
2011-005,2011-09-22 18:00:00,0.796429443359375,-0.7534375,0.08001298308372498,0.19579383134841918
2011-005,2011-09-23 00:00:00,0.8002726236979166,-0.778625,0.049482515454292296,0.19476262331008912
2011-005,2011-09-23 03:00:00,0.8002726236979166,-0.778625,0.049482515454292296,0.19476262331008912
2011-005,2011-09-23 06:00:00,0.8002726236979166,-0.6959479166666667,0.023421765863895418,0.302335786819458
2011-006,2011-10-19 00:00:00,0.8131876627604167,-0.41178125,-0.10015662908554077,0.11182975769042969
2011-006,2011-10-19 03:00:00,0.8131876627604167,-0.41178125,-0.10015662908554077,0.11182975769042969
2011-006,2011-10-19 06:00:00,0.8131876627604167,-0.37306770833333336,-0.060583996772766116,0.11753212213516236
2011-006,2011-10-19 12:00:00,0.8131876627604167,-0.4401145833333333,-0.011471118777990341,0.05491598248481751
2011-006,2011-10-19 18:00:00,0.8131876627604167,-0.33869791666666665,0.0021424084901809693,0.08907660245895385
2011-006,2011-10-20 00:00:00,0.7968790690104167,-0.3236354166666667,0.04009803831577301,0.056835925579071044
2011-007,2011-10-29 00:00:00,0.73939208984375,-0.41613541666666665,-0.2820340633392334,-0.3026860475540161
2011-007,2011-10-29 06:00:00,0.73939208984375,-0.2899583333333333,-0.25399532318115237,-0.29036314487457277
2011-007,2011-10-29 12:00:00,0.73939208984375,-0.5404375,-0.23244428634643555,-0.24019432067871094
2011-007,2011-10-29 18:00:00,0.73939208984375,-0.4116458333333333,-0.2106788158416748,-0.1148499608039856
2011-007,2011-10-30 03:00:00,0.731939697265625,-0.54328125,-0.09534478187561035,-0.03119995892047882
2011-007,2011-10-30 06:00:00,0.731939697265625,-0.407171875,-0.03655027449131012,-0.04789550006389618
2011-007,2011-10-30 12:00:00,0.731939697265625,-0.617265625,0.036954575777053834,-0.0605729341506958
2011-007,2011-10-30 18:00:00,0.731939697265625,-0.4792239583333333,-0.05742674469947815,0.05104735493659973
2011-007,2011-10-31 00:00:00,0.7156514485677083,-0.599546875,0.03433233797550202,0.1166003942489624
2011-007,2011-10-31 03:00:00,0.7156514485677083,-0.599546875,0.03433233797550202,0.1166003942489624
2011-007,2011-10-31 06:00:00,0.7156514485677083,-0.4114375,0.029057028889656066,0.12764099836349488
2011-007,2011-10-31 12:00:00,0.7156514485677083,-0.5796770833333333,0.034843438863754274,0.1053288459777832
2011-007,2011-10-31 18:00:00,0.7156514485677083,-0.419875,-0.04379361867904663,0.22735438346862794
2011-007,2011-11-01 00:00:00,0.726104736328125,-0.5096770833333333,0.060594809055328366,0.2798645257949829
2011-007,2011-11-01 03:00:00,0.726104736328125,-0.5096770833333333,0.060594809055328366,0.2798645257949829
2011-007,2011-11-01 06:00:00,0.726104736328125,-0.32071354166666666,-0.03502888381481171,0.27414608001708984
2011-007,2011-11-01 12:00:00,0.726104736328125,-0.498234375,-0.03820558488368988,0.2859340190887451
2011-007,2011-11-01 18:00:00,0.726104736328125,-0.3260208333333333,-0.11999745368957519,0.3390446424484253
2011-007,2011-11-02 00:00:00,0.7325419108072917,-0.41452083333333334,-0.056847506761550905,0.3266716718673706
2011-007,2011-11-02 03:00:00,0.7325419108072917,-0.41452083333333334,-0.056847506761550905,0.3266716718673706
2011-007,2011-11-02 06:00:00,0.7325419108072917,-0.22292708333333333,0.00407453253865242,0.3483452320098877
2011-007,2011-11-02 09:00:00,0.7325419108072917,-0.22292708333333333,0.00407453253865242,0.3483452320098877
2011-007,2011-11-02 12:00:00,0.7325419108072917,-0.4381510416666667,0.07266912460327149,0.31507277488708496
2011-007,2011-11-02 15:00:00,0.7325419108072917,-0.4381510416666667,0.07266912460327149,0.31507277488708496
2011-007,2011-11-02 18:00:00,0.7325419108072917,-0.26908333333333334,-0.008315077424049378,0.26040010452270507
2011-007,2011-11-03 00:00:00,0.7330118815104166,-0.3714635416666667,-0.002623501606285572,0.20315494537353515
2011-007,2011-11-03 03:00:00,0.7330118815104166,-0.3714635416666667,-0.002623501606285572,0.20315494537353515
2011-007,2011-11-03 06:00:00,0.7330118815104166,-0.173375,-0.005407417193055153,0.1727628231048584
2011-007,2011-11-03 12:00:00,0.7330118815104166,-0.3582708333333333,0.008479144424200058,0.09598122835159302
2011-007,2011-11-03 18:00:00,0.7330118815104166,-0.16858333333333334,-0.10604479312896728,0.11302032470703124
2011-007,2011-11-04 00:00:00,0.7312784830729167,-0.28253645833333335,-0.04413943886756897,0.148279869556427
2011-007,2011-11-04 03:00:00,0.7312784830729167,-0.28253645833333335,-0.04413943886756897,0.148279869556427
2011-008,2011-11-06 00:00:00,0.744903564453125,-0.25665625,-0.18193161487579346,-0.2668071031570435
2011-008,2011-11-06 03:00:00,0.744903564453125,-0.25665625,-0.18193161487579346,-0.2668071031570435
2011-008,2011-11-06 06:00:00,0.744903564453125,-0.09122916666666667,-0.19507724046707153,-0.19989972114562987
2011-008,2011-11-06 06:00:00,0.744903564453125,-0.09122916666666667,-0.19507724046707153,-0.19989972114562987
2011-008,2011-11-06 12:00:00,0.744903564453125,-0.3313125,-0.12919671535491944,-0.16022027730941774
2011-008,2011-11-06 12:00:00,0.744903564453125,-0.3313125,-0.12919671535491944,-0.16022027730941774
2011-008,2011-11-06 18:00:00,0.744903564453125,-0.18213020833333332,-0.1814513087272644,-0.07799671888351441
2011-008,2011-11-06 18:00:00,0.744903564453125,-0.18213020833333332,-0.1814513087272644,-0.07799671888351441
2011-008,2011-11-08 00:00:00,0.75970458984375,-0.31471354166666665,0.018103355169296266,0.17859125137329102
2011-008,2011-11-08 03:00:00,0.75970458984375,-0.31471354166666665,0.018103355169296266,0.17859125137329102
2011-008,2011-11-08 06:00:00,0.75970458984375,-0.10633854166666666,-0.007628674060106278,0.19079581499099732
2011-008,2011-11-08 12:00:00,0.75970458984375,-0.32502604166666665,0.015017971396446228,0.131027889251709
2011-008,2011-11-08 18:00:00,0.75970458984375,-0.15878645833333332,-0.050101667642593384,0.16188958883285523
2011-008,2011-11-09 00:00:00,0.7636210123697916,-0.3135104166666667,-0.058998382091522215,0.1616663932800293
2011-008,2011-11-09 03:00:00,0.7636210123697916,-0.3135104166666667,-0.058998382091522215,0.1616663932800293
2011-008,2011-11-09 06:00:00,0.7636210123697916,-0.140015625,-0.07773357033729553,0.17185739278793336
2011-008,2011-11-09 12:00:00,0.7636210123697916,-0.35683333333333334,-0.015043199062347412,0.06567780375480652
2011-008,2011-11-09 18:00:00,0.7636210123697916,-0.15677604166666667,-0.1214249849319458,0.06700651049613952
2011-008,2011-11-10 00:00:00,0.7407816569010417,-0.3010364583333333,-0.11832517385482788,0.040494903922080994
2011-008,2011-11-10 03:00:00,0.7407816569010417,-0.3010364583333333,-0.11832517385482788,0.040494903922080994
2011-009,2011-11-26 03:00:00,0.7688985188802083,-0.3663854166666667,-0.1789577603340149,-0.22286200523376465
2011-009,2011-11-26 06:00:00,0.7688985188802083,-0.21334895833333334,-0.21446578502655028,-0.19101064205169677
2011-009,2011-11-26 12:00:00,0.7688985188802083,-0.438671875,-0.09543879628181458,-0.22126147747039795
2011-009,2011-11-26 18:00:00,0.7688985188802083,-0.26266666666666666,-0.14324574470520018,-0.22022385597229005
2011-009,2011-11-27 00:00:00,0.7628499348958333,-0.3485625,-0.10342599153518676,-0.19937541484832763
2011-009,2011-11-27 03:00:00,0.7628499348958333,-0.3485625,-0.10342599153518676,-0.19937541484832763
2011-009,2011-11-27 06:00:00,0.7628499348958333,-0.18671354166666668,-0.11976417303085327,-0.18080462217330934
2011-009,2011-11-27 12:00:00,0.7628499348958333,-0.4149114583333333,-0.021162207424640655,-0.20785911083221437
2011-009,2011-11-27 18:00:00,0.7628499348958333,-0.26386458333333335,-0.04419264793395996,-0.18332144021987914
2011-009,2011-11-28 00:00:00,0.7579243977864584,-0.389390625,-0.009003764390945435,-0.19859809875488282
2011-009,2011-11-28 03:00:00,0.7579243977864584,-0.389390625,-0.009003764390945435,-0.19859809875488282
2011-009,2011-11-28 06:00:00,0.7579243977864584,-0.23311458333333332,-0.04122731983661652,-0.16837605237960815
2011-009,2011-11-28 12:00:00,0.7579243977864584,-0.40615104166666666,0.022724029421806336,-0.20701611042022705
2011-009,2011-11-28 18:00:00,0.7579243977864584,-0.23707291666666666,-0.027202293276786804,-0.1657917857170105
2011-009,2011-11-29 00:00:00,0.7550211588541667,-0.3721614583333333,-0.021429428458213808,-0.14193575382232665
2011-009,2011-11-29 03:00:00,0.7550211588541667,-0.3721614583333333,-0.021429428458213808,-0.14193575382232665
2011-009,2011-11-29 06:00:00,0.7550211588541667,-0.23513020833333334,-0.08211544752120972,-0.09371785521507263
2011-009,2011-11-29 12:00:00,0.7550211588541667,-0.42640625,0.0028556980192661285,-0.09393509626388549
2011-009,2011-11-29 18:00:00,0.7550211588541667,-0.23584895833333333,-0.049636352062225345,-0.0489505797624588
2011-009,2011-11-30 00:00:00,0.7559773763020833,-0.3327760416666667,-0.03260833621025085,-0.02544274032115936
2011-009,2011-11-30 03:00:00,0.7559773763020833,-0.3327760416666667,-0.03260833621025085,-0.02544274032115936
2011-009,2011-11-30 06:00:00,0.7559773763020833,-0.17871875,-0.055132389068603516,-0.04106280207633972
2011-009,2011-11-30 12:00:00,0.7559773763020833,-0.36070833333333335,0.00825519859790802,-0.07701961398124695
2011-009,2011-11-30 18:00:00,0.7559773763020833,-0.1650625,-0.04893439710140228,-0.07795501947402954
2011-009,2011-12-01 00:00:00,0.7579569498697917,-0.28052083333333333,-0.03555026352405548,-0.07657711505889893
2011-009,2011-12-01 03:00:00,0.7579569498697917,-0.28052083333333333,-0.03555026352405548,-0.07657711505889893
2011-010,2011-12-25 12:00:00,0.7238057454427084,-0.4680052083333333,-0.21191530227661132,-0.44672579765319825
2011-010,2011-12-25 18:00:00,0.7238057454427084,-0.33875,-0.1540844202041626,-0.363051700592041
2011-010,2011-12-26 00:00:00,0.7113118489583333,-0.41439583333333335,-0.06050930619239807,-0.29472649097442627
2011-010,2011-12-26 03:00:00,0.7113118489583333,-0.41439583333333335,-0.06050930619239807,-0.29472649097442627
2011-010,2011-12-26 06:00:00,0.7113118489583333,-0.29353645833333336,-0.030143463611602785,-0.2989814281463623
2011-010,2011-12-26 12:00:00,0.7113118489583333,-0.43868229166666667,-0.03735741376876831,-0.27261009216308596
2011-010,2011-12-26 18:00:00,0.7113118489583333,-0.3020364583333333,0.03428283035755157,-0.1744512677192688
2011-010,2011-12-26 21:00:00,0.7113118489583333,-0.3020364583333333,0.03428283035755157,-0.1744512677192688
2011-010,2011-12-27 00:00:00,0.7091166178385416,-0.41438020833333333,0.16973633766174318,-0.12610139846801757
2011-010,2011-12-27 03:00:00,0.7091166178385416,-0.41438020833333333,0.16973633766174318,-0.12610139846801757
2011-010,2011-12-27 06:00:00,0.7091166178385416,-0.30484375,0.20493404865264891,-0.10257699489593505
2011-010,2011-12-27 09:00:00,0.7091166178385416,-0.30484375,0.20493404865264891,-0.10257699489593505
2011-010,2011-12-27 12:00:00,0.7091166178385416,-0.41294270833333335,0.17142891883850098,-0.07359780073165893
2011-010,2011-12-27 15:00:00,0.7091166178385416,-0.41294270833333335,0.17142891883850098,-0.07359780073165893
2011-010,2011-12-27 18:00:00,0.7091166178385416,-0.3037239583333333,0.11783934831619262,0.02075371742248535
2011-010,2011-12-27 21:00:00,0.7091166178385416,-0.3037239583333333,0.11783934831619262,0.02075371742248535
2011-010,2011-12-28 00:00:00,0.708453369140625,-0.3382291666666667,0.09185736179351807,0.08322044014930725
2011-010,2011-12-28 03:00:00,0.708453369140625,-0.3382291666666667,0.09185736179351807,0.08322044014930725
2011-010,2011-12-28 06:00:00,0.708453369140625,-0.2535364583333333,0.11290663480758667,0.09217537641525268
2011-010,2011-12-28 09:00:00,0.708453369140625,-0.2535364583333333,0.11290663480758667,0.09217537641525268
2011-010,2011-12-28 12:00:00,0.708453369140625,-0.384703125,0.08274322748184204,0.07277622818946838
2011-010,2011-12-28 15:00:00,0.708453369140625,-0.384703125,0.08274322748184204,0.07277622818946838
2011-010,2011-12-28 18:00:00,0.708453369140625,-0.242828125,-0.028733113408088685,0.13192856311798096
2011-010,2011-12-28 21:00:00,0.708453369140625,-0.242828125,-0.028733113408088685,0.13192856311798096
2011-010,2011-12-29 00:00:00,0.7052714029947916,-0.292265625,-0.07820800542831421,0.18784081935882568
2011-010,2011-12-29 03:00:00,0.7052714029947916,-0.292265625,-0.07820800542831421,0.18784081935882568
2011-010,2011-12-29 06:00:00,0.7052714029947916,-0.19655729166666666,-0.11462098360061646,0.13911778926849366
2011-010,2011-12-29 09:00:00,0.7052714029947916,-0.19655729166666666,-0.11462098360061646,0.13911778926849366
2011-010,2011-12-29 12:00:00,0.7052714029947916,-0.319546875,-0.13956631422042848,0.1338704466819763
2011-010,2011-12-29 15:00:00,0.7052714029947916,-0.319546875,-0.13956631422042848,0.1338704466819763
2011-010,2011-12-29 18:00:00,0.7052714029947916,-0.17914583333333334,-0.26598315238952636,0.15278481245040892
2011-010,2011-12-29 21:00:00,0.7052714029947916,-0.17914583333333334,-0.26598315238952636,0.15278481245040892
2011-010,2011-12-30 00:00:00,0.70986328125,-0.22136979166666668,-0.27940337657928466,0.1802733302116394
2011-010,2011-12-30 03:00:00,0.70986328125,-0.22136979166666668,-0.27940337657928466,0.1802733302116394
2011-010,2011-12-30 06:00:00,0.70986328125,-0.09346354166666666,-0.3114179611206055,0.07855359315872193
2011-010,2011-12-30 12:00:00,0.70986328125,-0.18510416666666665,-0.291299033164978,0.03652651309967041
2012-001,2012-10-10 12:00:00,0.8322550455729166,-0.36036979166666666,0.0026723464950919153,0.10708743333816528
2012-001,2012-10-10 15:00:00,0.8322550455729166,-0.36036979166666666,0.0026723464950919153,0.10708743333816528
2012-001,2012-10-10 18:00:00,0.8322550455729166,-0.2805989583333333,0.040639671683311465,0.1191948652267456
2012-001,2012-10-11 00:00:00,0.8132893880208333,-0.28347395833333333,0.2046668529510498,0.08845446109771729
2012-001,2012-10-11 03:00:00,0.8132893880208333,-0.28347395833333333,0.2046668529510498,0.08845446109771729
2012-002,2012-10-22 21:00:00,0.7959269205729167,-0.18482291666666667,-0.25780606269836426,-0.2881608009338379
2012-002,2012-10-23 03:00:00,0.8004191080729167,-0.30282291666666666,-0.2441471815109253,-0.2772837162017822
2012-002,2012-10-23 12:00:00,0.8004191080729167,-0.322609375,-0.19948525428771974,-0.1152643084526062
2012-002,2012-10-23 15:00:00,0.8004191080729167,-0.322609375,-0.19948525428771974,-0.1152643084526062
2012-002,2012-10-24 03:00:00,0.808856201171875,-0.27810416666666665,-0.15525319576263427,-0.08709003329277039
2012-002,2012-10-24 12:00:00,0.808856201171875,-0.3650364583333333,-0.1873265027999878,-0.08086423873901367
2012-002,2012-10-24 18:00:00,0.808856201171875,-0.15036979166666667,-0.2776076078414917,0.001608235388994217
2012-002,2012-10-25 00:00:00,0.81282958984375,-0.264078125,-0.17552305459976197,-0.01443183422088623
2012-002,2012-10-25 03:00:00,0.81282958984375,-0.264078125,-0.17552305459976197,-0.01443183422088623
2012-002,2012-10-25 06:00:00,0.81282958984375,-0.10503645833333333,-0.21399328708648682,-0.04789952039718628
2012-002,2012-10-25 12:00:00,0.81282958984375,-0.3299375,-0.1557239770889282,-0.014351044595241547
2012-002,2012-10-25 18:00:00,0.81282958984375,-0.1629375,-0.1385809898376465,0.01917099505662918
2012-002,2012-10-26 00:00:00,0.783221435546875,-0.26953125,-0.06918869018554688,-0.10026602745056153
2012-002,2012-10-26 03:00:00,0.783221435546875,-0.26953125,-0.06918869018554688,-0.10026602745056153
2012-003,2012-10-28 06:00:00,0.8171244303385417,-0.22659895833333332,-0.34552075862884524,-0.23739826679229736
2012-003,2012-10-28 12:00:00,0.8171244303385417,-0.3613177083333333,-0.25265533924102784,-0.17117230892181395
2012-003,2012-10-28 18:00:00,0.8171244303385417,-0.24188020833333335,-0.24096086025238037,-0.10955991744995117
2012-003,2012-10-29 00:00:00,0.8081888834635417,-0.319375,-0.2356588363647461,-0.16087667942047118
2012-003,2012-10-29 03:00:00,0.8081888834635417,-0.319375,-0.2356588363647461,-0.16087667942047118
2012-003,2012-10-29 06:00:00,0.8081888834635417,-0.2686822916666667,-0.315578031539917,-0.1594169020652771
2012-003,2012-10-29 12:00:00,0.8081888834635417,-0.4265833333333333,-0.2698385000228882,-0.08143768310546876
2012-003,2012-10-29 18:00:00,0.8081888834635417,-0.314921875,-0.26211955547332766,-0.055106550455093384
2012-003,2012-10-30 00:00:00,0.79656982421875,-0.41790625,-0.22768468856811525,-0.06855295300483703
2012-003,2012-10-30 03:00:00,0.79656982421875,-0.41790625,-0.22768468856811525,-0.06855295300483703
2012-003,2012-10-30 06:00:00,0.79656982421875,-0.34005729166666665,-0.3109195470809937,-0.05696588754653931
2012-003,2012-10-30 09:00:00,0.79656982421875,-0.34005729166666665,-0.3109195470809937,-0.05696588754653931
2012-003,2012-10-30 12:00:00,0.79656982421875,-0.5016927083333333,-0.2427604913711548,0.0007688683923333884
2012-003,2012-10-30 15:00:00,0.79656982421875,-0.5016927083333333,-0.2427604913711548,0.0007688683923333884
2012-003,2012-10-30 18:00:00,0.79656982421875,-0.395359375,-0.23460052013397217,0.08422601222991943
2012-003,2012-10-30 21:00:00,0.79656982421875,-0.395359375,-0.23460052013397217,0.08422601222991943
2012-003,2012-10-31 00:00:00,0.791778564453125,-0.46953125,-0.1954860806465149,0.13140877485275268
2012-003,2012-10-31 03:00:00,0.791778564453125,-0.46953125,-0.1954860806465149,0.13140877485275268
2012-003,2012-10-31 06:00:00,0.791778564453125,-0.381625,-0.1424206256866455,0.23293743133544922
2012-003,2012-10-31 09:00:00,0.791778564453125,-0.381625,-0.1424206256866455,0.23293743133544922
2012-003,2012-10-31 12:00:00,0.791778564453125,-0.48063541666666665,-0.04982236623764038,0.3182159662246704
2012-003,2012-10-31 15:00:00,0.791778564453125,-0.48063541666666665,-0.04982236623764038,0.3182159662246704
2012-003,2012-10-31 18:00:00,0.791778564453125,-0.34410416666666666,-0.023804673552513124,0.3638960123062134
2012-003,2012-11-01 00:00:00,0.7730305989583334,-0.4021927083333333,0.040217718482017516,0.35193476676940916
2012-003,2012-11-01 03:00:00,0.7730305989583334,-0.4021927083333333,0.040217718482017516,0.35193476676940916
2012-003,2012-11-01 06:00:00,0.7730305989583334,-0.284296875,0.09738737344741821,0.3814188718795776
2012-003,2012-11-01 12:00:00,0.7730305989583334,-0.3865885416666667,0.09550402164459229,0.28093886375427246
2012-003,2012-11-01 18:00:00,0.7730305989583334,-0.23594270833333333,0.015572038292884827,0.2922659873962402
2012-004,2012-11-17 06:00:00,0.7641459147135417,-0.256765625,-0.06896689534187317,-0.13258297443389894
2012-004,2012-11-17 09:00:00,0.7641459147135417,-0.256765625,-0.06896689534187317,-0.13258297443389894
2012-004,2012-11-17 12:00:00,0.7641459147135417,-0.376984375,-0.10124084949493409,-0.15499345064163209
2012-004,2012-11-17 18:00:00,0.7641459147135417,-0.3161041666666667,-0.12061512470245361,-0.07370050549507141
2012-004,2012-11-18 00:00:00,0.7659464518229167,-0.371390625,-0.06797772049903869,0.01800793707370758
2012-004,2012-11-18 03:00:00,0.7659464518229167,-0.371390625,-0.06797772049903869,0.01800793707370758
2012-004,2012-11-18 06:00:00,0.7659464518229167,-0.30010416666666667,-0.09570178985595704,-0.03740691840648651
2012-004,2012-11-18 12:00:00,0.7659464518229167,-0.4115052083333333,-0.1644089937210083,-0.08478776216506959
2012-004,2012-11-18 18:00:00,0.7659464518229167,-0.314015625,-0.18860292434692383,-0.004738571494817734
2012-004,2012-11-19 00:00:00,0.7620463053385417,-0.38976041666666666,-0.1371520757675171,0.06421627402305603
2012-004,2012-11-19 03:00:00,0.7620463053385417,-0.38976041666666666,-0.1371520757675171,0.06421627402305603
2012-004,2012-11-19 06:00:00,0.7620463053385417,-0.2922708333333333,-0.17373034954071045,0.09984127879142761
2012-004,2012-11-19 12:00:00,0.7620463053385417,-0.35530208333333335,-0.17814524173736573,0.07072628736495971
2012-005,2012-12-22 06:00:00,0.732318115234375,-0.09025520833333334,-0.2957398176193237,-0.44512238502502444
2012-005,2012-12-22 09:00:00,0.732318115234375,-0.09025520833333334,-0.2957398176193237,-0.44512238502502444
2012-005,2012-12-22 12:00:00,0.732318115234375,-0.3595833333333333,-0.3101880788803101,-0.4454385280609131
2012-005,2012-12-23 00:00:00,0.7235127766927083,-0.29286979166666666,-0.3283374309539795,-0.3255139350891113
2012-005,2012-12-23 03:00:00,0.7235127766927083,-0.29286979166666666,-0.3283374309539795,-0.3255139350891113
2012-005,2012-12-23 12:00:00,0.7235127766927083,-0.3030364583333333,-0.22580091953277587,-0.30582025051116946
2012-005,2012-12-24 03:00:00,0.737274169921875,-0.24427083333333333,-0.21214585304260253,-0.3031322479248047
2012-005,2012-12-24 12:00:00,0.737274169921875,-0.2815729166666667,-0.21054682731628419,-0.3572037696838379
2013-001,2013-05-10 09:00:00,0.886944580078125,-0.40996354166666665,0.13363803625106813,0.18019648790359497
2013-001,2013-05-10 12:00:00,0.886944580078125,-0.5761927083333334,0.1734439253807068,0.14872657060623168
2013-001,2013-05-10 18:00:00,0.886944580078125,-0.466171875,0.15896854400634766,0.2300593376159668
2013-001,2013-05-11 00:00:00,0.8862589518229167,-0.5789114583333334,0.15263534784317018,0.21700963973999024
2013-001,2013-05-11 03:00:00,0.8862589518229167,-0.5789114583333334,0.15263534784317018,0.21700963973999024
2013-001,2013-05-11 06:00:00,0.8862589518229167,-0.5091041666666667,0.1470612406730652,0.2596787214279175
2013-001,2013-05-11 09:00:00,0.8862589518229167,-0.5091041666666667,0.1470612406730652,0.2596787214279175
2013-001,2013-05-11 12:00:00,0.8862589518229167,-0.7060260416666667,0.15696358680725098,0.28643476963043213
2013-001,2013-05-11 15:00:00,0.8862589518229167,-0.7060260416666667,0.15696358680725098,0.28643476963043213
2013-001,2013-05-11 18:00:00,0.8862589518229167,-0.51859375,0.09209874272346497,0.3631608247756958
2013-001,2013-05-11 21:00:00,0.8862589518229167,-0.51859375,0.09209874272346497,0.3631608247756958
2013-001,2013-05-12 00:00:00,0.8794270833333333,-0.518546875,0.1014211654663086,0.2955836296081543
2013-001,2013-05-12 03:00:00,0.8794270833333333,-0.518546875,0.1014211654663086,0.2955836296081543
2013-001,2013-05-12 06:00:00,0.8794270833333333,-0.43555208333333334,0.1371246337890625,0.324007511138916
2013-001,2013-05-12 09:00:00,0.8794270833333333,-0.43555208333333334,0.1371246337890625,0.324007511138916
2013-001,2013-05-12 12:00:00,0.8794270833333333,-0.63196875,0.14218502044677733,0.29330637454986574
2013-001,2013-05-12 15:00:00,0.8794270833333333,-0.63196875,0.14218502044677733,0.29330637454986574
2013-001,2013-05-12 18:00:00,0.8794270833333333,-0.4297916666666667,0.13173338174819946,0.3266527891159058
2013-001,2013-05-12 21:00:00,0.8794270833333333,-0.4297916666666667,0.13173338174819946,0.3266527891159058
2013-001,2013-05-13 00:00:00,0.8837849934895833,-0.51246875,0.07527916431427002,0.24339072704315184
2013-001,2013-05-13 03:00:00,0.8837849934895833,-0.51246875,0.07527916431427002,0.24339072704315184
2013-001,2013-05-13 06:00:00,0.8837849934895833,-0.44988541666666665,0.09744290709495544,0.31446022987365724
2013-001,2013-05-13 09:00:00,0.8837849934895833,-0.44988541666666665,0.09744290709495544,0.31446022987365724
2013-001,2013-05-13 12:00:00,0.8837849934895833,-0.6218177083333334,0.1446828007698059,0.3153876543045044
2013-001,2013-05-13 15:00:00,0.8837849934895833,-0.6218177083333334,0.1446828007698059,0.3153876543045044
2013-001,2013-05-13 18:00:00,0.8837849934895833,-0.5090989583333333,0.1865018844604492,0.36894071102142334
2013-001,2013-05-13 21:00:00,0.8837849934895833,-0.5090989583333333,0.1865018844604492,0.36894071102142334
2013-001,2013-05-14 00:00:00,0.8740397135416667,-0.5698697916666666,0.22889127731323242,0.3011535882949829
2013-001,2013-05-14 03:00:00,0.8740397135416667,-0.5698697916666666,0.22889127731323242,0.3011535882949829
2013-001,2013-05-14 06:00:00,0.8740397135416667,-0.5356354166666667,0.23813352584838868,0.3255229234695435
2013-001,2013-05-14 09:00:00,0.8740397135416667,-0.5356354166666667,0.23813352584838868,0.3255229234695435
2013-001,2013-05-14 12:00:00,0.8740397135416667,-0.6853958333333333,0.25201385021209716,0.2665052890777588
2013-001,2013-05-14 15:00:00,0.8740397135416667,-0.6853958333333333,0.25201385021209716,0.2665052890777588
2013-001,2013-05-14 18:00:00,0.8740397135416667,-0.536734375,0.2287038803100586,0.33426430225372317
2013-001,2013-05-14 21:00:00,0.8740397135416667,-0.536734375,0.2287038803100586,0.33426430225372317
2013-001,2013-05-15 00:00:00,0.8569620768229167,-0.617640625,0.21554648876190186,0.3007683515548706
2013-001,2013-05-15 03:00:00,0.8569620768229167,-0.617640625,0.21554648876190186,0.3007683515548706
2013-001,2013-05-15 06:00:00,0.8569620768229167,-0.5594427083333333,0.2106630563735962,0.3314922094345093
2013-001,2013-05-15 09:00:00,0.8569620768229167,-0.5594427083333333,0.2106630563735962,0.3314922094345093
2013-001,2013-05-15 12:00:00,0.8569620768229167,-0.72896875,0.254072904586792,0.2970227003097534
2013-001,2013-05-15 15:00:00,0.8569620768229167,-0.72896875,0.254072904586792,0.2970227003097534
2013-001,2013-05-15 18:00:00,0.8569620768229167,-0.5886458333333333,0.2592857122421265,0.32256693840026857
2013-001,2013-05-15 21:00:00,0.8569620768229167,-0.5886458333333333,0.2592857122421265,0.32256693840026857
2013-001,2013-05-16 00:00:00,0.84183349609375,-0.6093958333333334,0.3400992155075073,0.27108285427093504
2013-001,2013-05-16 03:00:00,0.84183349609375,-0.6093958333333334,0.3400992155075073,0.27108285427093504
2013-001,2013-05-16 06:00:00,0.84183349609375,-0.5196822916666667,0.3666881322860718,0.26225695610046384
2013-001,2013-05-16 09:00:00,0.84183349609375,-0.5196822916666667,0.3666881322860718,0.26225695610046384
2013-001,2013-05-16 12:00:00,0.84183349609375,-0.6242135416666666,0.30112853050231936,0.2313922882080078
2013-001,2013-05-16 18:00:00,0.84183349609375,-0.4776302083333333,0.20663633346557617,0.3014670372009277
2013-002,2013-05-29 03:00:00,0.797076416015625,-0.7546666666666667,-0.024544674158096313,0.10278332233428955
2013-002,2013-05-29 06:00:00,0.797076416015625,-0.6903229166666667,0.009582357853651047,0.15963040590286254
2013-002,2013-05-29 09:00:00,0.797076416015625,-0.6903229166666667,0.009582357853651047,0.15963040590286254
2013-002,2013-05-29 12:00:00,0.797076416015625,-0.8603802083333333,-0.025115546584129334,0.19506927728652954
2013-002,2013-05-29 15:00:00,0.797076416015625,-0.8603802083333333,-0.025115546584129334,0.19506927728652954
2013-002,2013-05-29 18:00:00,0.797076416015625,-0.7212760416666667,-0.07299230694770813,0.25558815002441404
2013-002,2013-05-30 00:00:00,0.78707275390625,-0.82834375,-0.02369319200515747,0.2840442657470703
2013-002,2013-05-30 03:00:00,0.78707275390625,-0.82834375,-0.02369319200515747,0.2840442657470703
2013-002,2013-05-30 06:00:00,0.78707275390625,-0.724609375,0.0065944850444793705,0.3209890604019165
2013-002,2013-05-30 12:00:00,0.78707275390625,-0.8581041666666667,-0.01540253460407257,0.3102694272994995
2013-002,2013-05-30 18:00:00,0.78707275390625,-0.733046875,-0.04876407980918884,0.3400779485702515
2013-002,2013-05-31 00:00:00,0.7646321614583333,-0.719171875,-0.017970000207424165,0.37729244232177733
2013-002,2013-05-31 03:00:00,0.7646321614583333,-0.719171875,-0.017970000207424165,0.37729244232177733
2013-002,2013-05-31 06:00:00,0.7646321614583333,-0.5700833333333334,-0.011592672765254974,0.36713132858276365
2013-002,2013-05-31 09:00:00,0.7646321614583333,-0.5700833333333334,-0.011592672765254974,0.36713132858276365
2013-003,2013-07-30 03:00:00,0.7588785807291667,-1.0135989583333334,0.2683295488357544,0.0944596767425537
2013-003,2013-07-30 06:00:00,0.7588785807291667,-1.00090625,0.22343213558197023,0.07849096059799195
2013-003,2013-07-30 12:00:00,0.7588785807291667,-1.1922760416666667,0.17355411052703856,0.12010893821716309
2013-003,2013-07-30 18:00:00,0.7588785807291667,-1.0434947916666666,0.20350375175476074,0.16912872791290284
2013-003,2013-07-31 00:00:00,0.7417521158854167,-1.1499583333333334,0.16056908369064332,0.1473914861679077
2013-003,2013-07-31 03:00:00,0.7417521158854167,-1.1499583333333334,0.16056908369064332,0.1473914861679077
2013-003,2013-07-31 06:00:00,0.7417521158854167,-1.0724479166666667,0.07337202429771424,0.16983559131622314
2013-003,2013-07-31 12:00:00,0.7417521158854167,-1.217,0.0788718581199646,0.19514818191528321
2013-003,2013-08-01 00:00:00,0.7714396158854167,-1.0442604166666667,0.06072009205818176,0.19794033765792846
2013-004,2013-08-20 00:00:00,0.77296142578125,-0.9930052083333333,0.17164517641067506,0.03304825723171234
2013-004,2013-08-20 03:00:00,0.77296142578125,-0.9930052083333333,0.17164517641067506,0.03304825723171234
2013-004,2013-08-20 06:00:00,0.77296142578125,-0.938859375,0.16831228733062745,0.04632048308849335
2013-004,2013-08-20 12:00:00,0.77296142578125,-1.1066614583333334,0.13804033994674683,0.07266073226928711
2013-004,2013-08-20 18:00:00,0.77296142578125,-0.9356302083333333,0.16356217861175537,0.10128763914108277
2013-004,2013-08-21 00:00:00,0.7491719563802083,-1.0460208333333334,0.12932099103927613,0.07282999753952027
2013-004,2013-08-21 03:00:00,0.7491719563802083,-1.0460208333333334,0.12932099103927613,0.07282999753952027
2013-004,2013-08-21 06:00:00,0.7491719563802083,-0.90240625,0.08083704710006714,0.08181970715522766
2013-004,2013-08-21 12:00:00,0.7491719563802083,-1.018640625,0.06302725672721862,0.06803398132324219
2013-004,2013-08-21 18:00:00,0.7491719563802083,-0.834234375,0.052328753471374514,0.0813245415687561
2013-004,2013-08-22 00:00:00,0.7580729166666667,-0.9013177083333334,0.013610380887985229,0.05983191132545471
2013-004,2013-08-22 03:00:00,0.7580729166666667,-0.9013177083333334,0.013610380887985229,0.05983191132545471
2013-004,2013-08-22 06:00:00,0.7580729166666667,-0.8175416666666667,0.0006555841770023108,0.10617858171463013
2013-004,2013-08-22 12:00:00,0.7580729166666667,-0.9601875,0.027978500723838805,0.058370769023895264
2013-004,2013-08-23 00:00:00,0.77269287109375,-0.8101510416666666,-0.00485389307141304,0.05403552651405334
2013-005,2013-10-08 03:00:00,0.8088582356770834,-0.19883333333333333,0.14331133365631105,-0.026990911364555357
2013-005,2013-10-08 06:00:00,0.8088582356770834,-0.13889583333333333,0.08931752443313598,0.020944978296756744
2013-005,2013-10-08 12:00:00,0.8088582356770834,-0.27960416666666665,0.107552170753479,0.020664744079113007
2013-005,2013-10-08 18:00:00,0.8088582356770834,-0.17072916666666665,0.058997273445129395,0.055712264776229856
2013-005,2013-10-09 00:00:00,0.803790283203125,-0.23094791666666667,0.06682020425796509,0.034378615021705625
2013-005,2013-10-09 03:00:00,0.803790283203125,-0.23094791666666667,0.06682020425796509,0.034378615021705625
2013-005,2013-10-09 06:00:00,0.803790283203125,-0.19226041666666666,0.014317569136619569,0.06413671374320984
2013-005,2013-10-09 09:00:00,0.803790283203125,-0.19226041666666666,0.014317569136619569,0.06413671374320984
2013-005,2013-10-09 12:00:00,0.803790283203125,-0.298703125,0.024732153117656707,0.09092057347297669
2013-005,2013-10-09 15:00:00,0.803790283203125,-0.298703125,0.024732153117656707,0.09092057347297669
2013-005,2013-10-09 18:00:00,0.803790283203125,-0.18613541666666666,0.046443498134613036,0.11385238170623779
2013-005,2013-10-09 21:00:00,0.803790283203125,-0.18613541666666666,0.046443498134613036,0.11385238170623779
2013-005,2013-10-10 00:00:00,0.7981160481770834,-0.2010625,0.04780665934085846,0.04669715166091919
2013-005,2013-10-10 03:00:00,0.7981160481770834,-0.2010625,0.04780665934085846,0.04669715166091919
2013-005,2013-10-10 06:00:00,0.7981160481770834,-0.1651875,0.007510850578546524,0.0637990653514862
2013-005,2013-10-10 09:00:00,0.7981160481770834,-0.1651875,0.007510850578546524,0.0637990653514862
2013-005,2013-10-10 12:00:00,0.7981160481770834,-0.305625,0.02043219655752182,0.06055249571800232
2013-005,2013-10-10 15:00:00,0.7981160481770834,-0.305625,0.02043219655752182,0.06055249571800232
2013-005,2013-10-10 18:00:00,0.7981160481770834,-0.19583333333333333,0.04837294220924378,0.12071529626846314
2013-005,2013-10-10 21:00:00,0.7981160481770834,-0.19583333333333333,0.04837294220924378,0.12071529626846314
2013-005,2013-10-11 00:00:00,0.793048095703125,-0.23844270833333334,0.0490797221660614,0.09889149069786071
2013-005,2013-10-11 03:00:00,0.793048095703125,-0.23844270833333334,0.0490797221660614,0.09889149069786071
2013-005,2013-10-11 06:00:00,0.793048095703125,-0.26597916666666666,0.031188333034515382,0.12368975877761841
2013-005,2013-10-11 09:00:00,0.793048095703125,-0.26597916666666666,0.031188333034515382,0.12368975877761841
2013-005,2013-10-11 12:00:00,0.793048095703125,-0.4107135416666667,0.07383464574813843,0.13341543674468995
2013-005,2013-10-11 15:00:00,0.793048095703125,-0.4107135416666667,0.07383464574813843,0.13341543674468995
2013-005,2013-10-11 18:00:00,0.793048095703125,-0.3141510416666667,0.0657148540019989,0.2165309429168701
2013-005,2013-10-11 21:00:00,0.793048095703125,-0.3141510416666667,0.0657148540019989,0.2165309429168701
2013-005,2013-10-12 00:00:00,0.783636474609375,-0.403953125,0.06349801421165466,0.2616927146911621
2013-005,2013-10-12 03:00:00,0.783636474609375,-0.403953125,0.06349801421165466,0.2616927146911621
2013-005,2013-10-12 06:00:00,0.783636474609375,-0.403390625,0.07678653001785278,0.3302724361419678
2013-005,2013-10-12 09:00:00,0.783636474609375,-0.403390625,0.07678653001785278,0.3302724361419678
2013-005,2013-10-12 12:00:00,0.783636474609375,-0.5039270833333334,0.13005073070526124,0.32268218994140624
2013-005,2013-10-12 15:00:00,0.783636474609375,-0.5039270833333334,0.13005073070526124,0.32268218994140624
2013-005,2013-10-12 18:00:00,0.783636474609375,-0.35630208333333335,0.08342298865318298,0.36215910911560056
2013-005,2013-10-12 21:00:00,0.783636474609375,-0.35630208333333335,0.08342298865318298,0.36215910911560056
2013-005,2013-10-13 00:00:00,0.7903564453125,-0.370546875,0.08704006671905518,0.31323344707489015
2013-005,2013-10-13 03:00:00,0.7903564453125,-0.370546875,0.08704006671905518,0.31323344707489015
2013-005,2013-10-13 06:00:00,0.7903564453125,-0.3050260416666667,0.10115728378295899,0.2899626731872559
2013-005,2013-10-13 09:00:00,0.7903564453125,-0.3050260416666667,0.10115728378295899,0.2899626731872559
2013-005,2013-10-13 12:00:00,0.7903564453125,-0.42171875,0.0936448335647583,0.2589618921279907
2013-005,2013-10-13 18:00:00,0.7903564453125,-0.2952447916666667,0.10616589784622192,0.2741340160369873
2013-005,2013-10-14 00:00:00,0.7967753092447917,-0.311328125,0.10763121843338012,0.23261635303497313
2013-005,2013-10-14 03:00:00,0.7967753092447917,-0.311328125,0.10763121843338012,0.23261635303497313
2013-005,2013-10-14 06:00:00,0.7967753092447917,-0.276671875,0.1708964467048645,0.16348094940185548
2013-006,2013-11-08 06:00:00,0.7715047200520834,-0.06102604166666667,-0.20968644618988036,-0.29576475620269777
2013-006,2013-11-08 12:00:00,0.7715047200520834,-0.31659895833333335,-0.1483555793762207,-0.3295330762863159
2013-006,2013-11-08 18:00:00,0.7715047200520834,-0.18353645833333335,-0.26654269695281985,-0.24700827598571778
2013-006,2013-11-09 00:00:00,0.7616556803385417,-0.29564583333333333,-0.20343809127807616,-0.13913683891296386
2013-006,2013-11-09 03:00:00,0.7616556803385417,-0.29564583333333333,-0.20343809127807616,-0.13913683891296386
2013-006,2013-11-09 06:00:00,0.7616556803385417,-0.123609375,-0.11857352256774903,-0.03134484887123108
2013-006,2013-11-09 12:00:00,0.7616556803385417,-0.2978385416666667,0.01696695387363434,-0.05631352066993713
2013-006,2013-11-09 18:00:00,0.7616556803385417,-0.16721875,-0.09606000185012817,-0.07135506868362426
2013-006,2013-11-10 00:00:00,0.7611185709635416,-0.29184375,-0.03940869867801666,0.014013612270355224
2013-006,2013-11-10 03:00:00,0.7611185709635416,-0.29184375,-0.03940869867801666,0.014013612270355224
2013-006,2013-11-10 06:00:00,0.7611185709635416,-0.09249479166666667,-0.05685043931007385,0.03933486640453339
2013-006,2013-11-10 12:00:00,0.7611185709635416,-0.32303645833333333,-0.061999017000198366,0.08208267092704773
2013-006,2013-11-10 18:00:00,0.7611185709635416,-0.11922395833333334,-0.12288354635238648,0.10435909032821655
2013-006,2013-11-11 00:00:00,0.755108642578125,-0.28008333333333335,-0.13522483110427858,0.028627830743789672
2013-006,2013-11-11 03:00:00,0.755108642578125,-0.28008333333333335,-0.13522483110427858,0.028627830743789672
2013-006,2013-11-11 06:00:00,0.755108642578125,-0.098203125,-0.1601613163948059,-0.06255915164947509
2013-007,2013-11-13 00:00:00,0.7835347493489583,-0.3243489583333333,-0.11258488893508911,-0.33602735996246336
2013-007,2013-11-13 03:00:00,0.7835347493489583,-0.3243489583333333,-0.11258488893508911,-0.33602735996246336
2013-007,2013-11-13 06:00:00,0.7835347493489583,-0.17785416666666667,-0.12677260637283325,-0.2940764665603638
2013-007,2013-11-13 12:00:00,0.7835347493489583,-0.328953125,-0.07337807416915894,-0.2365257740020752
2013-007,2013-11-13 18:00:00,0.7835347493489583,-0.19384375,-0.07596557140350342,-0.1562458872795105
2013-007,2013-11-14 00:00:00,0.7851847330729167,-0.272546875,-0.019408051669597626,-0.2292844533920288
2013-007,2013-11-14 03:00:00,0.7851847330729167,-0.272546875,-0.019408051669597626,-0.2292844533920288
2013-007,2013-11-14 06:00:00,0.7851847330729167,-0.17841666666666667,-0.13464410305023194,-0.35396151542663573
2013-007,2013-11-14 12:00:00,0.7851847330729167,-0.334484375,-0.14538267850875855,-0.31300132274627684
2013-007,2013-11-14 18:00:00,0.7851847330729167,-0.16117708333333333,-0.22645049095153807,-0.24676215648651123
2013-007,2013-11-15 00:00:00,0.773028564453125,-0.2856197916666667,-0.21729707717895508,-0.19635039567947388
2013-007,2013-11-15 03:00:00,0.773028564453125,-0.2856197916666667,-0.21729707717895508,-0.19635039567947388
2013-007,2013-11-15 06:00:00,0.773028564453125,-0.19771875,-0.2661306619644165,-0.16270749568939208
2013-007,2013-11-15 12:00:00,0.773028564453125,-0.3268802083333333,-0.1649267315864563,-0.18209068775177
2013-007,2013-11-15 18:00:00,0.773028564453125,-0.17594791666666668,-0.2587766170501709,-0.08115541338920593
2013-007,2013-11-16 00:00:00,0.7810892740885417,-0.2591875,-0.24022421836853028,-0.037112975120544435
2013-007,2013-11-16 03:00:00,0.7810892740885417,-0.2591875,-0.24022421836853028,-0.037112975120544435
2013-007,2013-11-16 06:00:00,0.7810892740885417,-0.14228125,-0.2767689943313599,-0.019322560727596284
2013-007,2013-11-16 09:00:00,0.7810892740885417,-0.14228125,-0.2767689943313599,-0.019322560727596284
2013-007,2013-11-16 12:00:00,0.7810892740885417,-0.30441666666666667,-0.23658137321472167,-0.08005096316337586
2013-007,2013-11-16 18:00:00,0.7810892740885417,-0.14250520833333333,-0.28525772094726565,-0.12276327610015869
2013-008,2013-11-19 00:00:00,0.748876953125,-0.146875,-0.20155694484710693,-0.18163716793060303
2013-008,2013-11-19 03:00:00,0.748876953125,-0.146875,-0.20155694484710693,-0.18163716793060303
2013-008,2013-11-19 06:00:00,0.748876953125,-0.07269270833333333,-0.26644971370697024,-0.20038926601409912
2013-008,2013-11-19 12:00:00,0.748876953125,-0.210203125,-0.25989551544189454,-0.17494693994522095
2013-008,2013-11-19 15:00:00,0.748876953125,-0.210203125,-0.25989551544189454,-0.17494693994522095
2013-008,2013-11-19 18:00:00,0.748876953125,-0.10544791666666667,-0.2716898679733276,-0.09743555784225463
2013-008,2013-11-20 00:00:00,0.7442972819010417,-0.235,-0.2157440423965454,-0.14547089338302613
2013-008,2013-11-20 03:00:00,0.7442972819010417,-0.235,-0.2157440423965454,-0.14547089338302613
2013-008,2013-11-20 06:00:00,0.7442972819010417,-0.198,-0.19995676279067992,-0.17416870594024658
2013-008,2013-11-20 09:00:00,0.7442972819010417,-0.198,-0.19995676279067992,-0.17416870594024658
2013-008,2013-11-20 12:00:00,0.7442972819010417,-0.382640625,-0.22521088123321534,-0.17844966650009156
2013-008,2013-11-20 15:00:00,0.7442972819010417,-0.382640625,-0.22521088123321534,-0.17844966650009156
2013-008,2013-11-20 18:00:00,0.7442972819010417,-0.30630729166666665,-0.26940596103668213,-0.03898466825485229
2013-008,2013-11-20 21:00:00,0.7442972819010417,-0.30630729166666665,-0.26940596103668213,-0.03898466825485229
2013-008,2013-11-21 00:00:00,0.7443379720052083,-0.3768385416666667,-0.1824481964111328,0.0390901118516922
2013-008,2013-11-21 03:00:00,0.7443379720052083,-0.3768385416666667,-0.1824481964111328,0.0390901118516922
2013-008,2013-11-21 06:00:00,0.7443379720052083,-0.295765625,-0.14361573457717897,0.023646023869514466
2013-008,2013-11-21 09:00:00,0.7443379720052083,-0.295765625,-0.14361573457717897,0.023646023869514466
2013-008,2013-11-21 12:00:00,0.7443379720052083,-0.3968541666666667,-0.20007963180541993,-0.026615285873413087
2013-008,2013-11-21 15:00:00,0.7443379720052083,-0.3968541666666667,-0.20007963180541993,-0.026615285873413087
2013-008,2013-11-21 18:00:00,0.7443379720052083,-0.25268229166666667,-0.2871334791183472,0.07740418314933777
2013-008,2013-11-21 21:00:00,0.7443379720052083,-0.25268229166666667,-0.2871334791183472,0.07740418314933777
2013-008,2013-11-22 00:00:00,0.7415364583333334,-0.26930729166666667,-0.24274590015411376,0.07336520552635192
2013-008,2013-11-22 03:00:00,0.7415364583333334,-0.26930729166666667,-0.24274590015411376,0.07336520552635192
2013-008,2013-11-22 06:00:00,0.7415364583333334,-0.15277604166666667,-0.27835693359375,0.03445353806018829
2013-008,2013-11-22 09:00:00,0.7415364583333334,-0.15277604166666667,-0.27835693359375,0.03445353806018829
2013-008,2013-11-22 12:00:00,0.7415364583333334,-0.22695833333333335,-0.30181310176849363,-0.0630799651145935
2013-008,2013-11-22 18:00:00,0.7415364583333334,-0.102328125,-0.36372926235198977,-0.057091552019119265
2013-009,2013-11-23 12:00:00,0.7894571940104167,-0.2543958333333333,-0.2727824211120605,-0.15542644262313843
2013-009,2013-11-23 18:00:00,0.7894571940104167,-0.14772395833333332,-0.21410737037658692,-0.1007417917251587
2013-009,2013-11-24 00:00:00,0.7906331380208333,-0.18441666666666667,-0.16068122386932374,-0.111114239692688
2013-009,2013-11-24 03:00:00,0.7906331380208333,-0.18441666666666667,-0.16068122386932374,-0.111114239692688
2013-009,2013-11-24 06:00:00,0.7906331380208333,-0.11122916666666667,-0.14084769487380983,-0.15844943523406982
2013-009,2013-11-24 09:00:00,0.7906331380208333,-0.11122916666666667,-0.14084769487380983,-0.15844943523406982
2013-009,2013-11-24 12:00:00,0.7906331380208333,-0.24177083333333332,-0.0787834107875824,-0.2243760347366333
2013-009,2013-11-24 15:00:00,0.7906331380208333,-0.24177083333333332,-0.0787834107875824,-0.2243760347366333
2013-009,2013-11-24 18:00:00,0.7906331380208333,-0.173765625,-0.07110581398010254,-0.2264026880264282
2013-009,2013-11-24 21:00:00,0.7906331380208333,-0.173765625,-0.07110581398010254,-0.2264026880264282
2013-009,2013-11-25 00:00:00,0.784649658203125,-0.272171875,-0.039515677094459536,-0.2540114164352417
2013-009,2013-11-25 06:00:00,0.784649658203125,-0.23830729166666667,-0.07598835825920106,-0.28167548179626467
2013-009,2013-11-25 09:00:00,0.784649658203125,-0.23830729166666667,-0.07598835825920106,-0.28167548179626467
2013-009,2013-11-25 12:00:00,0.784649658203125,-0.384203125,-0.07164653539657592,-0.23433310985565187
2013-009,2013-11-25 15:00:00,0.784649658203125,-0.384203125,-0.07164653539657592,-0.23433310985565187
2013-009,2013-11-25 18:00:00,0.784649658203125,-0.29192708333333334,-0.10966459512710572,-0.15184897184371948
2013-009,2013-11-25 21:00:00,0.784649658203125,-0.29192708333333334,-0.10966459512710572,-0.15184897184371948
2013-009,2013-11-26 00:00:00,0.7738871256510417,-0.37838020833333336,-0.08912087678909301,-0.09618754982948304
2013-009,2013-11-26 03:00:00,0.7738871256510417,-0.37838020833333336,-0.08912087678909301,-0.09618754982948304
2013-009,2013-11-26 06:00:00,0.7738871256510417,-0.320265625,-0.10799629688262939,-0.09092124700546264
2013-009,2013-11-26 09:00:00,0.7738871256510417,-0.320265625,-0.10799629688262939,-0.09092124700546264
2013-009,2013-11-26 12:00:00,0.7738871256510417,-0.4030520833333333,-0.06271452903747558,-0.0592134416103363
2013-009,2013-11-26 15:00:00,0.7738871256510417,-0.4030520833333333,-0.06271452903747558,-0.0592134416103363
2013-009,2013-11-26 18:00:00,0.7738871256510417,-0.264578125,-0.044013625383377074,0.0005989328026771545
2013-009,2013-11-26 21:00:00,0.7738871256510417,-0.264578125,-0.044013625383377074,0.0005989328026771545
2013-009,2013-11-27 00:00:00,0.7739420572916667,-0.27951041666666665,0.002162218652665615,0.022785134613513947
2013-009,2013-11-27 03:00:00,0.7739420572916667,-0.27951041666666665,0.002162218652665615,0.022785134613513947
2013-009,2013-11-27 06:00:00,0.7739420572916667,-0.19030208333333334,-0.03444248735904694,-0.045748147368431094
2013-009,2013-11-27 09:00:00,0.7739420572916667,-0.19030208333333334,-0.03444248735904694,-0.045748147368431094
2013-009,2013-11-27 12:00:00,0.7739420572916667,-0.25848958333333333,-0.06811957359313965,-0.09289875626564026
2013-009,2013-11-27 15:00:00,0.7739420572916667,-0.25848958333333333,-0.06811957359313965,-0.09289875626564026
2013-009,2013-11-27 18:00:00,0.7739420572916667,-0.103203125,-0.17489013671875,-0.04354216158390045
2013-009,2013-11-27 21:00:00,0.7739420572916667,-0.103203125,-0.17489013671875,-0.04354216158390045
2013-009,2013-11-28 00:00:00,0.7780110677083333,-0.15416145833333333,-0.2152754545211792,-0.03987378478050232
2013-009,2013-11-28 03:00:00,0.7780110677083333,-0.15416145833333333,-0.2152754545211792,-0.03987378478050232
2013-009,2013-11-28 06:00:00,0.7780110677083333,-0.06852604166666666,-0.2504260540008545,0.016617585718631745
2013-009,2013-11-28 09:00:00,0.7780110677083333,-0.06852604166666666,-0.2504260540008545,0.016617585718631745
2013-009,2013-11-28 12:00:00,0.7780110677083333,-0.14261979166666666,-0.20298316478729247,-0.06272701025009156
2013-010,2013-12-06 03:00:00,0.7157267252604167,-0.35236979166666665,-0.22896089553833007,-0.24399776458740235
2013-010,2013-12-06 06:00:00,0.7157267252604167,-0.258890625,-0.29057047367095945,-0.31569268703460696
2013-010,2013-12-06 12:00:00,0.7157267252604167,-0.40334375,-0.284717321395874,-0.2618013143539429
2013-010,2013-12-06 18:00:00,0.7157267252604167,-0.30826041666666665,-0.29620063304901123,-0.22997913360595704
2013-010,2013-12-07 00:00:00,0.716357421875,-0.37141145833333333,-0.26257758140563964,-0.2251300573348999
2013-010,2013-12-07 03:00:00,0.716357421875,-0.37141145833333333,-0.26257758140563964,-0.2251300573348999
2013-010,2013-12-07 06:00:00,0.716357421875,-0.26107291666666665,-0.3039475679397583,-0.2546955108642578
2013-010,2013-12-07 09:00:00,0.716357421875,-0.26107291666666665,-0.3039475679397583,-0.2546955108642578
2013-010,2013-12-07 12:00:00,0.716357421875,-0.421609375,-0.26653304100036623,-0.24342193603515624
2013-010,2013-12-07 15:00:00,0.716357421875,-0.421609375,-0.26653304100036623,-0.24342193603515624
2013-010,2013-12-07 18:00:00,0.716357421875,-0.3105,-0.23738329410552977,-0.230145263671875
2013-010,2013-12-07 21:00:00,0.716357421875,-0.3105,-0.23738329410552977,-0.230145263671875
2013-010,2013-12-08 00:00:00,0.69661865234375,-0.39215625,-0.17952731847763062,-0.22757840156555176
2013-010,2013-12-08 03:00:00,0.69661865234375,-0.39215625,-0.17952731847763062,-0.22757840156555176
2013-010,2013-12-08 06:00:00,0.69661865234375,-0.2875260416666667,-0.12572433948516845,-0.23825280666351317
2013-010,2013-12-08 09:00:00,0.69661865234375,-0.2875260416666667,-0.12572433948516845,-0.23825280666351317
2013-010,2013-12-08 12:00:00,0.69661865234375,-0.39625520833333333,-0.06364445090293884,-0.23041260242462158
2013-010,2013-12-08 15:00:00,0.69661865234375,-0.39625520833333333,-0.06364445090293884,-0.23041260242462158
2013-010,2013-12-08 18:00:00,0.69661865234375,-0.30201041666666667,-0.004307804256677627,-0.19309158325195314
2013-010,2013-12-08 21:00:00,0.69661865234375,-0.30201041666666667,-0.004307804256677627,-0.19309158325195314
2013-010,2013-12-09 00:00:00,0.6840596516927083,-0.41920833333333335,0.08778982162475586,-0.2240669012069702
2013-010,2013-12-09 03:00:00,0.6840596516927083,-0.41920833333333335,0.08778982162475586,-0.2240669012069702
2013-010,2013-12-09 06:00:00,0.6840596516927083,-0.3431354166666667,0.04308018088340759,-0.27489628791809084
2013-010,2013-12-09 09:00:00,0.6840596516927083,-0.3431354166666667,0.04308018088340759,-0.27489628791809084
2013-010,2013-12-09 12:00:00,0.6840596516927083,-0.485,0.021133248507976533,-0.17911629676818847
2013-010,2013-12-09 15:00:00,0.6840596516927083,-0.485,0.021133248507976533,-0.17911629676818847
2013-010,2013-12-09 18:00:00,0.6840596516927083,-0.36205208333333333,0.03647879660129547,-0.10232875347137452
2013-010,2013-12-09 21:00:00,0.6840596516927083,-0.36205208333333333,0.03647879660129547,-0.10232875347137452
2013-010,2013-12-10 00:00:00,0.6861531575520833,-0.466125,0.10894092321395873,-0.14988503456115723
2013-010,2013-12-10 03:00:00,0.6861531575520833,-0.466125,0.10894092321395873,-0.14988503456115723
2013-010,2013-12-10 06:00:00,0.6861531575520833,-0.3504010416666667,0.10622999668121338,-0.1743828535079956
2013-010,2013-12-10 09:00:00,0.6861531575520833,-0.3504010416666667,0.10622999668121338,-0.1743828535079956
2013-010,2013-12-10 12:00:00,0.6861531575520833,-0.48385416666666664,0.06563500165939332,-0.17783820629119873
2013-010,2013-12-10 15:00:00,0.6861531575520833,-0.48385416666666664,0.06563500165939332,-0.17783820629119873
2013-010,2013-12-10 18:00:00,0.6861531575520833,-0.30327604166666666,0.037082779407501223,-0.12621945142745972
2013-010,2013-12-10 21:00:00,0.6861531575520833,-0.30327604166666666,0.037082779407501223,-0.12621945142745972
2013-010,2013-12-11 00:00:00,0.6931477864583333,-0.37209375,0.05004783868789673,-0.13977690935134887
2013-010,2013-12-11 03:00:00,0.6931477864583333,-0.37209375,0.05004783868789673,-0.13977690935134887
2013-010,2013-12-11 06:00:00,0.6931477864583333,-0.250875,-0.0045146171003580095,-0.14123480319976806
2013-010,2013-12-11 09:00:00,0.6931477864583333,-0.250875,-0.0045146171003580095,-0.14123480319976806
2013-010,2013-12-11 12:00:00,0.6931477864583333,-0.41355729166666666,-0.046875768899917604,-0.12407290935516357
2013-010,2013-12-11 18:00:00,0.6931477864583333,-0.303875,-0.09808419346809387,-0.07086018919944763
2013-010,2013-12-12 00:00:00,0.7022481282552083,-0.37652083333333336,-0.15618294477462769,-0.0827283263206482
2013-010,2013-12-12 03:00:00,0.7022481282552083,-0.37652083333333336,-0.15618294477462769,-0.0827283263206482
2013-010,2013-12-12 06:00:00,0.7022481282552083,-0.263421875,-0.270802903175354,-0.13201297521591188
2013-010,2013-12-12 09:00:00,0.7022481282552083,-0.263421875,-0.270802903175354,-0.13201297521591188
2013-010,2013-12-12 12:00:00,0.7022481282552083,-0.37315625,-0.29836671352386473,-0.1199036955833435
2013-010,2013-12-12 18:00:00,0.7022481282552083,-0.19671354166666666,-0.33003308773040774,-0.13411537408828736
2014-001,2014-01-04 03:00:00,0.69456787109375,-0.178046875,-0.10656965970993042,-0.3623694658279419
2014-001,2014-01-04 06:00:00,0.69456787109375,-0.079640625,-0.13404181003570556,-0.4336662769317627
2014-001,2014-01-04 12:00:00,0.69456787109375,-0.22122916666666667,-0.1486147403717041,-0.3679562330245972
2014-001,2014-01-04 18:00:00,0.69456787109375,-0.110546875,-0.19568290710449218,-0.279925012588501
2014-001,2014-01-05 00:00:00,0.7063883463541667,-0.199171875,-0.17354816198349,-0.2541193962097168
2014-001,2014-01-05 03:00:00,0.7063883463541667,-0.199171875,-0.17354816198349,-0.2541193962097168
2014-001,2014-01-05 06:00:00,0.7063883463541667,-0.122,-0.1860410451889038,-0.20550189018249512
2014-001,2014-01-05 12:00:00,0.7063883463541667,-0.3045729166666667,-0.23992276191711426,-0.15138431787490844
2014-001,2014-01-05 18:00:00,0.7063883463541667,-0.18366145833333333,-0.26021034717559816,-0.10000069141387939
2014-001,2014-01-06 00:00:00,0.7042704264322917,-0.24365625,-0.18724762201309203,-0.1180190920829773
2014-001,2014-01-06 03:00:00,0.7042704264322917,-0.24365625,-0.18724762201309203,-0.1180190920829773
2014-001,2014-01-06 06:00:00,0.7042704264322917,-0.12364583333333333,-0.19415377378463744,-0.12596428394317627
2014-001,2014-01-06 12:00:00,0.7042704264322917,-0.26079166666666664,-0.2519733667373657,-0.1757517695426941
2014-001,2014-01-07 00:00:00,0.7014628092447917,-0.25659895833333335,-0.3006232500076294,-0.14898109436035156
2014-002,2014-05-21 03:00:00,0.8857625325520834,-0.5807552083333334,0.22523000240325927,0.3258295774459839
2014-002,2014-05-21 06:00:00,0.8857625325520834,-0.5127916666666666,0.3268763303756714,0.2693938732147217
2014-002,2014-05-21 12:00:00,0.8857625325520834,-0.6551875,0.284198260307312,0.2646220922470093
2014-002,2014-05-21 18:00:00,0.8857625325520834,-0.644796875,0.2860743522644043,0.3347578287124634
2014-002,2014-05-22 00:00:00,0.8806660970052084,-0.7012239583333333,0.24603774547576904,0.27087090015411375
2014-002,2014-05-22 03:00:00,0.8806660970052084,-0.7012239583333333,0.24603774547576904,0.27087090015411375
2014-002,2014-05-22 06:00:00,0.8806660970052084,-0.62834375,0.22140419483184814,0.30368292331695557
2014-002,2014-05-22 12:00:00,0.8806660970052084,-0.724859375,0.1755901575088501,0.30334248542785647
2014-002,2014-05-22 18:00:00,0.8806660970052084,-0.6055989583333333,0.12126754522323609,0.43560290336608887
2014-002,2014-05-23 00:00:00,0.8751871744791667,-0.65321875,0.07986451983451844,0.41241087913513186
2014-003,2014-06-10 09:00:00,0.8692057291666667,-0.7819739583333334,0.4911534309387207,0.26990768909454343
2014-003,2014-06-10 12:00:00,0.8692057291666667,-0.9836770833333334,0.46590170860290525,0.2787329912185669
2014-003,2014-06-10 18:00:00,0.8692057291666667,-0.864140625,0.43274378776550293,0.39641270637512205
2014-003,2014-06-11 00:00:00,0.8562398274739583,-0.9736770833333334,0.487090539932251,0.36184537410736084
2014-003,2014-06-11 03:00:00,0.8562398274739583,-0.9736770833333334,0.487090539932251,0.36184537410736084
2014-003,2014-06-11 06:00:00,0.8562398274739583,-0.819953125,0.4667683124542236,0.4097427845001221
2014-003,2014-06-11 09:00:00,0.8562398274739583,-0.819953125,0.4667683124542236,0.4097427845001221
2014-003,2014-06-11 12:00:00,0.8562398274739583,-1.014,0.47562408447265625,0.4840998649597168
2014-003,2014-06-11 15:00:00,0.8562398274739583,-1.014,0.47562408447265625,0.4840998649597168
2014-003,2014-06-11 18:00:00,0.8562398274739583,-0.9119739583333333,0.4717447280883789,0.5902575016021728
2014-003,2014-06-11 21:00:00,0.8562398274739583,-0.9119739583333333,0.4717447280883789,0.5902575016021728
2014-003,2014-06-12 00:00:00,0.8470174153645833,-1.01565625,0.492724084854126,0.5532736301422119
2014-003,2014-06-12 03:00:00,0.8470174153645833,-1.01565625,0.492724084854126,0.5532736301422119
2014-003,2014-06-12 06:00:00,0.8470174153645833,-0.8580677083333333,0.4084902763366699,0.6075167655944824
2014-003,2014-06-12 09:00:00,0.8470174153645833,-0.8580677083333333,0.4084902763366699,0.6075167655944824
2014-003,2014-06-12 12:00:00,0.8470174153645833,-0.962671875,0.5192829132080078,0.651800012588501
2014-003,2014-06-12 15:00:00,0.8470174153645833,-0.962671875,0.5192829132080078,0.651800012588501
2014-003,2014-06-12 18:00:00,0.8470174153645833,-0.82021875,0.5256881237030029,0.6900187492370605
2014-003,2014-06-12 21:00:00,0.8470174153645833,-0.82021875,0.5256881237030029,0.6900187492370605
2014-003,2014-06-13 00:00:00,0.833917236328125,-0.890734375,0.5496466159820557,0.5999537944793701
2014-003,2014-06-13 03:00:00,0.833917236328125,-0.890734375,0.5496466159820557,0.5999537944793701
2014-003,2014-06-13 06:00:00,0.833917236328125,-0.756390625,0.6029548168182373,0.6523751735687255
2014-003,2014-06-13 09:00:00,0.833917236328125,-0.756390625,0.6029548168182373,0.6523751735687255
2014-003,2014-06-13 12:00:00,0.833917236328125,-0.8224479166666666,0.6173521518707276,0.5530694484710693
2014-003,2014-06-13 18:00:00,0.833917236328125,-0.6880885416666667,0.5860878944396972,0.6632382869720459
2014-003,2014-06-14 00:00:00,0.8152486165364583,-0.7565625,0.7298217296600342,0.5247950553894043
2014-004,2014-07-21 03:00:00,0.7953267415364583,-1.0849947916666667,0.3008654356002808,0.038427498936653134
2014-004,2014-07-21 06:00:00,0.7953267415364583,-1.0077083333333334,0.29207921028137207,0.05944490432739258
2014-004,2014-07-21 12:00:00,0.7953267415364583,-1.1603333333333334,0.21200616359710694,0.1160893201828003
2014-004,2014-07-21 18:00:00,0.7953267415364583,-0.9975989583333333,0.23340516090393065,0.1536366820335388
2014-004,2014-07-22 00:00:00,0.7929219563802083,-1.0514583333333334,0.1869037628173828,0.10052824020385742
2014-004,2014-07-22 03:00:00,0.7929219563802083,-1.0514583333333334,0.1869037628173828,0.10052824020385742
2014-004,2014-07-22 06:00:00,0.7929219563802083,-0.9613229166666667,0.20091254711151124,0.16014772653579712
2014-004,2014-07-22 12:00:00,0.7929219563802083,-1.0982239583333333,0.18000364303588867,0.15281503200531005
2014-004,2014-07-22 18:00:00,0.7929219563802083,-0.9406614583333334,0.15819010734558106,0.16627343893051147
2014-004,2014-07-23 00:00:00,0.795379638671875,-0.99334375,0.12062669992446899,0.15528515577316285
2014-004,2014-07-23 03:00:00,0.795379638671875,-0.99334375,0.12062669992446899,0.15528515577316285
2014-004,2014-07-23 06:00:00,0.795379638671875,-0.8670989583333333,0.2091447114944458,0.20344986915588378
2014-005,2014-08-03 12:00:00,0.8039103190104167,-1.071046875,0.17639898061752318,0.11708815097808838
2014-005,2014-08-03 18:00:00,0.8039103190104167,-0.9239375,0.18525898456573486,0.13042175769805908
2014-005,2014-08-04 03:00:00,0.774224853515625,-1.0016614583333334,0.15669806003570558,0.10561773777008057
2014-005,2014-08-04 06:00:00,0.774224853515625,-0.943921875,0.13864036798477172,0.12052356004714966
2014-005,2014-08-04 12:00:00,0.774224853515625,-1.0882135416666667,0.10488249063491821,0.13657610416412352
2014-005,2014-08-04 18:00:00,0.774224853515625,-0.9390625,0.1111710786819458,0.15416008234024048
2014-005,2014-08-05 00:00:00,0.780224609375,-0.962296875,0.07328248620033265,0.12080785036087036
2014-005,2014-08-05 00:00:00,0.780224609375,-0.962296875,0.07328248620033265,0.12080785036087036
2014-005,2014-08-05 03:00:00,0.780224609375,-0.962296875,0.07328248620033265,0.12080785036087036
2014-005,2014-08-05 06:00:00,0.780224609375,-0.867,0.05864870548248291,0.18874845504760743
2014-005,2014-08-05 09:00:00,0.780224609375,-0.867,0.05864870548248291,0.18874845504760743
2014-005,2014-08-05 12:00:00,0.780224609375,-0.9899895833333333,0.09540931582450866,0.15313414335250855
2014-005,2014-08-05 18:00:00,0.780224609375,-0.83225,0.09539480209350586,0.16045494079589845
2014-005,2014-08-06 00:00:00,0.7830546061197917,-0.8604375,0.11236758232116699,0.1289433240890503
2014-005,2014-08-06 03:00:00,0.7830546061197917,-0.8604375,0.11236758232116699,0.1289433240890503
2014-005,2014-08-06 06:00:00,0.7830546061197917,-0.805375,0.19031736850738526,0.15751656293869018
2014-005,2014-08-06 12:00:00,0.7830546061197917,-0.933109375,0.15157732963562012,0.15257147550582886
2014-005,2014-08-06 18:00:00,0.7830546061197917,-0.7587916666666666,0.13002227544784545,0.1662887692451477
2014-006,2014-10-07 03:00:00,0.8468017578125,-0.17022916666666665,-0.04014354646205902,-0.055018508434295656
2014-006,2014-10-07 06:00:00,0.8468017578125,-0.169515625,-0.081721031665802,-0.003791629895567894
2014-006,2014-10-07 12:00:00,0.8468017578125,-0.3695260416666667,-0.05517229437828064,0.0004600869957357645
2014-006,2014-10-07 18:00:00,0.8468017578125,-0.21029166666666665,-0.036778056621551515,0.05072259306907654
2014-006,2014-10-08 00:00:00,0.83048095703125,-0.24716666666666667,-0.020423084497451782,-0.029024592041969298
2014-006,2014-10-08 03:00:00,0.83048095703125,-0.24716666666666667,-0.020423084497451782,-0.029024592041969298
2014-006,2014-10-08 06:00:00,0.83048095703125,-0.196515625,-0.040740853548049925,0.0048097725957632065
2014-006,2014-10-08 09:00:00,0.83048095703125,-0.196515625,-0.040740853548049925,0.0048097725957632065
2014-006,2014-10-08 12:00:00,0.83048095703125,-0.354859375,-0.024769479036331178,0.025459280610084532
2014-006,2014-10-08 15:00:00,0.83048095703125,-0.354859375,-0.024769479036331178,0.025459280610084532
2014-006,2014-10-08 18:00:00,0.83048095703125,-0.20036458333333335,-0.003753923252224922,0.0734804093837738
2014-006,2014-10-08 21:00:00,0.83048095703125,-0.20036458333333335,-0.003753923252224922,0.0734804093837738
2014-006,2014-10-09 00:00:00,0.8264241536458333,-0.23416666666666666,0.006871175020933151,0.056370502710342406
2014-006,2014-10-09 03:00:00,0.8264241536458333,-0.23416666666666666,0.006871175020933151,0.056370502710342406
2014-006,2014-10-09 06:00:00,0.8264241536458333,-0.22385416666666666,0.009457417577505112,0.07535924911499023
2014-006,2014-10-09 09:00:00,0.8264241536458333,-0.22385416666666666,0.009457417577505112,0.07535924911499023
2014-006,2014-10-09 12:00:00,0.8264241536458333,-0.3938125,0.013435195386409759,0.09611502885818482
2014-006,2014-10-09 15:00:00,0.8264241536458333,-0.3938125,0.013435195386409759,0.09611502885818482
2014-006,2014-10-09 18:00:00,0.8264241536458333,-0.26771354166666667,0.016866180300712585,0.13741933107376098
2014-006,2014-10-09 21:00:00,0.8264241536458333,-0.26771354166666667,0.016866180300712585,0.13741933107376098
2014-006,2014-10-10 00:00:00,0.819390869140625,-0.3220625,0.032105883955955504,0.14811949729919432
2014-006,2014-10-10 03:00:00,0.819390869140625,-0.3220625,0.032105883955955504,0.14811949729919432
2014-006,2014-10-10 06:00:00,0.819390869140625,-0.29706770833333335,0.048383763432502745,0.18116823434829712
2014-006,2014-10-10 09:00:00,0.819390869140625,-0.29706770833333335,0.048383763432502745,0.18116823434829712
2014-006,2014-10-10 12:00:00,0.819390869140625,-0.4439739583333333,0.08249699473381042,0.18746064901351928
2014-006,2014-10-10 15:00:00,0.819390869140625,-0.4439739583333333,0.08249699473381042,0.18746064901351928
2014-006,2014-10-10 18:00:00,0.819390869140625,-0.313453125,0.08073474168777466,0.23664381504058837
2014-006,2014-10-10 21:00:00,0.819390869140625,-0.313453125,0.08073474168777466,0.23664381504058837
2014-006,2014-10-11 00:00:00,0.81131591796875,-0.38685416666666667,0.0806531310081482,0.23306548595428467
2014-006,2014-10-11 03:00:00,0.81131591796875,-0.38685416666666667,0.0806531310081482,0.23306548595428467
2014-006,2014-10-11 06:00:00,0.81131591796875,-0.34808333333333336,0.05757078528404236,0.23777737617492675
2014-006,2014-10-11 09:00:00,0.81131591796875,-0.34808333333333336,0.05757078528404236,0.23777737617492675
2014-006,2014-10-11 12:00:00,0.81131591796875,-0.4773177083333333,0.06173381209373474,0.23949143886566163
2014-006,2014-10-11 15:00:00,0.81131591796875,-0.4773177083333333,0.06173381209373474,0.23949143886566163
2014-006,2014-10-11 18:00:00,0.81131591796875,-0.32323958333333336,0.023672965168952943,0.28078083992004393
2014-006,2014-10-11 21:00:00,0.81131591796875,-0.32323958333333336,0.023672965168952943,0.28078083992004393
2014-006,2014-10-12 00:00:00,0.7999918619791667,-0.34656770833333334,0.023119698464870452,0.2567420959472656
2014-006,2014-10-12 03:00:00,0.7999918619791667,-0.34656770833333334,0.023119698464870452,0.2567420959472656
2014-006,2014-10-12 06:00:00,0.7999918619791667,-0.2870729166666667,0.006257880479097366,0.3196934700012207
2014-006,2014-10-12 09:00:00,0.7999918619791667,-0.2870729166666667,0.006257880479097366,0.3196934700012207
2014-006,2014-10-12 12:00:00,0.7999918619791667,-0.37066666666666664,0.01639324128627777,0.2741163015365601
2014-006,2014-10-12 15:00:00,0.7999918619791667,-0.37066666666666664,0.01639324128627777,0.2741163015365601
2014-006,2014-10-12 18:00:00,0.7999918619791667,-0.2074375,-0.05764809250831604,0.2708679437637329
2014-006,2014-10-12 21:00:00,0.7999918619791667,-0.2074375,-0.05764809250831604,0.2708679437637329
2014-006,2014-10-13 00:00:00,0.8038838704427084,-0.23577604166666666,-0.09033275842666626,0.23374722003936768
2014-006,2014-10-13 03:00:00,0.8038838704427084,-0.23577604166666666,-0.09033275842666626,0.23374722003936768
2014-006,2014-10-13 06:00:00,0.8038838704427084,-0.163078125,-0.13424689769744874,0.26425633430480955
2014-006,2014-10-13 12:00:00,0.8038838704427084,-0.26147916666666665,-0.1089247465133667,0.2230846405029297
2014-006,2014-10-13 18:00:00,0.8038838704427084,-0.09494270833333333,-0.13457653522491456,0.22751204967498778
2014-006,2014-10-14 00:00:00,0.8200419108072917,-0.09097916666666667,-0.09692762494087219,0.13555479049682617
2014-006,2014-10-14 03:00:00,0.8200419108072917,-0.09097916666666667,-0.09692762494087219,0.13555479049682617
2014-006,2014-10-14 06:00:00,0.8200419108072917,-0.05897395833333333,-0.12724883556365968,0.140400493144989
2014-006,2014-10-14 09:00:00,0.8200419108072917,-0.05897395833333333,-0.12724883556365968,0.140400493144989
2014-007,2014-10-25 00:00:00,0.77071533203125,-0.4236197916666667,-0.27534244060516355,-0.07807648181915283
2014-007,2014-10-25 03:00:00,0.77071533203125,-0.4236197916666667,-0.27534244060516355,-0.07807648181915283
2014-007,2014-10-25 06:00:00,0.77071533203125,-0.2656822916666667,-0.29221491813659667,-0.03498686552047729
2014-007,2014-10-25 12:00:00,0.77071533203125,-0.4895625,-0.20324218273162842,-0.09170141220092773
2014-007,2014-10-25 18:00:00,0.77071533203125,-0.3445885416666667,-0.25341432094573973,-0.03875347375869751
2014-007,2014-10-26 00:00:00,0.762921142578125,-0.45216666666666666,-0.2053166627883911,-0.06348999738693237
2014-007,2014-10-26 03:00:00,0.762921142578125,-0.45216666666666666,-0.2053166627883911,-0.06348999738693237
2014-007,2014-10-26 06:00:00,0.762921142578125,-0.22644270833333333,-0.22486910820007325,-0.026580217480659484
2014-007,2014-10-26 09:00:00,0.762921142578125,-0.22644270833333333,-0.22486910820007325,-0.026580217480659484
2014-007,2014-10-26 12:00:00,0.762921142578125,-0.41872916666666665,-0.1720227599143982,-0.03144606351852417
2014-007,2014-10-26 15:00:00,0.762921142578125,-0.41872916666666665,-0.1720227599143982,-0.03144606351852417
2014-007,2014-10-26 18:00:00,0.762921142578125,-0.2716145833333333,-0.22856521606445312,0.01805732846260071
2014-007,2014-10-26 21:00:00,0.762921142578125,-0.2716145833333333,-0.22856521606445312,0.01805732846260071
2014-007,2014-10-27 00:00:00,0.7550048828125,-0.37294791666666666,-0.20199966430664062,-0.01015375331044197
2014-007,2014-10-27 03:00:00,0.7550048828125,-0.37294791666666666,-0.20199966430664062,-0.01015375331044197
2014-007,2014-10-27 06:00:00,0.7550048828125,-0.19444791666666666,-0.260477352142334,0.10360150337219239
2014-007,2014-10-27 09:00:00,0.7550048828125,-0.19444791666666666,-0.260477352142334,0.10360150337219239
2014-007,2014-10-27 12:00:00,0.7550048828125,-0.39209895833333336,-0.18748872280120848,0.07739542722702027
2014-007,2014-10-27 15:00:00,0.7550048828125,-0.39209895833333336,-0.18748872280120848,0.07739542722702027
2014-007,2014-10-27 18:00:00,0.7550048828125,-0.255671875,-0.2486520767211914,0.15355881452560424
2014-007,2014-10-27 21:00:00,0.7550048828125,-0.255671875,-0.2486520767211914,0.15355881452560424
2014-007,2014-10-28 00:00:00,0.7464274088541667,-0.38740625,-0.2448051691055298,0.2238363265991211
2014-007,2014-10-28 03:00:00,0.7464274088541667,-0.38740625,-0.2448051691055298,0.2238363265991211
2014-007,2014-10-28 06:00:00,0.7464274088541667,-0.21821875,-0.25817997455596925,0.30525717735290525
2014-007,2014-10-28 09:00:00,0.7464274088541667,-0.21821875,-0.25817997455596925,0.30525717735290525
2014-007,2014-10-28 12:00:00,0.7464274088541667,-0.4039375,-0.17233189344406127,0.27285773754119874
2014-007,2014-10-28 15:00:00,0.7464274088541667,-0.4039375,-0.17233189344406127,0.27285773754119874
2014-007,2014-10-28 18:00:00,0.7464274088541667,-0.257546875,-0.1744285225868225,0.31636872291564944
2014-007,2014-10-28 21:00:00,0.7464274088541667,-0.257546875,-0.1744285225868225,0.31636872291564944
2014-007,2014-10-29 00:00:00,0.7392252604166667,-0.303671875,-0.12472046613693237,0.30807569026947024
2014-007,2014-10-29 03:00:00,0.7392252604166667,-0.303671875,-0.12472046613693237,0.30807569026947024
2014-007,2014-10-29 06:00:00,0.7392252604166667,-0.149203125,-0.1314947485923767,0.3149127006530762
2014-007,2014-10-29 09:00:00,0.7392252604166667,-0.149203125,-0.1314947485923767,0.3149127006530762
2014-007,2014-10-29 12:00:00,0.7392252604166667,-0.3469947916666667,0.002590961940586567,0.22755300998687744
2014-007,2014-10-29 15:00:00,0.7392252604166667,-0.3469947916666667,0.002590961940586567,0.22755300998687744
2014-007,2014-10-29 18:00:00,0.7392252604166667,-0.206828125,0.00853349342942238,0.17468504905700682
2014-007,2014-10-29 21:00:00,0.7392252604166667,-0.206828125,0.00853349342942238,0.17468504905700682
2014-007,2014-10-30 00:00:00,0.738018798828125,-0.30346354166666667,0.029488655924797057,0.1226995825767517
2014-007,2014-10-30 03:00:00,0.738018798828125,-0.30346354166666667,0.029488655924797057,0.1226995825767517
2014-007,2014-10-30 06:00:00,0.738018798828125,-0.15472395833333333,0.07629109621047973,0.05782073140144348
2014-007,2014-10-30 09:00:00,0.738018798828125,-0.15472395833333333,0.07629109621047973,0.05782073140144348
2014-007,2014-10-30 12:00:00,0.738018798828125,-0.341375,0.05867462754249573,-0.0586811900138855
2014-007,2014-10-30 18:00:00,0.738018798828125,-0.18877083333333333,-0.07057589292526245,-0.015997821092605592
2014-007,2014-10-30 21:00:00,0.738018798828125,-0.18877083333333333,-0.07057589292526245,-0.015997821092605592
2014-007,2014-10-31 00:00:00,0.739111328125,-0.28640625,0.011013991385698318,0.01774880737066269
2014-008,2014-11-05 09:00:00,0.793310546875,-0.4161770833333333,0.32832601070404055,-0.3671035528182983
2014-008,2014-11-05 12:00:00,0.793310546875,-0.5420625,0.2549157619476318,-0.4335203170776367
2014-008,2014-11-05 18:00:00,0.793310546875,-0.4083802083333333,0.2500842332839966,-0.3627623558044434
2014-008,2014-11-06 00:00:00,0.7954813639322916,-0.4612395833333333,0.4071061134338379,-0.22351367473602296
2014-008,2014-11-06 03:00:00,0.7954813639322916,-0.4612395833333333,0.4071061134338379,-0.22351367473602296
2014-008,2014-11-06 06:00:00,0.7954813639322916,-0.394875,0.3126184940338135,-0.2971039772033691
2014-008,2014-11-06 12:00:00,0.7954813639322916,-0.5185989583333334,0.23709406852722167,-0.2239614486694336
2014-008,2014-11-06 18:00:00,0.7954813639322916,-0.37676041666666665,0.15151175260543823,-0.11920967102050781
2014-008,2014-11-07 00:00:00,0.8039286295572917,-0.45067708333333334,0.22923290729522705,-0.06567780375480652
2014-008,2014-11-07 03:00:00,0.8039286295572917,-0.45067708333333334,0.22923290729522705,-0.06567780375480652
2014-008,2014-11-07 06:00:00,0.8039286295572917,-0.34217708333333335,0.11399779319763184,-0.0752420723438263
2014-008,2014-11-07 12:00:00,0.8039286295572917,-0.40744270833333335,0.0376049816608429,-0.023594708740711214
2014-008,2014-11-07 18:00:00,0.8039286295572917,-0.252515625,-0.04603054821491241,0.13393996953964232
2014-008,2014-11-08 00:00:00,0.80025634765625,-0.3313333333333333,-0.04105774462223053,0.15724222660064696
2015-001,2015-06-07 03:00:00,0.8771382649739583,-0.641171875,0.38950798511505125,-0.022151942551136016
2015-001,2015-06-07 06:00:00,0.8771891276041667,-0.551078125,0.37863619327545167,0.003897013887763023
2015-001,2015-06-07 12:00:00,0.8772318522135417,-0.75265625,0.39989523887634276,0.08334271311759948
2015-001,2015-06-07 18:00:00,0.8771687825520833,-0.6258802083333334,0.3958704948425293,0.21665513515472412
2015-001,2015-06-08 00:00:00,0.86534423828125,-0.7876041666666667,0.45935826301574706,0.2329710006713867
2015-001,2015-06-08 03:00:00,0.86534423828125,-0.7876041666666667,0.45935826301574706,0.2329710006713867
2015-001,2015-06-08 06:00:00,0.865362548828125,-0.648546875,0.42079010009765627,0.2838646650314331
2015-001,2015-06-08 09:00:00,0.865362548828125,-0.648546875,0.42079010009765627,0.2838646650314331
2015-001,2015-06-08 12:00:00,0.8653666178385416,-0.7923020833333333,0.3716978311538696,0.3413301229476929
2015-001,2015-06-08 15:00:00,0.8653666178385416,-0.7923020833333333,0.3716978311538696,0.3413301229476929
2015-001,2015-06-08 18:00:00,0.8653544108072917,-0.632734375,0.3537475109100342,0.48964152336120603
2015-001,2015-06-08 21:00:00,0.8653544108072917,-0.632734375,0.3537475109100342,0.48964152336120603
2015-001,2015-06-09 00:00:00,0.8555135091145833,-0.7562083333333334,0.3997657775878906,0.4710496425628662
2015-001,2015-06-09 03:00:00,0.8555135091145833,-0.7562083333333334,0.3997657775878906,0.4710496425628662
2015-001,2015-06-09 06:00:00,0.8555216471354167,-0.59478125,0.4114802837371826,0.5060863018035888
2015-001,2015-06-09 09:00:00,0.8555216471354167,-0.59478125,0.4114802837371826,0.5060863018035888
2015-001,2015-06-09 12:00:00,0.8555521647135417,-0.7621822916666666,0.4573996543884277,0.479538631439209
2015-001,2015-06-09 15:00:00,0.8555521647135417,-0.7621822916666666,0.4573996543884277,0.479538631439209
2015-001,2015-06-09 18:00:00,0.8555318196614583,-0.623296875,0.410079288482666,0.5699793338775635
2015-001,2015-06-09 21:00:00,0.8555318196614583,-0.623296875,0.410079288482666,0.5699793338775635
2015-001,2015-06-10 00:00:00,0.8339884440104167,-0.7939114583333333,0.38877415657043457,0.4563026428222656
2015-001,2015-06-10 03:00:00,0.8339884440104167,-0.7939114583333333,0.38877415657043457,0.4563026428222656
2015-001,2015-06-10 06:00:00,0.8340474446614583,-0.6430416666666666,0.3298771858215332,0.5101469993591309
2015-001,2015-06-10 09:00:00,0.8340474446614583,-0.6430416666666666,0.3298771858215332,0.5101469993591309
2015-001,2015-06-10 12:00:00,0.834088134765625,-0.8088333333333333,0.345446515083313,0.48563389778137206
2015-001,2015-06-10 15:00:00,0.834088134765625,-0.8088333333333333,0.345446515083313,0.48563389778137206
2015-001,2015-06-10 18:00:00,0.8340352376302084,-0.6579166666666667,0.36391661167144773,0.5724961757659912
2015-001,2015-06-10 21:00:00,0.8340352376302084,-0.6579166666666667,0.36391661167144773,0.5724961757659912
2015-001,2015-06-11 00:00:00,0.8219034830729167,-0.7781875,0.41252803802490234,0.49579429626464844
2015-001,2015-06-11 03:00:00,0.8219034830729167,-0.7781875,0.41252803802490234,0.49579429626464844
2015-001,2015-06-11 06:00:00,0.821954345703125,-0.6221822916666667,0.3273793697357178,0.5215588092803956
2015-001,2015-06-11 09:00:00,0.821954345703125,-0.6221822916666667,0.3273793697357178,0.5215588092803956
2015-001,2015-06-11 12:00:00,0.8219950358072917,-0.7776875,0.37212252616882324,0.4664602279663086
2015-001,2015-06-11 15:00:00,0.8219950358072917,-0.7776875,0.37212252616882324,0.4664602279663086
2015-001,2015-06-11 18:00:00,0.82193603515625,-0.6116510416666666,0.3613060712814331,0.5731800079345704
2015-001,2015-06-12 00:00:00,0.8114644368489583,-0.7030104166666666,0.4275561809539795,0.4923485279083252
2015-001,2015-06-12 03:00:00,0.8114644368489583,-0.7030104166666666,0.4275561809539795,0.4923485279083252
2015-001,2015-06-12 06:00:00,0.8114847819010417,-0.5362291666666666,0.4340167999267578,0.516811752319336
2015-002,2015-06-20 03:00:00,0.85977783203125,-1.07128125,0.22436633110046386,0.10751410722732543
2015-002,2015-06-20 06:00:00,0.85977783203125,-1.0343489583333334,0.16028285026550293,0.17278714179992677
2015-002,2015-06-20 12:00:00,0.85977783203125,-1.18878125,0.2545913219451904,0.2744526624679565
2015-002,2015-06-20 18:00:00,0.85977783203125,-1.0417916666666667,0.25800433158874514,0.4201554775238037
2015-002,2015-06-21 00:00:00,0.84547119140625,-1.0944322916666667,0.29792394638061526,0.38160665035247804
2015-002,2015-06-21 03:00:00,0.84547119140625,-1.0944322916666667,0.29792394638061526,0.38160665035247804
2015-002,2015-06-21 06:00:00,0.84547119140625,-1.0100416666666667,0.32543771266937255,0.4819952487945557
2015-002,2015-06-21 12:00:00,0.84547119140625,-1.12140625,0.36300246715545653,0.5522894859313965
2015-002,2015-06-21 18:00:00,0.84547119140625,-0.9725260416666667,0.4429417610168457,0.5856841564178467
2015-003,2015-06-22 00:00:00,0.8493550618489584,-1.1119739583333332,0.2137599468231201,0.1050756812095642
2015-003,2015-06-22 03:00:00,0.8493550618489584,-1.1119739583333332,0.2137599468231201,0.1050756812095642
2015-003,2015-06-22 06:00:00,0.8495585123697916,-1.0670833333333334,0.2148521661758423,0.1496402144432068
2015-003,2015-06-22 12:00:00,0.8496541341145833,-1.2449427083333333,0.26413233280181886,0.1934362530708313
2015-003,2015-06-22 18:00:00,0.8495157877604167,-1.07796875,0.29229867458343506,0.2668238878250122
2015-003,2015-06-23 00:00:00,0.8292582194010417,-1.1152760416666667,0.29425673484802245,0.1914991021156311
2015-003,2015-06-23 03:00:00,0.8292582194010417,-1.1152760416666667,0.29425673484802245,0.1914991021156311
2015-003,2015-06-23 06:00:00,0.829400634765625,-1.0694739583333333,0.3838761568069458,0.22861599922180176
2015-003,2015-06-23 12:00:00,0.8295796712239584,-1.2155520833333333,0.35242791175842286,0.25710349082946776
2015-003,2015-06-23 18:00:00,0.829461669921875,-1.0335104166666667,0.3568053007125854,0.3258387804031372
2015-003,2015-06-24 03:00:00,0.8178670247395833,-1.0414166666666667,0.35520813465118406,0.24703867435455323
2015-003,2015-06-24 06:00:00,0.817828369140625,-0.943515625,0.42798099517822263,0.3079028606414795
2015-003,2015-06-24 12:00:00,0.8178690592447917,-1.1289635416666666,0.45928144454956055,0.3047410249710083
2015-003,2015-06-24 18:00:00,0.8177103678385417,-0.961578125,0.44634089469909666,0.322408652305603
2015-004,2015-07-10 03:00:00,0.8167887369791667,-0.8121041666666666,0.03201291561126709,0.024205271899700165
2015-004,2015-07-10 06:00:00,0.8167887369791667,-0.7929895833333334,0.031238198280334473,0.07471955418586732
2015-004,2015-07-10 09:00:00,0.8167887369791667,-0.7929895833333334,0.031238198280334473,0.07471955418586732
2015-004,2015-07-10 12:00:00,0.8167887369791667,-0.961484375,-0.023232388496398925,0.05540517568588257
2015-004,2015-07-10 15:00:00,0.8167887369791667,-0.961484375,-0.023232388496398925,0.05540517568588257
2015-004,2015-07-10 18:00:00,0.8167887369791667,-0.736953125,-0.06281241774559021,0.07040586471557617
2015-004,2015-07-10 21:00:00,0.8167887369791667,-0.736953125,-0.06281241774559021,0.07040586471557617
2015-004,2015-07-11 00:00:00,0.8170186360677083,-0.7610104166666667,-0.06981976628303528,0.056405258178710935
2015-004,2015-07-11 03:00:00,0.8170186360677083,-0.7610104166666667,-0.06981976628303528,0.056405258178710935
2015-004,2015-07-11 06:00:00,0.8170186360677083,-0.6899947916666667,0.01021202579140663,0.09372416734695435
2015-004,2015-07-11 09:00:00,0.8170186360677083,-0.6899947916666667,0.01021202579140663,0.09372416734695435
2015-004,2015-07-11 12:00:00,0.8170186360677083,-0.78609375,0.01807887405157089,0.07835010290145875
2015-004,2015-07-11 15:00:00,0.8170186360677083,-0.78609375,0.01807887405157089,0.07835010290145875
2015-004,2015-07-11 18:00:00,0.8170186360677083,-0.592015625,-0.005996643751859665,0.09208791255950928
2015-004,2015-07-11 21:00:00,0.8170186360677083,-0.592015625,-0.005996643751859665,0.09208791255950928
2015-004,2015-07-12 00:00:00,0.8584574381510417,-0.607984375,0.03334708213806152,0.08363754153251649
2015-004,2015-07-12 03:00:00,0.8584574381510417,-0.607984375,0.03334708213806152,0.08363754153251649
2015-004,2015-07-12 06:00:00,0.8584574381510417,-0.5709375,0.14848942756652833,0.08813955187797547
2015-004,2015-07-12 09:00:00,0.8584574381510417,-0.5709375,0.14848942756652833,0.08813955187797547
2015-005,2015-07-27 12:00:00,0.7218159993489583,-1.09196875,-0.006028395518660546,0.15517144203186034
2015-005,2015-07-27 15:00:00,0.7218159993489583,-1.09196875,-0.006028395518660546,0.15517144203186034
2015-005,2015-07-27 18:00:00,0.7204915364583333,-0.9321927083333333,0.03588592708110809,0.18764456510543823
2015-005,2015-07-27 21:00:00,0.7204915364583333,-0.9321927083333333,0.03588592708110809,0.18764456510543823
2015-005,2015-07-28 00:00:00,0.719329833984375,-1.0341979166666666,-0.010955403745174407,0.11687668561935424
2015-005,2015-07-28 03:00:00,0.719329833984375,-1.0341979166666666,-0.010955403745174407,0.11687668561935424
2015-005,2015-07-28 06:00:00,0.7171223958333334,-0.9918333333333333,-0.07044801115989685,0.16580564975738527
2015-005,2015-07-28 09:00:00,0.7171223958333334,-0.9918333333333333,-0.07044801115989685,0.16580564975738527
2015-005,2015-07-28 12:00:00,0.718798828125,-1.1022291666666666,0.021695567667484282,0.16441643238067627
2015-005,2015-07-28 15:00:00,0.718798828125,-1.1022291666666666,0.021695567667484282,0.16441643238067627
2015-005,2015-07-28 18:00:00,0.718310546875,-0.9284010416666667,0.12205166816711426,0.1758173942565918
2015-005,2015-07-28 21:00:00,0.718310546875,-0.9284010416666667,0.12205166816711426,0.1758173942565918
2015-005,2015-07-29 00:00:00,0.705072021484375,-1.0264375,0.1774204134941101,0.07174814939498901
2015-005,2015-07-29 03:00:00,0.705072021484375,-1.0264375,0.1774204134941101,0.07174814939498901
2015-005,2015-07-29 06:00:00,0.7076395670572917,-0.921921875,0.2103487253189087,0.08090863227844239
2015-005,2015-07-29 09:00:00,0.7076395670572917,-0.921921875,0.2103487253189087,0.08090863227844239
2015-005,2015-07-29 12:00:00,0.712493896484375,-1.0649010416666667,0.20796468257904052,0.11890614032745361
2015-005,2015-07-29 15:00:00,0.712493896484375,-1.0649010416666667,0.20796468257904052,0.11890614032745361
2015-005,2015-07-29 18:00:00,0.7112569173177083,-0.867578125,0.263421893119812,0.19884114265441893
2015-005,2015-07-29 21:00:00,0.7112569173177083,-0.867578125,0.263421893119812,0.19884114265441893
2015-005,2015-07-30 00:00:00,0.7036783854166667,-0.90246875,0.2600033521652222,0.18127704858779908
2015-006,2015-07-26 00:00:00,0.7693074544270834,-0.7820104166666667,0.21376936435699462,0.10040854215621949
2015-006,2015-07-26 03:00:00,0.7693074544270834,-0.7820104166666667,0.21376936435699462,0.10040854215621949
2015-006,2015-07-26 06:00:00,0.7693074544270834,-0.7517552083333333,0.20212419033050538,0.11295149326324463
2015-006,2015-07-26 12:00:00,0.7693074544270834,-0.8690364583333333,0.24379544258117675,0.10214719772338868
2015-006,2015-07-26 18:00:00,0.7693074544270834,-0.7268229166666667,0.285851263999939,0.12550054788589476
2015-006,2015-07-27 00:00:00,0.7673583984375,-0.8025989583333333,0.2732517957687378,0.028938576579093933
2015-006,2015-07-27 03:00:00,0.7673583984375,-0.8025989583333333,0.2732517957687378,0.028938576579093933
2015-006,2015-07-27 06:00:00,0.7673583984375,-0.7703697916666666,0.28249850273132326,0.012244725972414017
2015-006,2015-07-27 12:00:00,0.7673583984375,-0.866046875,0.26729741096496584,0.07359579801559449
2015-006,2015-07-27 18:00:00,0.7673583984375,-0.6962864583333334,0.26460587978363037,0.11572022438049316
2015-006,2015-07-28 00:00:00,0.7633504231770833,-0.784,0.2745343208312988,0.03672010600566864
2015-006,2015-07-28 03:00:00,0.7633504231770833,-0.784,0.2745343208312988,0.03672010600566864
2015-006,2015-07-28 06:00:00,0.7633504231770833,-0.7554375,0.29333975315093996,0.0008008603937923909
2015-006,2015-07-28 12:00:00,0.7633504231770833,-0.9030989583333333,0.29506864547729494,0.02744123637676239
2015-006,2015-07-28 18:00:00,0.7633504231770833,-0.7870104166666667,0.3041584253311157,0.05246853232383728
2015-006,2015-07-29 00:00:00,0.75985107421875,-0.8885208333333333,0.34162890911102295,-0.00445319265127182
2015-006,2015-07-29 03:00:00,0.75985107421875,-0.8885208333333333,0.34162890911102295,-0.00445319265127182
2015-006,2015-07-29 06:00:00,0.75985107421875,-0.8547552083333333,0.3355900287628174,-0.04829790890216827
2015-006,2015-07-29 12:00:00,0.75985107421875,-1.0141875,0.32202610969543455,0.049419939517974854
2015-006,2015-07-29 18:00:00,0.75985107421875,-0.865046875,0.34465456008911133,0.06481339931488037
2015-006,2015-07-30 00:00:00,0.7613077799479167,-0.935578125,0.36326916217803956,0.009379690885543824
2015-006,2015-07-30 03:00:00,0.7613077799479167,-0.935578125,0.36326916217803956,0.009379690885543824
2015-006,2015-07-30 06:00:00,0.7613077799479167,-0.8970572916666667,0.3716351747512817,-0.006684818863868713
2015-006,2015-07-30 09:00:00,0.7613077799479167,-0.8970572916666667,0.3716351747512817,-0.006684818863868713
2015-006,2015-07-30 12:00:00,0.7613077799479167,-1.0341458333333333,0.35381643772125243,0.0747676134109497
2015-006,2015-07-30 15:00:00,0.7613077799479167,-1.0341458333333333,0.35381643772125243,0.0747676134109497
2015-006,2015-07-30 18:00:00,0.7613077799479167,-0.8737291666666667,0.3411149263381958,0.08679465055465699
2015-006,2015-07-30 21:00:00,0.7613077799479167,-0.8737291666666667,0.3411149263381958,0.08679465055465699
2015-006,2015-07-31 00:00:00,0.7561930338541667,-0.9371979166666666,0.33912732601165774,0.015602338314056396
2015-006,2015-07-31 03:00:00,0.7561930338541667,-0.9371979166666666,0.33912732601165774,0.015602338314056396
2015-006,2015-07-31 06:00:00,0.7561930338541667,-0.8069895833333334,0.2957944631576538,0.0628522515296936
2015-006,2015-07-31 12:00:00,0.7561930338541667,-0.8736927083333333,0.19331196546554566,0.12185918092727661
2015-006,2015-07-31 18:00:00,0.7561930338541667,-0.6743125,0.2060307741165161,0.17617040872573853
2015-006,2015-08-01 00:00:00,0.7479349772135416,-0.7237083333333333,0.18005269765853882,0.11053709983825684
2015-006,2015-08-01 03:00:00,0.7479349772135416,-0.7237083333333333,0.18005269765853882,0.11053709983825684
2015-006,2015-08-01 06:00:00,0.7479349772135416,-0.592640625,0.2147977590560913,0.10659146308898926
2015-006,2015-08-01 12:00:00,0.7479349772135416,-0.7220729166666666,0.16288926601409912,0.126224148273468
2015-006,2015-08-01 18:00:00,0.7479349772135416,-0.5135729166666667,0.1231080174446106,0.1696581244468689
2015-006,2015-08-02 00:00:00,0.72728271484375,-0.5796302083333333,0.1088610053062439,0.13636813163757325
2015-006,2015-08-02 03:00:00,0.72728271484375,-0.5796302083333333,0.1088610053062439,0.13636813163757325
2015-006,2015-08-02 06:00:00,0.72728271484375,-0.528640625,0.10282598733901978,0.1863041639328003
2015-006,2015-08-02 09:00:00,0.72728271484375,-0.528640625,0.10282598733901978,0.1863041639328003
2015-007,2015-08-04 03:00:00,-19.333333333333332,-0.7651510416666667,0.18477146625518798,-0.029805734753608704
2015-007,2015-08-04 06:00:00,-19.333333333333332,-0.7565416666666667,0.17274293899536133,0.03009684383869171
2015-007,2015-08-04 09:00:00,-19.333333333333332,-0.7565416666666667,0.17274293899536133,0.03009684383869171
2015-007,2015-08-04 12:00:00,-19.333333333333332,-0.8940885416666666,0.16271600723266602,0.09624843001365661
2015-007,2015-08-04 18:00:00,-19.333333333333332,-0.7635677083333333,0.1638096809387207,0.15069203376770018
2015-008,2015-09-16 03:00:00,0.81734619140625,-0.6898177083333333,0.17732632160186768,-0.07500923275947571
2015-008,2015-09-16 06:00:00,0.81734619140625,-0.625703125,0.12982019186019897,-0.1140978217124939
2015-008,2015-09-16 09:00:00,0.81734619140625,-0.625703125,0.12982019186019897,-0.1140978217124939
2015-008,2015-09-16 12:00:00,0.81734619140625,-0.8325520833333333,0.13547056913375854,-0.05682677626609802
2015-008,2015-09-16 15:00:00,0.81734619140625,-0.8325520833333333,0.13547056913375854,-0.05682677626609802
2015-008,2015-09-16 18:00:00,0.81734619140625,-0.6794270833333333,0.12628610134124757,-0.00014123468426987528
2015-008,2015-09-16 21:00:00,0.81734619140625,-0.6794270833333333,0.12628610134124757,-0.00014123468426987528
2015-008,2015-09-17 00:00:00,0.8138936360677084,-0.7121770833333333,0.09474119544029236,-0.030525168776512145
2015-008,2015-09-17 03:00:00,0.8138936360677084,-0.7121770833333333,0.09474119544029236,-0.030525168776512145
2015-008,2015-09-17 06:00:00,0.8138936360677084,-0.6361510416666667,0.049378642439842226,-0.055274730920791625
2015-008,2015-09-17 09:00:00,0.8138936360677084,-0.6361510416666667,0.049378642439842226,-0.055274730920791625
2015-008,2015-09-17 12:00:00,0.8138936360677084,-0.794484375,0.06127707958221436,-0.007666512578725815
2015-008,2015-09-17 15:00:00,0.8138936360677084,-0.794484375,0.06127707958221436,-0.007666512578725815
2015-008,2015-09-17 18:00:00,0.8138936360677084,-0.653234375,0.059155791997909546,0.04373344480991363
2015-008,2015-09-17 21:00:00,0.8138936360677084,-0.653234375,0.059155791997909546,0.04373344480991363
2015-008,2015-09-18 00:00:00,0.8100423177083333,-0.6954583333333333,0.03346946537494659,0.021305058896541596
2015-008,2015-09-18 03:00:00,0.8100423177083333,-0.6954583333333333,0.03346946537494659,0.021305058896541596
2015-008,2015-09-18 06:00:00,0.8100423177083333,-0.5864166666666667,0.03570084273815155,0.09535999894142151
2015-008,2015-09-18 09:00:00,0.8100423177083333,-0.5864166666666667,0.03570084273815155,0.09535999894142151
2015-008,2015-09-18 12:00:00,0.8100423177083333,-0.7428177083333334,0.034602925181388855,0.05979076623916626
2015-008,2015-09-18 15:00:00,0.8100423177083333,-0.7428177083333334,0.034602925181388855,0.05979076623916626
2015-008,2015-09-18 18:00:00,0.8100423177083333,-0.56346875,0.036094865202903746,0.12366429567337037
2015-008,2015-09-18 21:00:00,0.8100423177083333,-0.56346875,0.036094865202903746,0.12366429567337037
2015-008,2015-09-19 00:00:00,0.8045694986979167,-0.6213958333333334,0.08424760699272156,0.08401691317558288
2015-009,2015-10-09 00:00:00,0.8200419108072917,-0.44257291666666665,0.11528209447860718,-0.12026771306991577
2015-009,2015-10-09 03:00:00,0.8200419108072917,-0.44257291666666665,0.11528209447860718,-0.12026771306991577
2015-009,2015-10-09 06:00:00,0.8200419108072917,-0.29040625,0.0654495894908905,-0.043898767232894896
2015-009,2015-10-09 12:00:00,0.8200419108072917,-0.4702135416666667,0.20811233520507813,-0.019976221024990082
2015-009,2015-10-09 18:00:00,0.8200419108072917,-0.300828125,0.09533370733261108,0.047224107384681704
2015-009,2015-10-10 00:00:00,0.8271809895833333,-0.41283854166666667,0.15493003129959107,0.10332237482070923
2015-009,2015-10-10 03:00:00,0.8271809895833333,-0.41283854166666667,0.15493003129959107,0.10332237482070923
2015-009,2015-10-10 06:00:00,0.8271809895833333,-0.22003645833333332,0.14677515029907226,0.1562053918838501
2015-009,2015-10-10 12:00:00,0.8271809895833333,-0.397515625,0.28518311977386473,0.06391415596008301
2015-009,2015-10-10 18:00:00,0.8271809895833333,-0.24902083333333333,0.1812620520591736,0.10201765298843384
2015-009,2015-10-11 00:00:00,0.818011474609375,-0.3189166666666667,0.1833788275718689,0.09151568412780761
2015-009,2015-10-11 03:00:00,0.818011474609375,-0.3189166666666667,0.1833788275718689,0.09151568412780761
2015-009,2015-10-11 06:00:00,0.818011474609375,-0.1134375,0.17405667304992675,0.18010565042495727
2015-009,2015-10-11 12:00:00,0.818011474609375,-0.27179166666666665,0.3266948938369751,0.12367762327194214
2015-009,2015-10-11 18:00:00,0.818011474609375,-0.11310416666666667,0.19923382997512817,0.09159463047981262
2015-009,2015-10-12 00:00:00,0.8316487630208333,-0.20454166666666668,0.16041561365127563,0.07609071731567382
2015-010,2015-10-28 03:00:00,0.8101481119791667,-0.22305729166666666,-0.3480038642883301,-0.10635725259780884
2015-010,2015-10-28 06:00:00,0.8101481119791667,-0.036520833333333336,-0.3483118534088135,-0.02676917314529419
2015-010,2015-10-28 12:00:00,0.8101481119791667,-0.35870833333333335,-0.3047336578369141,-0.11106995344161988
2015-010,2015-10-28 18:00:00,0.8101481119791667,-0.175125,-0.38433949947357177,-0.12461988925933838
2015-010,2015-10-29 00:00:00,0.80440673828125,-0.24870833333333334,-0.2823374271392822,-0.10945999622344971
2015-010,2015-10-29 03:00:00,0.80440673828125,-0.24870833333333334,-0.2823374271392822,-0.10945999622344971
2015-010,2015-10-29 06:00:00,0.80440673828125,-0.059848958333333334,-0.2968485116958618,-0.03557963669300079
2015-010,2015-10-29 09:00:00,0.80440673828125,-0.059848958333333334,-0.2968485116958618,-0.03557963669300079
2015-010,2015-10-29 12:00:00,0.80440673828125,-0.362875,-0.25548112392425537,-0.07994976043701171
2015-010,2015-10-29 15:00:00,0.80440673828125,-0.362875,-0.25548112392425537,-0.07994976043701171
2015-010,2015-10-29 18:00:00,0.80440673828125,-0.16308333333333333,-0.2979170560836792,-0.06768218278884888
2015-010,2015-10-29 21:00:00,0.80440673828125,-0.16308333333333333,-0.2979170560836792,-0.06768218278884888
2015-010,2015-10-30 00:00:00,0.7995381673177083,-0.23583854166666668,-0.1938425660133362,-0.07810417413711548
2015-010,2015-10-30 03:00:00,0.7995381673177083,-0.23583854166666668,-0.1938425660133362,-0.07810417413711548
2015-010,2015-10-30 06:00:00,0.7995381673177083,-0.021604166666666667,-0.1901283621788025,-0.03588626086711884
2015-010,2015-10-30 09:00:00,0.7995381673177083,-0.021604166666666667,-0.1901283621788025,-0.03588626086711884
2015-010,2015-10-30 12:00:00,0.7995381673177083,-0.283375,-0.16855852603912352,-0.13147352933883666
2015-010,2015-10-30 15:00:00,0.7995381673177083,-0.283375,-0.16855852603912352,-0.13147352933883666
2015-010,2015-10-30 18:00:00,0.7995381673177083,-0.12446354166666666,-0.24082415103912352,-0.11401329040527344
2015-010,2015-10-30 21:00:00,0.7995381673177083,-0.12446354166666666,-0.24082415103912352,-0.11401329040527344
2015-010,2015-10-31 00:00:00,0.7990234375,-0.2504427083333333,-0.1301599621772766,-0.09212238192558289
2015-010,2015-10-31 03:00:00,0.7990234375,-0.2504427083333333,-0.1301599621772766,-0.09212238192558289
2015-010,2015-10-31 06:00:00,0.7990234375,-0.06825520833333333,-0.1394258499145508,-0.0669060468673706
2015-010,2015-10-31 09:00:00,0.7990234375,-0.06825520833333333,-0.1394258499145508,-0.0669060468673706
2015-010,2015-10-31 12:00:00,0.7990234375,-0.33641145833333336,-0.10939019918441772,-0.11529462337493897
2015-010,2015-10-31 15:00:00,0.7990234375,-0.33641145833333336,-0.10939019918441772,-0.11529462337493897
2015-010,2015-10-31 18:00:00,0.7990234375,-0.152390625,-0.177285099029541,-0.04132595360279083
2015-010,2015-10-31 21:00:00,0.7990234375,-0.152390625,-0.177285099029541,-0.04132595360279083
2015-010,2015-11-01 00:00:00,0.7964090983072917,-0.280875,-0.10372362136840821,-0.033662164211273195
2015-010,2015-11-01 03:00:00,0.7964090983072917,-0.280875,-0.10372362136840821,-0.033662164211273195
2015-010,2015-11-01 06:00:00,0.7964090983072917,-0.08690625,-0.14359352588653565,-0.009702415764331817
2015-010,2015-11-01 09:00:00,0.7964090983072917,-0.08690625,-0.14359352588653565,-0.009702415764331817
2015-010,2015-11-01 12:00:00,0.7964090983072917,-0.3413125,-0.1060355544090271,-0.055911898612976074
2015-010,2015-11-01 15:00:00,0.7964090983072917,-0.3413125,-0.1060355544090271,-0.055911898612976074
2015-010,2015-11-01 18:00:00,0.7964090983072917,-0.15983333333333333,-0.19502992630004884,-0.019276849925518036
2015-010,2015-11-01 21:00:00,0.7964090983072917,-0.15983333333333333,-0.19502992630004884,-0.019276849925518036
2015-010,2015-11-02 00:00:00,0.7828125,-0.25993229166666665,-0.15210337638854982,-0.008847865462303161
2015-010,2015-11-02 03:00:00,0.7828125,-0.25993229166666665,-0.15210337638854982,-0.008847865462303161
2015-010,2015-11-02 06:00:00,0.7828125,-0.043020833333333335,-0.2270131826400757,-0.029490020871162415
2015-010,2015-11-02 09:00:00,0.7828125,-0.043020833333333335,-0.2270131826400757,-0.029490020871162415
2015-010,2015-11-02 12:00:00,0.7828125,-0.28422916666666664,-0.2580080270767212,-0.04942623376846313
2015-010,2015-11-02 15:00:00,0.7828125,-0.28422916666666664,-0.2580080270767212,-0.04942623376846313
2015-010,2015-11-02 18:00:00,0.7828125,-0.093546875,-0.31722896099090575,-0.03887687921524048
2015-010,2015-11-02 21:00:00,0.7828125,-0.093546875,-0.31722896099090575,-0.03887687921524048
2015-010,2015-11-03 00:00:00,0.7865763346354167,-0.1645,-0.23389043807983398,-0.07637747526168823
2015-010,2015-11-03 03:00:00,0.7865763346354167,-0.1645,-0.23389043807983398,-0.07637747526168823
2015-010,2015-11-03 06:00:00,0.7865763346354167,0.043583333333333335,-0.2895171642303467,-0.11980603933334351
2015-010,2015-11-03 09:00:00,0.7865763346354167,0.043583333333333335,-0.2895171642303467,-0.11980603933334351
2015-010,2015-11-03 12:00:00,0.7865763346354167,-0.175484375,-0.3264165878295898,-0.18167167901992798
2015-010,2015-11-03 15:00:00,0.7865763346354167,-0.175484375,-0.3264165878295898,-0.18167167901992798
2015-010,2015-11-03 18:00:00,0.7865763346354167,0.0261875,-0.38471786975860595,-0.14340081214904785
2015-010,2015-11-04 00:00:00,0.7879597981770833,-0.08802083333333334,-0.24653303623199463,-0.11834495067596436
2015-011,2015-11-05 00:00:00,0.7792521158854167,-0.11365104166666666,-0.1693379521369934,-0.17232484817504884
2015-011,2015-11-05 03:00:00,0.7792521158854167,-0.11365104166666666,-0.1693379521369934,-0.17232484817504884
2015-011,2015-11-05 06:00:00,0.7792521158854167,0.08496354166666667,-0.18941142559051513,-0.18197336196899414
2015-011,2015-11-05 12:00:00,0.7792521158854167,-0.18640104166666666,-0.16871691942214967,-0.20341188907623292
2015-011,2015-11-05 15:00:00,0.7792521158854167,-0.18640104166666666,-0.16871691942214967,-0.20341188907623292
2015-011,2015-11-05 18:00:00,0.7792521158854167,-0.004510416666666667,-0.21004819869995117,-0.1179044008255005
2015-011,2015-11-05 21:00:00,0.7792521158854167,-0.004510416666666667,-0.21004819869995117,-0.1179044008255005
2015-011,2015-11-06 00:00:00,0.7723368326822917,-0.15666145833333334,-0.13977080583572388,-0.12121628522872925
2015-011,2015-11-06 03:00:00,0.7723368326822917,-0.15666145833333334,-0.13977080583572388,-0.12121628522872925
2015-011,2015-11-06 06:00:00,0.7723368326822917,0.046723958333333336,-0.14091808795928956,-0.08440582752227783
2015-011,2015-11-06 09:00:00,0.7723368326822917,0.046723958333333336,-0.14091808795928956,-0.08440582752227783
2015-011,2015-11-06 12:00:00,0.7723368326822917,-0.24215625,-0.08012285828590393,-0.1436911106109619
2015-011,2015-11-06 15:00:00,0.7723368326822917,-0.24215625,-0.08012285828590393,-0.1436911106109619
2015-011,2015-11-06 18:00:00,0.7723368326822917,-0.038390625,-0.18118964433670043,-0.10628468990325927
2015-011,2015-11-06 21:00:00,0.7723368326822917,-0.038390625,-0.18118964433670043,-0.10628468990325927
2015-011,2015-11-07 00:00:00,0.7669169108072916,-0.16166666666666665,-0.14677622318267822,-0.09068170189857483
2015-011,2015-11-07 03:00:00,0.7669169108072916,-0.16166666666666665,-0.14677622318267822,-0.09068170189857483
2015-011,2015-11-07 06:00:00,0.7669169108072916,0.0486875,-0.15614153146743776,-0.062372910976409915
2015-011,2015-11-07 09:00:00,0.7669169108072916,0.0486875,-0.15614153146743776,-0.062372910976409915
2015-011,2015-11-07 12:00:00,0.7669169108072916,-0.23438541666666668,-0.14389922618865966,-0.08429473638534546
2015-011,2015-11-07 15:00:00,0.7669169108072916,-0.23438541666666668,-0.14389922618865966,-0.08429473638534546
2015-011,2015-11-07 18:00:00,0.7669169108072916,0.008526041666666666,-0.20550644397735596,-0.06986859440803528
2015-011,2015-11-07 21:00:00,0.7669169108072916,0.008526041666666666,-0.20550644397735596,-0.06986859440803528
2015-011,2015-11-08 00:00:00,0.7760294596354167,-0.11755208333333333,-0.18507286310195922,-0.09119364023208618
2015-011,2015-11-08 03:00:00,0.7760294596354167,-0.11755208333333333,-0.18507286310195922,-0.09119364023208618
2015-011,2015-11-08 06:00:00,0.7760294596354167,0.12358854166666666,-0.21392951011657715,-0.07464325428009033
2015-011,2015-11-08 09:00:00,0.7760294596354167,0.12358854166666666,-0.21392951011657715,-0.07464325428009033
2015-011,2015-11-08 12:00:00,0.7760294596354167,-0.147140625,-0.1975623846054077,-0.11638895273208619
2015-011,2015-11-08 15:00:00,0.7760294596354167,-0.147140625,-0.1975623846054077,-0.11638895273208619
2015-011,2015-11-08 18:00:00,0.7760294596354167,0.06926041666666667,-0.26287643909454345,-0.1129050612449646
2015-011,2015-11-08 21:00:00,0.7760294596354167,0.06926041666666667,-0.26287643909454345,-0.1129050612449646
2015-011,2015-11-09 00:00:00,0.781109619140625,-0.04671875,-0.20656201839447022,-0.12839982509613038
2015-011,2015-11-09 03:00:00,0.781109619140625,-0.04671875,-0.20656201839447022,-0.12839982509613038
2015-011,2015-11-09 06:00:00,0.781109619140625,0.13553645833333333,-0.2387645959854126,-0.1366882801055908
2015-011,2015-11-09 09:00:00,0.781109619140625,0.13553645833333333,-0.2387645959854126,-0.1366882801055908
2015-011,2015-11-09 12:00:00,0.781109619140625,-0.15465625,-0.2094250202178955,-0.18698403835296631
2015-011,2015-11-09 15:00:00,0.781109619140625,-0.15465625,-0.2094250202178955,-0.18698403835296631
2015-011,2015-11-09 18:00:00,0.781109619140625,0.0188125,-0.29827189445495605,-0.19547722339630128
2015-011,2015-11-09 21:00:00,0.781109619140625,0.0188125,-0.29827189445495605,-0.19547722339630128
2015-011,2015-11-10 00:00:00,0.77545166015625,-0.123984375,-0.2503370761871338,-0.14866551160812377
2015-011,2015-11-10 03:00:00,0.77545166015625,-0.123984375,-0.2503370761871338,-0.14866551160812377
2015-011,2015-11-10 06:00:00,0.77545166015625,0.040364583333333336,-0.2572430372238159,-0.13629344701766968
2015-011,2015-11-10 12:00:00,0.77545166015625,-0.245171875,-0.23183085918426513,-0.1768852949142456
2015-012,2015-11-08 03:00:00,0.826336669921875,-0.2620625,-0.2677429437637329,-0.17037464380264283
2015-012,2015-11-08 06:00:00,0.826336669921875,-0.150796875,-0.30747308731079104,-0.08724212646484375
2015-012,2015-11-08 12:00:00,0.826336669921875,-0.3081041666666667,-0.23432455062866211,0.061946791410446164
2015-012,2015-11-08 18:00:00,0.826336669921875,-0.196703125,-0.18098257780075072,0.2634976863861084
2015-012,2015-11-09 00:00:00,0.821063232421875,-0.354515625,-0.09517427682876586,0.2191058874130249
2015-012,2015-11-09 03:00:00,0.821063232421875,-0.354515625,-0.09517427682876586,0.2191058874130249
2015-012,2015-11-09 06:00:00,0.821063232421875,-0.24653645833333335,-0.08647434115409851,0.2952556848526001
2015-012,2015-11-09 12:00:00,0.821063232421875,-0.371265625,-0.03677298426628113,0.35737969875335696
2015-012,2015-11-09 18:00:00,0.821063232421875,-0.26264583333333336,0.03155665397644043,0.40549097061157224
2015-012,2015-11-10 00:00:00,0.8213094075520834,-0.3858489583333333,0.08374142646789551,0.27131826877593995
2015-012,2015-11-10 03:00:00,0.8213094075520834,-0.3858489583333333,0.08374142646789551,0.27131826877593995
2016-001,2016-05-17 03:00:00,0.9489501953125,-0.5609791666666667,-0.0825194001197815,0.3173852443695068
2016-001,2016-05-17 06:00:00,0.9489501953125,-0.5055260416666667,-0.01971447467803955,0.36249067783355715
2016-001,2016-05-17 12:00:00,0.9489501953125,-0.7263697916666667,0.022505936026573182,0.30791349411010743
2016-001,2016-05-17 18:00:00,0.9489501953125,-0.5614270833333334,-0.0071810178458690645,0.3825212001800537
2016-001,2016-05-18 00:00:00,0.9298380533854167,-0.6089427083333333,-0.033228495717048646,0.3198432445526123
2016-001,2016-05-18 03:00:00,0.9298380533854167,-0.6089427083333333,-0.033228495717048646,0.3198432445526123
2016-001,2016-05-18 06:00:00,0.9298380533854167,-0.54715625,-0.04420968294143677,0.3958404064178467
2016-001,2016-05-18 12:00:00,0.9298380533854167,-0.7113697916666667,0.023692750930786134,0.37806293964385984
2016-001,2016-05-18 18:00:00,0.9298380533854167,-0.5335364583333333,0.014128287136554719,0.45396933555603025
2016-001,2016-05-19 00:00:00,0.9184326171875,-0.6049479166666667,0.05591126084327698,0.4065883159637451
2016-001,2016-05-19 03:00:00,0.9184326171875,-0.6049479166666667,0.05591126084327698,0.4065883159637451
2016-001,2016-05-19 06:00:00,0.9184326171875,-0.5441197916666667,0.10438683032989501,0.4374131679534912
2016-001,2016-05-19 12:00:00,0.9184326171875,-0.7039322916666667,0.13472118377685546,0.36315069198608396
2016-001,2016-05-19 15:00:00,0.9184326171875,-0.7039322916666667,0.13472118377685546,0.36315069198608396
2016-001,2016-05-19 18:00:00,0.9184326171875,-0.5659270833333333,0.10756956338882447,0.41348681449890134
2016-001,2016-05-19 21:00:00,0.9184326171875,-0.5659270833333333,0.10756956338882447,0.41348681449890134
2016-001,2016-05-20 00:00:00,0.9142110188802083,-0.655296875,0.1752658486366272,0.3965125322341919
2016-001,2016-05-20 03:00:00,0.9142110188802083,-0.655296875,0.1752658486366272,0.3965125322341919
2016-001,2016-05-20 06:00:00,0.9142110188802083,-0.6100833333333333,0.2648085832595825,0.41202478408813475
2016-001,2016-05-20 09:00:00,0.9142110188802083,-0.6100833333333333,0.2648085832595825,0.41202478408813475
2016-001,2016-05-20 12:00:00,0.9142110188802083,-0.79221875,0.251987361907959,0.3453099012374878
2016-001,2016-05-20 15:00:00,0.9142110188802083,-0.79221875,0.251987361907959,0.3453099012374878
2016-001,2016-05-20 18:00:00,0.9142110188802083,-0.633015625,0.19966920614242553,0.4372265815734863
2016-001,2016-05-20 21:00:00,0.9142110188802083,-0.633015625,0.19966920614242553,0.4372265815734863
2016-001,2016-05-21 00:00:00,0.900030517578125,-0.7190208333333333,0.29257955551147463,0.40252161026000977
2016-001,2016-05-21 03:00:00,0.900030517578125,-0.7190208333333333,0.29257955551147463,0.40252161026000977
2016-001,2016-05-21 06:00:00,0.900030517578125,-0.6310677083333334,0.370294451713562,0.3396925926208496
2016-001,2016-05-21 09:00:00,0.900030517578125,-0.6310677083333334,0.370294451713562,0.3396925926208496
2016-001,2016-05-21 12:00:00,0.900030517578125,-0.7913697916666667,0.3305583715438843,0.3257622480392456
2016-001,2016-05-21 15:00:00,0.900030517578125,-0.7913697916666667,0.3305583715438843,0.3257622480392456
2016-001,2016-05-21 18:00:00,0.900030517578125,-0.6300833333333333,0.32201366424560546,0.4526064872741699
2016-001,2016-05-22 00:00:00,0.8872884114583334,-0.6572552083333333,0.40870418548583987,0.3933639287948608
2016-002,2016-06-27 09:00:00,0.8376363118489584,-0.932734375,0.45837793350219724,0.25013573169708253
2016-002,2016-06-27 12:00:00,0.8376363118489584,-1.1539947916666666,0.5032469272613526,0.3968201637268066
2016-002,2016-06-27 18:00:00,0.8376363118489584,-0.9983020833333334,0.4224082469940186,0.404387378692627
2016-002,2016-06-28 00:00:00,0.8310017903645833,-1.051015625,0.42586488723754884,0.31970117092132566
2016-002,2016-06-28 03:00:00,0.8310017903645833,-1.051015625,0.42586488723754884,0.31970117092132566
2016-002,2016-06-28 06:00:00,0.8310017903645833,-0.9017135416666666,0.3280996561050415,0.26493494510650634
2016-002,2016-06-28 12:00:00,0.8310017903645833,-1.0531510416666667,0.3397758722305298,0.29503204822540285
2016-002,2016-06-28 18:00:00,0.8310017903645833,-0.9038854166666667,0.1799413561820984,0.24973034858703613
2016-002,2016-06-29 00:00:00,0.8303324381510416,-0.9517083333333334,0.2428250789642334,0.17696022987365723
2016-003,2016-07-06 03:00:00,-19.333333333333332,-1.139875,0.051785826683044434,-0.027576643228530883
2016-003,2016-07-06 06:00:00,-19.333333333333332,-1.0281666666666667,0.03221559822559357,-0.03074728846549988
2016-003,2016-07-06 12:00:00,-19.333333333333332,-1.1946770833333333,0.06780817508697509,-0.052691102027893066
2016-003,2016-07-06 18:00:00,-19.333333333333332,-1.021796875,0.039128866791725156,-0.01877390593290329
2016-003,2016-07-07 00:00:00,-19.333333333333332,-1.077265625,-0.03010777533054352,-0.09335794448852539
2016-004,2016-08-09 09:00:00,0.7854451497395833,-0.7505260416666667,0.156599223613739,0.16735916137695311
2016-004,2016-08-09 12:00:00,0.7854451497395833,-0.9105364583333333,0.12490195035934448,0.1605532646179199
2016-004,2016-08-09 18:00:00,0.7854451497395833,-0.7392083333333334,0.13171857595443726,0.1645251154899597
2016-004,2016-08-10 00:00:00,0.765185546875,-0.80296875,0.13218913078308106,0.1241987705230713
2016-004,2016-08-10 03:00:00,0.765185546875,-0.80296875,0.13218913078308106,0.1241987705230713
2016-004,2016-08-10 06:00:00,0.765185546875,-0.71871875,0.16593532562255858,0.13294532299041747
2016-004,2016-08-10 12:00:00,0.765185546875,-0.849453125,0.1480735182762146,0.1255703568458557
2016-004,2016-08-10 18:00:00,0.765185546875,-0.6867395833333333,0.11651810407638549,0.14005599021911622
2016-004,2016-08-11 00:00:00,0.7987833658854167,-0.7138697916666666,0.12574106454849243,0.12626696825027467
2016-004,2016-08-11 03:00:00,0.7987833658854167,-0.7138697916666666,0.12574106454849243,0.12626696825027467
2016-004,2016-08-11 06:00:00,0.7987833658854167,-0.6327291666666667,0.14220921993255614,0.15240030288696288
2016-004,2016-08-11 12:00:00,0.7987833658854167,-0.7746510416666667,0.12238484621047974,0.150131893157959
2016-004,2016-08-11 18:00:00,0.7987833658854167,-0.622109375,0.09942194819450378,0.15369361639022827
2016-004,2016-08-12 00:00:00,0.8165323893229167,-0.6862864583333333,0.07831706404685974,0.1227572202682495
2016-004,2016-08-12 03:00:00,0.8165323893229167,-0.6862864583333333,0.07831706404685974,0.1227572202682495
2016-004,2016-08-12 06:00:00,0.8165323893229167,-0.6558020833333333,0.11617931127548217,0.16259849071502686
2016-004,2016-08-12 12:00:00,0.8165323893229167,-0.8357864583333333,0.1199454665184021,0.14415901899337769
2016-004,2016-08-12 18:00:00,0.8165323893229167,-0.6936041666666667,0.10564299821853637,0.15976144075393678
2016-005,2016-08-16 00:00:00,0.8328226725260417,-0.9584947916666666,0.2538317680358887,-0.03518640398979187
2016-005,2016-08-16 12:00:00,0.8328226725260417,-1.0491354166666667,0.23715615272521973,0.02497140020132065
2016-005,2016-08-16 18:00:00,0.8328226725260417,-0.8739375,0.2185971260070801,0.052288281917572024
2016-005,2016-08-17 03:00:00,0.8089192708333334,-0.960265625,0.20510833263397216,0.03189452588558197
2016-005,2016-08-17 06:00:00,0.8089192708333334,-0.8542135416666666,0.2283396005630493,0.02954663634300232
2016-005,2016-08-17 12:00:00,0.8089192708333334,-1.0206354166666667,0.16973109245300294,0.06202999353408813
2016-005,2016-08-17 18:00:00,0.8089192708333334,-0.8394166666666667,0.1568867802619934,0.0992611289024353
2016-005,2016-08-18 00:00:00,0.7974751790364584,-0.878875,0.15857462882995604,0.08683924078941345
2016-005,2016-08-18 03:00:00,0.7974751790364584,-0.878875,0.15857462882995604,0.08683924078941345
2016-005,2016-08-18 06:00:00,0.7974751790364584,-0.7717760416666667,0.19910788536071777,0.08409810662269593
2016-005,2016-08-18 12:00:00,0.7974751790364584,-0.9108958333333333,0.1544416904449463,0.08802388310432434
2016-005,2016-08-18 18:00:00,0.7974751790364584,-0.7463541666666667,0.13912442922592164,0.12208144664764405
2016-005,2016-08-19 00:00:00,0.798455810546875,-0.78565625,0.12369866371154785,0.09555186033248901
2016-005,2016-08-19 03:00:00,0.798455810546875,-0.78565625,0.12369866371154785,0.09555186033248901
2016-005,2016-08-19 06:00:00,0.798455810546875,-0.6944114583333333,0.19851984977722167,0.12829471826553346
2016-005,2016-08-19 12:00:00,0.798455810546875,-0.8472083333333333,0.13991984128952026,0.09468675255775452
2016-005,2016-08-19 18:00:00,0.798455810546875,-0.6920260416666667,0.12935154438018798,0.1242340087890625
2016-005,2016-08-20 00:00:00,0.8134562174479166,-0.7489114583333333,0.1226085901260376,0.09652811288833618
2016-005,2016-08-20 03:00:00,0.8134562174479166,-0.7489114583333333,0.1226085901260376,0.09652811288833618
2016-005,2016-08-20 06:00:00,0.8134562174479166,-0.6803020833333333,0.2128300666809082,0.15543652772903443
2016-005,2016-08-20 12:00:00,0.8134562174479166,-0.8211510416666666,0.16007403135299683,0.11326092481613159
2016-005,2016-08-20 18:00:00,0.8134562174479166,-0.6534947916666667,0.1498347043991089,0.12982442378997802
2016-006,2016-10-21 00:00:00,0.842022705078125,-0.4892447916666667,0.15027068853378295,-0.04532210230827331
2016-006,2016-10-21 03:00:00,0.842022705078125,-0.4892447916666667,0.15027068853378295,-0.04532210230827331
2016-006,2016-10-21 06:00:00,0.842022705078125,-0.404171875,0.13684871196746826,-0.04395747184753418
2016-006,2016-10-21 12:00:00,0.842022705078125,-0.5016197916666667,0.16397607326507568,-0.018055109679698943
2016-006,2016-10-21 18:00:00,0.842022705078125,-0.36346875,0.17602460384368895,0.07864422202110291
2016-006,2016-10-22 00:00:00,0.8373494466145833,-0.36020833333333335,0.227508544921875,0.006490914523601532
2016-006,2016-10-22 03:00:00,0.8373494466145833,-0.36020833333333335,0.227508544921875,0.006490914523601532
2016-006,2016-10-22 06:00:00,0.8373494466145833,-0.32293229166666665,0.1997210144996643,-0.05202756524085998
2016-006,2016-10-22 12:00:00,0.8373494466145833,-0.42520833333333335,0.18790630102157593,-0.0935567319393158
2016-006,2016-10-22 18:00:00,0.8373494466145833,-0.3293802083333333,0.19338289499282837,-0.023456120491027833
2016-006,2016-10-23 00:00:00,0.8334370930989583,-0.35480208333333335,0.2677955627441406,-0.11950180530548096
2016-006,2016-10-23 03:00:00,0.8334370930989583,-0.35480208333333335,0.2677955627441406,-0.11950180530548096
2016-006,2016-10-23 06:00:00,0.8334370930989583,-0.31214583333333334,0.2935117244720459,-0.15802404880523682
2016-006,2016-10-23 12:00:00,0.8334370930989583,-0.4577760416666667,0.3116863489151001,-0.1647769331932068
2016-006,2016-10-23 18:00:00,0.8334370930989583,-0.36383333333333334,0.35558831691741943,-0.07673036456108093
2016-006,2016-10-24 00:00:00,0.8241129557291667,-0.4149010416666667,0.37290003299713137,-0.17014846801757813
2016-006,2016-10-24 03:00:00,0.8241129557291667,-0.4149010416666667,0.37290003299713137,-0.17014846801757813
2016-006,2016-10-24 06:00:00,0.8241129557291667,-0.3572604166666667,0.3623128652572632,-0.16428797245025634
2016-006,2016-10-24 12:00:00,0.8241129557291667,-0.5057760416666667,0.34773390293121337,-0.18507039546966553
2016-006,2016-10-24 18:00:00,0.8241129557291667,-0.41706770833333334,0.2932907581329346,-0.12582443952560424
2016-006,2016-10-25 00:00:00,0.82044677734375,-0.46503645833333335,0.299683666229248,-0.1474643588066101
2016-006,2016-10-25 03:00:00,0.82044677734375,-0.46503645833333335,0.299683666229248,-0.1474643588066101
2016-006,2016-10-25 06:00:00,0.82044677734375,-0.39800520833333336,0.2462825059890747,-0.14525583982467652
2016-006,2016-10-25 09:00:00,0.82044677734375,-0.39800520833333336,0.2462825059890747,-0.14525583982467652
2016-006,2016-10-25 12:00:00,0.82044677734375,-0.5225260416666667,0.15681135654449463,-0.09283884763717651
2016-006,2016-10-25 15:00:00,0.82044677734375,-0.5225260416666667,0.15681135654449463,-0.09283884763717651
2016-006,2016-10-25 18:00:00,0.82044677734375,-0.37585416666666666,0.06963962316513062,0.03287398815155029
2016-006,2016-10-25 21:00:00,0.82044677734375,-0.37585416666666666,0.06963962316513062,0.03287398815155029
2016-006,2016-10-26 00:00:00,0.8158060709635416,-0.391390625,0.05856412649154663,0.02360042482614517
2016-006,2016-10-26 03:00:00,0.8158060709635416,-0.391390625,0.05856412649154663,0.02360042482614517
2016-006,2016-10-26 06:00:00,0.8158060709635416,-0.29758854166666665,0.043254756927490236,0.047891825437545776
2016-006,2016-10-26 09:00:00,0.8158060709635416,-0.29758854166666665,0.043254756927490236,0.047891825437545776
2016-006,2016-10-26 12:00:00,0.8158060709635416,-0.39816145833333333,0.03869876563549042,0.06796595454216003
2016-006,2016-10-26 15:00:00,0.8158060709635416,-0.39816145833333333,0.03869876563549042,0.06796595454216003
2016-006,2016-10-26 18:00:00,0.8158060709635416,-0.21796875,-0.05870399475097656,0.1432541251182556
2016-006,2016-10-26 21:00:00,0.8158060709635416,-0.21796875,-0.05870399475097656,0.1432541251182556
2016-006,2016-10-27 00:00:00,0.812744140625,-0.246109375,-0.02715200185775757,0.15521571636199952
2016-006,2016-10-27 03:00:00,0.812744140625,-0.246109375,-0.02715200185775757,0.15521571636199952
2016-006,2016-10-27 06:00:00,0.812744140625,-0.14223958333333334,-0.05797285437583923,0.10485647916793824
2016-006,2016-10-27 12:00:00,0.812744140625,-0.282171875,-0.0014049016870558261,0.08570272326469422
2016-006,2016-10-27 18:00:00,0.812744140625,-0.15190104166666665,-0.0649001121520996,0.09430579543113708
2016-007,2016-11-02 18:00:00,0.8150716145833333,-0.09786458333333334,-0.3307962894439697,-0.059084177017211914
2016-007,2016-11-03 00:00:00,0.8069864908854166,-0.16847916666666668,-0.3716447353363037,-0.06725579500198364
2016-007,2016-11-03 03:00:00,0.8069864908854166,-0.16847916666666668,-0.3716447353363037,-0.06725579500198364
2016-007,2016-11-03 06:00:00,0.8069864908854166,-0.09728645833333334,-0.3915600061416626,0.018668289482593536
2016-007,2016-11-03 12:00:00,0.8069864908854166,-0.22566145833333334,-0.2304222583770752,0.09110205173492432
2016-007,2016-11-03 18:00:00,0.8069864908854166,-0.13498958333333333,-0.18987369537353516,0.15293638706207274
2016-007,2016-11-04 00:00:00,0.803399658203125,-0.24116666666666667,-0.1618628978729248,0.11035751104354859
2016-007,2016-11-04 03:00:00,0.803399658203125,-0.24116666666666667,-0.1618628978729248,0.11035751104354859
2016-007,2016-11-04 06:00:00,0.803399658203125,-0.252015625,-0.15944095849990844,0.1653567671775818
2016-007,2016-11-04 12:00:00,0.803399658203125,-0.383421875,0.0058592062443494795,0.14764196872711183
2016-007,2016-11-04 18:00:00,0.803399658203125,-0.338328125,0.03847631812095642,0.20232319831848145
2016-007,2016-11-05 00:00:00,0.8069010416666667,-0.42836979166666667,0.1264372229576111,0.13018176555633545
2016-007,2016-11-05 03:00:00,0.8069010416666667,-0.42836979166666667,0.1264372229576111,0.13018176555633545
2016-007,2016-11-05 06:00:00,0.8069010416666667,-0.376953125,0.16100846529006957,0.08172511458396911
2016-007,2016-11-05 12:00:00,0.8069010416666667,-0.46330208333333334,0.1649201989173889,-0.00939178243279457
2016-007,2016-11-05 18:00:00,0.8069010416666667,-0.37009375,0.17472718954086303,-0.008817288279533386
2016-007,2016-11-06 00:00:00,0.8076700846354167,-0.38009375,0.21513946056365968,-0.08207383751869202
2016-007,2016-11-06 03:00:00,0.8076700846354167,-0.38009375,0.21513946056365968,-0.08207383751869202
2016-007,2016-11-06 06:00:00,0.8076700846354167,-0.2900989583333333,0.20189716815948486,-0.17155036926269532
2016-007,2016-11-06 09:00:00,0.8076700846354167,-0.2900989583333333,0.20189716815948486,-0.17155036926269532
2016-008,2016-11-29 12:00:00,0.787908935546875,-0.23421875,0.015637414157390596,-0.2848304510116577
2016-008,2016-11-29 18:00:00,0.787908935546875,-0.09792708333333333,-0.019519561529159547,-0.24024646282196044
2016-008,2016-11-30 00:00:00,0.7808390299479167,-0.21945833333333334,0.09816672205924988,-0.1950838088989258
2016-008,2016-11-30 03:00:00,0.7808390299479167,-0.21945833333333334,0.09816672205924988,-0.1950838088989258
2016-008,2016-11-30 06:00:00,0.7808390299479167,-0.10891145833333334,0.08604043126106262,-0.12634921073913574
2016-008,2016-11-30 09:00:00,0.7808390299479167,-0.10891145833333334,0.08604043126106262,-0.12634921073913574
2016-008,2016-11-30 12:00:00,0.7808390299479167,-0.2503854166666667,0.10225527286529541,-0.020319236814975737
2016-008,2016-11-30 15:00:00,0.7808390299479167,-0.2503854166666667,0.10225527286529541,-0.020319236814975737
2016-008,2016-11-30 18:00:00,0.7808390299479167,-0.11875520833333333,0.07492833733558654,0.060810667276382444
2016-008,2016-11-30 21:00:00,0.7808390299479167,-0.11875520833333333,0.07492833733558654,0.060810667276382444
2016-008,2016-12-01 00:00:00,0.7754231770833333,-0.22378645833333333,0.10852330923080444,0.12345900535583496
2016-008,2016-12-01 03:00:00,0.7754231770833333,-0.22378645833333333,0.10852330923080444,0.12345900535583496
2016-008,2016-12-01 06:00:00,0.7754231770833333,-0.15031770833333333,0.030665391683578493,0.13516467809677124
2016-008,2016-12-01 12:00:00,0.7754231770833333,-0.222125,0.03235207796096802,0.15411323308944702
2016-008,2016-12-01 18:00:00,0.7754231770833333,-0.0501875,-0.057579153776168825,0.21158597469329835
2016-008,2016-12-02 00:00:00,0.7755106608072917,-0.13110416666666666,-0.05064029097557068,0.17080509662628174
2016-009,2016-12-06 09:00:00,0.7708821614583333,-0.15303645833333332,-0.3017951488494873,-0.4567073345184326
2016-009,2016-12-06 12:00:00,0.7708821614583333,-0.28219791666666666,-0.28213109970092776,-0.39905662536621095
2016-009,2016-12-06 18:00:00,0.7708821614583333,-0.16324479166666667,-0.31208727359771726,-0.3655003547668457
2016-009,2016-12-07 00:00:00,0.7665303548177084,-0.23533854166666668,-0.2509610652923584,-0.31402947902679446
2016-009,2016-12-07 03:00:00,0.7665303548177084,-0.23533854166666668,-0.2509610652923584,-0.31402947902679446
2016-009,2016-12-07 06:00:00,0.7665303548177084,-0.14884375,-0.23838400840759277,-0.29523410797119143
2016-009,2016-12-07 12:00:00,0.7665303548177084,-0.290015625,-0.16549105644226075,-0.27068405151367186
2016-009,2016-12-07 18:00:00,0.7665303548177084,-0.19021354166666668,-0.11384035348892212,-0.2580046892166138
2016-009,2016-12-08 00:00:00,0.76693115234375,-0.2628020833333333,-0.04075839817523956,-0.3378394365310669
2016-009,2016-12-08 03:00:00,0.76693115234375,-0.2628020833333333,-0.04075839817523956,-0.3378394365310669
2016-009,2016-12-08 06:00:00,0.76693115234375,-0.180265625,-0.02706540822982788,-0.39655516147613523
2016-009,2016-12-08 09:00:00,0.76693115234375,-0.180265625,-0.02706540822982788,-0.39655516147613523
2016-009,2016-12-08 12:00:00,0.76693115234375,-0.31559375,-0.0319521427154541,-0.39413201808929443
2016-009,2016-12-08 15:00:00,0.76693115234375,-0.31559375,-0.0319521427154541,-0.39413201808929443
2016-009,2016-12-08 18:00:00,0.76693115234375,-0.21972916666666667,0.01804562360048294,-0.3108851671218872
2016-009,2016-12-08 21:00:00,0.76693115234375,-0.21972916666666667,0.01804562360048294,-0.3108851671218872
2016-009,2016-12-09 00:00:00,0.7637593587239583,-0.334171875,0.0708932638168335,-0.31910004615783694
2016-009,2016-12-09 03:00:00,0.7637593587239583,-0.334171875,0.0708932638168335,-0.31910004615783694
2016-009,2016-12-09 06:00:00,0.7637593587239583,-0.28702083333333334,0.14755859375,-0.35139007568359376
2016-009,2016-12-09 09:00:00,0.7637593587239583,-0.28702083333333334,0.14755859375,-0.35139007568359376
2016-009,2016-12-09 12:00:00,0.7637593587239583,-0.44319270833333335,0.14622852802276612,-0.27683861255645753
2016-009,2016-12-09 15:00:00,0.7637593587239583,-0.44319270833333335,0.14622852802276612,-0.27683861255645753
2016-009,2016-12-09 18:00:00,0.7637593587239583,-0.265953125,0.138388991355896,-0.14591811895370482
2016-009,2016-12-09 21:00:00,0.7637593587239583,-0.265953125,0.138388991355896,-0.14591811895370482
2016-009,2016-12-10 00:00:00,0.7637166341145833,-0.40313020833333335,0.23443284034729003,-0.10077346563339233
2016-009,2016-12-10 03:00:00,0.7637166341145833,-0.40313020833333335,0.23443284034729003,-0.10077346563339233
2016-009,2016-12-10 06:00:00,0.7637166341145833,-0.304640625,0.23897197246551513,-0.11501941680908204
2016-009,2016-12-10 09:00:00,0.7637166341145833,-0.304640625,0.23897197246551513,-0.11501941680908204
2016-009,2016-12-10 12:00:00,0.7637166341145833,-0.457953125,0.2122417449951172,-0.03345419764518738
2016-009,2016-12-10 15:00:00,0.7637166341145833,-0.457953125,0.2122417449951172,-0.03345419764518738
2016-009,2016-12-10 18:00:00,0.7637166341145833,-0.28467708333333336,0.1839932084083557,0.05676206350326538
2016-009,2016-12-10 21:00:00,0.7637166341145833,-0.28467708333333336,0.1839932084083557,0.05676206350326538
2016-009,2016-12-11 00:00:00,0.7539204915364583,-0.41156770833333334,0.21108133792877198,0.09188931584358215
2016-009,2016-12-11 03:00:00,0.7539204915364583,-0.41156770833333334,0.21108133792877198,0.09188931584358215
2016-009,2016-12-11 06:00:00,0.7539204915364583,-0.30580729166666665,0.1874224901199341,0.14068645238876343
2016-009,2016-12-11 09:00:00,0.7539204915364583,-0.30580729166666665,0.1874224901199341,0.14068645238876343
2016-009,2016-12-11 12:00:00,0.7539204915364583,-0.44778645833333336,0.21095871925354004,0.1856623411178589
2016-009,2016-12-11 15:00:00,0.7539204915364583,-0.44778645833333336,0.21095871925354004,0.1856623411178589
2016-009,2016-12-11 18:00:00,0.7539204915364583,-0.28509375,0.18512779474258423,0.25001087188720705
2016-009,2016-12-11 21:00:00,0.7539204915364583,-0.28509375,0.18512779474258423,0.25001087188720705
2016-009,2016-12-12 00:00:00,0.751611328125,-0.3862291666666667,0.15348296165466307,0.2155627727508545
2016-009,2016-12-12 03:00:00,0.751611328125,-0.3862291666666667,0.15348296165466307,0.2155627727508545
2016-009,2016-12-12 06:00:00,0.751611328125,-0.2508125,0.1734116792678833,0.2290964365005493
2016-009,2016-12-12 09:00:00,0.751611328125,-0.2508125,0.1734116792678833,0.2290964365005493
2016-009,2016-12-12 12:00:00,0.751611328125,-0.3758125,0.11764507293701172,0.21796305179595948
2016-009,2016-12-12 15:00:00,0.751611328125,-0.3758125,0.11764507293701172,0.21796305179595948
2016-009,2016-12-12 18:00:00,0.751611328125,-0.21428645833333335,0.06597850918769836,0.245194411277771
2016-009,2016-12-13 00:00:00,0.7486775716145834,-0.308921875,0.09549624919891357,0.17557345628738402
2016-010,2016-12-17 03:00:00,0.7035563151041667,-0.08532291666666666,-0.21095623970031738,-0.39307208061218263
2016-010,2016-12-17 06:00:00,0.7035563151041667,0.04538020833333333,-0.260416841506958,-0.3837092399597168
2016-010,2016-12-17 12:00:00,0.7035563151041667,-0.172765625,-0.26147310733795165,-0.34571247100830077
2016-010,2016-12-17 18:00:00,0.7035563151041667,-0.011510416666666667,-0.39678707122802737,-0.269545316696167
2016-010,2016-12-18 00:00:00,0.7002644856770833,-0.10292708333333334,-0.47571382522583006,-0.10072917938232422
2016-010,2016-12-18 03:00:00,0.7002644856770833,-0.10292708333333334,-0.47571382522583006,-0.10072917938232422
2017-001,2017-04-15 00:00:00,0.8232340494791667,-0.3822291666666667,-0.14981181621551515,0.1715584635734558
2017-001,2017-04-15 03:00:00,0.8232340494791667,-0.3822291666666667,-0.14981181621551515,0.1715584635734558
2017-001,2017-04-15 06:00:00,0.8232340494791667,-0.384625,-0.12478795051574706,0.23552372455596923
2017-001,2017-04-15 09:00:00,0.8232340494791667,-0.384625,-0.12478795051574706,0.23552372455596923
2017-001,2017-04-15 12:00:00,0.8232340494791667,-0.5430364583333334,-0.10671857595443726,0.2660440683364868
2017-001,2017-04-15 18:00:00,0.8232340494791667,-0.44016666666666665,-0.05275983214378357,0.3378607988357544
2017-001,2017-04-15 21:00:00,0.8232340494791667,-0.44016666666666665,-0.05275983214378357,0.3378607988357544
2017-001,2017-04-16 00:00:00,0.8097635904947916,-0.485125,0.03191367387771606,0.2544759035110474
2017-001,2017-04-16 03:00:00,0.8097635904947916,-0.485125,0.03191367387771606,0.2544759035110474
2017-001,2017-04-16 06:00:00,0.8097635904947916,-0.394921875,0.1470576286315918,0.24437885284423827
2017-001,2017-04-16 09:00:00,0.8097635904947916,-0.394921875,0.1470576286315918,0.24437885284423827
2017-001,2017-04-16 12:00:00,0.8097635904947916,-0.495203125,0.21264100074768066,0.16310007572174073
2017-001,2017-04-16 15:00:00,0.8097635904947916,-0.495203125,0.21264100074768066,0.16310007572174073
2017-001,2017-04-16 18:00:00,0.8097635904947916,-0.32344791666666667,0.2217243194580078,0.19922462701797486
2017-001,2017-04-16 21:00:00,0.8097635904947916,-0.32344791666666667,0.2217243194580078,0.19922462701797486
2017-001,2017-04-17 00:00:00,0.8066935221354167,-0.33558333333333334,0.2530419588088989,0.1595757007598877
2017-002,2017-05-28 00:00:00,0.902117919921875,-0.6842083333333333,-0.027671143412590027,0.039554154872894286
2017-002,2017-05-28 03:00:00,0.902117919921875,-0.6842083333333333,-0.027671143412590027,0.039554154872894286
2017-002,2017-05-28 06:00:00,0.902117919921875,-0.6574739583333333,0.011457502096891403,0.08774616122245789
2017-002,2017-05-28 09:00:00,0.902117919921875,-0.6574739583333333,0.011457502096891403,0.08774616122245789
2017-002,2017-05-28 12:00:00,0.902117919921875,-0.831296875,0.08897140026092529,0.10286519527435303
2017-002,2017-05-28 15:00:00,0.902117919921875,-0.831296875,0.08897140026092529,0.10286519527435303
2017-002,2017-05-28 18:00:00,0.902117919921875,-0.703859375,0.12426705360412597,0.11637600660324096
2017-002,2017-05-28 21:00:00,0.902117919921875,-0.703859375,0.12426705360412597,0.11637600660324096
2017-002,2017-05-29 00:00:00,0.8964213053385417,-0.8200885416666667,0.16751841306686402,0.036985522508621214
2017-002,2017-05-29 03:00:00,0.8964213053385417,-0.8200885416666667,0.16751841306686402,0.036985522508621214
2017-002,2017-05-29 06:00:00,0.8964213053385417,-0.7876302083333333,0.2059101104736328,0.09121414422988891
2017-002,2017-05-29 09:00:00,0.8964213053385417,-0.7876302083333333,0.2059101104736328,0.09121414422988891
2017-002,2017-05-29 12:00:00,0.8964213053385417,-0.9399114583333333,0.2213083267211914,0.15798479318618774
2017-002,2017-05-29 15:00:00,0.8964213053385417,-0.9399114583333333,0.2213083267211914,0.15798479318618774
2017-002,2017-05-29 18:00:00,0.8964213053385417,-0.80240625,0.2451256513595581,0.2511573553085327
2017-002,2017-05-29 21:00:00,0.8964213053385417,-0.80240625,0.2451256513595581,0.2511573553085327
2017-002,2017-05-30 00:00:00,0.8596577962239583,-0.8710260416666666,0.3091117382049561,0.26081440448760984
2017-002,2017-05-30 03:00:00,0.8596577962239583,-0.8710260416666666,0.3091117382049561,0.26081440448760984
2017-002,2017-05-30 06:00:00,0.8596577962239583,-0.7799635416666667,0.30951552391052245,0.314501428604126
2017-002,2017-05-30 09:00:00,0.8596577962239583,-0.7799635416666667,0.30951552391052245,0.314501428604126
2017-002,2017-05-30 12:00:00,0.8596577962239583,-0.831296875,0.24409825801849366,0.33009445667266846
2017-002,2017-05-30 18:00:00,0.8596577962239583,-0.6665729166666666,0.19283227920532225,0.41225614547729494
2017-003,2017-06-11 12:00:00,0.8572998046875,-0.9638125,0.18614718914031983,0.25464787483215334
2017-003,2017-06-11 18:00:00,0.8572998046875,-0.8477135416666667,0.18876792192459108,0.26713945865631106
2017-003,2017-06-12 00:00:00,0.8446431477864583,-0.913140625,0.254367995262146,0.26033380031585696
2017-003,2017-06-12 03:00:00,0.8446431477864583,-0.913140625,0.254367995262146,0.26033380031585696
2017-003,2017-06-12 06:00:00,0.8446431477864583,-0.8663697916666667,0.34832847118377686,0.2782972097396851
2017-003,2017-06-12 12:00:00,0.8446431477864583,-0.95009375,0.2668150901794434,0.2535328149795532
2017-003,2017-06-12 18:00:00,0.8446431477864583,-0.7918489583333334,0.24113113880157472,0.3399571657180786
2017-004,2017-07-18 00:00:00,0.8069010416666667,-1.1071354166666667,0.13861502408981324,0.1385348916053772
2017-004,2017-07-18 03:00:00,0.8069010416666667,-1.1071354166666667,0.13861502408981324,0.1385348916053772
2017-004,2017-07-18 06:00:00,0.8069010416666667,-1.0359947916666667,0.13786131143569946,0.3106560468673706
2017-004,2017-07-18 12:00:00,0.8069010416666667,-1.1759166666666667,0.2946372747421265,0.3931711196899414
2017-004,2017-07-18 18:00:00,0.8069010416666667,-0.9747864583333333,0.3510767698287964,0.5023333549499511
2017-004,2017-07-19 00:00:00,0.7873881022135417,-1.023578125,0.4060519218444824,0.5023938655853272
2017-005,2017-07-26 00:00:00,0.8188273111979166,-0.9800416666666667,-0.11887581348419189,0.09844958186149597
2017-005,2017-07-26 03:00:00,0.8188273111979166,-0.9800416666666667,-0.11887581348419189,0.09844958186149597
2017-005,2017-07-26 06:00:00,0.8188273111979166,-0.8689583333333334,-0.1668078899383545,0.19662413597106934
2017-005,2017-07-26 12:00:00,0.8188273111979166,-0.975828125,-0.11109540462493897,0.1716504454612732
2017-005,2017-07-26 18:00:00,0.8188273111979166,-0.7868697916666667,-0.1568334221839905,0.18671715259552002
2017-005,2017-07-27 00:00:00,0.8276204427083333,-0.78459375,-0.19453030824661255,0.1678679347038269
2017-006,2017-09-10 00:00:00,0.864764404296875,-0.4393958333333333,0.06752018928527832,0.21303532123565674
2017-006,2017-09-10 03:00:00,0.864764404296875,-0.4393958333333333,0.06752018928527832,0.21303532123565674
2017-006,2017-09-10 06:00:00,0.864764404296875,-0.32975,0.0892187237739563,0.22801024913787843
2017-006,2017-09-10 12:00:00,0.864764404296875,-0.477890625,0.010214574635028839,0.17289944887161254
2017-006,2017-09-10 18:00:00,0.864764404296875,-0.3408072916666667,-0.026850435137748718,0.16350919008255005
2017-006,2017-10-10 00:00:00,0.84910888671875,-0.47210416666666666,-0.038352003693580626,0.06452014446258544
2017-006,2017-10-10 03:00:00,0.84910888671875,-0.47210416666666666,-0.038352003693580626,0.06452014446258544
2017-006,2017-10-10 06:00:00,0.84910888671875,-0.412265625,-0.03357573449611664,0.10502153635025024
2017-007,2017-10-19 00:00:00,0.8509989420572917,-0.5760885416666667,-0.07994139790534974,0.11665737628936768
2017-007,2017-10-19 03:00:00,0.8509989420572917,-0.5760885416666667,-0.07994139790534974,0.11665737628936768
2017-007,2017-10-19 06:00:00,0.8509989420572917,-0.4820989583333333,-0.052571463584899905,0.2198587417602539
2017-007,2017-10-19 12:00:00,0.8509989420572917,-0.62228125,0.07284996509552003,0.2523396730422974
2017-007,2017-10-19 18:00:00,0.8509989420572917,-0.4339322916666667,0.10400979518890381,0.3723615646362305
2017-007,2017-10-20 00:00:00,0.8384602864583334,-0.5330729166666667,0.1227196216583252,0.39681172370910645
2017-007,2017-10-20 03:00:00,0.8384602864583334,-0.5330729166666667,0.1227196216583252,0.39681172370910645
2017-007,2017-10-20 06:00:00,0.8384602864583334,-0.4227916666666667,0.12796690464019775,0.4746119499206543
2017-007,2017-10-20 12:00:00,0.8384602864583334,-0.5609739583333333,0.24077119827270507,0.37977726459503175
2017-007,2017-10-20 18:00:00,0.8384602864583334,-0.444703125,0.23067116737365723,0.33894126415252684
2017-007,2017-10-21 00:00:00,0.8356119791666666,-0.5181145833333334,0.2864253282546997,0.3170199155807495
2017-007,2017-10-21 03:00:00,0.8356119791666666,-0.5181145833333334,0.2864253282546997,0.3170199155807495
2017-007,2017-10-21 06:00:00,0.8356119791666666,-0.41592708333333334,0.3488004684448242,0.2330242156982422
2017-007,2017-10-21 12:00:00,0.8356119791666666,-0.5235,0.36918394565582274,0.17429226636886597
2017-007,2017-10-21 18:00:00,0.8356119791666666,-0.370859375,0.3410759210586548,0.14636750221252443
2017-008,2017-11-15 03:00:00,0.7669209798177083,-0.42805208333333333,-0.17094649076461793,0.10336263179779052
2017-008,2017-11-15 06:00:00,0.7669209798177083,-0.3341875,-0.18359158039093018,0.09040271639823913
2017-008,2017-11-15 12:00:00,0.7669209798177083,-0.44983854166666665,-0.15339080095291138,0.07762458920478821
2017-008,2017-11-15 18:00:00,0.7669209798177083,-0.3434010416666667,-0.15965795516967773,0.1293152928352356
2017-008,2017-11-16 00:00:00,0.7621073404947917,-0.38659375,-0.1195780873298645,0.13565349578857422
2017-008,2017-11-16 03:00:00,0.7621073404947917,-0.38659375,-0.1195780873298645,0.13565349578857422
2017-008,2017-11-16 06:00:00,0.7621073404947917,-0.26996875,-0.0491784006357193,0.15201398134231567
2017-008,2017-11-16 12:00:00,0.7621073404947917,-0.3718958333333333,-0.043782827258110044,0.12285178899765015
2017-008,2017-11-16 18:00:00,0.7621073404947917,-0.21419270833333334,-0.09329385757446289,0.15141785144805908
2017-008,2017-11-17 00:00:00,0.76146240234375,-0.3166145833333333,-0.02880106270313263,0.1122016191482544
2017-008,2017-11-17 03:00:00,0.76146240234375,-0.3166145833333333,-0.02880106270313263,0.1122016191482544
2017-009,2017-11-29 03:00:00,0.77952880859375,-0.16953125,-0.09708687663078308,-0.18480457067489625
2017-009,2017-11-29 06:00:00,0.77952880859375,-0.003973958333333334,-0.12919504642486573,-0.16514438390731812
2017-009,2017-11-29 12:00:00,0.77952880859375,-0.20121354166666666,-0.043757426738739016,-0.16825379133224488
2017-009,2017-11-29 18:00:00,0.77952880859375,-0.06197916666666667,-0.07027382254600525,-0.17911289930343627
2017-009,2017-11-29 21:00:00,0.77952880859375,-0.06197916666666667,-0.07027382254600525,-0.17911289930343627
2017-009,2017-11-30 00:00:00,0.7735005696614583,-0.194234375,-0.04437161982059479,-0.18905112743377686
2017-009,2017-11-30 03:00:00,0.7735005696614583,-0.194234375,-0.04437161982059479,-0.18905112743377686
2017-009,2017-11-30 06:00:00,0.7735005696614583,-0.08982291666666667,-0.0810920000076294,-0.17898759841918946
2017-009,2017-11-30 09:00:00,0.7735005696614583,-0.08982291666666667,-0.0810920000076294,-0.17898759841918946
2017-009,2017-11-30 12:00:00,0.7735005696614583,-0.3056041666666667,0.01888018399477005,-0.19037845134735107
2017-009,2017-11-30 15:00:00,0.7735005696614583,-0.3056041666666667,0.01888018399477005,-0.19037845134735107
2017-009,2017-11-30 18:00:00,0.7735005696614583,-0.14834895833333334,0.01607227772474289,-0.2044417142868042
2017-009,2017-11-30 21:00:00,0.7735005696614583,-0.14834895833333334,0.01607227772474289,-0.2044417142868042
2017-009,2017-12-01 00:00:00,0.7735005696614583,-0.28253125,-0.001274390984326601,-0.20727140903472902
2017-009,2017-12-01 03:00:00,0.7735005696614583,-0.28253125,-0.001274390984326601,-0.20727140903472902
2017-009,2017-12-01 06:00:00,0.7735005696614583,-0.14911979166666667,-0.07403212189674377,-0.1587439775466919
2017-009,2017-12-01 09:00:00,0.7735005696614583,-0.14911979166666667,-0.07403212189674377,-0.1587439775466919
2017-009,2017-12-01 12:00:00,0.7735005696614583,-0.351890625,-0.025561639666557313,-0.1541174292564392
2017-009,2017-12-01 15:00:00,0.7735005696614583,-0.351890625,-0.025561639666557313,-0.1541174292564392
2017-009,2017-12-01 18:00:00,0.7735005696614583,-0.18557291666666667,-0.06389336585998535,-0.10096570253372192
2017-009,2017-12-01 21:00:00,0.7735005696614583,-0.18557291666666667,-0.06389336585998535,-0.10096570253372192
2017-009,2017-12-02 00:00:00,0.7649027506510416,-0.260390625,-0.01608804315328598,-0.090663081407547
2017-009,2017-12-02 03:00:00,0.7649027506510416,-0.260390625,-0.01608804315328598,-0.090663081407547
2017-009,2017-12-02 06:00:00,0.7649027506510416,-0.09281770833333333,-0.057859450578689575,-0.06472059488296508
2017-009,2017-12-02 09:00:00,0.7649027506510416,-0.09281770833333333,-0.057859450578689575,-0.06472059488296508
2017-009,2017-12-02 12:00:00,0.7649027506510416,-0.29694270833333336,0.009558385610580445,-0.09076382517814637
2017-009,2017-12-02 15:00:00,0.7649027506510416,-0.29694270833333336,0.009558385610580445,-0.09076382517814637
2017-009,2017-12-02 18:00:00,0.7649027506510416,-0.09990104166666666,-0.03717055916786194,-0.09248148202896118
2017-009,2017-12-02 21:00:00,0.7649027506510416,-0.09990104166666666,-0.03717055916786194,-0.09248148202896118
2017-009,2017-12-03 00:00:00,0.7574503580729167,-0.21408333333333332,-0.020413385331630708,-0.1277489423751831
2017-009,2017-12-03 03:00:00,0.7574503580729167,-0.21408333333333332,-0.020413385331630708,-0.1277489423751831
2017-009,2017-12-03 06:00:00,0.7574503580729167,-0.09769270833333334,-0.09111732840538025,-0.09597947001457215
2017-009,2017-12-03 09:00:00,0.7574503580729167,-0.09769270833333334,-0.09111732840538025,-0.09597947001457215
2017-009,2017-12-03 12:00:00,0.7574503580729167,-0.28066145833333334,-0.0014268224127590655,-0.102764093875885
2017-009,2017-12-03 15:00:00,0.7574503580729167,-0.28066145833333334,-0.0014268224127590655,-0.102764093875885
2017-009,2017-12-03 18:00:00,0.7574503580729167,-0.099328125,-0.04398716390132904,-0.07942067384719849
2017-009,2017-12-03 21:00:00,0.7574503580729167,-0.099328125,-0.04398716390132904,-0.07942067384719849
2017-009,2017-12-04 00:00:00,0.7507975260416667,-0.23822395833333335,-0.047048705816268924,-0.09061774611473083
2017-009,2017-12-04 03:00:00,0.7507975260416667,-0.23822395833333335,-0.047048705816268924,-0.09061774611473083
2017-009,2017-12-04 06:00:00,0.7507975260416667,-0.142,-0.049079176783561704,-0.08084349632263184
2017-009,2017-12-04 09:00:00,0.7507975260416667,-0.142,-0.049079176783561704,-0.08084349632263184
2017-009,2017-12-04 12:00:00,0.7507975260416667,-0.34497395833333333,0.017620289325714113,-0.13051700592041016
2017-009,2017-12-04 15:00:00,0.7507975260416667,-0.34497395833333333,0.017620289325714113,-0.13051700592041016
2017-009,2017-12-04 18:00:00,0.7507975260416667,-0.167390625,-0.006547762453556061,-0.12212646007537842
2017-009,2017-12-04 21:00:00,0.7507975260416667,-0.167390625,-0.006547762453556061,-0.12212646007537842
2017-009,2017-12-05 00:00:00,0.7438496907552083,-0.26191145833333335,0.03920421600341797,-0.18534401655197144
2017-009,2017-12-05 03:00:00,0.7438496907552083,-0.26191145833333335,0.03920421600341797,-0.18534401655197144
2017-009,2017-12-05 06:00:00,0.7438496907552083,-0.13606770833333334,0.03655908703804016,-0.19267462491989135
2017-009,2017-12-05 09:00:00,0.7438496907552083,-0.13606770833333334,0.03655908703804016,-0.19267462491989135
2017-009,2017-12-05 12:00:00,0.7438496907552083,-0.34674479166666666,0.02365797609090805,-0.24890737533569335
2017-009,2017-12-05 15:00:00,0.7438496907552083,-0.34674479166666666,0.02365797609090805,-0.24890737533569335
2017-009,2017-12-05 18:00:00,0.7438496907552083,-0.17284375,-0.02633735239505768,-0.21338415145874023
2017-010,2017-06-12 03:00:00,0.8359537760416667,-0.5953177083333333,0.6148531436920166,0.6433857440948486
2017-010,2017-06-12 06:00:00,0.8359537760416667,-0.5167395833333334,0.6521025657653808,0.623311710357666
2017-010,2017-06-12 12:00:00,0.8359537760416667,-0.6507239583333333,0.5017102718353271,0.5940826892852783
2017-010,2017-06-12 18:00:00,0.8359537760416667,-0.50578125,0.4369853973388672,0.7419181823730469
2017-010,2017-07-12 00:00:00,0.8040873209635416,-0.5181666666666667,0.4336856842041016,0.3736790657043457
2017-010,2017-07-12 03:00:00,0.8040873209635416,-0.5181666666666667,0.4336856842041016,0.3736790657043457
2017-010,2017-07-12 06:00:00,0.8040873209635416,-0.46141145833333336,0.46275691986083983,0.3880616664886475
2017-010,2017-07-12 12:00:00,0.8040873209635416,-0.5894114583333333,0.507521104812622,0.26700923442840574
2017-010,2017-07-12 18:00:00,0.8040873209635416,-0.446265625,0.442460823059082,0.33581669330596925
2017-010,2017-08-12 00:00:00,0.8145100911458333,-0.402796875,0.39665195941925047,0.5567249774932861
2017-010,2017-08-12 03:00:00,0.8145100911458333,-0.402796875,0.39665195941925047,0.5567249774932861
2017-010,2017-08-12 06:00:00,0.8145100911458333,-0.32738541666666665,0.41607084274291994,0.5083775520324707
2017-010,2017-08-12 12:00:00,0.8145100911458333,-0.4603802083333333,0.3411729335784912,0.41596760749816897
2017-010,2017-08-12 18:00:00,0.8145100911458333,-0.33064583333333336,0.31276328563690187,0.5143776893615722
2017-010,2017-09-12 00:00:00,0.8487141927083334,-0.24249479166666665,0.16214876174926757,0.3246761798858643
2017-010,2017-09-12 03:00:00,0.8487141927083334,-0.24249479166666665,0.16214876174926757,0.3246761798858643
2017-010,2017-09-12 06:00:00,0.8487141927083334,-0.18039583333333334,0.13894232511520385,0.314913010597229
2018-001,2018-03-13 03:00:00,0.8146158854166666,-0.296421875,-0.1571284770965576,-0.16005584001541137
2018-001,2018-03-13 06:00:00,0.8146158854166666,-0.12180208333333334,-0.13899533748626708,-0.1571147084236145
2018-001,2018-03-13 12:00:00,0.8146158854166666,-0.3199166666666667,-0.14588527679443358,-0.11034892797470093
2018-001,2018-03-13 18:00:00,0.8146158854166666,-0.13780208333333333,-0.22935724258422852,-0.03746425211429596
2018-001,2018-03-14 00:00:00,0.81380615234375,-0.30319270833333334,-0.2916703224182129,0.0931929111480713
2018-001,2018-03-14 03:00:00,0.81380615234375,-0.30319270833333334,-0.2916703224182129,0.0931929111480713
2018-001,2018-03-14 06:00:00,0.81380615234375,-0.12540625,-0.27972548007965087,0.19535766839981078
2018-001,2018-03-14 12:00:00,0.81380615234375,-0.34721875,-0.12128161191940308,0.23195786476135255
2018-001,2018-03-14 18:00:00,0.81380615234375,-0.13535416666666666,-0.0844434678554535,0.2227968692779541
2018-002,2018-05-16 12:00:00,0.863055419921875,-0.5118177083333333,0.010643590986728669,0.07844157814979554
2018-002,2018-05-16 18:00:00,0.863055419921875,-0.35290625,-0.11517211198806762,0.1163633108139038
2018-002,2018-05-17 00:00:00,0.8554951985677083,-0.416109375,-0.02767426669597626,0.16930772066116334
2018-002,2018-05-17 03:00:00,0.8554951985677083,-0.416109375,-0.02767426669597626,0.16930772066116334
2018-002,2018-05-17 06:00:00,0.8554951985677083,-0.25178125,0.1307170271873474,0.23190574645996093
2018-002,2018-05-17 09:00:00,0.8554951985677083,-0.25178125,0.1307170271873474,0.23190574645996093
2018-002,2018-05-17 12:00:00,0.8554951985677083,-0.48834375,0.024103812873363495,0.12275760173797608
2018-002,2018-05-17 15:00:00,0.8554951985677083,-0.48834375,0.024103812873363495,0.12275760173797608
2018-002,2018-05-17 18:00:00,0.8554951985677083,-0.32560416666666664,-0.11348639726638794,0.10049021244049072
2018-002,2018-05-17 21:00:00,0.8554951985677083,-0.32560416666666664,-0.11348639726638794,0.10049021244049072
2018-002,2018-05-18 00:00:00,0.8612162272135416,-0.370625,-0.07031702399253845,0.15929052829742432
2018-002,2018-05-18 03:00:00,0.8612162272135416,-0.370625,-0.07031702399253845,0.15929052829742432
2018-002,2018-05-18 06:00:00,0.8612162272135416,-0.21481770833333333,0.003481611981987953,0.18524788618087767
2018-002,2018-05-18 09:00:00,0.8612162272135416,-0.21481770833333333,0.003481611981987953,0.18524788618087767
2018-002,2018-05-18 12:00:00,0.8612162272135416,-0.4136666666666667,-0.050683557987213135,0.1309388756752014
2018-002,2018-05-18 15:00:00,0.8612162272135416,-0.4136666666666667,-0.050683557987213135,0.1309388756752014
2018-002,2018-05-18 18:00:00,0.8612162272135416,-0.28508854166666664,-0.15314290523529053,0.13835179805755615
2018-002,2018-05-18 21:00:00,0.8612162272135416,-0.28508854166666664,-0.15314290523529053,0.13835179805755615
2018-002,2018-05-19 00:00:00,0.8426411946614584,-0.3325625,-0.06712656021118164,0.0943045437335968
2018-002,2018-05-19 03:00:00,0.8426411946614584,-0.3325625,-0.06712656021118164,0.0943045437335968
2018-002,2018-05-19 06:00:00,0.8426411946614584,-0.19661979166666665,0.008332379162311554,0.1617762804031372
2018-002,2018-05-19 09:00:00,0.8426411946614584,-0.19661979166666665,0.008332379162311554,0.1617762804031372
2018-002,2018-05-19 12:00:00,0.8426411946614584,-0.40891666666666665,-0.06484562754631043,0.09856797456741333
2018-002,2018-05-19 18:00:00,0.8426411946614584,-0.2525572916666667,-0.13011645078659057,0.1285871982574463
2018-002,2018-05-20 00:00:00,0.8323750813802083,-0.2917239583333333,-0.03386834859848022,0.16035298109054566
2018-003,2018-05-21 12:00:00,0.8629048665364584,-0.43484375,0.041035547852516174,-0.0863356351852417
2018-003,2018-05-21 18:00:00,0.8629048665364584,-0.36032291666666666,0.01791154146194458,-0.0009201429784297943
2018-003,2018-05-22 00:00:00,0.8440470377604167,-0.4943125,0.004186297953128815,0.11160910129547119
2018-003,2018-05-22 03:00:00,0.8440470377604167,-0.4943125,0.004186297953128815,0.11160910129547119
2018-003,2018-05-22 06:00:00,0.8440470377604167,-0.319640625,0.03799128830432892,0.15610026121139525
2018-003,2018-05-22 12:00:00,0.8440470377604167,-0.4623333333333333,0.01806974709033966,0.17780261039733886
2018-003,2018-05-22 15:00:00,0.8440470377604167,-0.4623333333333333,0.01806974709033966,0.17780261039733886
2018-003,2018-05-22 18:00:00,0.8440470377604167,-0.31327604166666667,0.06816006302833558,0.26960785388946534
2018-003,2018-05-22 21:00:00,0.8440470377604167,-0.31327604166666667,0.06816006302833558,0.26960785388946534
2018-003,2018-05-23 00:00:00,0.8260640462239583,-0.47625520833333335,0.18820918798446656,0.30239870548248293
2018-003,2018-05-23 03:00:00,0.8260640462239583,-0.47625520833333335,0.18820918798446656,0.30239870548248293
2018-003,2018-05-23 06:00:00,0.8260640462239583,-0.3362291666666667,0.18971024751663207,0.2625239849090576
2018-003,2018-05-23 09:00:00,0.8260640462239583,-0.3362291666666667,0.18971024751663207,0.2625239849090576
2018-003,2018-05-23 12:00:00,0.8260640462239583,-0.56090625,0.08527718186378479,0.3056828260421753
2018-003,2018-05-23 15:00:00,0.8260640462239583,-0.56090625,0.08527718186378479,0.3056828260421753
2018-003,2018-05-23 18:00:00,0.8260640462239583,-0.43965625,0.13031200170516968,0.47961974143981934
2018-003,2018-05-23 21:00:00,0.8260640462239583,-0.43965625,0.13031200170516968,0.47961974143981934
2018-003,2018-05-24 00:00:00,0.8158121744791667,-0.59615625,0.19493340253829955,0.543820858001709
2018-003,2018-05-24 03:00:00,0.8158121744791667,-0.59615625,0.19493340253829955,0.543820858001709
2018-003,2018-05-24 06:00:00,0.8158121744791667,-0.43241666666666667,0.27536678314208984,0.5513696670532227
2018-003,2018-05-24 09:00:00,0.8158121744791667,-0.43241666666666667,0.27536678314208984,0.5513696670532227
2018-003,2018-05-24 12:00:00,0.8158121744791667,-0.645765625,0.2958213329315186,0.5705752372741699
2018-003,2018-05-24 15:00:00,0.8158121744791667,-0.645765625,0.2958213329315186,0.5705752372741699
2018-003,2018-05-24 18:00:00,0.8158121744791667,-0.5079322916666666,0.23537707328796387,0.6499915599822998
2018-003,2018-05-24 21:00:00,0.8158121744791667,-0.5079322916666666,0.23537707328796387,0.6499915599822998
2018-003,2018-05-25 00:00:00,0.7941019694010417,-0.6446614583333333,0.23612625598907472,0.6615141868591309
2018-003,2018-05-25 03:00:00,0.7941019694010417,-0.6446614583333333,0.23612625598907472,0.6615141868591309
2018-003,2018-05-25 06:00:00,0.7941019694010417,-0.47375520833333334,0.2722862482070923,0.6674154281616211
2018-003,2018-05-25 09:00:00,0.7941019694010417,-0.47375520833333334,0.2722862482070923,0.6674154281616211
2018-003,2018-05-25 12:00:00,0.7941019694010417,-0.6492395833333333,0.2064361333847046,0.5996719360351562
2018-003,2018-05-25 15:00:00,0.7941019694010417,-0.6492395833333333,0.2064361333847046,0.5996719360351562
2018-003,2018-05-25 18:00:00,0.7941019694010417,-0.47509375,0.07983975410461426,0.6540059566497802
2018-003,2018-05-25 21:00:00,0.7941019694010417,-0.47509375,0.07983975410461426,0.6540059566497802
2018-003,2018-05-26 00:00:00,0.78040771484375,-0.5851041666666666,0.12512571811676027,0.675782585144043
2018-003,2018-05-26 03:00:00,0.78040771484375,-0.5851041666666666,0.12512571811676027,0.675782585144043
2018-003,2018-05-26 06:00:00,0.78040771484375,-0.4169322916666667,0.14462602138519287,0.6557449340820313
2018-003,2018-05-26 09:00:00,0.78040771484375,-0.4169322916666667,0.14462602138519287,0.6557449340820313
2018-003,2018-05-26 12:00:00,0.78040771484375,-0.6149479166666667,0.17878400087356566,0.588263750076294
2018-003,2018-05-26 15:00:00,0.78040771484375,-0.6149479166666667,0.17878400087356566,0.588263750076294
2018-003,2018-05-26 18:00:00,0.78040771484375,-0.424203125,0.14818282127380372,0.6078933715820313
2018-003,2018-05-27 00:00:00,0.7744649251302084,-0.513078125,0.23085360527038573,0.5734697341918945
2018-004,2018-05-29 06:00:00,0.879693603515625,-0.5865729166666667,-0.01654907763004303,0.18727414608001708
2018-004,2018-05-29 12:00:00,0.879693603515625,-0.6904427083333333,0.1563311457633972,0.13506704568862915
2018-004,2018-05-29 18:00:00,0.879693603515625,-0.592578125,0.15471580028533935,0.21466224193572997
2018-004,2018-05-30 00:00:00,0.88125,-0.6210989583333333,0.12215871810913086,0.21278393268585205
2018-004,2018-05-30 03:00:00,0.88125,-0.6210989583333333,0.12215871810913086,0.21278393268585205
2018-005,2018-06-10 06:00:00,0.8599222819010417,-1.1260989583333334,0.2045177698135376,0.11466294527053833
2018-005,2018-06-10 12:00:00,0.8599222819010417,-1.2397447916666666,0.15671184062957763,0.2748612642288208
2018-005,2018-06-10 18:00:00,0.8599222819010417,-1.1334375,0.2413163185119629,0.2471686840057373
2018-006,2018-07-21 03:00:00,0.7870930989583333,-1.06296875,0.13094968795776368,0.13175069093704223
2018-006,2018-07-21 06:00:00,0.7870930989583333,-0.9715208333333333,0.08598148226737976,0.13244843482971191
2018-006,2018-07-21 09:00:00,0.7870930989583333,-0.9715208333333333,0.08598148226737976,0.13244843482971191
2018-006,2018-07-21 12:00:00,0.7870930989583333,-1.114046875,0.12538907527923585,0.17959675788879395
2018-006,2018-07-21 18:00:00,0.7870930989583333,-0.94953125,0.13998297452926636,0.2179039716720581
2018-006,2018-07-22 00:00:00,0.7936299641927084,-1.0410729166666666,0.12067729234695435,0.2204031229019165
2018-006,2018-07-22 03:00:00,0.7936299641927084,-1.0410729166666666,0.12067729234695435,0.2204031229019165
2018-006,2018-07-22 06:00:00,0.7936299641927084,-0.9531145833333333,0.09613592624664306,0.267565655708313
2018-006,2018-07-22 12:00:00,0.7936299641927084,-1.0995729166666666,0.08092749118804932,0.26664981842041013
2018-006,2018-07-22 18:00:00,0.7936299641927084,-0.8933333333333333,0.075384122133255,0.2984720945358276
2018-006,2018-07-23 00:00:00,0.8035542805989583,-0.9699114583333334,0.05074518918991089,0.29393532276153567
2018-007,2018-08-07 09:00:00,0.802081298828125,-0.9641927083333334,-0.005910050496459008,0.15679701566696166
2018-007,2018-08-07 12:00:00,0.802081298828125,-1.1058229166666667,0.016200366616249084,0.24345738887786866
2018-007,2018-08-07 18:00:00,0.802081298828125,-0.9262552083333333,0.01240939050912857,0.2517937183380127
2018-007,2018-08-08 00:00:00,0.8050496419270833,-0.9867604166666667,-0.022432802617549895,0.24509022235870362
2018-008,2018-08-15 03:00:00,0.8028462727864584,-0.9154635416666667,0.1540117621421814,-0.05048072338104248
2018-008,2018-08-15 06:00:00,0.8028462727864584,-0.8359270833333333,0.1158022403717041,-0.006018136814236641
2018-008,2018-08-15 12:00:00,0.8028462727864584,-1.0088229166666667,0.09594335556030273,0.04304675757884979
2018-008,2018-08-15 18:00:00,0.8028462727864584,-0.83015625,0.10254000425338745,0.07945598959922791
2018-008,2018-08-16 00:00:00,0.8053955078125,-0.91340625,0.08986993432044983,0.03720869719982147
2018-008,2018-08-16 03:00:00,0.8053955078125,-0.91340625,0.08986993432044983,0.03720869719982147
2018-008,2018-08-16 06:00:00,0.8053955078125,-0.8349635416666666,0.08451522588729858,0.11015583276748657
2018-008,2018-08-16 12:00:00,0.8053955078125,-0.9973229166666666,0.12046598196029663,0.13757420778274537
2018-008,2018-08-16 18:00:00,0.8053955078125,-0.8544895833333334,0.15914169549942017,0.16059439182281493
2018-008,2018-08-17 00:00:00,0.8098124186197917,-0.9318020833333334,0.1710732936859131,0.12747068405151368
2018-009,2018-09-06 00:00:00,0.785919189453125,-0.860390625,0.1055322527885437,0.08850906491279602
2018-009,2018-09-06 03:00:00,0.785919189453125,-0.860390625,0.1055322527885437,0.08850906491279602
2018-009,2018-09-06 06:00:00,0.785919189453125,-0.7732135416666667,0.0316491425037384,0.1444966435432434
2018-009,2018-09-06 12:00:00,0.785919189453125,-0.905640625,0.05062786340713501,0.18385913372039794
2018-009,2018-09-06 18:00:00,0.785919189453125,-0.7516770833333334,0.01989072561264038,0.22142906188964845
2018-009,2018-09-07 00:00:00,0.7827473958333333,-0.7708541666666666,-0.037633484601974486,0.21238312721252442
2018-009,2018-09-07 03:00:00,0.7827473958333333,-0.7708541666666666,-0.037633484601974486,0.21238312721252442
2018-010,2018-09-19 15:00:00,0.8291015625,-0.6931979166666666,0.009212683141231536,-0.08292098641395569
2018-010,2018-09-19 18:00:00,0.8291015625,-0.5917916666666667,0.043528833985328676,0.00389423705637455
2018-010,2018-09-20 00:00:00,0.8021077473958333,-0.6578333333333334,0.020932388305664063,0.02672920227050781
2018-010,2018-09-20 03:00:00,0.8021077473958333,-0.6578333333333334,0.020932388305664063,0.02672920227050781
2018-010,2018-09-20 06:00:00,0.8021077473958333,-0.558734375,-0.03280479907989502,0.022357249259948732
2018-010,2018-09-20 12:00:00,0.8021077473958333,-0.73478125,-0.00758541077375412,0.13060462474822998
2018-010,2018-09-20 15:00:00,0.8021077473958333,-0.73478125,-0.00758541077375412,0.13060462474822998
2018-010,2018-09-20 18:00:00,0.8021077473958333,-0.5665052083333333,0.017054618895053865,0.21844322681427003
2018-010,2018-09-21 00:00:00,0.79326171875,-0.6201197916666666,0.0020060809329152107,0.21954407691955566
2018-010,2018-09-21 03:00:00,0.79326171875,-0.6201197916666666,0.0020060809329152107,0.21954407691955566
2018-010,2018-09-21 06:00:00,0.79326171875,-0.46652083333333333,-0.04735500514507294,0.2635483741760254
2018-010,2018-09-21 12:00:00,0.79326171875,-0.5467291666666667,-0.012448332458734512,0.24981963634490967
2018-010,2018-09-21 18:00:00,0.79326171875,-0.3462864583333333,-0.0585202157497406,0.2816544771194458
2018-010,2018-09-21 21:00:00,0.79326171875,-0.3462864583333333,-0.0585202157497406,0.2816544771194458
2018-010,2018-09-22 00:00:00,0.8047526041666667,-0.3389270833333333,-0.053611642122268675,0.2307342290878296
2018-010,2018-09-22 03:00:00,0.8047526041666667,-0.3389270833333333,-0.053611642122268675,0.2307342290878296
2018-010,2018-09-22 06:00:00,0.8047526041666667,-0.18744791666666666,-0.03246060907840729,0.2762312650680542
2018-011,2018-10-06 09:00:00,0.7543192545572917,-0.049859375,0.0057331003248691555,-0.08681877851486205
2018-011,2018-10-06 12:00:00,0.7543192545572917,-0.32031770833333334,-0.016647432744503022,-0.16778159141540527
2018-011,2018-10-06 18:00:00,0.7543192545572917,-0.17901041666666667,-0.100078284740448,-0.12246760129928588
2018-011,2018-10-07 00:00:00,0.752996826171875,-0.3343125,-0.0653393805027008,-0.13569604158401488
2018-011,2018-10-07 03:00:00,0.752996826171875,-0.3343125,-0.0653393805027008,-0.13569604158401488
2018-011,2018-10-07 06:00:00,0.752996826171875,-0.16500520833333332,-0.06405359506607056,-0.09062058329582215
2018-011,2018-10-07 09:00:00,0.752996826171875,-0.16500520833333332,-0.06405359506607056,-0.09062058329582215
2018-011,2018-10-07 12:00:00,0.752996826171875,-0.395046875,-0.058274513483047484,-0.12132290601730347
2018-011,2018-10-07 18:00:00,0.752996826171875,-0.22701041666666666,-0.12235710620880128,-0.08171907663345337
2018-011,2018-10-08 00:00:00,0.743310546875,-0.363890625,-0.02503432035446167,-0.05426403880119324
2018-011,2018-10-08 03:00:00,0.743310546875,-0.363890625,-0.02503432035446167,-0.05426403880119324
2018-011,2018-10-08 06:00:00,0.743310546875,-0.21718229166666667,0.021397323906421663,0.032453867793083194
2018-011,2018-10-08 09:00:00,0.743310546875,-0.21718229166666667,0.021397323906421663,0.032453867793083194
2018-011,2018-10-08 12:00:00,0.743310546875,-0.47002083333333333,0.057611489295959474,0.0364508181810379
2018-011,2018-10-08 15:00:00,0.743310546875,-0.47002083333333333,0.057611489295959474,0.0364508181810379
2018-011,2018-10-08 18:00:00,0.743310546875,-0.3022916666666667,-0.003291837126016617,0.06978675723075867
2018-011,2018-10-08 21:00:00,0.743310546875,-0.3022916666666667,-0.003291837126016617,0.06978675723075867
2018-011,2018-10-09 00:00:00,0.729473876953125,-0.43666666666666665,0.0660130500793457,0.1045794129371643
2018-011,2018-10-09 03:00:00,0.729473876953125,-0.43666666666666665,0.0660130500793457,0.1045794129371643
2018-011,2018-10-09 06:00:00,0.729473876953125,-0.27577083333333335,0.06071262359619141,0.14887365102767944
2018-011,2018-10-09 09:00:00,0.729473876953125,-0.27577083333333335,0.06071262359619141,0.14887365102767944
2018-011,2018-10-09 12:00:00,0.729473876953125,-0.536921875,0.06408810615539551,0.10903491973876953
2018-011,2018-10-09 15:00:00,0.729473876953125,-0.536921875,0.06408810615539551,0.10903491973876953
2018-011,2018-10-09 18:00:00,0.729473876953125,-0.3306822916666667,0.03547612726688385,0.18045886754989623
2018-011,2018-10-09 21:00:00,0.729473876953125,-0.3306822916666667,0.03547612726688385,0.18045886754989623
2018-011,2018-10-10 00:00:00,0.7229390462239583,-0.430453125,0.14114294052124024,0.2096482992172241
2018-011,2018-10-10 03:00:00,0.7229390462239583,-0.430453125,0.14114294052124024,0.2096482992172241
2018-011,2018-10-10 06:00:00,0.7229390462239583,-0.2401875,0.16702394485473632,0.22823951244354249
2018-011,2018-10-10 09:00:00,0.7229390462239583,-0.2401875,0.16702394485473632,0.22823951244354249
2018-011,2018-10-10 12:00:00,0.7229390462239583,-0.4984322916666667,0.1381900668144226,0.11093246936798096
2018-011,2018-10-10 15:00:00,0.7229390462239583,-0.4984322916666667,0.1381900668144226,0.11093246936798096
2018-011,2018-10-10 18:00:00,0.7229390462239583,-0.31159895833333334,0.08703691363334656,0.1153215765953064
2018-011,2018-10-10 21:00:00,0.7229390462239583,-0.31159895833333334,0.08703691363334656,0.1153215765953064
2018-011,2018-10-13 00:00:00,0.7198140462239583,-0.278171875,-0.012886312603950501,0.15802507400512694
2018-011,2018-10-13 03:00:00,0.7198140462239583,-0.278171875,-0.012886312603950501,0.15802507400512694
2018-011,2018-10-13 06:00:00,0.7198140462239583,-0.0895625,-0.03013351857662201,0.1689211368560791
2018-011,2018-10-13 09:00:00,0.7198140462239583,-0.0895625,-0.03013351857662201,0.1689211368560791
2018-011,2018-10-13 12:00:00,0.7198140462239583,-0.3036510416666667,-0.02073991745710373,0.08260433077812195
2018-011,2018-10-13 15:00:00,0.7198140462239583,-0.3036510416666667,-0.02073991745710373,0.08260433077812195
2018-011,2018-10-13 18:00:00,0.7198140462239583,-0.10345833333333333,-0.11833726167678833,0.06994483470916749
2018-011,2018-10-13 21:00:00,0.7198140462239583,-0.10345833333333333,-0.11833726167678833,0.06994483470916749
2018-011,2018-10-14 00:00:00,0.7163004557291667,-0.167125,-0.07092960476875305,0.12028487920761108
2018-011,2018-10-14 03:00:00,0.7163004557291667,-0.167125,-0.07092960476875305,0.12028487920761108
2018-011,2018-10-14 06:00:00,0.7163004557291667,0.04014583333333333,-0.09250506162643432,0.1204064965248108
2018-011,2018-10-14 09:00:00,0.7163004557291667,0.04014583333333333,-0.09250506162643432,0.1204064965248108
2018-011,2018-10-14 12:00:00,0.7163004557291667,-0.18616145833333334,-0.08159632682800293,0.004682037234306336
2018-011,2018-10-14 18:00:00,0.7163004557291667,-0.011166666666666667,-0.20656437873840333,-0.043719351291656494
2018-011,2018-10-15 00:00:00,0.7153462727864583,-0.10988541666666667,-0.18664292097091675,-0.01609722077846527
2018-011,2018-11-10 00:00:00,0.764727783203125,-0.07853125,-0.23216922283172609,-0.1612050414085388
2018-011,2018-11-10 03:00:00,0.764727783203125,-0.07853125,-0.23216922283172609,-0.1612050414085388
2018-011,2018-11-10 06:00:00,0.764727783203125,0.085296875,-0.27584686279296877,-0.13812340497970582
2018-011,2018-11-10 09:00:00,0.764727783203125,0.085296875,-0.27584686279296877,-0.13812340497970582
2018-011,2018-11-10 12:00:00,0.764727783203125,-0.1450625,-0.2584405422210693,-0.19120014905929567
2018-011,2018-11-10 15:00:00,0.764727783203125,-0.1450625,-0.2584405422210693,-0.19120014905929567
2018-011,2018-11-10 18:00:00,0.764727783203125,0.03403125,-0.3324411630630493,-0.18456391096115113
2018-011,2018-11-10 21:00:00,0.764727783203125,0.03403125,-0.3324411630630493,-0.18456391096115113
2018-011,2018-12-10 00:00:00,0.7189188639322917,-0.0026510416666666666,-0.2480940580368042,-0.30552523136138915
2018-011,2018-12-10 03:00:00,0.7189188639322917,-0.0026510416666666666,-0.2480940580368042,-0.30552523136138915
2018-011,2018-12-10 06:00:00,0.7189188639322917,0.15625,-0.3111016273498535,-0.2676156759262085
2018-011,2018-12-10 09:00:00,0.7189188639322917,0.15625,-0.3111016273498535,-0.2676156759262085
2018-011,2018-12-10 12:00:00,0.7189188639322917,-0.08511979166666667,-0.28746509552001953,-0.23078594207763672
2018-011,2018-12-10 15:00:00,0.7189188639322917,-0.08511979166666667,-0.28746509552001953,-0.23078594207763672
2018-011,2018-12-10 18:00:00,0.7189188639322917,0.11924479166666667,-0.2766607999801636,-0.18302202224731445
2018-011,2018-12-10 21:00:00,0.7189188639322917,0.11924479166666667,-0.2766607999801636,-0.18302202224731445
2018-012,2018-10-08 03:00:00,0.862249755859375,-0.2980625,-0.1384783387184143,-0.011948004364967346
2018-012,2018-10-08 06:00:00,0.862249755859375,-0.264109375,-0.14840611219406127,-0.03932175636291504
2018-012,2018-10-08 12:00:00,0.862249755859375,-0.4397760416666667,-0.14000632762908935,0.023042486608028413
2018-012,2018-10-08 18:00:00,0.862249755859375,-0.313828125,-0.15695786476135254,0.10550863742828369
2018-012,2018-10-09 00:00:00,0.8414103190104166,-0.40555729166666665,-0.09508090615272521,0.020853149890899658
2018-012,2018-10-09 03:00:00,0.8414103190104166,-0.40555729166666665,-0.09508090615272521,0.020853149890899658
2018-012,2018-10-09 06:00:00,0.8414103190104166,-0.362390625,-0.1264965534210205,-0.020340701937675475
2018-012,2018-10-09 09:00:00,0.8414103190104166,-0.362390625,-0.1264965534210205,-0.020340701937675475
2018-012,2018-10-09 12:00:00,0.8414103190104166,-0.5233177083333334,-0.13840867280960084,0.012861590087413787
2018-012,2018-10-09 15:00:00,0.8414103190104166,-0.5233177083333334,-0.13840867280960084,0.012861590087413787
2018-012,2018-10-09 18:00:00,0.8414103190104166,-0.41036979166666665,-0.14221975803375245,0.12059831619262695
2018-012,2018-10-09 21:00:00,0.8414103190104166,-0.41036979166666665,-0.14221975803375245,0.12059831619262695
2018-012,2018-10-10 00:00:00,0.8250712076822917,-0.5091666666666667,-0.027893337607383727,0.14835981130599976
2018-012,2018-10-10 03:00:00,0.8250712076822917,-0.5091666666666667,-0.027893337607383727,0.14835981130599976
2018-012,2018-10-10 06:00:00,0.8250712076822917,-0.42755208333333333,-0.04033381938934326,0.19497658014297486
2018-012,2018-10-10 09:00:00,0.8250712076822917,-0.42755208333333333,-0.04033381938934326,0.19497658014297486
2018-012,2018-10-10 12:00:00,0.8250712076822917,-0.576609375,0.02677578330039978,0.2623253107070923
2018-012,2018-10-10 15:00:00,0.8250712076822917,-0.576609375,0.02677578330039978,0.2623253107070923
2018-012,2018-10-10 18:00:00,0.8250712076822917,-0.415125,-0.005760576575994492,0.4263278961181641
2018-012,2018-10-10 21:00:00,0.8250712076822917,-0.415125,-0.005760576575994492,0.4263278961181641
2018-012,2018-10-11 00:00:00,0.82017822265625,-0.5029427083333333,0.042945143580436704,0.4366171836853027
2018-012,2018-10-11 03:00:00,0.82017822265625,-0.5029427083333333,0.042945143580436704,0.4366171836853027
2018-012,2018-10-11 06:00:00,0.82017822265625,-0.360484375,0.007412832975387573,0.46807270050048827
2018-012,2018-10-11 09:00:00,0.82017822265625,-0.360484375,0.007412832975387573,0.46807270050048827
2018-012,2018-10-11 12:00:00,0.82017822265625,-0.43702083333333336,-0.029076185822486878,0.4748230934143066
2018-012,2018-10-11 15:00:00,0.82017822265625,-0.43702083333333336,-0.029076185822486878,0.4748230934143066
2018-012,2018-10-11 18:00:00,0.82017822265625,-0.24961979166666667,-0.04192309081554413,0.5279563903808594
2018-012,2018-10-12 00:00:00,0.8202189127604167,-0.32103125,-0.00515105314552784,0.47412853240966796
2018-012,2018-10-12 03:00:00,0.8202189127604167,-0.32103125,-0.00515105314552784,0.47412853240966796
2018-012,2018-10-12 06:00:00,0.8202189127604167,-0.20822916666666666,0.011656662821769715,0.4832261562347412
2018-012,2018-10-12 09:00:00,0.8202189127604167,-0.20822916666666666,0.011656662821769715,0.4832261562347412
2018-012,2018-10-12 12:00:00,0.8202189127604167,-0.30771875,0.058030086755752566,0.4320697784423828
2018-012,2018-10-12 18:00:00,0.8202189127604167,-0.15295833333333334,0.07201773524284363,0.4896683692932129
2018-012,2018-10-12 21:00:00,0.8202189127604167,-0.15295833333333334,0.07201773524284363,0.4896683692932129
2018-013,2018-11-10 00:00:00,0.8103922526041667,-0.21611979166666667,-0.20776476860046386,-0.2440493583679199
2018-013,2018-11-10 03:00:00,0.8103922526041667,-0.21611979166666667,-0.20776476860046386,-0.2440493583679199
2018-013,2018-11-10 06:00:00,0.8103922526041667,-0.11501041666666667,-0.2633565187454224,-0.281602668762207
2018-013,2018-11-10 12:00:00,0.8103922526041667,-0.26402604166666666,-0.2252431869506836,-0.26769061088562013
2018-013,2018-11-10 18:00:00,0.8103922526041667,-0.1205625,-0.25547711849212645,-0.17503727674484254
2018-013,2018-11-11 03:00:00,0.8072591145833333,-0.17225,-0.1839313268661499,-0.19220211505889892
2018-013,2018-11-11 06:00:00,0.8072591145833333,-0.059390625,-0.19626389741897582,-0.18661705255508423
2018-013,2018-11-11 09:00:00,0.8072591145833333,-0.059390625,-0.19626389741897582,-0.18661705255508423
2018-013,2018-11-11 12:00:00,0.8072591145833333,-0.204546875,-0.13644952774047853,-0.17272361516952514
2018-013,2018-11-11 15:00:00,0.8072591145833333,-0.204546875,-0.13644952774047853,-0.17272361516952514
2018-013,2018-11-11 18:00:00,0.8072591145833333,-0.08753645833333333,-0.14726545810699462,-0.1827685832977295
2018-013,2018-11-11 21:00:00,0.8072591145833333,-0.08753645833333333,-0.14726545810699462,-0.1827685832977295
2018-013,2018-11-12 00:00:00,0.8070841471354167,-0.17493229166666666,-0.11215772628784179,-0.2165898561477661
2018-013,2018-11-12 03:00:00,0.8070841471354167,-0.17493229166666666,-0.11215772628784179,-0.2165898561477661
2018-013,2018-11-12 06:00:00,0.8070841471354167,-0.11284895833333333,-0.12549952268600464,-0.20914120674133302
2018-013,2018-11-12 09:00:00,0.8070841471354167,-0.11284895833333333,-0.12549952268600464,-0.20914120674133302
2018-013,2018-11-12 12:00:00,0.8070841471354167,-0.27357291666666667,-0.07101794481277465,-0.17993220090866088
2018-013,2018-11-12 15:00:00,0.8070841471354167,-0.27357291666666667,-0.07101794481277465,-0.17993220090866088
2018-013,2018-11-12 18:00:00,0.8070841471354167,-0.15351041666666668,-0.04781427681446075,-0.12823034524917604
2018-013,2018-11-12 21:00:00,0.8070841471354167,-0.15351041666666668,-0.04781427681446075,-0.12823034524917604
2018-013,2018-11-13 00:00:00,0.8066935221354167,-0.24197916666666666,0.026103678345680236,-0.11023846864700318
2018-013,2018-11-13 03:00:00,0.8066935221354167,-0.24197916666666666,0.026103678345680236,-0.11023846864700318
2018-013,2018-11-13 06:00:00,0.8066935221354167,-0.182328125,0.028682801127433776,-0.14676222801208497
2018-013,2018-11-13 09:00:00,0.8066935221354167,-0.182328125,0.028682801127433776,-0.14676222801208497
2018-013,2018-11-13 12:00:00,0.8066935221354167,-0.34891666666666665,0.05705392360687256,-0.2033015727996826
2018-013,2018-11-13 15:00:00,0.8066935221354167,-0.34891666666666665,0.05705392360687256,-0.2033015727996826
2018-013,2018-11-13 18:00:00,0.8066935221354167,-0.222046875,-0.01177704706788063,-0.19770532846450806
2018-013,2018-11-13 21:00:00,0.8066935221354167,-0.222046875,-0.01177704706788063,-0.19770532846450806
2018-013,2018-11-14 00:00:00,0.8051005045572917,-0.2819583333333333,-0.02204097807407379,-0.16955621242523194
2018-013,2018-11-14 03:00:00,0.8051005045572917,-0.2819583333333333,-0.02204097807407379,-0.16955621242523194
2018-013,2018-11-14 06:00:00,0.8051005045572917,-0.199390625,-0.054765349626541136,-0.17033982276916504
2018-013,2018-11-14 09:00:00,0.8051005045572917,-0.199390625,-0.054765349626541136,-0.17033982276916504
2018-013,2018-11-14 12:00:00,0.8051005045572917,-0.332984375,-0.04886551797389984,-0.1990399479866028
2018-013,2018-11-14 15:00:00,0.8051005045572917,-0.332984375,-0.04886551797389984,-0.1990399479866028
2018-013,2018-11-14 18:00:00,0.8051005045572917,-0.19396875,-0.1543007969856262,-0.16938118934631347
2018-013,2018-11-14 21:00:00,0.8051005045572917,-0.19396875,-0.1543007969856262,-0.16938118934631347
2018-013,2018-11-15 00:00:00,0.805670166015625,-0.25514583333333335,-0.16643965244293213,-0.14412680864334107
2018-013,2018-11-15 03:00:00,0.805670166015625,-0.25514583333333335,-0.16643965244293213,-0.14412680864334107
2018-013,2018-11-15 06:00:00,0.805670166015625,-0.12999479166666666,-0.22439322471618653,-0.1570682406425476
2018-013,2018-11-15 09:00:00,0.805670166015625,-0.12999479166666666,-0.22439322471618653,-0.1570682406425476
2018-013,2018-11-15 12:00:00,0.805670166015625,-0.2579375,-0.22004218101501466,-0.1728128671646118
2018-013,2018-11-15 15:00:00,0.805670166015625,-0.2579375,-0.22004218101501466,-0.1728128671646118
2018-013,2018-11-15 18:00:00,0.805670166015625,-0.11866145833333333,-0.2630671501159668,-0.13727601766586303
2018-013,2018-11-15 21:00:00,0.805670166015625,-0.11866145833333333,-0.2630671501159668,-0.13727601766586303
2018-013,2018-11-16 00:00:00,0.80594482421875,-0.184765625,-0.2272998571395874,-0.13216121196746827
2018-013,2018-11-16 03:00:00,0.80594482421875,-0.184765625,-0.2272998571395874,-0.13216121196746827
2018-013,2018-11-16 06:00:00,0.80594482421875,-0.07751041666666666,-0.22315003871917724,-0.13755953311920166
2018-013,2018-11-16 12:00:00,0.80594482421875,-0.22283333333333333,-0.10930519104003907,-0.18186949491500853
2018-013,2018-11-16 18:00:00,0.80594482421875,-0.080296875,-0.13924038410186768,-0.20073883533477782
2018-013,2018-11-17 00:00:00,0.8052042643229167,-0.16694270833333333,-0.134227454662323,-0.2294830560684204
2018-013,2018-11-17 03:00:00,0.8052042643229167,-0.16694270833333333,-0.134227454662323,-0.2294830560684204
2018-013,2018-11-17 06:00:00,0.8052042643229167,-0.07636458333333333,-0.1774909496307373,-0.1807071089744568
2018-013,2018-11-17 12:00:00,0.8052042643229167,-0.2515,-0.12818467617034912,-0.15010573863983154
2018-013,2018-11-17 18:00:00,0.8052042643229167,-0.10529166666666667,-0.19241056442260743,-0.1029383659362793
2018-013,2018-11-18 00:00:00,0.8023091634114583,-0.17458854166666668,-0.2015770435333252,-0.10189847946166992
2018-013,2018-11-18 03:00:00,0.8023091634114583,-0.17458854166666668,-0.2015770435333252,-0.10189847946166992
2018-013,2018-11-18 06:00:00,0.8023091634114583,-0.032338541666666665,-0.24545865058898925,-0.06780834794044495
2018-013,2018-11-18 12:00:00,0.8023091634114583,-0.21688020833333332,-0.2317797899246216,-0.07946322560310363
2018-013,2018-11-18 18:00:00,0.8023091634114583,-0.05513020833333333,-0.2968888759613037,-0.01480461061000824
2018-013,2018-11-19 00:00:00,0.803961181640625,-0.13958333333333334,-0.289280366897583,0.0005706723313778639
2018-013,2018-11-19 03:00:00,0.803961181640625,-0.13958333333333334,-0.289280366897583,0.0005706723313778639
2018-013,2018-11-19 06:00:00,0.803961181640625,0.012984375,-0.3446727991104126,0.005148023739457131
2018-013,2018-11-19 12:00:00,0.803961181640625,-0.13802604166666665,-0.2792407274246216,-0.00561932884156704
2018-014,2018-12-13 00:00:00,0.7491658528645834,-0.07711979166666667,-0.14005287885665893,-0.29116957187652587
2018-014,2018-12-13 00:00:00,0.7491658528645834,-0.07711979166666667,-0.14005287885665893,-0.29116957187652587
2018-014,2018-12-13 03:00:00,0.7491658528645834,-0.07711979166666667,-0.14005287885665893,-0.29116957187652587
2018-014,2018-12-13 06:00:00,0.7491658528645834,-0.009,-0.19343843460083007,-0.33564980030059816
2018-014,2018-12-13 12:00:00,0.7491658528645834,-0.10946354166666666,-0.22239224910736083,-0.319182825088501
2018-014,2018-12-13 18:00:00,0.7491658528645834,-0.03438541666666667,-0.2478100299835205,-0.2864157438278198
2018-014,2018-12-14 03:00:00,0.7435750325520833,-0.12863020833333333,-0.24320006370544434,-0.3471746206283569
2018-014,2018-12-14 06:00:00,0.7435750325520833,-0.03635416666666667,-0.2900628328323364,-0.32166807651519774
2018-014,2018-12-14 12:00:00,0.7435750325520833,-0.14194791666666667,-0.26610090732574465,-0.31059627532958983
2018-014,2018-12-14 18:00:00,0.7435750325520833,-0.05007291666666667,-0.23335494995117187,-0.28360161781311033
2018-014,2018-12-15 00:00:00,0.7423095703125,-0.16048958333333332,-0.20490310192108155,-0.30663580894470216
2018-014,2018-12-15 03:00:00,0.7423095703125,-0.16048958333333332,-0.20490310192108155,-0.30663580894470216
2018-014,2018-12-15 06:00:00,0.7423095703125,-0.07721354166666666,-0.25239877700805663,-0.262044620513916
2018-014,2018-12-15 12:00:00,0.7423095703125,-0.159078125,-0.19733961820602416,-0.2827040672302246
2018-014,2018-12-15 15:00:00,0.7423095703125,-0.159078125,-0.19733961820602416,-0.2827040672302246
2018-014,2018-12-15 18:00:00,0.7423095703125,-0.057541666666666665,-0.2566848278045654,-0.19940900802612305
2018-014,2018-12-15 21:00:00,0.7423095703125,-0.057541666666666665,-0.2566848278045654,-0.19940900802612305
2018-014,2018-12-16 00:00:00,0.7392862955729167,-0.15569791666666666,-0.19957708120346068,-0.16960870027542113
2018-014,2018-12-16 03:00:00,0.7392862955729167,-0.15569791666666666,-0.19957708120346068,-0.16960870027542113
2018-014,2018-12-16 06:00:00,0.7392862955729167,-0.0513125,-0.20644383430480956,-0.17895154953002929
2018-014,2018-12-16 09:00:00,0.7392862955729167,-0.0513125,-0.20644383430480956,-0.17895154953002929
2018-014,2018-12-16 12:00:00,0.7392862955729167,-0.14452083333333332,-0.1835484027862549,-0.18354425430297852
2018-014,2018-12-16 15:00:00,0.7392862955729167,-0.14452083333333332,-0.1835484027862549,-0.18354425430297852
2018-014,2018-12-16 18:00:00,0.7392862955729167,-0.040125,-0.22836203575134278,-0.11936775445938111
2018-014,2018-12-16 21:00:00,0.7392862955729167,-0.040125,-0.22836203575134278,-0.11936775445938111
2018-014,2018-12-17 00:00:00,0.73651123046875,-0.12821875,-0.17929115295410156,-0.0926495611667633
2018-014,2018-12-17 03:00:00,0.73651123046875,-0.12821875,-0.17929115295410156,-0.0926495611667633
2018-014,2018-12-17 06:00:00,0.73651123046875,-0.03389583333333333,-0.15660215616226197,-0.059934377670288086
2018-014,2018-12-17 09:00:00,0.73651123046875,-0.03389583333333333,-0.15660215616226197,-0.059934377670288086
2018-014,2018-12-17 12:00:00,0.73651123046875,-0.13038020833333333,-0.15006061792373657,-0.02645438313484192
2018-014,2018-12-17 15:00:00,0.73651123046875,-0.13038020833333333,-0.15006061792373657,-0.02645438313484192
2018-014,2018-12-17 18:00:00,0.73651123046875,-0.0012135416666666666,-0.11494289636611939,0.019330176711082458
2019-001,2019-01-04 12:00:00,0.778271484375,-0.018645833333333334,-0.23402888774871827,-0.4774416446685791
2019-001,2019-01-04 15:00:00,0.778271484375,-0.018645833333333334,-0.23402888774871827,-0.4774416446685791
2019-001,2019-01-04 18:00:00,0.778271484375,-0.0020625,-0.2345029354095459,-0.4387524127960205
2019-001,2019-01-04 21:00:00,0.778271484375,-0.0020625,-0.2345029354095459,-0.4387524127960205
2019-001,2019-01-05 00:00:00,0.7755716959635417,-0.07502083333333333,-0.264126181602478,-0.4252525806427002
2019-001,2019-01-05 03:00:00,0.7755716959635417,-0.07502083333333333,-0.264126181602478,-0.4252525806427002
2019-001,2019-01-05 06:00:00,0.7755716959635417,-0.056484375,-0.33265056610107424,-0.3674567699432373
2019-001,2019-01-05 09:00:00,0.7755716959635417,-0.056484375,-0.33265056610107424,-0.3674567699432373
2019-001,2019-01-05 12:00:00,0.7755716959635417,-0.12466666666666666,-0.3208526611328125,-0.29800379276275635
2019-001,2019-01-05 15:00:00,0.7755716959635417,-0.12466666666666666,-0.3208526611328125,-0.29800379276275635
2019-001,2019-01-05 18:00:00,0.7755716959635417,-0.07017708333333333,-0.37157564163208007,-0.1896965265274048
2019-001,2019-01-05 21:00:00,0.7755716959635417,-0.07017708333333333,-0.37157564163208007,-0.1896965265274048
2019-001,2019-01-06 00:00:00,0.77310791015625,-0.111859375,-0.40355854034423827,-0.15139405727386473
2019-001,2019-01-06 03:00:00,0.77310791015625,-0.111859375,-0.40355854034423827,-0.15139405727386473
2019-001,2019-01-06 06:00:00,0.77310791015625,-0.07403125,-0.45238513946533204,-0.0371010959148407
2019-001,2019-01-06 12:00:00,0.77310791015625,-0.12821875,-0.3885218620300293,0.01441127210855484
2019-001,2019-01-06 18:00:00,0.77310791015625,-0.07384375,-0.42595601081848145,0.14894837141036987
2019-001,2019-01-07 00:00:00,0.7697774251302083,-0.12833333333333333,-0.40145320892333985,0.20314114093780516
2019-001,2019-01-07 03:00:00,0.7697774251302083,-0.12833333333333333,-0.40145320892333985,0.20314114093780516
2019-001,2019-01-07 06:00:00,0.7697774251302083,-0.11340104166666666,-0.3414896011352539,0.27154405117034913
2019-001,2019-01-07 12:00:00,0.7697774251302083,-0.15084895833333334,-0.16455830335617067,0.1658544659614563
2019-001,2019-01-07 18:00:00,0.7697774251302083,-0.067328125,-0.18880752325057984,0.18677693605422974
2019-002,2019-04-26 03:00:00,0.8984232584635417,-0.373015625,0.10822968482971192,0.06870967149734497
2019-002,2019-04-26 06:00:00,0.8984232584635417,-0.29610416666666667,0.1073508620262146,0.01236981451511383
2019-002,2019-04-26 12:00:00,0.8984232584635417,-0.46960416666666666,0.0794420063495636,0.03671188056468964
2019-002,2019-04-26 18:00:00,0.8984232584635417,-0.32057291666666665,0.09553883671760559,0.1355297327041626
2019-002,2019-04-27 00:00:00,0.8935221354166667,-0.39481770833333335,0.13605748414993285,0.10731103420257568
2019-002,2019-04-27 03:00:00,0.8935221354166667,-0.39481770833333335,0.13605748414993285,0.10731103420257568
2019-002,2019-04-27 06:00:00,0.8935221354166667,-0.326328125,0.1147971510887146,0.11376702785491943
2019-002,2019-04-27 09:00:00,0.8935221354166667,-0.326328125,0.1147971510887146,0.11376702785491943
2019-002,2019-04-27 12:00:00,0.8935221354166667,-0.49350520833333333,0.128811252117157,0.14905767440795897
2019-002,2019-04-27 15:00:00,0.8935221354166667,-0.49350520833333333,0.128811252117157,0.14905767440795897
2019-002,2019-04-27 18:00:00,0.8935221354166667,-0.33674479166666665,0.10704176425933838,0.23010377883911132
2019-002,2019-04-27 21:00:00,0.8935221354166667,-0.33674479166666665,0.10704176425933838,0.23010377883911132
2019-002,2019-04-28 00:00:00,0.8934305826822917,-0.3914947916666667,0.11264240741729736,0.2063901424407959
2019-002,2019-04-28 03:00:00,0.8934305826822917,-0.3914947916666667,0.11264240741729736,0.2063901424407959
2019-002,2019-04-28 06:00:00,0.8934305826822917,-0.316140625,0.12299041748046875,0.22728052139282226
2019-002,2019-04-28 09:00:00,0.8934305826822917,-0.316140625,0.12299041748046875,0.22728052139282226
2019-002,2019-04-28 12:00:00,0.8934305826822917,-0.4832916666666667,0.08931888341903686,0.21521732807159424
2019-002,2019-04-28 15:00:00,0.8934305826822917,-0.4832916666666667,0.08931888341903686,0.21521732807159424
2019-002,2019-04-28 18:00:00,0.8934305826822917,-0.329203125,0.07280056476593018,0.2755706787109375
2019-002,2019-04-28 21:00:00,0.8934305826822917,-0.329203125,0.07280056476593018,0.2755706787109375
2019-002,2019-04-29 00:00:00,0.886944580078125,-0.3890104166666667,0.08227946162223816,0.23447871208190918
2019-002,2019-04-29 03:00:00,0.886944580078125,-0.3890104166666667,0.08227946162223816,0.23447871208190918
2019-002,2019-04-29 06:00:00,0.886944580078125,-0.3030833333333333,0.10871186256408691,0.29403550624847413
2019-002,2019-04-29 09:00:00,0.886944580078125,-0.3030833333333333,0.10871186256408691,0.29403550624847413
2019-002,2019-04-29 12:00:00,0.886944580078125,-0.4893177083333333,0.15136077404022216,0.27075111865997314
2019-002,2019-04-29 15:00:00,0.886944580078125,-0.4893177083333333,0.15136077404022216,0.27075111865997314
2019-002,2019-04-29 18:00:00,0.886944580078125,-0.34038541666666666,0.1464991569519043,0.36142151355743407
2019-002,2019-04-29 21:00:00,0.886944580078125,-0.34038541666666666,0.1464991569519043,0.36142151355743407
2019-002,2019-04-30 00:00:00,0.8780598958333333,-0.41921875,0.15607086420059205,0.39410958290100095
2019-002,2019-04-30 03:00:00,0.8780598958333333,-0.41921875,0.15607086420059205,0.39410958290100095
2019-002,2019-04-30 06:00:00,0.8780598958333333,-0.357015625,0.14575569629669188,0.41049623489379883
2019-002,2019-04-30 09:00:00,0.8780598958333333,-0.357015625,0.14575569629669188,0.41049623489379883
2019-002,2019-04-30 12:00:00,0.8780598958333333,-0.5297239583333333,0.16939194202423097,0.41162805557250975
2019-002,2019-04-30 15:00:00,0.8780598958333333,-0.5297239583333333,0.16939194202423097,0.41162805557250975
2019-002,2019-04-30 18:00:00,0.8780598958333333,-0.37500520833333334,0.13409707546234131,0.4776897430419922
2019-002,2019-04-30 21:00:00,0.8780598958333333,-0.37500520833333334,0.13409707546234131,0.4776897430419922
2019-002,2019-05-01 00:00:00,0.8746805826822917,-0.4569739583333333,0.0947546124458313,0.48419623374938964
2019-002,2019-05-01 03:00:00,0.8746805826822917,-0.4569739583333333,0.0947546124458313,0.48419623374938964
2019-002,2019-05-01 06:00:00,0.8746805826822917,-0.400578125,0.08362714052200318,0.5059329509735108
2019-002,2019-05-01 09:00:00,0.8746805826822917,-0.400578125,0.08362714052200318,0.5059329509735108
2019-002,2019-05-01 12:00:00,0.8746805826822917,-0.57065625,0.11468403339385987,0.44324822425842286
2019-002,2019-05-01 15:00:00,0.8746805826822917,-0.57065625,0.11468403339385987,0.44324822425842286
2019-002,2019-05-01 18:00:00,0.8746805826822917,-0.39843229166666666,0.13060150146484376,0.486268949508667
2019-002,2019-05-01 21:00:00,0.8746805826822917,-0.39843229166666666,0.13060150146484376,0.486268949508667
2019-002,2019-05-02 00:00:00,0.8597147623697917,-0.48344270833333336,0.12375229597091675,0.45404539108276365
2019-002,2019-05-02 03:00:00,0.8597147623697917,-0.48344270833333336,0.12375229597091675,0.45404539108276365
2019-002,2019-05-02 06:00:00,0.8597147623697917,-0.38835416666666667,0.06871147751808167,0.5277844429016113
2019-002,2019-05-02 09:00:00,0.8597147623697917,-0.38835416666666667,0.06871147751808167,0.5277844429016113
2019-002,2019-05-02 12:00:00,0.8597147623697917,-0.5488020833333334,0.0712998628616333,0.47589960098266604
2019-002,2019-05-02 15:00:00,0.8597147623697917,-0.5488020833333334,0.0712998628616333,0.47589960098266604
2019-002,2019-05-02 18:00:00,0.8597147623697917,-0.408515625,0.05217459201812744,0.5289032459259033
2019-002,2019-05-02 21:00:00,0.8597147623697917,-0.408515625,0.05217459201812744,0.5289032459259033
2019-002,2019-05-03 00:00:00,0.84599609375,-0.4551614583333333,0.12379190921783448,0.5390972137451172
2019-002,2019-05-03 03:00:00,0.84599609375,-0.4551614583333333,0.12379190921783448,0.5390972137451172
2019-002,2019-05-03 06:00:00,0.84599609375,-0.3118854166666667,0.12281122207641601,0.5319972991943359
2019-002,2019-05-03 09:00:00,0.84599609375,-0.3118854166666667,0.12281122207641601,0.5319972991943359
2019-002,2019-05-03 12:00:00,0.84599609375,-0.45109895833333336,0.19081223011016846,0.4558051586151123
2019-002,2019-05-03 15:00:00,0.84599609375,-0.45109895833333336,0.19081223011016846,0.4558051586151123
2019-002,2019-05-03 18:00:00,0.84599609375,-0.304234375,0.1889761805534363,0.44549927711486814
2019-002,2019-05-03 21:00:00,0.84599609375,-0.304234375,0.1889761805534363,0.44549927711486814
2019-002,2019-05-04 00:00:00,0.839190673828125,-0.365625,0.2606224298477173,0.39426217079162595
2019-002,2019-05-04 03:00:00,0.839190673828125,-0.365625,0.2606224298477173,0.39426217079162595
2019-002,2019-05-04 06:00:00,0.839190673828125,-0.23016666666666666,0.316131591796875,0.3566762924194336
2019-002,2019-05-04 12:00:00,0.839190673828125,-0.349234375,0.2974480152130127,0.3013506650924683
2019-003,2019-06-10 00:00:00,0.8809183756510417,-0.7160677083333333,0.5194962978363037,0.09685012698173523
2019-003,2019-06-10 03:00:00,0.8809183756510417,-0.7160677083333333,0.5194962978363037,0.09685012698173523
2019-003,2019-06-10 06:00:00,0.880938720703125,-0.6245052083333333,0.5295598983764649,0.1283009886741638
2019-003,2019-06-10 12:00:00,0.8809672037760417,-0.819140625,0.5752894401550293,0.2035524606704712
2019-003,2019-06-10 18:00:00,0.8809366861979167,-0.6711197916666667,0.5994083881378174,0.2677101373672485
2019-003,2019-06-10 21:00:00,0.8809366861979167,-0.6711197916666667,0.5994083881378174,0.2677101373672485
2019-003,2019-06-11 00:00:00,0.8633931477864584,-0.7986927083333333,0.6903488159179687,0.1505246639251709
2019-003,2019-06-11 03:00:00,0.8633931477864584,-0.7986927083333333,0.6903488159179687,0.1505246639251709
2019-003,2019-06-11 06:00:00,0.8634114583333333,-0.68878125,0.6804452419281006,0.17716513872146605
2019-003,2019-06-11 09:00:00,0.8634114583333333,-0.68878125,0.6804452419281006,0.17716513872146605
2019-003,2019-06-11 12:00:00,0.863458251953125,-0.8903229166666666,0.7406778335571289,0.1927978515625
2019-003,2019-06-11 15:00:00,0.863458251953125,-0.8903229166666666,0.7406778335571289,0.1927978515625
2019-003,2019-06-11 18:00:00,0.8634236653645834,-0.7460104166666667,0.7699433326721191,0.24465806484222413
2019-003,2019-06-11 21:00:00,0.8634236653645834,-0.7460104166666667,0.7699433326721191,0.24465806484222413
2019-003,2019-06-12 00:00:00,0.8441304524739583,-0.8764427083333334,0.7697391033172607,0.19649025201797485
2019-003,2019-06-12 03:00:00,0.8441304524739583,-0.8764427083333334,0.7697391033172607,0.19649025201797485
2019-003,2019-06-12 06:00:00,0.8441975911458334,-0.728453125,0.7075750827789307,0.2839546203613281
2019-003,2019-06-12 09:00:00,0.8441975911458334,-0.728453125,0.7075750827789307,0.2839546203613281
2019-003,2019-06-12 12:00:00,0.8442667643229167,-0.872921875,0.7512505531311036,0.33120887279510497
2019-003,2019-06-12 15:00:00,0.8442667643229167,-0.872921875,0.7512505531311036,0.33120887279510497
2019-003,2019-06-12 18:00:00,0.8442220052083333,-0.7017447916666667,0.7082032203674317,0.3730615615844727
2019-003,2019-06-12 21:00:00,0.8442220052083333,-0.7017447916666667,0.7082032203674317,0.3730615615844727
2019-003,2019-06-13 00:00:00,0.8550760904947917,-0.8430104166666667,0.67709379196167,0.31643924713134763
2019-003,2019-06-13 03:00:00,0.8550760904947917,-0.8430104166666667,0.67709379196167,0.31643924713134763
2019-003,2019-06-13 06:00:00,0.855059814453125,-0.6447604166666666,0.6234837055206299,0.38471815586090086
2019-003,2019-06-13 09:00:00,0.855059814453125,-0.6447604166666666,0.6234837055206299,0.38471815586090086
2019-003,2019-06-13 12:00:00,0.8550699869791667,-0.7954375,0.6663934707641601,0.37366576194763185
2019-003,2019-06-13 15:00:00,0.8550699869791667,-0.7954375,0.6663934707641601,0.37366576194763185
2019-003,2019-06-13 18:00:00,0.8550374348958333,-0.651859375,0.6336806297302247,0.3778485059738159
2019-003,2019-06-13 21:00:00,0.8550374348958333,-0.651859375,0.6336806297302247,0.3778485059738159
2019-003,2019-06-14 00:00:00,0.8363545735677084,-0.7993489583333333,0.6506905078887939,0.35244662761688234
2019-003,2019-06-14 03:00:00,0.8363545735677084,-0.7993489583333333,0.6506905078887939,0.35244662761688234
2019-003,2019-06-14 06:00:00,0.836346435546875,-0.6488958333333333,0.624447250366211,0.3819058656692505
2019-003,2019-06-14 09:00:00,0.836346435546875,-0.6488958333333333,0.624447250366211,0.3819058656692505
2019-003,2019-06-14 12:00:00,0.8363606770833333,-0.8245729166666667,0.5998705863952637,0.32406561374664306
2019-003,2019-06-14 15:00:00,0.8363606770833333,-0.8245729166666667,0.5998705863952637,0.32406561374664306
2019-003,2019-06-14 18:00:00,0.836346435546875,-0.650015625,0.5641732692718506,0.4309239864349365
2019-003,2019-06-14 21:00:00,0.836346435546875,-0.650015625,0.5641732692718506,0.4309239864349365
2019-003,2019-06-15 00:00:00,0.8259969075520833,-0.7722552083333334,0.5836574554443359,0.43855767250061034
2019-003,2019-06-15 03:00:00,0.8259969075520833,-0.7722552083333334,0.5836574554443359,0.43855767250061034
2019-003,2019-06-15 06:00:00,0.8260111490885417,-0.5950260416666666,0.5808225631713867,0.4729333400726318
2019-003,2019-06-15 09:00:00,0.8260111490885417,-0.5950260416666666,0.5808225631713867,0.4729333400726318
2019-003,2019-06-15 12:00:00,0.8260416666666667,-0.7666979166666666,0.6108574390411377,0.4597136974334717
2019-003,2019-06-15 15:00:00,0.8260416666666667,-0.7666979166666666,0.6108574390411377,0.4597136974334717
2019-003,2019-06-15 18:00:00,0.826025390625,-0.5976822916666666,0.5434708595275879,0.49587216377258303
2019-003,2019-06-15 21:00:00,0.826025390625,-0.5976822916666666,0.5434708595275879,0.49587216377258303
2019-003,2019-06-16 00:00:00,0.8225606282552084,-0.6896666666666667,0.516022777557373,0.4853065967559814
2019-003,2019-06-16 03:00:00,0.8225606282552084,-0.6896666666666667,0.516022777557373,0.4853065967559814
2019-003,2019-06-16 06:00:00,0.8225911458333334,-0.51846875,0.5318488121032715,0.5301262855529785
2019-003,2019-06-16 09:00:00,0.8225911458333334,-0.51846875,0.5318488121032715,0.5301262855529785
2019-003,2019-06-16 12:00:00,0.8226216634114584,-0.6658645833333333,0.6106006622314453,0.45620007514953614
2019-003,2019-06-16 15:00:00,0.8226216634114584,-0.6658645833333333,0.6106006622314453,0.45620007514953614
2019-003,2019-06-16 18:00:00,0.8225992838541667,-0.48547395833333334,0.541217041015625,0.4830052852630615
2019-003,2019-06-16 21:00:00,0.8225992838541667,-0.48547395833333334,0.541217041015625,0.4830052852630615
2019-003,2019-06-17 00:00:00,0.8226603190104167,-0.5675833333333333,0.5784366130828857,0.424147367477417
2019-003,2019-06-17 03:00:00,0.8226603190104167,-0.5675833333333333,0.5784366130828857,0.424147367477417
2019-003,2019-06-17 06:00:00,0.822662353515625,-0.42845833333333333,0.627428674697876,0.4350415229797363
2019-003,2019-06-17 09:00:00,0.822662353515625,-0.42845833333333333,0.627428674697876,0.4350415229797363
2019-003,2019-06-17 12:00:00,0.8226765950520833,-0.609484375,0.6587896347045898,0.338995361328125
2019-004,2019-08-06 03:00:00,0.788861083984375,-1.089796875,0.25753910541534425,0.02321096509695053
2019-004,2019-08-06 06:00:00,0.788861083984375,-1.04884375,0.220345401763916,-0.015321971476078033
2019-004,2019-08-06 12:00:00,0.788861083984375,-1.2165364583333333,0.19272491931915284,0.07929503321647643
2019-004,2019-08-06 18:00:00,0.788861083984375,-1.0591666666666666,0.25696640014648436,0.1272619366645813
2019-004,2019-08-07 00:00:00,0.787579345703125,-1.1573385416666666,0.21726627349853517,0.07907047271728515
2019-004,2019-08-07 03:00:00,0.787579345703125,-1.1573385416666666,0.21726627349853517,0.07907047271728515
2019-004,2019-08-07 06:00:00,0.787579345703125,-1.1007916666666666,0.18347232341766356,0.12536739110946654
2019-004,2019-08-07 12:00:00,0.787579345703125,-1.271953125,0.2184454917907715,0.16112427711486815
2019-004,2019-08-07 18:00:00,0.787579345703125,-1.1368645833333333,0.21023921966552733,0.18751263618469238
2019-004,2019-08-08 00:00:00,0.7677144368489583,-1.1854947916666667,0.16914385557174683,0.18295241594314576
2019-004,2019-08-08 03:00:00,0.7677144368489583,-1.1854947916666667,0.16914385557174683,0.18295241594314576
2019-004,2019-08-08 06:00:00,0.7677144368489583,-1.0942760416666666,0.14083449840545653,0.2150805950164795
2019-004,2019-08-08 12:00:00,0.7677144368489583,-1.1992447916666666,0.138491690158844,0.21730973720550537
2019-004,2019-08-08 18:00:00,0.7677144368489583,-0.9841354166666667,0.1087987780570984,0.24036886692047119
2019-004,2019-08-09 00:00:00,0.7753885904947917,-0.9956614583333333,0.08784052729606628,0.20567817687988282
2019-004,2019-08-09 03:00:00,0.7753885904947917,-0.9956614583333333,0.08784052729606628,0.20567817687988282
2019-004,2019-08-09 06:00:00,0.7753885904947917,-0.866359375,0.11398818492889404,0.25824999809265137
2019-005,2019-09-22 03:00:00,0.7326985677083333,-0.5472916666666666,0.23660924434661865,0.17936062812805176
2019-005,2019-09-22 06:00:00,0.7326985677083333,-0.35458854166666665,0.2586276769638062,0.15359370708465575
2019-005,2019-09-22 12:00:00,0.7326985677083333,-0.5601041666666666,0.19817357063293456,0.07961633801460266
2019-005,2019-09-22 18:00:00,0.7326985677083333,-0.421703125,0.1184185266494751,0.19240810871124267
2019-005,2019-09-23 00:00:00,0.7333292643229167,-0.4707135416666667,0.1935593843460083,0.25052096843719485
2019-005,2019-09-23 03:00:00,0.7333292643229167,-0.4707135416666667,0.1935593843460083,0.25052096843719485
2019-005,2019-09-23 06:00:00,0.7333292643229167,-0.28724479166666667,0.18746811151504517,0.2191744327545166
2019-005,2019-09-23 09:00:00,0.7333292643229167,-0.28724479166666667,0.18746811151504517,0.2191744327545166
2019-005,2019-09-23 12:00:00,0.7333292643229167,-0.535421875,0.1213917851448059,0.12477197647094726
2019-005,2019-09-23 15:00:00,0.7333292643229167,-0.535421875,0.1213917851448059,0.12477197647094726
2019-005,2019-09-23 18:00:00,0.7333292643229167,-0.36636979166666667,0.022855299711227416,0.2312178134918213
2019-005,2019-09-23 21:00:00,0.7333292643229167,-0.36636979166666667,0.022855299711227416,0.2312178134918213
2019-005,2019-09-24 00:00:00,0.7265543619791667,-0.4525416666666667,0.06524017453193665,0.20793583393096923
2019-005,2019-09-24 03:00:00,0.7265543619791667,-0.4525416666666667,0.06524017453193665,0.20793583393096923
2019-005,2019-09-24 06:00:00,0.7265543619791667,-0.293453125,0.016636468470096588,0.17274489402770996
2019-005,2019-09-24 09:00:00,0.7265543619791667,-0.293453125,0.016636468470096588,0.17274489402770996
2019-005,2019-09-24 12:00:00,0.7265543619791667,-0.5418541666666666,0.01316605806350708,0.017067205905914307
2019-005,2019-09-24 15:00:00,0.7265543619791667,-0.5418541666666666,0.01316605806350708,0.017067205905914307
2019-005,2019-09-24 18:00:00,0.7265543619791667,-0.37154166666666666,-0.0603943407535553,0.15897209644317628
2019-005,2019-09-24 21:00:00,0.7265543619791667,-0.37154166666666666,-0.0603943407535553,0.15897209644317628
2019-005,2019-09-25 00:00:00,0.7426656087239584,-0.45050520833333335,0.009927812218666076,0.10345700979232789
2019-005,2019-09-25 03:00:00,0.7426656087239584,-0.45050520833333335,0.009927812218666076,0.10345700979232789
2019-005,2019-09-25 06:00:00,0.7426656087239584,-0.25772395833333334,-0.14157027006149292,0.01341322809457779
2019-006,2019-09-29 12:00:00,0.7997660319010417,-0.2995625,0.13934195041656494,0.13686344623565674
2019-006,2019-09-29 18:00:00,0.79951171875,-0.15929166666666666,0.08813075423240661,0.14022639989852906
2019-006,2019-09-30 00:00:00,0.7885498046875,-0.27289583333333334,0.1222684144973755,0.08511518239974976
2019-006,2019-09-30 03:00:00,0.7885498046875,-0.27289583333333334,0.1222684144973755,0.08511518239974976
2019-006,2019-09-30 06:00:00,0.7894144694010417,-0.139078125,0.13966382741928102,0.09029213786125183
2019-006,2019-09-30 12:00:00,0.7901285807291667,-0.3816041666666667,0.19286385774612427,0.038413435220718384
2019-006,2019-09-30 18:00:00,0.789520263671875,-0.24348958333333334,0.2037271022796631,0.1430185317993164
2019-006,2019-10-01 00:00:00,0.7912556966145833,-0.31563020833333333,0.2798804044723511,0.1347711205482483
2019-007,2019-10-24 03:00:00,0.7843037923177083,-0.34758333333333336,0.09805487394332886,-0.10098199844360352
2019-007,2019-10-24 06:00:00,0.7843037923177083,-0.152015625,0.10329941511154175,-0.11748201847076416
2019-007,2019-10-24 12:00:00,0.7843037923177083,-0.373265625,0.12119002342224121,-0.16340492963790892
2019-007,2019-10-24 18:00:00,0.7843037923177083,-0.19109375,0.06946482062339783,-0.13798516988754272
2019-007,2019-10-25 00:00:00,0.778155517578125,-0.33705729166666665,0.09211252331733703,-0.15272396802902222
2019-007,2019-10-25 03:00:00,0.778155517578125,-0.33705729166666665,0.09211252331733703,-0.15272396802902222
2019-007,2019-10-25 06:00:00,0.778155517578125,-0.16136979166666668,0.0978398323059082,-0.15654218196868896
2019-007,2019-10-25 09:00:00,0.778155517578125,-0.16136979166666668,0.0978398323059082,-0.15654218196868896
2019-007,2019-10-25 12:00:00,0.778155517578125,-0.4054375,0.1073050856590271,-0.23442301750183106
2019-007,2019-10-25 15:00:00,0.778155517578125,-0.4054375,0.1073050856590271,-0.23442301750183106
2019-007,2019-10-25 18:00:00,0.778155517578125,-0.24755208333333334,0.03625769317150116,-0.17530676126480102
2019-007,2019-10-25 21:00:00,0.778155517578125,-0.24755208333333334,0.03625769317150116,-0.17530676126480102
2019-007,2019-10-26 00:00:00,0.7757588704427083,-0.34413020833333335,0.07617201209068299,-0.13904374837875366
2019-007,2019-10-26 03:00:00,0.7757588704427083,-0.34413020833333335,0.07617201209068299,-0.13904374837875366
2019-007,2019-10-26 06:00:00,0.7757588704427083,-0.16029166666666667,0.03181833922863007,-0.06685578227043151
2019-007,2019-10-26 09:00:00,0.7757588704427083,-0.16029166666666667,0.03181833922863007,-0.06685578227043151
2019-007,2019-10-26 12:00:00,0.7757588704427083,-0.42646354166666667,0.025545045733451843,-0.09901673793792724
2019-007,2019-10-26 15:00:00,0.7757588704427083,-0.42646354166666667,0.025545045733451843,-0.09901673793792724
2019-007,2019-10-26 18:00:00,0.7757588704427083,-0.25899479166666667,-0.04337683618068695,-0.04153718054294586
2019-007,2019-10-26 21:00:00,0.7757588704427083,-0.25899479166666667,-0.04337683618068695,-0.04153718054294586
2019-007,2019-10-27 00:00:00,0.76993408203125,-0.36790104166666665,-0.0013293609023094176,-0.003944407403469086
2019-007,2019-10-27 03:00:00,0.76993408203125,-0.36790104166666665,-0.0013293609023094176,-0.003944407403469086
2019-007,2019-10-27 06:00:00,0.76993408203125,-0.192078125,-0.004191489890217781,0.06839770078659058
2019-007,2019-10-27 09:00:00,0.76993408203125,-0.192078125,-0.004191489890217781,0.06839770078659058
2019-007,2019-10-27 12:00:00,0.76993408203125,-0.4316979166666667,0.013188746571540833,0.002817317470908165
2019-007,2019-10-27 15:00:00,0.76993408203125,-0.4316979166666667,0.013188746571540833,0.002817317470908165
2019-007,2019-10-27 18:00:00,0.76993408203125,-0.27643229166666666,-0.06689211130142211,0.03656581938266754
2019-007,2019-10-27 21:00:00,0.76993408203125,-0.27643229166666666,-0.06689211130142211,0.03656581938266754
2019-007,2019-10-28 00:00:00,0.7614420572916667,-0.3870208333333333,-0.01962575614452362,0.04839167892932892
2019-007,2019-10-28 03:00:00,0.7614420572916667,-0.3870208333333333,-0.01962575614452362,0.04839167892932892
2019-007,2019-10-28 06:00:00,0.7614420572916667,-0.20436979166666666,-0.02134741246700287,0.10749109983444213
2019-007,2019-10-28 09:00:00,0.7614420572916667,-0.20436979166666666,-0.02134741246700287,0.10749109983444213
2019-007,2019-10-28 12:00:00,0.7614420572916667,-0.417078125,0.03378789722919464,0.057064658403396605
2019-007,2019-10-28 15:00:00,0.7614420572916667,-0.417078125,0.03378789722919464,0.057064658403396605
2019-007,2019-10-28 18:00:00,0.7614420572916667,-0.25490625,-0.02255888134241104,0.058806735277175906
2019-007,2019-10-28 21:00:00,0.7614420572916667,-0.25490625,-0.02255888134241104,0.058806735277175906
2019-007,2019-10-29 00:00:00,0.759857177734375,-0.3521770833333333,0.01637135595083237,0.03307109177112579
2019-007,2019-10-29 03:00:00,0.759857177734375,-0.3521770833333333,0.01637135595083237,0.03307109177112579
2019-007,2019-10-29 06:00:00,0.759857177734375,-0.14836458333333333,-0.028617432713508605,0.05661975145339966
2019-007,2019-10-29 09:00:00,0.759857177734375,-0.14836458333333333,-0.028617432713508605,0.05661975145339966
2019-007,2019-10-29 12:00:00,0.759857177734375,-0.37252604166666664,0.017209851741790773,-0.05540554523468018
2019-007,2019-10-29 15:00:00,0.759857177734375,-0.37252604166666664,0.017209851741790773,-0.05540554523468018
2019-007,2019-10-29 18:00:00,0.759857177734375,-0.180171875,-0.03066655695438385,-0.02535400390625
2019-007,2019-10-29 21:00:00,0.759857177734375,-0.180171875,-0.03066655695438385,-0.02535400390625
2019-007,2019-10-30 00:00:00,0.7616292317708333,-0.29622916666666665,0.026162832975387573,-0.02867792546749115
2019-007,2019-10-30 03:00:00,0.7616292317708333,-0.29622916666666665,0.026162832975387573,-0.02867792546749115
2019-007,2019-10-30 06:00:00,0.7616292317708333,-0.14515625,-0.015529224276542663,0.01434938758611679
2019-007,2019-10-30 09:00:00,0.7616292317708333,-0.14515625,-0.015529224276542663,0.01434938758611679
2019-007,2019-10-30 12:00:00,0.7616292317708333,-0.39000520833333335,0.07364264726638795,-0.052156656980514526
2019-007,2019-10-30 15:00:00,0.7616292317708333,-0.39000520833333335,0.07364264726638795,-0.052156656980514526
2019-007,2019-10-30 18:00:00,0.7616292317708333,-0.20106770833333334,0.036382350325584414,-0.002827438898384571
2019-007,2019-10-30 21:00:00,0.7616292317708333,-0.20106770833333334,0.036382350325584414,-0.002827438898384571
2019-007,2019-10-31 00:00:00,0.762298583984375,-0.32078125,0.09653988480567932,0.009986287355422974
2019-007,2019-10-31 03:00:00,0.762298583984375,-0.32078125,0.09653988480567932,0.009986287355422974
2019-007,2019-10-31 06:00:00,0.762298583984375,-0.13527604166666668,0.09181948900222778,0.053512513637542725
2019-007,2019-10-31 09:00:00,0.762298583984375,-0.13527604166666668,0.09181948900222778,0.053512513637542725
2019-007,2019-10-31 12:00:00,0.762298583984375,-0.37718229166666667,0.16574640274047853,-0.059779584407806396
2019-007,2019-10-31 15:00:00,0.762298583984375,-0.37718229166666667,0.16574640274047853,-0.059779584407806396
2019-007,2019-10-31 18:00:00,0.762298583984375,-0.2420625,0.0545365571975708,-0.04401279389858246
2019-007,2019-10-31 21:00:00,0.762298583984375,-0.2420625,0.0545365571975708,-0.04401279389858246
2019-007,2019-11-01 00:00:00,0.7602945963541666,-0.3376354166666667,0.0405813604593277,0.01619114577770233
2019-007,2019-11-01 03:00:00,0.7602945963541666,-0.3376354166666667,0.0405813604593277,0.01619114577770233
2019-007,2019-11-01 06:00:00,0.7602945963541666,-0.17625520833333333,-0.010509466379880905,0.062068551778793335
2019-007,2019-11-01 09:00:00,0.7602945963541666,-0.17625520833333333,-0.010509466379880905,0.062068551778793335
2019-007,2019-11-01 12:00:00,0.7602945963541666,-0.39788541666666666,0.007081679254770279,0.044224730134010314
2019-007,2019-11-01 15:00:00,0.7602945963541666,-0.39788541666666666,0.007081679254770279,0.044224730134010314
2019-007,2019-11-01 18:00:00,0.7602945963541666,-0.240328125,-0.0185682475566864,0.06584053635597228
2019-007,2019-11-01 21:00:00,0.7602945963541666,-0.240328125,-0.0185682475566864,0.06584053635597228
2019-007,2019-11-02 00:00:00,0.754266357421875,-0.31171354166666665,-0.020070239901542664,0.04596569538116455
2019-007,2019-11-02 03:00:00,0.754266357421875,-0.31171354166666665,-0.020070239901542664,0.04596569538116455
2019-007,2019-11-02 06:00:00,0.754266357421875,-0.10507291666666667,-0.08867368698120118,0.06057387590408325
2019-007,2019-11-02 09:00:00,0.754266357421875,-0.10507291666666667,-0.08867368698120118,0.06057387590408325
2019-007,2019-11-02 12:00:00,0.754266357421875,-0.2726354166666667,-0.058450442552566526,0.010829830169677734
2019-007,2019-11-02 15:00:00,0.754266357421875,-0.2726354166666667,-0.058450442552566526,0.010829830169677734
2019-008,2019-10-30 00:00:00,0.7804768880208334,-0.26665104166666664,0.0333734393119812,0.045078223943710326
2019-008,2019-10-30 03:00:00,0.7804768880208334,-0.26665104166666664,0.0333734393119812,0.045078223943710326
2019-008,2019-10-30 06:00:00,0.7804768880208334,-0.13455208333333332,-0.031694847345352176,0.09786902070045471
2019-008,2019-10-30 09:00:00,0.7804768880208334,-0.13455208333333332,-0.031694847345352176,0.09786902070045471
2019-008,2019-10-30 12:00:00,0.7804768880208334,-0.33490625,0.11294655799865723,0.09680418968200684
2019-008,2019-10-30 15:00:00,0.7804768880208334,-0.33490625,0.11294655799865723,0.09680418968200684
2019-008,2019-10-30 18:00:00,0.7804768880208334,-0.141953125,0.09118462800979614,0.10649809837341309
2019-008,2019-10-30 21:00:00,0.7804768880208334,-0.141953125,0.09118462800979614,0.10649809837341309
2019-008,2019-10-31 00:00:00,0.781378173828125,-0.269359375,0.15872904062271118,0.07124825119972229
2019-008,2019-10-31 03:00:00,0.781378173828125,-0.269359375,0.15872904062271118,0.07124825119972229
2019-008,2019-10-31 06:00:00,0.781378173828125,-0.11258333333333333,0.12043839693069458,0.08737167119979858
2019-008,2019-10-31 09:00:00,0.781378173828125,-0.11258333333333333,0.12043839693069458,0.08737167119979858
2019-008,2019-10-31 12:00:00,0.781378173828125,-0.31326041666666665,0.21729741096496583,-0.03021114468574524
2019-008,2019-10-31 15:00:00,0.781378173828125,-0.31326041666666665,0.21729741096496583,-0.03021114468574524
2019-008,2019-10-31 18:00:00,0.781378173828125,-0.16636979166666666,0.09785799384117126,0.006410915404558182
2019-008,2019-10-31 21:00:00,0.781378173828125,-0.16636979166666666,0.09785799384117126,0.006410915404558182
2019-008,2019-11-01 00:00:00,0.7819498697916667,-0.2806927083333333,0.07423710823059082,0.07690132260322571
2019-008,2019-11-01 03:00:00,0.7819498697916667,-0.2806927083333333,0.07423710823059082,0.07690132260322571
2019-008,2019-11-01 06:00:00,0.7819498697916667,-0.147453125,0.041050654649734494,0.1397632837295532
2019-008,2019-11-01 09:00:00,0.7819498697916667,-0.147453125,0.041050654649734494,0.1397632837295532
2019-008,2019-11-01 12:00:00,0.7819498697916667,-0.33925520833333334,0.11303741931915283,0.11278417110443115
2019-008,2019-11-01 15:00:00,0.7819498697916667,-0.33925520833333334,0.11303741931915283,0.11278417110443115
2019-008,2019-11-01 18:00:00,0.7819498697916667,-0.186578125,0.05692627429962158,0.14513128995895386
2019-008,2019-11-01 21:00:00,0.7819498697916667,-0.186578125,0.05692627429962158,0.14513128995895386
2019-008,2019-11-02 00:00:00,0.7759623209635417,-0.2500104166666667,0.05496225357055664,0.1369984745979309
2019-008,2019-11-02 03:00:00,0.7759623209635417,-0.2500104166666667,0.05496225357055664,0.1369984745979309
2019-008,2019-11-02 06:00:00,0.7759623209635417,-0.09150520833333334,-0.010915650427341462,0.1328698992729187
2019-008,2019-11-02 09:00:00,0.7759623209635417,-0.09150520833333334,-0.010915650427341462,0.1328698992729187
2019-008,2019-11-02 12:00:00,0.7759623209635417,-0.24180729166666667,0.07381950616836548,0.08615599870681763
2019-008,2019-11-02 15:00:00,0.7759623209635417,-0.24180729166666667,0.07381950616836548,0.08615599870681763
2019-008,2019-11-02 18:00:00,0.7759623209635417,-0.044458333333333336,0.03024924099445343,0.06160476803779602
2019-008,2019-11-02 21:00:00,0.7759623209635417,-0.044458333333333336,0.03024924099445343,0.06160476803779602
2019-008,2019-11-03 00:00:00,0.7772176106770833,-0.11644791666666666,-0.0024185875430703164,-0.0018129555508494377
2019-008,2019-11-03 03:00:00,0.7772176106770833,-0.11644791666666666,-0.0024185875430703164,-0.0018129555508494377
2019-008,2019-11-03 06:00:00,0.7772176106770833,0.024395833333333332,-0.094092458486557,0.03621788918972015
2019-008,2019-11-03 09:00:00,0.7772176106770833,0.024395833333333332,-0.094092458486557,0.03621788918972015
2019-008,2019-11-03 12:00:00,0.7772176106770833,-0.135015625,0.01413010060787201,0.011545970290899276
2019-008,2019-11-03 15:00:00,0.7772176106770833,-0.135015625,0.01413010060787201,0.011545970290899276
2019-008,2019-11-03 18:00:00,0.7772176106770833,0.04893229166666667,-0.04033927619457245,0.024870024621486665
2019-008,2019-11-03 21:00:00,0.7772176106770833,0.04893229166666667,-0.04033927619457245,0.024870024621486665
2019-008,2019-11-04 00:00:00,0.7805379231770834,-0.028963541666666665,-0.02188265472650528,0.01510837823152542
2019-008,2019-11-04 03:00:00,0.7805379231770834,-0.028963541666666665,-0.02188265472650528,0.01510837823152542
2019-008,2019-11-04 06:00:00,0.7805379231770834,0.09776041666666667,-0.06540398001670837,-0.02906527817249298
2019-008,2019-11-04 09:00:00,0.7805379231770834,0.09776041666666667,-0.06540398001670837,-0.02906527817249298
2019-008,2019-11-04 12:00:00,0.7805379231770834,-0.09505729166666667,0.007274458557367325,-0.0685157299041748
2019-008,2019-11-04 15:00:00,0.7805379231770834,-0.09505729166666667,0.007274458557367325,-0.0685157299041748
2019-008,2019-11-04 18:00:00,0.7805379231770834,0.042234375,-0.04449736475944519,-0.051667523384094236
2019-008,2019-11-04 21:00:00,0.7805379231770834,0.042234375,-0.04449736475944519,-0.051667523384094236
2019-008,2019-11-05 00:00:00,0.7821797688802083,-0.09493229166666667,0.009989696741104125,-0.06308051347732543
2019-008,2019-11-05 03:00:00,0.7821797688802083,-0.09493229166666667,0.009989696741104125,-0.06308051347732543
2019-008,2019-11-05 06:00:00,0.7821797688802083,0.006317708333333333,0.027347555756568907,-0.06115462183952332
2019-008,2019-11-05 09:00:00,0.7821797688802083,0.006317708333333333,0.027347555756568907,-0.06115462183952332
2019-008,2019-11-05 12:00:00,0.7821797688802083,-0.20390104166666667,0.1401219367980957,-0.08709197044372559
2019-008,2019-11-05 15:00:00,0.7821797688802083,-0.20390104166666667,0.1401219367980957,-0.08709197044372559
2019-008,2019-11-05 18:00:00,0.7821797688802083,-0.05703125,0.10319997072219848,-0.0683668315410614
2019-008,2019-11-05 21:00:00,0.7821797688802083,-0.05703125,0.10319997072219848,-0.0683668315410614
2019-008,2019-11-06 00:00:00,0.781964111328125,-0.2113125,0.15257214307785033,-0.0694157361984253
2019-008,2019-11-06 03:00:00,0.781964111328125,-0.2113125,0.15257214307785033,-0.0694157361984253
2019-008,2019-11-06 06:00:00,0.781964111328125,-0.105203125,0.1797463297843933,-0.08219451308250428
2019-008,2019-11-06 09:00:00,0.781964111328125,-0.105203125,0.1797463297843933,-0.08219451308250428
2019-008,2019-11-06 12:00:00,0.781964111328125,-0.3118385416666667,0.2321258783340454,-0.1332250714302063
2019-008,2019-11-06 15:00:00,0.781964111328125,-0.3118385416666667,0.2321258783340454,-0.1332250714302063
2019-008,2019-11-06 18:00:00,0.781964111328125,-0.15075520833333333,0.1696324348449707,-0.13806328773498536
2019-008,2019-11-06 21:00:00,0.781964111328125,-0.15075520833333333,0.1696324348449707,-0.13806328773498536
2019-008,2019-11-07 00:00:00,0.7777791341145833,-0.24515625,0.19771381616592407,-0.15303316116333007
2019-008,2019-11-07 03:00:00,0.7777791341145833,-0.24515625,0.19771381616592407,-0.15303316116333007
2019-008,2019-11-07 06:00:00,0.7777791341145833,-0.095140625,0.2226705551147461,-0.16773519515991211
2019-008,2019-11-07 09:00:00,0.7777791341145833,-0.095140625,0.2226705551147461,-0.16773519515991211
2019-009,2019-11-05 00:00:00,0.839215087890625,-0.22335416666666666,-0.06702750325202941,-0.14562262296676637
2019-009,2019-11-05 03:00:00,0.839215087890625,-0.22335416666666666,-0.06702750325202941,-0.14562262296676637
2019-009,2019-11-05 06:00:00,0.839215087890625,-0.231140625,-0.08051021099090576,-0.13121769428253174
2019-009,2019-11-05 12:00:00,0.839215087890625,-0.36590104166666665,-0.07896345257759094,-0.07173227667808532
2019-009,2019-11-05 18:00:00,0.839215087890625,-0.2898125,-0.03114263117313385,-0.03140169382095337
2019-009,2019-11-06 00:00:00,0.8428141276041666,-0.35358333333333336,-0.0014700540341436863,-0.14141324758529664
2019-009,2019-11-06 03:00:00,0.8428141276041666,-0.35358333333333336,-0.0014700540341436863,-0.14141324758529664
2019-009,2019-11-06 06:00:00,0.8428141276041666,-0.35539583333333336,-0.09903415441513061,-0.14784349203109742
2019-009,2019-11-06 12:00:00,0.8428141276041666,-0.45760416666666665,-0.08457916975021362,-0.11303163766860962
2019-009,2019-11-06 18:00:00,0.8428141276041666,-0.37534375,-0.04668269157409668,-0.07651717066764832
2019-009,2019-11-07 00:00:00,0.8260721842447917,-0.3874739583333333,-0.059266144037246705,-0.12683801651000975
2019-009,2019-11-07 03:00:00,0.8260721842447917,-0.3874739583333333,-0.059266144037246705,-0.12683801651000975
2019-009,2019-11-07 06:00:00,0.8260721842447917,-0.346234375,-0.13501325845718384,-0.016580647230148314
2019-009,2019-11-07 09:00:00,0.8260721842447917,-0.346234375,-0.13501325845718384,-0.016580647230148314
2019-009,2019-11-07 12:00:00,0.8260721842447917,-0.42769270833333334,-0.05976860523223877,0.09464290142059326
2019-009,2019-11-07 15:00:00,0.8260721842447917,-0.42769270833333334,-0.05976860523223877,0.09464290142059326
2019-009,2019-11-07 18:00:00,0.8260721842447917,-0.32503125,-0.0032615382224321365,0.18712745904922484
2019-009,2019-11-07 21:00:00,0.8260721842447917,-0.32503125,-0.0032615382224321365,0.18712745904922484
2019-009,2019-11-08 00:00:00,0.807269287109375,-0.31828645833333336,0.002525031939148903,0.14934678077697755
2019-009,2019-11-08 03:00:00,0.807269287109375,-0.31828645833333336,0.002525031939148903,0.14934678077697755
2019-009,2019-11-08 06:00:00,0.807269287109375,-0.245953125,0.026827594637870787,0.20146327018737792
2019-009,2019-11-08 09:00:00,0.807269287109375,-0.245953125,0.026827594637870787,0.20146327018737792
2019-009,2019-11-08 12:00:00,0.807269287109375,-0.305046875,0.04872924089431763,0.2017500400543213
2019-009,2019-11-08 15:00:00,0.807269287109375,-0.305046875,0.04872924089431763,0.2017500400543213
2019-009,2019-11-08 18:00:00,0.807269287109375,-0.21294791666666665,0.06931833624839782,0.2772882699966431
2019-009,2019-11-08 21:00:00,0.807269287109375,-0.21294791666666665,0.06931833624839782,0.2772882699966431
2019-009,2019-11-09 00:00:00,0.8060302734375,-0.2585104166666667,0.09209460616111756,0.3011354684829712
2019-009,2019-11-09 03:00:00,0.8060302734375,-0.2585104166666667,0.09209460616111756,0.3011354684829712
2019-009,2019-11-09 06:00:00,0.8060302734375,-0.20134375,0.12764676809310913,0.3255188465118408
2019-009,2019-11-09 09:00:00,0.8060302734375,-0.20134375,0.12764676809310913,0.3255188465118408
2019-009,2019-11-09 12:00:00,0.8060302734375,-0.28258333333333335,0.18120545148849487,0.2160951614379883
2019-009,2019-11-09 15:00:00,0.8060302734375,-0.28258333333333335,0.18120545148849487,0.2160951614379883
2019-009,2019-11-09 18:00:00,0.8060302734375,-0.16978645833333333,0.12628077268600463,0.20057361125946044
2019-009,2019-11-09 21:00:00,0.8060302734375,-0.16978645833333333,0.12628077268600463,0.20057361125946044
2019-009,2019-11-10 00:00:00,0.8011494954427083,-0.212421875,0.11970963478088378,0.15063029527664185
2019-009,2019-11-10 03:00:00,0.8011494954427083,-0.212421875,0.11970963478088378,0.15063029527664185
2019-009,2019-11-10 06:00:00,0.8011494954427083,-0.18196354166666667,0.09015554785728455,0.09346585273742676
2019-009,2019-11-10 09:00:00,0.8011494954427083,-0.18196354166666667,0.09015554785728455,0.09346585273742676
2019-009,2019-11-10 12:00:00,0.8011494954427083,-0.2827395833333333,0.13725436925888063,0.024666279554367065
2019-009,2019-11-10 18:00:00,0.8011494954427083,-0.17524479166666668,0.10684140920639038,0.005663355439901352
2019-009,2019-11-11 00:00:00,0.7959309895833333,-0.21406770833333333,0.10905628204345703,-0.09146486520767212
2019-010,2019-12-02 12:00:00,0.7305135091145833,-0.424,-0.17578142881393433,-0.528282880783081
2019-010,2019-12-02 18:00:00,0.7305135091145833,-0.2778125,-0.16520633697509765,-0.43637886047363283
2019-010,2019-12-03 00:00:00,0.7165384928385417,-0.38516666666666666,-0.08549840450286865,-0.45000576972961426
2019-010,2019-12-03 03:00:00,0.7165384928385417,-0.38516666666666666,-0.08549840450286865,-0.45000576972961426
2019-010,2019-12-03 06:00:00,0.7165384928385417,-0.20269791666666667,-0.05667411088943482,-0.5031566143035888
2019-010,2019-12-03 12:00:00,0.7165384928385417,-0.4554947916666667,-0.06586432456970215,-0.47865934371948243
2019-010,2019-12-03 18:00:00,0.7165384928385417,-0.25065625,-0.11299631595611573,-0.3860388040542603
2019-010,2019-12-04 00:00:00,0.715008544921875,-0.36286979166666666,-0.04720448255538941,-0.3442347288131714
2019-010,2019-12-04 03:00:00,0.715008544921875,-0.36286979166666666,-0.04720448255538941,-0.3442347288131714
2019-010,2019-12-04 06:00:00,0.715008544921875,-0.186546875,-0.010234610736370086,-0.401143741607666
2019-010,2019-12-04 12:00:00,0.715008544921875,-0.44522395833333334,-0.06919360756874085,-0.42812814712524416
2019-010,2019-12-04 18:00:00,0.715008544921875,-0.19026041666666665,-0.14718413352966309,-0.2917128801345825
2019-010,2019-12-05 00:00:00,0.70888671875,-0.32584375,-0.09435651898384094,-0.3095413684844971
2019-010,2019-12-05 03:00:00,0.70888671875,-0.32584375,-0.09435651898384094,-0.3095413684844971
2019-010,2019-12-05 06:00:00,0.70888671875,-0.126328125,-0.11661893129348755,-0.30464189052581786
2019-010,2019-12-05 09:00:00,0.70888671875,-0.126328125,-0.11661893129348755,-0.30464189052581786
2019-010,2019-12-05 12:00:00,0.70888671875,-0.3593177083333333,-0.14411226511001587,-0.2613253355026245
2019-010,2019-12-05 15:00:00,0.70888671875,-0.3593177083333333,-0.14411226511001587,-0.2613253355026245
2019-010,2019-12-05 18:00:00,0.70888671875,-0.138625,-0.2525429964065552,-0.14537250995635986
2019-010,2019-12-05 21:00:00,0.70888671875,-0.138625,-0.2525429964065552,-0.14537250995635986
2019-010,2019-12-06 00:00:00,0.7119873046875,-0.26372395833333334,-0.25666108131408694,-0.09043694734573364
2019-010,2019-12-06 03:00:00,0.7119873046875,-0.26372395833333334,-0.25666108131408694,-0.09043694734573364
2019-010,2019-12-06 06:00:00,0.7119873046875,-0.10574479166666667,-0.284694242477417,-0.1114456295967102
2019-010,2019-12-06 09:00:00,0.7119873046875,-0.10574479166666667,-0.284694242477417,-0.1114456295967102
2019-010,2019-12-06 12:00:00,0.7119873046875,-0.34022395833333335,-0.32099184989929197,-0.12661162614822388
2019-010,2019-12-06 15:00:00,0.7119873046875,-0.34022395833333335,-0.32099184989929197,-0.12661162614822388
2019-010,2019-12-06 18:00:00,0.7119873046875,-0.11696354166666667,-0.4599903106689453,-0.09384726881980895
2019-010,2019-12-06 21:00:00,0.7119873046875,-0.11696354166666667,-0.4599903106689453,-0.09384726881980895
2019-010,2019-12-07 00:00:00,0.7161275227864583,-0.22001041666666668,-0.45407886505126954,-0.06516513228416443
2019-010,2019-12-07 03:00:00,0.7161275227864583,-0.22001041666666668,-0.45407886505126954,-0.06516513228416443
2019-010,2019-12-07 06:00:00,0.7161275227864583,-0.06786458333333334,-0.44242119789123535,-0.02844441831111908
2019-010,2019-12-07 09:00:00,0.7161275227864583,-0.06786458333333334,-0.44242119789123535,-0.02844441831111908
2019-011,2019-12-03 18:00:00,0.7810628255208333,-0.17113541666666668,-0.4887817859649658,0.12984422445297242
2019-011,2019-12-04 00:00:00,0.7855570475260417,-0.2779010416666667,-0.3722358703613281,0.12955440282821656
2019-011,2019-12-04 03:00:00,0.7855570475260417,-0.2779010416666667,-0.3722358703613281,0.12955440282821656
2019-011,2019-12-04 06:00:00,0.7855570475260417,-0.07113541666666667,-0.36530451774597167,0.14004874229431152
2019-011,2019-12-04 12:00:00,0.7855570475260417,-0.23840625,-0.26139543056488035,-0.0060478165745735165
2019-011,2019-12-04 18:00:00,0.7855570475260417,0.00928125,-0.29282941818237307,-0.06893114447593689
2019-011,2019-12-05 00:00:00,0.776824951171875,-0.13864583333333333,-0.3660808801651001,-0.052314925193786624
2019-011,2019-12-05 03:00:00,0.776824951171875,-0.13864583333333333,-0.3660808801651001,-0.052314925193786624
2019-011,2019-12-05 06:00:00,0.776824951171875,0.012515625,-0.48123993873596194,0.04509962797164917
2019-012,2019-12-08 09:00:00,0.7339457194010417,-0.04396354166666667,-0.41385664939880373,-0.1704758048057556
2019-012,2019-12-08 12:00:00,0.7339457194010417,-0.25666666666666665,-0.3702357530593872,-0.1456371307373047
2019-012,2019-12-08 18:00:00,0.7339457194010417,-0.0734375,-0.4535524845123291,-0.24079668521881104
2019-012,2019-12-09 00:00:00,0.7361653645833334,-0.18910416666666666,-0.41615543365478513,-0.18695420026779175
2019-012,2019-12-09 03:00:00,0.7361653645833334,-0.18910416666666666,-0.41615543365478513,-0.18695420026779175
2019-012,2019-12-09 06:00:00,0.7361653645833334,-0.0067708333333333336,-0.4747950553894043,-0.14955662488937377
2019-012,2019-12-09 12:00:00,0.7361653645833334,-0.23180208333333333,-0.4178153514862061,-0.18886804580688477
2019-012,2019-12-09 18:00:00,0.7361653645833334,-0.058145833333333334,-0.4970832824707031,-0.191797137260437
2019-012,2019-12-10 00:00:00,0.7368204752604167,-0.17753645833333334,-0.41010069847106934,-0.20082221031188965
2019-012,2019-12-10 03:00:00,0.7368204752604167,-0.17753645833333334,-0.41010069847106934,-0.20082221031188965
2020-001,2020-05-16 00:00:00,0.9179158528645833,-0.560984375,-0.10862698554992675,0.1606424331665039
2020-001,2020-05-16 03:00:00,0.9179158528645833,-0.560984375,-0.10862698554992675,0.1606424331665039
2020-001,2020-05-16 06:00:00,0.9179158528645833,-0.514109375,-0.10482934713363648,0.15422855615615844
2020-001,2020-05-16 09:00:00,0.9179158528645833,-0.514109375,-0.10482934713363648,0.15422855615615844
2020-001,2020-05-16 12:00:00,0.9179158528645833,-0.699953125,-0.08594027161598206,0.14185670614242554
2020-001,2020-05-16 15:00:00,0.9179158528645833,-0.699953125,-0.08594027161598206,0.14185670614242554
2020-001,2020-05-16 18:00:00,0.9179158528645833,-0.5741822916666667,-0.07738233804702759,0.21766457557678223
2020-001,2020-05-16 21:00:00,0.9179158528645833,-0.5741822916666667,-0.07738233804702759,0.21766457557678223
2020-001,2020-05-17 00:00:00,0.9060221354166667,-0.6431875,-0.09611985683441163,0.1316812515258789
2020-001,2020-05-17 03:00:00,0.9060221354166667,-0.6431875,-0.09611985683441163,0.1316812515258789
2020-001,2020-05-17 06:00:00,0.9060221354166667,-0.600234375,-0.11651535034179687,0.12475829124450684
2020-001,2020-05-17 09:00:00,0.9060221354166667,-0.600234375,-0.11651535034179687,0.12475829124450684
2020-001,2020-05-17 12:00:00,0.9060221354166667,-0.82559375,-0.12976661920547486,0.13748387098312378
2020-001,2020-05-17 15:00:00,0.9060221354166667,-0.82559375,-0.12976661920547486,0.13748387098312378
2020-001,2020-05-17 18:00:00,0.9060221354166667,-0.7109322916666667,-0.0887919008731842,0.22668881416320802
2020-001,2020-05-17 21:00:00,0.9060221354166667,-0.7109322916666667,-0.0887919008731842,0.22668881416320802
2020-001,2020-05-18 00:00:00,0.8752705891927083,-0.8184479166666667,-0.06524578928947448,0.23207085132598876
2020-001,2020-05-18 03:00:00,0.8752705891927083,-0.8184479166666667,-0.06524578928947448,0.23207085132598876
2020-001,2020-05-18 06:00:00,0.8752705891927083,-0.7829791666666667,-0.02975785732269287,0.3119808673858643
2020-001,2020-05-18 09:00:00,0.8752705891927083,-0.7829791666666667,-0.02975785732269287,0.3119808673858643
2020-001,2020-05-18 12:00:00,0.8752705891927083,-0.9693333333333334,0.02426702678203583,0.24804174900054932
2020-001,2020-05-18 15:00:00,0.8752705891927083,-0.9693333333333334,0.02426702678203583,0.24804174900054932
2020-001,2020-05-18 18:00:00,0.8752705891927083,-0.8300260416666667,0.01662439703941345,0.3253350019454956
2020-001,2020-05-18 21:00:00,0.8752705891927083,-0.8300260416666667,0.01662439703941345,0.3253350019454956
2020-001,2020-05-19 00:00:00,0.8678080240885416,-0.9522447916666666,0.06101062297821045,0.2897474765777588
2020-001,2020-05-19 03:00:00,0.8678080240885416,-0.9522447916666666,0.06101062297821045,0.2897474765777588
2020-001,2020-05-19 06:00:00,0.8678080240885416,-0.8730208333333334,0.10998138189315795,0.3370044469833374
2020-001,2020-05-19 09:00:00,0.8678080240885416,-0.8730208333333334,0.10998138189315795,0.3370044469833374
2020-001,2020-05-19 12:00:00,0.8678080240885416,-0.998203125,0.16284584999084473,0.30856378078460694
2020-001,2020-05-19 15:00:00,0.8678080240885416,-0.998203125,0.16284584999084473,0.30856378078460694
2020-001,2020-05-19 18:00:00,0.8678080240885416,-0.870875,0.17658969163894653,0.35298662185668944
2020-001,2020-05-19 21:00:00,0.8678080240885416,-0.870875,0.17658969163894653,0.35298662185668944
2020-001,2020-05-20 00:00:00,0.8267415364583334,-0.9228697916666667,0.27259440422058107,0.40374317169189455
2020-001,2020-05-20 03:00:00,0.8267415364583334,-0.9228697916666667,0.27259440422058107,0.40374317169189455
2020-001,2020-05-20 06:00:00,0.8267415364583334,-0.800421875,0.31046061515808104,0.42772254943847654
2020-001,2020-05-20 09:00:00,0.8267415364583334,-0.800421875,0.31046061515808104,0.42772254943847654
2020-001,2020-05-20 12:00:00,0.8267415364583334,-0.8923854166666667,0.299622106552124,0.40941896438598635
2020-001,2020-05-20 15:00:00,0.8267415364583334,-0.8923854166666667,0.299622106552124,0.40941896438598635
2020-001,2020-05-20 18:00:00,0.8267415364583334,-0.7071041666666666,0.31013925075531007,0.45195417404174804
2020-001,2020-05-20 21:00:00,0.8267415364583334,-0.7071041666666666,0.31013925075531007,0.45195417404174804
2020-001,2020-05-21 00:00:00,0.8186116536458333,-0.74784375,0.3731688022613525,0.42368168830871583
2020-001,2020-05-21 03:00:00,0.8186116536458333,-0.74784375,0.3731688022613525,0.42368168830871583
2020-001,2020-05-21 06:00:00,0.8186116536458333,-0.6149583333333334,0.4229561805725098,0.37452409267425535
2020-001,2020-05-21 12:00:00,0.8186116536458333,-0.689828125,0.30417048931121826,0.3101356029510498
2020-002,2020-05-29 09:00:00,0.8957926432291666,-0.5250833333333333,0.14290322065353395,0.41606831550598145
2020-002,2020-05-29 12:00:00,0.8957926432291666,-0.7509583333333333,-0.016311895847320557,0.3258042335510254
2020-002,2020-05-29 18:00:00,0.8957926432291666,-0.6195260416666667,7.981520866451319e-07,0.40659456253051757
2020-002,2020-05-30 00:00:00,0.8599853515625,-0.7074270833333334,0.03776619136333466,0.48232183456420896
2020-002,2020-05-30 03:00:00,0.8599853515625,-0.7074270833333334,0.03776619136333466,0.48232183456420896
2020-002,2020-05-30 06:00:00,0.8599853515625,-0.571578125,0.010984183847904205,0.4655409336090088
2020-002,2020-05-30 12:00:00,0.8599853515625,-0.7716875,-0.14061620235443115,0.31332688331604003
2020-002,2020-05-30 18:00:00,0.8599853515625,-0.5642552083333333,-0.0871652603149414,0.4446094512939453
2020-002,2020-05-31 00:00:00,0.8559834798177083,-0.6649947916666666,-0.07128602862358094,0.478867769241333
2020-002,2020-05-31 03:00:00,0.8559834798177083,-0.6649947916666666,-0.07128602862358094,0.478867769241333
2020-002,2020-05-31 06:00:00,0.8559834798177083,-0.5413177083333334,-0.036879304051399234,0.4474764823913574
2020-002,2020-05-31 12:00:00,0.8559834798177083,-0.7162916666666667,-0.11721267700195312,0.31056110858917235
2020-002,2020-05-31 18:00:00,0.8559834798177083,-0.523390625,-0.1733041763305664,0.435286283493042
2020-003,2020-06-01 00:00:00,0.8970499674479167,-0.32009895833333335,0.1288286805152893,0.02182576507329941
2020-003,2020-06-01 03:00:00,0.8970499674479167,-0.32009895833333335,0.1288286805152893,0.02182576507329941
2020-003,2020-06-01 06:00:00,0.8971842447916667,-0.22711979166666665,0.07496220469474793,0.06423310041427613
2020-003,2020-06-01 12:00:00,0.897259521484375,-0.47194270833333335,0.17094775438308715,0.07014973163604736
2020-003,2020-06-01 18:00:00,0.89713134765625,-0.30591145833333333,0.16582945585250855,0.13218436241149903
2020-003,2020-06-02 00:00:00,0.8958394368489583,-0.42576041666666664,0.17171812057495117,0.09223089218139649
2020-003,2020-06-02 03:00:00,0.8958394368489583,-0.42576041666666664,0.17171812057495117,0.09223089218139649
2020-003,2020-06-02 06:00:00,0.8959696451822917,-0.33593229166666666,0.18547698259353637,0.13293614387512206
2020-003,2020-06-02 09:00:00,0.8959696451822917,-0.33593229166666666,0.18547698259353637,0.13293614387512206
2020-003,2020-06-02 12:00:00,0.8960896809895833,-0.5649479166666667,0.17340614795684814,0.13924456834793092
2020-003,2020-06-02 15:00:00,0.8960896809895833,-0.5649479166666667,0.17340614795684814,0.13924456834793092
2020-003,2020-06-02 18:00:00,0.8959391276041667,-0.412234375,0.20742192268371581,0.15717390775680543
2020-003,2020-06-02 21:00:00,0.8959391276041667,-0.412234375,0.20742192268371581,0.15717390775680543
2020-003,2020-06-03 00:00:00,0.872552490234375,-0.5515416666666667,0.19437893629074096,0.09570572972297668
2020-003,2020-06-03 03:00:00,0.872552490234375,-0.5515416666666667,0.19437893629074096,0.09570572972297668
2020-003,2020-06-03 06:00:00,0.872686767578125,-0.427140625,0.2301259994506836,0.19100786447525026
2020-003,2020-06-03 09:00:00,0.872686767578125,-0.427140625,0.2301259994506836,0.19100786447525026
2020-003,2020-06-03 12:00:00,0.8727986653645833,-0.6472604166666667,0.2559759855270386,0.16280014514923097
2020-003,2020-06-03 15:00:00,0.8727986653645833,-0.6472604166666667,0.2559759855270386,0.16280014514923097
2020-003,2020-06-03 18:00:00,0.872625732421875,-0.4321770833333333,0.26596875190734864,0.22121624946594237
2020-003,2020-06-04 00:00:00,0.8772542317708333,-0.5390260416666667,0.2920104742050171,0.17086139917373658
2020-003,2020-06-04 03:00:00,0.8772542317708333,-0.5390260416666667,0.2920104742050171,0.17086139917373658
2020-003,2020-06-04 06:00:00,0.8773681640625,-0.42210416666666667,0.37227623462677,0.20680456161499022
2020-004,2020-10-11 00:00:00,0.8422261555989583,-0.5451927083333333,0.024174131453037262,-0.09094257950782776
2020-004,2020-10-11 03:00:00,0.8422261555989583,-0.5451927083333333,0.024174131453037262,-0.09094257950782776
2020-004,2020-10-11 06:00:00,0.8422261555989583,-0.47286979166666665,0.00901002213358879,-0.05899556875228882
2020-004,2020-10-11 12:00:00,0.8422261555989583,-0.65696875,0.021621324121952057,-0.06404299736022949
2020-004,2020-10-11 18:00:00,0.8422261555989583,-0.5604895833333333,0.04529171586036682,-0.02593551278114319
2020-004,2020-10-12 00:00:00,0.8356201171875,-0.6778072916666666,0.03361627459526062,-0.08724546432495117
2020-004,2020-10-12 03:00:00,0.8356201171875,-0.6778072916666666,0.03361627459526062,-0.08724546432495117
2020-004,2020-10-12 06:00:00,0.8356201171875,-0.6531614583333333,-0.005907545611262321,-0.008081083744764328
2020-004,2020-10-12 12:00:00,0.8356201171875,-0.8220572916666666,0.0361357718706131,0.026362836360931396
2020-004,2020-10-12 18:00:00,0.8356201171875,-0.711703125,0.12344931364059449,0.19217662811279296
2020-004,2020-10-13 00:00:00,0.8277058919270833,-0.7609375,0.15589396953582763,0.15589802265167235
2020-004,2020-10-13 03:00:00,0.8277058919270833,-0.7609375,0.15589396953582763,0.15589802265167235
2020-004,2020-10-13 06:00:00,0.8277058919270833,-0.64325,0.13524595499038697,0.18376572132110597
2020-004,2020-10-13 12:00:00,0.8277058919270833,-0.7943802083333333,0.1115187644958496,0.1444311261177063
2020-004,2020-10-13 18:00:00,0.8277058919270833,-0.6287708333333333,0.08337450623512269,0.2312319278717041
2020-004,2020-10-14 00:00:00,0.8254720052083333,-0.679859375,0.1298409104347229,0.20146114826202394
2020-004,2020-10-14 03:00:00,0.8254720052083333,-0.679859375,0.1298409104347229,0.20146114826202394
2020-004,2020-10-14 06:00:00,0.8254720052083333,-0.5353020833333333,0.1524961471557617,0.2300236463546753
2020-005,2020-10-17 03:00:00,0.7876688639322916,-0.6984322916666666,0.22536585330963135,-0.2323477029800415
2020-005,2020-10-17 06:00:00,0.7876688639322916,-0.5026197916666667,0.10693780183792115,-0.12792110443115234
2020-005,2020-10-17 12:00:00,0.7876688639322916,-0.679671875,0.1362555980682373,-0.07006295323371887
2020-005,2020-10-17 18:00:00,0.7876688639322916,-0.5107760416666667,0.06368957161903381,0.025079190731048584
2020-005,2020-10-18 00:00:00,0.78514404296875,-0.5936822916666666,0.06742932200431824,0.08013935089111328
2020-005,2020-10-18 03:00:00,0.78514404296875,-0.5936822916666666,0.06742932200431824,0.08013935089111328
2020-005,2020-10-18 06:00:00,0.78514404296875,-0.3974739583333333,0.0353570282459259,0.22273597717285157
2020-005,2020-10-18 12:00:00,0.78514404296875,-0.5840885416666667,0.09233871698379517,0.15354326963424683
2020-005,2020-10-18 18:00:00,0.78514404296875,-0.421484375,-0.0550442099571228,0.26853554248809813
2020-006,2020-10-22 03:00:00,0.8416361490885417,-0.5667708333333333,-0.12422499656677247,0.24081768989562988
2020-006,2020-10-22 06:00:00,0.8416361490885417,-0.49881770833333333,-0.05421057343482971,0.27757718563079836
2020-006,2020-10-22 12:00:00,0.8416361490885417,-0.6038333333333333,-0.02370951175689697,0.16872164011001586
2020-006,2020-10-22 18:00:00,0.8416361490885417,-0.512078125,-0.040403813123703,0.21622018814086913
2020-006,2020-10-23 00:00:00,0.8366963704427083,-0.6275677083333333,0.08909797072410583,0.17307429313659667
2020-006,2020-10-23 03:00:00,0.8366963704427083,-0.6275677083333333,0.08909797072410583,0.17307429313659667
2020-006,2020-10-23 06:00:00,0.8366963704427083,-0.5640572916666666,0.1117323637008667,0.08940772414207458
2020-006,2020-10-23 09:00:00,0.8366963704427083,-0.5640572916666666,0.1117323637008667,0.08940772414207458
2020-006,2020-10-23 12:00:00,0.8366963704427083,-0.6071614583333333,0.10925688743591308,0.07388652563095092
2020-006,2020-10-23 18:00:00,0.8366963704427083,-0.4604270833333333,0.13396323919296266,0.15417444705963135
2020-007,2020-11-22 21:00:00,0.8097127278645834,-0.03839583333333333,-0.2980510950088501,-0.23283739089965821
2020-007,2020-11-23 00:00:00,0.8090677897135417,-0.15286458333333333,-0.23967447280883789,-0.23637211322784424
2020-007,2020-11-23 03:00:00,0.8090677897135417,-0.15286458333333333,-0.23967447280883789,-0.23637211322784424
2020-007,2020-11-23 06:00:00,0.8090677897135417,-0.06827083333333334,-0.2779559135437012,-0.21090612411499024
2020-007,2020-11-23 12:00:00,0.8090677897135417,-0.21354166666666666,-0.24920713901519775,-0.19421522617340087
2020-007,2020-11-23 18:00:00,0.8090677897135417,-0.12569791666666666,-0.23300716876983643,-0.10087285041809083
2020-007,2020-11-24 00:00:00,0.799365234375,-0.23877083333333332,-0.21029143333435057,-0.11415574550628663
2020-007,2020-11-24 03:00:00,0.799365234375,-0.23877083333333332,-0.21029143333435057,-0.11415574550628663
2020-007,2020-11-24 06:00:00,0.799365234375,-0.15973958333333332,-0.24759106636047362,-0.10970082283020019
2020-007,2020-11-24 09:00:00,0.799365234375,-0.15973958333333332,-0.24759106636047362,-0.10970082283020019
2020-007,2020-11-24 12:00:00,0.799365234375,-0.32930729166666667,-0.2439656972885132,-0.07022203207015991
2020-007,2020-11-24 15:00:00,0.799365234375,-0.32930729166666667,-0.2439656972885132,-0.07022203207015991
2020-007,2020-11-24 18:00:00,0.799365234375,-0.23536979166666666,-0.25928258895874023,-0.010634315758943557
2020-007,2020-11-24 21:00:00,0.799365234375,-0.23536979166666666,-0.25928258895874023,-0.010634315758943557
2020-007,2020-11-25 00:00:00,0.7953165690104167,-0.352671875,-0.23249506950378418,0.04387475550174713
2020-007,2020-11-25 03:00:00,0.7953165690104167,-0.352671875,-0.23249506950378418,0.04387475550174713
2020-007,2020-11-25 06:00:00,0.7953165690104167,-0.24346875,-0.26628062725067136,0.07505302429199219
2020-007,2020-11-25 09:00:00,0.7953165690104167,-0.24346875,-0.26628062725067136,0.07505302429199219
2020-007,2020-11-25 12:00:00,0.7953165690104167,-0.3430520833333333,-0.2182079792022705,0.17320963144302368
2020-007,2020-11-25 15:00:00,0.7953165690104167,-0.3430520833333333,-0.2182079792022705,0.17320963144302368
2020-007,2020-11-25 18:00:00,0.7953165690104167,-0.19494791666666667,-0.25269408226013185,0.25275866985321044
2020-007,2020-11-25 21:00:00,0.7953165690104167,-0.19494791666666667,-0.25269408226013185,0.25275866985321044
2020-007,2020-11-26 00:00:00,0.788861083984375,-0.307078125,-0.22004961967468262,0.224995756149292
2020-007,2020-11-26 03:00:00,0.788861083984375,-0.307078125,-0.22004961967468262,0.224995756149292
2020-007,2020-11-26 06:00:00,0.788861083984375,-0.17452604166666666,-0.22227561473846436,0.1993754982948303
2020-007,2020-11-26 09:00:00,0.788861083984375,-0.17452604166666666,-0.22227561473846436,0.1993754982948303
2020-007,2020-11-26 12:00:00,0.788861083984375,-0.26709375,-0.17466647624969484,0.16907203197479248
2020-007,2020-11-26 18:00:00,0.788861083984375,-0.11033854166666666,-0.18709170818328857,0.194086492061615
2020-008,2020-11-21 18:00:00,0.7045145670572917,-0.07103125,-0.3345083475112915,-0.30182220935821535
2020-008,2020-11-22 00:00:00,0.7014811197916667,-0.19125,-0.20546996593475342,-0.18253133296966553
2020-008,2020-11-22 03:00:00,0.7014811197916667,-0.19125,-0.20546996593475342,-0.18253133296966553
2020-008,2020-11-22 06:00:00,0.7014811197916667,0.006833333333333334,-0.16168417930603027,-0.08807189464569092
2020-008,2020-11-22 09:00:00,0.7014811197916667,0.006833333333333334,-0.16168417930603027,-0.08807189464569092
2020-008,2020-11-22 12:00:00,0.7014811197916667,-0.228375,-0.1056799054145813,-0.0692719042301178
2020-008,2020-11-22 15:00:00,0.7014811197916667,-0.228375,-0.1056799054145813,-0.0692719042301178
2020-008,2020-11-22 18:00:00,0.7014811197916667,0.010125,-0.16081795692443848,-0.10721960067749023
2020-008,2020-11-22 21:00:00,0.7014811197916667,0.010125,-0.16081795692443848,-0.10721960067749023
2020-008,2020-11-23 00:00:00,0.7034138997395833,-0.09479166666666666,-0.1526208758354187,-0.0672015130519867
2020-008,2020-11-23 03:00:00,0.7034138997395833,-0.09479166666666666,-0.1526208758354187,-0.0672015130519867
2020-008,2020-11-23 06:00:00,0.7034138997395833,0.10613541666666666,-0.17768411636352538,-0.039184340834617616
2020-008,2020-11-23 12:00:00,0.7034138997395833,-0.162703125,-0.11694117784500122,-0.07285874485969543
2020-008,2020-11-23 18:00:00,0.7034138997395833,0.06705729166666667,-0.21989154815673828,-0.1263151526451111
2020-008,2020-11-24 00:00:00,0.7077412923177083,-0.08571354166666667,-0.2059849977493286,-0.10623929500579835
2020-008,2020-11-24 03:00:00,0.7077412923177083,-0.08571354166666667,-0.2059849977493286,-0.10623929500579835
2020-009,2020-11-30 00:00:00,0.7885762532552083,-0.249921875,-0.3744340896606445,-0.37157249450683594
2020-009,2020-11-30 03:00:00,0.7885762532552083,-0.249921875,-0.3744340896606445,-0.37157249450683594
2020-009,2020-11-30 06:00:00,0.7885762532552083,-0.15878125,-0.34768078327178953,-0.40841073989868165
2020-009,2020-11-30 12:00:00,0.7885762532552083,-0.30136979166666666,-0.3077788114547729,-0.4189030170440674
2020-009,2020-11-30 18:00:00,0.7885762532552083,-0.13878645833333333,-0.3370121240615845,-0.3528263807296753
2020-009,2020-12-01 00:00:00,0.788470458984375,-0.23182291666666666,-0.3215701818466187,-0.24636461734771728
2020-009,2020-12-01 03:00:00,0.788470458984375,-0.23182291666666666,-0.3215701818466187,-0.24636461734771728
2020-009,2020-12-01 06:00:00,0.788470458984375,-0.158734375,-0.2962505340576172,-0.24285318851470947
2020-009,2020-12-01 12:00:00,0.788470458984375,-0.32254166666666667,-0.265482497215271,-0.19736343622207642
2020-009,2020-12-01 15:00:00,0.788470458984375,-0.32254166666666667,-0.265482497215271,-0.19736343622207642
2020-009,2020-12-01 18:00:00,0.788470458984375,-0.18436458333333333,-0.2670259952545166,-0.13324973583221436
2020-009,2020-12-01 21:00:00,0.788470458984375,-0.18436458333333333,-0.2670259952545166,-0.13324973583221436
2020-009,2020-12-02 00:00:00,0.7910074869791667,-0.303921875,-0.1773573637008667,-0.055248594284057616
2020-009,2020-12-02 03:00:00,0.7910074869791667,-0.303921875,-0.1773573637008667,-0.055248594284057616
2020-009,2020-12-02 06:00:00,0.7910074869791667,-0.221,-0.13574616909027098,-0.006666633486747742
2020-009,2020-12-02 09:00:00,0.7910074869791667,-0.221,-0.13574616909027098,-0.006666633486747742
2020-009,2020-12-02 12:00:00,0.7910074869791667,-0.382546875,-0.11909617185592651,0.025414624810218812
2020-009,2020-12-02 15:00:00,0.7910074869791667,-0.382546875,-0.11909617185592651,0.025414624810218812
2020-009,2020-12-02 18:00:00,0.7910074869791667,-0.24225,-0.12546656131744385,0.1974297881126404
2020-009,2020-12-02 21:00:00,0.7910074869791667,-0.24225,-0.12546656131744385,0.1974297881126404
2020-009,2020-12-03 00:00:00,0.790557861328125,-0.360765625,-0.014777557551860809,0.21842288970947266
2020-009,2020-12-03 03:00:00,0.790557861328125,-0.360765625,-0.014777557551860809,0.21842288970947266
2020-009,2020-12-03 06:00:00,0.790557861328125,-0.23709895833333333,0.01950487941503525,0.10804058313369751
2020-009,2020-12-03 09:00:00,0.790557861328125,-0.23709895833333333,0.01950487941503525,0.10804058313369751
2020-009,2020-12-03 12:00:00,0.790557861328125,-0.3753854166666667,-0.043914434313774106,0.04053887128829956
2020-009,2020-12-03 15:00:00,0.790557861328125,-0.3753854166666667,-0.043914434313774106,0.04053887128829956
2020-009,2020-12-03 18:00:00,0.790557861328125,-0.23152083333333334,-0.10068577527999878,0.11191974878311158
2020-009,2020-12-03 21:00:00,0.790557861328125,-0.23152083333333334,-0.10068577527999878,0.11191974878311158
2020-009,2020-12-04 00:00:00,0.78568115234375,-0.3778489583333333,-0.08966280817985535,0.156167733669281
2020-009,2020-12-04 03:00:00,0.78568115234375,-0.3778489583333333,-0.08966280817985535,0.156167733669281
2020-009,2020-12-04 06:00:00,0.78568115234375,-0.269640625,-0.10998914241790772,0.13004969358444213
2020-009,2020-12-04 12:00:00,0.78568115234375,-0.369015625,-0.09030464291572571,0.14360134601593016
2020-009,2020-12-04 18:00:00,0.78568115234375,-0.243390625,-0.10285437107086182,0.1887904167175293
2020-009,2020-12-05 00:00:00,0.7880045572916666,-0.33172395833333335,-0.0920566201210022,0.15822583436965942
2020-009,2020-12-05 03:00:00,0.7880045572916666,-0.33172395833333335,-0.0920566201210022,0.15822583436965942
2021-001,2021-04-02 00:00:00,0.840472412109375,-0.37859895833333335,0.2992605924606323,0.03009968101978302
2021-001,2021-04-02 03:00:00,0.840472412109375,-0.37859895833333335,0.2992605924606323,0.03009968101978302
2021-001,2021-04-02 06:00:00,0.840472412109375,-0.337578125,0.3470576763153076,-0.009100960195064544
2021-001,2021-04-02 12:00:00,0.840472412109375,-0.45402604166666666,0.3008577346801758,-0.1748171329498291
2021-001,2021-04-02 18:00:00,0.840472412109375,-0.39208333333333334,0.09329524636268616,-0.0965475618839264
2021-001,2021-04-03 00:00:00,0.8532491048177083,-0.4187708333333333,0.13940603733062745,-0.021088512241840364
2021-001,2021-04-03 03:00:00,0.8532491048177083,-0.4187708333333333,0.13940603733062745,-0.021088512241840364
2021-002,2021-05-14 03:00:00,0.9099222819010416,-0.655296875,0.1539798378944397,0.036059525609016416
2021-002,2021-05-14 06:00:00,0.9101033528645833,-0.5859791666666667,0.14217580556869508,0.05425310730934143
2021-002,2021-05-14 09:00:00,0.9101033528645833,-0.5859791666666667,0.14217580556869508,0.05425310730934143
2021-002,2021-05-14 12:00:00,0.910162353515625,-0.8121927083333333,0.29650015830993653,-0.015107376873493195
2021-002,2021-05-14 18:00:00,0.9100565592447917,-0.6701979166666666,0.28534541130065916,-0.02612117528915405
2021-002,2021-05-14 21:00:00,0.9100565592447917,-0.6701979166666666,0.28534541130065916,-0.02612117528915405
2021-002,2021-05-15 00:00:00,0.8909810384114584,-0.7474375,0.2435882568359375,-0.05150353312492371
2021-002,2021-05-15 03:00:00,0.8909810384114584,-0.7474375,0.2435882568359375,-0.05150353312492371
2021-002,2021-05-15 06:00:00,0.89110107421875,-0.62928125,0.20812010765075684,-0.04828596115112305
2021-002,2021-05-15 09:00:00,0.89110107421875,-0.62928125,0.20812010765075684,-0.04828596115112305
2021-002,2021-05-15 12:00:00,0.891259765625,-0.8666822916666667,0.3186288118362427,-0.08332226872444153
2021-002,2021-05-15 15:00:00,0.891259765625,-0.8666822916666667,0.3186288118362427,-0.08332226872444153
2021-002,2021-05-15 18:00:00,0.8911295572916667,-0.6849114583333333,0.26652705669403076,-0.05856069326400757
2021-002,2021-05-15 21:00:00,0.8911295572916667,-0.6849114583333333,0.26652705669403076,-0.05856069326400757
2021-002,2021-05-16 00:00:00,0.8730875651041666,-0.732625,0.22958245277404785,-0.04842880368232727
2021-002,2021-05-16 03:00:00,0.8730875651041666,-0.732625,0.22958245277404785,-0.04842880368232727
2021-002,2021-05-16 06:00:00,0.8731608072916667,-0.6115260416666667,0.1415995955467224,0.0360230416059494
2021-002,2021-05-16 09:00:00,0.8731608072916667,-0.6115260416666667,0.1415995955467224,0.0360230416059494
2021-002,2021-05-16 12:00:00,0.87322998046875,-0.810515625,0.1992126226425171,0.02264164835214615
2021-002,2021-05-16 15:00:00,0.87322998046875,-0.810515625,0.1992126226425171,0.02264164835214615
2021-002,2021-05-16 18:00:00,0.873150634765625,-0.6257864583333334,0.13321410417556762,0.09348403215408325
2021-002,2021-05-16 21:00:00,0.873150634765625,-0.6257864583333334,0.13321410417556762,0.09348403215408325
2021-002,2021-05-17 00:00:00,0.8769775390625,-0.6774947916666667,0.08770666718482971,0.15652862787246705
2021-002,2021-05-17 03:00:00,0.8769775390625,-0.6774947916666667,0.08770666718482971,0.15652862787246705
2021-002,2021-05-17 06:00:00,0.8769734700520834,-0.522046875,0.05087493062019348,0.26313028335571287
2021-002,2021-05-17 09:00:00,0.8769734700520834,-0.522046875,0.05087493062019348,0.26313028335571287
2021-002,2021-05-17 12:00:00,0.87696533203125,-0.7181770833333333,0.09676320552825927,0.2272728681564331
2021-002,2021-05-17 15:00:00,0.87696533203125,-0.7181770833333333,0.09676320552825927,0.2272728681564331
2021-002,2021-05-17 18:00:00,0.8769185384114583,-0.541859375,0.13229432106018066,0.26777360439300535
2021-002,2021-05-17 21:00:00,0.8769185384114583,-0.541859375,0.13229432106018066,0.26777360439300535
2021-002,2021-05-18 00:00:00,0.8603352864583333,-0.6415885416666667,0.13725693225860597,0.2604966402053833
2021-002,2021-05-18 03:00:00,0.8603352864583333,-0.6415885416666667,0.13725693225860597,0.2604966402053833
2021-002,2021-05-18 06:00:00,0.8602986653645833,-0.48336979166666666,0.1465036988258362,0.3052496433258057
2021-002,2021-05-18 09:00:00,0.8602986653645833,-0.48336979166666666,0.1465036988258362,0.3052496433258057
2021-002,2021-05-18 12:00:00,0.860302734375,-0.664078125,0.1851223111152649,0.1387716293334961
2021-002,2021-05-18 15:00:00,0.860302734375,-0.664078125,0.1851223111152649,0.1387716293334961
2021-002,2021-05-18 18:00:00,0.86026611328125,-0.49833333333333335,0.14086754322052003,0.17697644233703613
2021-002,2021-05-19 00:00:00,0.8571553548177083,-0.5946041666666667,0.19296915531158448,0.1499982237815857
2021-002,2021-05-19 03:00:00,0.8571553548177083,-0.5946041666666667,0.19296915531158448,0.1499982237815857
2021-002,2021-05-19 06:00:00,0.8573282877604167,-0.47501041666666666,0.24736881256103516,0.13392764329910278
2021-003,2021-05-23 06:00:00,0.9365275065104167,-0.617828125,0.14528216123580934,-0.04993084967136383
2021-003,2021-05-23 12:00:00,0.9365275065104167,-0.8423333333333334,0.1516171097755432,0.03755724728107453
2021-003,2021-05-23 18:00:00,0.9365275065104167,-0.66465625,0.08959032893180847,0.06964231729507446
2021-003,2021-05-24 00:00:00,0.9018697102864583,-0.7904479166666667,0.11781388521194458,-0.0011919206939637662
2021-003,2021-05-24 03:00:00,0.9018697102864583,-0.7904479166666667,0.11781388521194458,-0.0011919206939637662
2021-003,2021-05-24 06:00:00,0.9018697102864583,-0.764359375,0.11750172376632691,-0.021487554907798766
2021-003,2021-05-24 09:00:00,0.9018697102864583,-0.764359375,0.11750172376632691,-0.021487554907798766
2021-003,2021-05-24 12:00:00,0.9018697102864583,-0.967046875,0.15487252473831176,0.05161885619163513
2021-003,2021-05-24 15:00:00,0.9018697102864583,-0.967046875,0.15487252473831176,0.05161885619163513
2021-003,2021-05-24 18:00:00,0.9018697102864583,-0.8685052083333333,0.1496959924697876,0.14888215065002441
2021-003,2021-05-24 21:00:00,0.9018697102864583,-0.8685052083333333,0.1496959924697876,0.14888215065002441
2021-003,2021-05-25 00:00:00,0.8643290201822916,-0.9714739583333334,0.19004520177841186,0.18992133140563966
2021-003,2021-05-25 03:00:00,0.8643290201822916,-0.9714739583333334,0.19004520177841186,0.18992133140563966
2021-003,2021-05-25 06:00:00,0.8643290201822916,-0.914515625,0.20304088592529296,0.2157668113708496
2021-003,2021-05-25 09:00:00,0.8643290201822916,-0.914515625,0.20304088592529296,0.2157668113708496
2021-003,2021-05-25 12:00:00,0.8643290201822916,-1.0734635416666667,0.26700403690338137,0.23399853706359863
2021-003,2021-05-25 15:00:00,0.8643290201822916,-1.0734635416666667,0.26700403690338137,0.23399853706359863
2021-003,2021-05-25 18:00:00,0.8643290201822916,-0.9293489583333333,0.29316296577453616,0.30683963298797606
2021-003,2021-05-25 21:00:00,0.8643290201822916,-0.9293489583333333,0.29316296577453616,0.30683963298797606
2021-003,2021-05-26 00:00:00,0.8422078450520833,-1.0421302083333333,0.3167391777038574,0.37678375244140627
2021-003,2021-05-26 03:00:00,0.8422078450520833,-1.0421302083333333,0.3167391777038574,0.37678375244140627
2021-003,2021-05-26 06:00:00,0.8422078450520833,-0.94653125,0.2967867374420166,0.33754374980926516
2021-003,2021-05-26 09:00:00,0.8422078450520833,-0.94653125,0.2967867374420166,0.33754374980926516
2021-003,2021-05-26 12:00:00,0.8422078450520833,-1.0513541666666666,0.1298045039176941,0.3974936485290527
2021-003,2021-05-26 15:00:00,0.8422078450520833,-1.0513541666666666,0.1298045039176941,0.3974936485290527
2021-003,2021-05-26 18:00:00,0.8422078450520833,-0.8448177083333334,0.09700618386268615,0.4862086772918701
2021-003,2021-05-27 00:00:00,0.8348917643229167,-0.8720208333333334,0.11489665508270264,0.4199110507965088
2021-003,2021-05-27 03:00:00,0.8348917643229167,-0.8720208333333334,0.11489665508270264,0.4199110507965088
2021-003,2021-05-27 06:00:00,0.8348917643229167,-0.7359427083333333,0.12071049213409424,0.3675145149230957
2021-003,2021-05-27 12:00:00,0.8348917643229167,-0.8080625,0.0727514922618866,0.31086230278015137
2021-003,2021-05-27 18:00:00,0.8348917643229167,-0.6245885416666667,-0.004142416268587112,0.3652608633041382
2021-004,2021-09-12 12:00:00,0.8452921549479167,-1.006078125,0.06923359632492065,0.09515601992607117
2021-004,2021-09-12 18:00:00,0.8452921549479167,-0.8488697916666667,0.08071272373199463,0.15320550203323363
2021-004,2021-09-13 00:00:00,0.837030029296875,-0.9384427083333333,0.10142202377319336,0.129863703250885
2021-004,2021-09-13 03:00:00,0.837030029296875,-0.9384427083333333,0.10142202377319336,0.129863703250885
2021-004,2021-09-13 06:00:00,0.837030029296875,-0.852328125,0.022407498955726624,0.19002361297607423
2021-004,2021-09-13 12:00:00,0.837030029296875,-1.0121875,0.00848875418305397,0.2131117820739746
2021-004,2021-09-13 18:00:00,0.837030029296875,-0.8057239583333333,-0.0005531225819140672,0.2580718040466309
2021-004,2021-09-14 00:00:00,0.81363525390625,-0.8448645833333334,-0.03396649658679962,0.24725098609924318
2021-004,2021-09-14 03:00:00,0.81363525390625,-0.8448645833333334,-0.03396649658679962,0.24725098609924318
2021-004,2021-09-14 06:00:00,0.81363525390625,-0.6852708333333334,-0.053806382417678836,0.30145845413208006
2021-004,2021-09-14 12:00:00,0.81363525390625,-0.794875,-0.07006122469902039,0.2767657995223999
2021-004,2021-09-14 18:00:00,0.81363525390625,-0.6107708333333334,-0.07817087173461915,0.2963604211807251
2021-005,2021-09-24 12:00:00,0.8270792643229167,-0.5632083333333333,0.07975702285766602,0.08245949149131775
2021-005,2021-09-24 18:00:00,0.8270792643229167,-0.40663020833333335,0.11119145154953003,0.10623476505279542
2021-005,2021-09-25 00:00:00,0.832159423828125,-0.4670520833333333,0.13239312171936035,0.01882696747779846
2021-005,2021-09-25 03:00:00,0.832159423828125,-0.4670520833333333,0.13239312171936035,0.01882696747779846
2021-005,2021-09-25 06:00:00,0.832159423828125,-0.41844270833333336,0.10148061513900757,0.008806848526000976
2021-005,2021-09-25 12:00:00,0.832159423828125,-0.6316145833333333,0.07405190467834473,0.05534587502479553
2021-005,2021-09-25 15:00:00,0.832159423828125,-0.6316145833333333,0.07405190467834473,0.05534587502479553
2021-005,2021-09-25 18:00:00,0.832159423828125,-0.5288645833333333,0.08288370966911315,0.11855233907699585
2021-005,2021-09-25 21:00:00,0.832159423828125,-0.5288645833333333,0.08288370966911315,0.11855233907699585
2021-005,2021-09-26 00:00:00,0.829058837890625,-0.63321875,0.05922515988349915,0.03262747824192047
2021-005,2021-09-26 03:00:00,0.829058837890625,-0.63321875,0.05922515988349915,0.03262747824192047
2021-005,2021-09-26 06:00:00,0.829058837890625,-0.5794739583333334,-0.023109610378742217,0.06303921937942505
2021-005,2021-09-26 09:00:00,0.829058837890625,-0.5794739583333334,-0.023109610378742217,0.06303921937942505
2021-005,2021-09-26 12:00:00,0.829058837890625,-0.7516302083333334,-0.0004856158047914505,0.1345020890235901
2021-005,2021-09-26 15:00:00,0.829058837890625,-0.7516302083333334,-0.0004856158047914505,0.1345020890235901
2021-005,2021-09-26 18:00:00,0.829058837890625,-0.6220260416666666,-0.04670968055725098,0.12776894569396974
2021-005,2021-09-26 21:00:00,0.829058837890625,-0.6220260416666666,-0.04670968055725098,0.12776894569396974
2021-005,2021-09-27 00:00:00,0.8256184895833333,-0.6904479166666667,-0.025984209775924683,0.086860191822052
2021-005,2021-09-27 03:00:00,0.8256184895833333,-0.6904479166666667,-0.025984209775924683,0.086860191822052
2021-005,2021-09-27 06:00:00,0.8256184895833333,-0.5944635416666667,-0.0594545841217041,0.1419827461242676
2021-005,2021-09-27 12:00:00,0.8256184895833333,-0.758421875,-0.043615618348121644,0.1461763024330139
2021-005,2021-09-27 18:00:00,0.8256184895833333,-0.54996875,-0.10277621746063233,0.24790668487548828
2021-005,2021-09-28 00:00:00,0.823284912109375,-0.5805677083333334,-0.08356423377990722,0.23716437816619873
2021-005,2021-09-28 03:00:00,0.823284912109375,-0.5805677083333334,-0.08356423377990722,0.23716437816619873
2021-006,2021-09-30 00:00:00,0.838409423828125,-0.60275,0.0019292710348963737,-0.03482478559017181
2021-006,2021-09-30 03:00:00,0.838409423828125,-0.60275,0.0019292710348963737,-0.03482478559017181
2021-006,2021-09-30 06:00:00,0.838360595703125,-0.458,-0.04814383685588837,0.071187424659729
2021-006,2021-09-30 12:00:00,0.838348388671875,-0.6891041666666666,0.04695951342582703,0.07504730224609375
2021-006,2021-09-30 18:00:00,0.8383158365885417,-0.5189895833333333,-0.0012217268347740173,0.14326250553131104
2021-006,2021-10-01 00:00:00,0.8336344401041667,-0.5750104166666666,-0.025916656851768492,0.0818703293800354
2021-006,2021-10-01 03:00:00,0.8336344401041667,-0.5750104166666666,-0.025916656851768492,0.0818703293800354
2021-006,2021-10-01 06:00:00,0.8336405436197917,-0.425796875,-0.05001224279403686,0.19414660930633545
2021-006,2021-10-01 09:00:00,0.8336405436197917,-0.425796875,-0.05001224279403686,0.19414660930633545
2021-006,2021-10-01 12:00:00,0.8337849934895833,-0.6523125,0.03115435242652893,0.13113435506820678
2021-006,2021-10-01 15:00:00,0.8337849934895833,-0.6523125,0.03115435242652893,0.13113435506820678
2021-006,2021-10-01 18:00:00,0.8337483723958333,-0.47258333333333336,-0.010175178945064544,0.18851832151412964
2021-006,2021-10-01 21:00:00,0.8337483723958333,-0.47258333333333336,-0.010175178945064544,0.18851832151412964
2021-006,2021-10-02 00:00:00,0.820916748046875,-0.566609375,0.04738045334815979,0.14299150705337524
2021-006,2021-10-02 03:00:00,0.820916748046875,-0.566609375,0.04738045334815979,0.14299150705337524
2021-006,2021-10-02 06:00:00,0.8210673014322917,-0.3874739583333333,-0.028304475545883178,0.20977590084075928
2021-006,2021-10-02 09:00:00,0.8210673014322917,-0.3874739583333333,-0.028304475545883178,0.20977590084075928
2021-006,2021-10-02 12:00:00,0.821148681640625,-0.5771822916666667,0.09342015981674194,0.13577090501785277
2021-006,2021-10-02 15:00:00,0.821148681640625,-0.5771822916666667,0.09342015981674194,0.13577090501785277
2021-006,2021-10-02 18:00:00,0.8210469563802083,-0.40277083333333336,0.017500150203704833,0.15339564085006713
2021-006,2021-10-02 21:00:00,0.8210469563802083,-0.40277083333333336,0.017500150203704833,0.15339564085006713
2021-006,2021-10-03 00:00:00,0.812646484375,-0.444546875,0.021170835196971893,0.09940011501312256
2021-006,2021-10-03 03:00:00,0.812646484375,-0.444546875,0.021170835196971893,0.09940011501312256
2021-006,2021-10-03 06:00:00,0.812725830078125,-0.2981197916666667,-0.029453152418136598,0.17811861038208007
2021-006,2021-10-03 09:00:00,0.812725830078125,-0.2981197916666667,-0.029453152418136598,0.17811861038208007
2021-006,2021-10-03 12:00:00,0.812762451171875,-0.50684375,0.06549462676048279,0.1362213134765625
2021-006,2021-10-03 15:00:00,0.812762451171875,-0.50684375,0.06549462676048279,0.1362213134765625
2021-006,2021-10-03 18:00:00,0.8126688639322917,-0.36403125,0.038445600867271425,0.16529603004455568
2021-006,2021-10-03 21:00:00,0.8126688639322917,-0.36403125,0.038445600867271425,0.16529603004455568
2021-006,2021-10-04 00:00:00,0.8107218424479167,-0.43658854166666666,0.10998413562774659,0.07101370692253113
2021-006,2021-10-04 03:00:00,0.8107218424479167,-0.43658854166666666,0.10998413562774659,0.07101370692253113
2021-006,2021-10-04 06:00:00,0.8106974283854167,-0.320203125,0.11193928718566895,0.05231750011444092
2021-007,2021-10-07 03:00:00,0.7667500813802083,-0.4589375,0.07474029660224915,-0.29728107452392577
2021-007,2021-10-07 06:00:00,0.7667500813802083,-0.27046354166666664,0.08312711715698243,-0.27485177516937254
2021-007,2021-10-07 12:00:00,0.7667500813802083,-0.4924895833333333,0.15477960109710692,-0.318141770362854
2021-007,2021-10-07 18:00:00,0.7667500813802083,-0.355796875,0.08978945016860962,-0.27246904373168945
2021-007,2021-10-08 00:00:00,0.7642578125,-0.48880729166666664,0.1779456615447998,-0.14355690479278566
2021-007,2021-10-08 03:00:00,0.7642578125,-0.48880729166666664,0.1779456615447998,-0.14355690479278566
2021-007,2021-10-08 06:00:00,0.7642578125,-0.26614583333333336,0.19643322229385377,-0.06516269445419312
2021-007,2021-10-08 12:00:00,0.7642578125,-0.4873177083333333,0.32803657054901125,-0.07947544455528259
2021-007,2021-10-08 18:00:00,0.7642578125,-0.31107291666666664,0.3256556510925293,0.011806603521108627
2021-008,2021-11-10 12:00:00,0.814111328125,-0.49199479166666665,-0.08579259514808654,-0.2523092746734619
2021-008,2021-11-10 18:00:00,0.814111328125,-0.39900520833333336,-0.04187045693397522,-0.02039642333984375
2021-008,2021-11-11 00:00:00,0.8082539876302083,-0.5281875,0.0372464120388031,0.08865885734558106
2021-008,2021-11-11 03:00:00,0.8082539876302083,-0.5281875,0.0372464120388031,0.08865885734558106
2021-008,2021-11-11 06:00:00,0.8082539876302083,-0.47733333333333333,0.11924073696136475,0.13829039335250853
2021-008,2021-11-11 12:00:00,0.8082539876302083,-0.5808645833333334,0.0600558340549469,0.19232381582260133
2021-008,2021-11-11 18:00:00,0.8082539876302083,-0.4174322916666667,-0.04572813510894776,0.28993237018585205
2021-009,2021-11-18 03:00:00,0.800189208984375,-0.47043229166666667,-0.08113551139831543,-0.10248839855194092
2021-009,2021-11-18 06:00:00,0.800189208984375,-0.382796875,-0.08800117373466491,0.020641347765922545
2021-009,2021-11-18 12:00:00,0.800189208984375,-0.557953125,-0.049801334738731384,0.15762200355529785
2021-009,2021-11-18 18:00:00,0.800189208984375,-0.43480729166666665,-0.08353416323661804,0.32349276542663574
2021-009,2021-11-19 00:00:00,0.79979248046875,-0.5475989583333334,-0.05372857451438904,0.3487973213195801
2021-009,2021-11-19 03:00:00,0.79979248046875,-0.5475989583333334,-0.05372857451438904,0.3487973213195801
2021-010,2021-12-02 12:00:00,0.787762451171875,-0.20575520833333333,-0.2597938299179077,-0.168112850189209
2021-010,2021-12-02 18:00:00,0.787762451171875,-0.06780208333333333,-0.240220308303833,-0.045561522245407104
2021-010,2021-12-03 00:00:00,0.784112548828125,-0.16036458333333334,-0.23804574012756347,0.02918008267879486
2021-010,2021-12-03 03:00:00,0.784112548828125,-0.16036458333333334,-0.23804574012756347,0.02918008267879486
2021-010,2021-12-03 06:00:00,0.784112548828125,-0.042817708333333336,-0.19823148250579833,0.13060007095336915
2021-010,2021-12-03 09:00:00,0.784112548828125,-0.042817708333333336,-0.19823148250579833,0.13060007095336915
2021-010,2021-12-03 12:00:00,0.784112548828125,-0.15680729166666665,-0.10031797885894775,0.07156662344932556
2021-010,2021-12-03 15:00:00,0.784112548828125,-0.15680729166666665,-0.10031797885894775,0.07156662344932556
2021-010,2021-12-03 18:00:00,0.784112548828125,-0.050708333333333334,-0.12762951850891113,0.14268678426742554
2021-010,2021-12-03 21:00:00,0.784112548828125,-0.050708333333333334,-0.12762951850891113,0.14268678426742554
2021-010,2021-12-04 00:00:00,0.7811991373697916,-0.138734375,-0.06803039312362671,0.14412742853164673
2021-010,2021-12-04 03:00:00,0.7811991373697916,-0.138734375,-0.06803039312362671,0.14412742853164673
2021-010,2021-12-04 06:00:00,0.7811991373697916,-0.056,-0.03683812618255615,0.18699134588241578
2021-010,2021-12-04 09:00:00,0.7811991373697916,-0.056,-0.03683812618255615,0.18699134588241578
2021-010,2021-12-04 12:00:00,0.7811991373697916,-0.13990104166666667,-0.009004895389080048,0.1124770164489746
2021-010,2021-12-04 18:00:00,0.7811991373697916,0.004453125,-0.07443727254867553,0.1177456259727478
2021-010,2021-12-05 00:00:00,0.7812235514322917,-0.07316666666666667,-0.0814602792263031,0.13568061590194702
2021-010,2021-12-05 03:00:00,0.7812235514322917,-0.07316666666666667,-0.0814602792263031,0.13568061590194702
2021-010,2021-12-05 06:00:00,0.7812235514322917,-0.03202083333333333,-0.09382810592651367,0.1410571575164795
2021-010,2021-12-05 09:00:00,0.7812235514322917,-0.03202083333333333,-0.09382810592651367,0.1410571575164795
2021-010,2021-12-05 12:00:00,0.7812235514322917,-0.17458333333333334,-0.07757933735847473,0.09364766478538514
2021-010,2021-12-05 18:00:00,0.7812235514322917,-0.05267708333333333,-0.12448394298553467,0.12569069862365723
2022-001,2022-03-03 00:00:00,0.781024169921875,-0.298140625,-0.3738732099533081,-0.42731671333312987
2022-001,2022-03-03 03:00:00,0.781024169921875,-0.298140625,-0.3738732099533081,-0.42731671333312987
2022-001,2022-03-03 06:00:00,0.781024169921875,-0.161875,-0.37773904800415037,-0.38165233135223386
2022-001,2022-03-03 12:00:00,0.781024169921875,-0.3591979166666667,-0.29256105422973633,-0.28930666446685793
2022-001,2022-03-03 18:00:00,0.781024169921875,-0.15426041666666668,-0.2700331687927246,-0.10994925498962402
2022-001,2022-03-04 00:00:00,0.78165283203125,-0.29654166666666665,-0.15536497831344603,0.00817587748169899
2022-001,2022-03-04 03:00:00,0.78165283203125,-0.29654166666666665,-0.15536497831344603,0.00817587748169899
2022-001,2022-03-04 06:00:00,0.78165283203125,-0.14275,-0.15156270265579225,0.01156529039144516
2022-001,2022-03-04 12:00:00,0.78165283203125,-0.29439583333333336,-0.08466832637786866,-0.06315903663635254
2022-001,2022-03-04 18:00:00,0.78165283203125,-0.12755729166666666,-0.0719128668308258,-0.04826685190200806
2022-001,2022-03-05 00:00:00,0.7773417154947917,-0.2781927083333333,-0.018897061049938203,-0.04196341335773468
2022-001,2022-03-05 03:00:00,0.7773417154947917,-0.2781927083333333,-0.018897061049938203,-0.04196341335773468
2022-001,2022-03-05 06:00:00,0.7773417154947917,-0.14792708333333332,0.03990827202796936,-0.13418905735015868
2022-001,2022-03-05 12:00:00,0.7773417154947917,-0.336515625,-0.05977839231491089,-0.24537336826324463
2022-001,2022-03-05 18:00:00,0.7773417154947917,-0.1695625,-0.19493752717971802,-0.18127375841140747
2022-001,2022-03-06 00:00:00,0.7767008463541667,-0.30571354166666664,-0.24105701446533204,-0.13720419406890869
2022-002,2022-03-20 00:00:00,0.805499267578125,-0.48128645833333333,0.0454113095998764,-0.03264710009098053
2022-002,2022-03-20 03:00:00,0.805499267578125,-0.48128645833333333,0.0454113095998764,-0.03264710009098053
2022-002,2022-03-20 06:00:00,0.805499267578125,-0.3879739583333333,0.10243787765502929,0.017586687207221986
2022-002,2022-03-20 12:00:00,0.805499267578125,-0.50603125,0.205437970161438,0.0322905033826828
2022-002,2022-03-20 18:00:00,0.805499267578125,-0.368984375,0.15368869304656982,0.0618992030620575
2022-002,2022-03-21 00:00:00,0.7976725260416667,-0.436578125,0.12453399896621704,0.020079772174358367
2022-002,2022-03-21 03:00:00,0.7976725260416667,-0.436578125,0.12453399896621704,0.020079772174358367
2022-002,2022-03-21 06:00:00,0.7976725260416667,-0.345109375,0.12483175992965698,0.08043246865272521
2022-002,2022-03-21 12:00:00,0.7976725260416667,-0.4911875,0.18609713315963744,0.10649091005325317
2022-002,2022-03-21 18:00:00,0.7976725260416667,-0.3602916666666667,0.15891369581222534,0.17309919595718384
2022-002,2022-03-22 00:00:00,0.7917277018229166,-0.38163541666666667,0.1806354522705078,0.1551077961921692
2022-002,2022-03-22 03:00:00,0.7917277018229166,-0.38163541666666667,0.1806354522705078,0.1551077961921692
2022-002,2022-03-22 06:00:00,0.7917277018229166,-0.2741875,0.20476741790771485,0.18955823183059692
2022-002,2022-03-22 09:00:00,0.7917277018229166,-0.2741875,0.20476741790771485,0.18955823183059692
2022-002,2022-03-22 12:00:00,0.7917277018229166,-0.4207916666666667,0.2525130033493042,0.0807921290397644
2022-002,2022-03-22 18:00:00,0.7917277018229166,-0.2503229166666667,0.1867511034011841,0.1257534623146057
2022-002,2022-03-23 00:00:00,0.7868794759114583,-0.3027447916666667,0.15194120407104492,0.12527086734771728
2022-003,2022-05-07 06:00:00,0.920233154296875,-0.4885364583333333,0.05002850294113159,-0.059639209508895875
2022-003,2022-05-07 12:00:00,0.920233154296875,-0.6831041666666666,-0.04404878914356232,-0.0034013405442237855
2022-003,2022-05-07 18:00:00,0.920233154296875,-0.5766458333333333,-0.10250662565231324,0.1026879906654358
2022-003,2022-05-08 00:00:00,0.9055806477864583,-0.680984375,-0.04442043304443359,0.13401439189910888
2022-003,2022-05-08 03:00:00,0.9055806477864583,-0.680984375,-0.04442043304443359,0.13401439189910888
2022-003,2022-05-08 06:00:00,0.9055806477864583,-0.6345572916666666,0.010026781260967255,0.1667828917503357
2022-003,2022-05-08 09:00:00,0.9055806477864583,-0.6345572916666666,0.010026781260967255,0.1667828917503357
2022-003,2022-05-08 12:00:00,0.9055806477864583,-0.80615625,-0.038481059670448306,0.1953350067138672
2022-003,2022-05-08 15:00:00,0.9055806477864583,-0.80615625,-0.038481059670448306,0.1953350067138672
2022-003,2022-05-08 18:00:00,0.9055806477864583,-0.6926614583333334,-0.034768512845039366,0.34699833393096924
2022-003,2022-05-08 21:00:00,0.9055806477864583,-0.6926614583333334,-0.034768512845039366,0.34699833393096924
2022-003,2022-05-09 00:00:00,0.890093994140625,-0.7816197916666666,0.039098736643791196,0.359970760345459
2022-003,2022-05-09 03:00:00,0.890093994140625,-0.7816197916666666,0.039098736643791196,0.359970760345459
2022-003,2022-05-09 06:00:00,0.890093994140625,-0.7020989583333334,0.047157981991767885,0.41287736892700194
2022-003,2022-05-09 09:00:00,0.890093994140625,-0.7020989583333334,0.047157981991767885,0.41287736892700194
2022-003,2022-05-09 12:00:00,0.890093994140625,-0.8373854166666667,0.007083236426115036,0.4426849365234375
2022-003,2022-05-09 15:00:00,0.890093994140625,-0.8373854166666667,0.007083236426115036,0.4426849365234375
2022-003,2022-05-09 18:00:00,0.890093994140625,-0.6984635416666667,0.011582907289266586,0.5667285442352294
2022-003,2022-05-09 21:00:00,0.890093994140625,-0.6984635416666667,0.011582907289266586,0.5667285442352294
2022-003,2022-05-10 00:00:00,0.8696431477864583,-0.7577552083333333,0.09612451195716858,0.4821132183074951
2022-003,2022-05-10 03:00:00,0.8696431477864583,-0.7577552083333333,0.09612451195716858,0.4821132183074951
2022-003,2022-05-10 06:00:00,0.8696431477864583,-0.6233697916666666,0.09159295558929444,0.4990415573120117
2022-003,2022-05-10 09:00:00,0.8696431477864583,-0.6233697916666666,0.09159295558929444,0.4990415573120117
2022-003,2022-05-10 12:00:00,0.8696431477864583,-0.7757864583333334,0.03361726701259613,0.5155624389648438
2022-003,2022-05-10 15:00:00,0.8696431477864583,-0.7757864583333334,0.03361726701259613,0.5155624389648438
2022-003,2022-05-10 18:00:00,0.8696431477864583,-0.5991510416666667,0.043260964751243594,0.6422686576843262
2022-003,2022-05-10 21:00:00,0.8696431477864583,-0.5991510416666667,0.043260964751243594,0.6422686576843262
2022-003,2022-05-11 00:00:00,0.8571797688802083,-0.676390625,0.14252276420593263,0.5920798778533936
2022-003,2022-05-11 03:00:00,0.8571797688802083,-0.676390625,0.14252276420593263,0.5920798778533936
2022-003,2022-05-11 06:00:00,0.8571797688802083,-0.545171875,0.16981201171875,0.5947602748870849
2022-003,2022-05-11 09:00:00,0.8571797688802083,-0.545171875,0.16981201171875,0.5947602748870849
2022-003,2022-05-11 12:00:00,0.8571797688802083,-0.6754322916666666,0.2064758062362671,0.5226126194000245
2022-003,2022-05-11 15:00:00,0.8571797688802083,-0.6754322916666666,0.2064758062362671,0.5226126194000245
2022-003,2022-05-11 18:00:00,0.8571797688802083,-0.4691927083333333,0.2393587350845337,0.5821553707122803
2022-003,2022-05-12 00:00:00,0.846759033203125,-0.5462604166666667,0.335634183883667,0.49042682647705077
2022-004,2022-05-20 03:00:00,0.858203125,-0.44068229166666667,0.12898023128509523,0.020865368843078613
2022-004,2022-05-20 06:00:00,0.858203125,-0.48202083333333334,0.2630088567733765,0.04979667961597443
2022-004,2022-05-20 09:00:00,0.858203125,-0.48202083333333334,0.2630088567733765,0.04979667961597443
2022-004,2022-05-20 12:00:00,0.858203125,-0.605546875,0.26940743923187255,0.07300872206687928
2022-004,2022-05-20 18:00:00,0.858203125,-0.5811822916666667,0.3025181293487549,0.08700794577598572
2022-005,2022-07-16 03:00:00,0.7747843424479167,-1.1613333333333333,0.36355130672454833,-0.12012678384780884
2022-005,2022-07-16 06:00:00,0.77470703125,-1.0799635416666666,0.17561523914337157,-0.10789881944656372
2022-005,2022-07-16 12:00:00,0.7748921712239584,-1.2272239583333333,0.3489818572998047,0.07640871405601501
2022-005,2022-07-16 18:00:00,0.7748433430989583,-0.9901458333333333,0.39339780807495117,0.16990277767181397
2022-005,2022-07-17 00:00:00,0.7764811197916667,-1.0509635416666667,0.39441158771514895,0.20521984100341797
2022-005,2022-07-17 03:00:00,0.7764811197916667,-1.0509635416666667,0.39441158771514895,0.20521984100341797
2022-005,2022-07-17 06:00:00,0.776678466796875,-0.9074114583333334,0.27736601829528806,0.2675518035888672
2022-005,2022-07-17 12:00:00,0.776751708984375,-0.9986145833333333,0.335703706741333,0.343644905090332
2022-005,2022-07-17 18:00:00,0.776611328125,-0.8008229166666667,0.24652767181396484,0.4529876708984375
2022-006,2022-08-09 03:00:00,0.866046142578125,-1.186453125,0.03562285602092743,0.13733973503112792
2022-006,2022-08-09 06:00:00,0.866046142578125,-1.1435052083333332,0.012267888337373734,0.2279369592666626
2022-006,2022-08-09 12:00:00,0.866046142578125,-1.3144635416666666,0.09503554701805114,0.23518476486206055
2022-006,2022-08-09 18:00:00,0.866046142578125,-1.1581927083333334,0.12054229974746704,0.2949998140335083
2022-007,2022-08-12 03:00:00,0.7318990071614583,-1.2296614583333334,0.538890027999878,0.24057655334472655
2022-007,2022-08-12 06:00:00,0.7317850748697917,-1.1253802083333333,0.4799367427825928,0.3223046541213989
2022-007,2022-08-12 12:00:00,0.73193359375,-1.2281145833333333,0.5304152011871338,0.3805720567703247
2022-007,2022-08-12 18:00:00,0.7318705240885417,-1.0606927083333333,0.45300917625427245,0.46610546112060547
2022-007,2022-08-13 00:00:00,0.7179850260416667,-1.1516770833333334,0.3968201160430908,0.403074312210083
2022-007,2022-08-13 03:00:00,0.7179850260416667,-1.1516770833333334,0.3968201160430908,0.403074312210083
2022-007,2022-08-13 06:00:00,0.7179951985677083,-1.031703125,0.37518346309661865,0.5155736923217773
2022-008,2022-08-14 03:00:00,0.7873982747395833,-0.8000625,0.09698107838630676,0.04795550107955933
2022-008,2022-08-14 06:00:00,0.7873982747395833,-0.6841822916666667,0.052469396591186525,0.11637970209121704
2022-008,2022-08-14 12:00:00,0.7873982747395833,-0.825109375,0.04721225202083588,0.13290011882781982
2022-008,2022-08-14 18:00:00,0.7873982747395833,-0.6710416666666666,0.0153032585978508,0.136214280128479
2022-008,2022-08-15 00:00:00,0.8191792805989583,-0.715328125,-0.007764926552772522,0.11630760431289673
2022-008,2022-08-15 03:00:00,0.8191792805989583,-0.715328125,-0.007764926552772522,0.11630760431289673
2022-008,2022-08-15 06:00:00,0.8191792805989583,-0.6016822916666666,-0.050560164451599124,0.17726942300796508
2022-008,2022-08-15 12:00:00,0.8191792805989583,-0.7135989583333333,0.02889029383659363,0.17514436244964598
2022-008,2022-08-15 18:00:00,0.8191792805989583,-0.5527135416666666,0.04170446991920471,0.21904072761535645
2022-008,2022-08-16 00:00:00,0.8312113444010417,-0.5941458333333334,0.04912494122982025,0.1866922616958618
2022-008,2022-08-16 03:00:00,0.8312113444010417,-0.5941458333333334,0.04912494122982025,0.1866922616958618
2022-008,2022-08-16 06:00:00,0.8312113444010417,-0.5386822916666667,0.12726809978485107,0.2586996078491211
2022-009,2022-08-19 00:00:00,0.802618408203125,-0.7091875,0.20291707515716553,0.038849872350692746
2022-009,2022-08-19 03:00:00,0.802618408203125,-0.7091875,0.20291707515716553,0.038849872350692746
2022-009,2022-08-19 06:00:00,0.802618408203125,-0.623515625,0.22683341503143312,0.011643566191196442
2022-009,2022-08-19 12:00:00,0.802618408203125,-0.7900677083333333,0.18663396835327148,0.09132774472236634
2022-009,2022-08-19 15:00:00,0.802618408203125,-0.7900677083333333,0.18663396835327148,0.09132774472236634
2022-009,2022-08-19 18:00:00,0.802618408203125,-0.6025729166666667,0.13680015802383422,0.13081995248794556
2022-009,2022-08-20 00:00:00,0.8034810384114583,-0.6627760416666667,0.12097345590591431,0.10502606630325317
2022-009,2022-08-20 03:00:00,0.8034810384114583,-0.6627760416666667,0.12097345590591431,0.10502606630325317
2022-009,2022-08-20 06:00:00,0.8034810384114583,-0.584984375,0.12531716823577882,0.1011781096458435
2022-009,2022-08-20 12:00:00,0.8034810384114583,-0.8189791666666667,0.11268632411956787,0.09048261642456054
2022-009,2022-08-20 18:00:00,0.8034810384114583,-0.6863333333333334,0.110985267162323,0.1171147108078003
2022-009,2022-08-21 00:00:00,0.81278076171875,-0.7203125,0.09483040571212768,0.07509223818778991
2022-009,2022-08-21 03:00:00,0.81278076171875,-0.7203125,0.09483040571212768,0.07509223818778991
2022-009,2022-08-21 06:00:00,0.81278076171875,-0.6747916666666667,0.13138362169265747,0.11083866357803344
2022-009,2022-08-21 12:00:00,0.81278076171875,-0.89334375,0.1596325397491455,0.10074063539505004
2022-009,2022-08-21 18:00:00,0.81278076171875,-0.729859375,0.15621830224990846,0.12043336629867554
2022-009,2022-08-22 00:00:00,0.8100484212239584,-0.8465416666666666,0.15678554773330688,0.08602636456489562
2022-009,2022-08-22 03:00:00,0.8100484212239584,-0.8465416666666666,0.15678554773330688,0.08602636456489562
2022-009,2022-08-22 06:00:00,0.8100484212239584,-0.7371666666666666,0.21156587600708007,0.13025559186935426
2022-009,2022-08-22 12:00:00,0.8100484212239584,-0.874671875,0.15425161123275757,0.10289962291717529
2022-009,2022-08-22 18:00:00,0.8100484212239584,-0.70334375,0.10747208595275878,0.15594409704208373
2022-009,2022-08-23 00:00:00,0.8196736653645833,-0.7478385416666666,0.1007186770439148,0.13235429525375367
2022-010,2022-09-11 00:00:00,0.8579305013020834,-0.7796822916666667,0.04103169143199921,0.11545329093933106
2022-010,2022-09-11 03:00:00,0.8579305013020834,-0.7796822916666667,0.04103169143199921,0.11545329093933106
2022-010,2022-09-11 06:00:00,0.8579305013020834,-0.7073333333333334,0.041885432600975034,0.20077757835388182
2022-010,2022-09-11 12:00:00,0.8579305013020834,-0.949359375,0.07195683121681214,0.2599462032318115
2022-010,2022-09-11 18:00:00,0.8579305013020834,-0.7466197916666667,0.11342074871063232,0.33039963245391846
2022-010,2022-09-12 00:00:00,0.8572041829427083,-0.8575989583333333,0.1506771445274353,0.3357647657394409
2022-011,2022-10-22 03:00:00,0.839471435546875,-0.08757291666666667,-0.19862524271011353,-0.272474479675293
2022-011,2022-10-22 06:00:00,0.839471435546875,-0.08889583333333333,-0.26367697715759275,-0.19314775466918946
2022-011,2022-10-22 12:00:00,0.839471435546875,-0.232609375,-0.19318323135375975,-0.06969702243804932
2022-011,2022-10-22 18:00:00,0.839471435546875,-0.14707291666666666,-0.15360548496246337,0.0317842960357666
2022-011,2022-10-23 00:00:00,0.8296040852864583,-0.237421875,-0.11591278314590454,0.02385154664516449
2022-011,2022-10-23 03:00:00,0.8296040852864583,-0.237421875,-0.11591278314590454,0.02385154664516449
2022-011,2022-10-23 06:00:00,0.8296040852864583,-0.22134895833333335,-0.11250596046447754,0.12681636810302735
2022-011,2022-10-23 12:00:00,0.8296040852864583,-0.360234375,0.026506295800209044,0.10388771295547486
2022-011,2022-10-23 15:00:00,0.8296040852864583,-0.360234375,0.026506295800209044,0.10388771295547486
2022-011,2022-10-23 18:00:00,0.8296040852864583,-0.3370416666666667,0.06824661493301391,0.1765229344367981
2022-011,2022-10-23 21:00:00,0.8296040852864583,-0.3370416666666667,0.06824661493301391,0.1765229344367981
2022-011,2022-10-24 00:00:00,0.8170756022135417,-0.4398125,0.1278365135192871,0.12085263729095459
2022-011,2022-10-24 03:00:00,0.8170756022135417,-0.4398125,0.1278365135192871,0.12085263729095459
2022-011,2022-10-24 06:00:00,0.8170756022135417,-0.39479166666666665,0.19306058883666993,0.16363372802734374
2022-011,2022-10-24 09:00:00,0.8170756022135417,-0.39479166666666665,0.19306058883666993,0.16363372802734374
2022-011,2022-10-24 12:00:00,0.8170756022135417,-0.48311458333333335,0.30902178287506105,0.10994622707366944
2022-011,2022-10-24 15:00:00,0.8170756022135417,-0.48311458333333335,0.30902178287506105,0.10994622707366944
2022-011,2022-10-24 18:00:00,0.8170756022135417,-0.33355208333333336,0.29023921489715576,0.13680872917175294
2022-011,2022-10-24 21:00:00,0.8170756022135417,-0.33355208333333336,0.29023921489715576,0.13680872917175294
2022-011,2022-10-25 00:00:00,0.811297607421875,-0.32523958333333336,0.2647130489349365,0.09484599232673645
2022-012,2022-11-20 00:00:00,0.7703694661458333,-0.38890625,-0.045306223630905154,-0.32520208358764646
2022-012,2022-11-20 03:00:00,0.7703694661458333,-0.38890625,-0.045306223630905154,-0.32520208358764646
2022-012,2022-11-20 06:00:00,0.7703694661458333,-0.29469270833333333,-0.0011137286201119423,-0.348634934425354
2022-012,2022-11-20 12:00:00,0.7703694661458333,-0.46752083333333333,-0.015593858063220977,-0.27665205001831056
2022-012,2022-11-20 18:00:00,0.7703694661458333,-0.3335416666666667,-0.024594633281230925,-0.14692012071609498
2022-012,2022-11-21 00:00:00,0.770379638671875,-0.40065625,0.10738319158554077,-0.12219915390014649
2022-012,2022-11-21 03:00:00,0.770379638671875,-0.40065625,0.10738319158554077,-0.12219915390014649
2022-012,2022-11-21 06:00:00,0.770379638671875,-0.292140625,0.15039802789688111,-0.05876030921936035
2022-012,2022-11-21 12:00:00,0.770379638671875,-0.37884375,0.12365756034851075,-0.04984574317932129
2022-012,2022-11-21 18:00:00,0.770379638671875,-0.24978645833333332,0.08952863812446595,0.0463236004114151
2022-012,2022-11-22 00:00:00,0.7659281412760417,-0.3361458333333333,0.09388605356216431,0.060895735025405885
2022-013,2022-12-06 12:00:00,0.7714986165364583,-0.35634895833333335,-0.19405713081359863,-0.4211029052734375
2022-013,2022-12-06 18:00:00,0.7714986165364583,-0.27097916666666666,-0.20182511806488038,-0.35293676853179934
2022-013,2022-12-07 00:00:00,0.7728861490885417,-0.38507291666666665,-0.12061587572097779,-0.28704540729522704
2022-013,2022-12-07 03:00:00,0.7728861490885417,-0.38507291666666665,-0.12061587572097779,-0.28704540729522704
2022-013,2022-12-07 06:00:00,0.7728861490885417,-0.333234375,-0.10812162160873413,-0.2265697717666626
2022-013,2022-12-07 12:00:00,0.7728861490885417,-0.47604166666666664,-0.04352516233921051,-0.19558980464935302
2022-013,2022-12-07 18:00:00,0.7728861490885417,-0.36977604166666667,-0.03684764206409454,-0.0963368535041809
2022-013,2022-12-07 21:00:00,0.7728861490885417,-0.36977604166666667,-0.03684764206409454,-0.0963368535041809
2022-013,2022-12-08 00:00:00,0.7628336588541667,-0.49232291666666667,0.0034816935658454895,0.026550212502479555
2022-013,2022-12-08 03:00:00,0.7628336588541667,-0.49232291666666667,0.0034816935658454895,0.026550212502479555
2022-013,2022-12-08 06:00:00,0.7628336588541667,-0.3935416666666667,0.013781675696372985,0.06400546431541443
2022-013,2022-12-08 09:00:00,0.7628336588541667,-0.3935416666666667,0.013781675696372985,0.06400546431541443
2022-013,2022-12-08 12:00:00,0.7628336588541667,-0.5076979166666666,0.06501511931419372,0.10393408536911011
2022-013,2022-12-08 15:00:00,0.7628336588541667,-0.5076979166666666,0.06501511931419372,0.10393408536911011
2022-013,2022-12-08 18:00:00,0.7628336588541667,-0.3675260416666667,0.03436400890350342,0.2133429765701294
2022-013,2022-12-08 21:00:00,0.7628336588541667,-0.3675260416666667,0.03436400890350342,0.2133429765701294
2022-013,2022-12-09 00:00:00,0.7544576009114583,-0.45569791666666665,0.08120309710502624,0.21728978157043458
2022-013,2022-12-09 03:00:00,0.7544576009114583,-0.45569791666666665,0.08120309710502624,0.21728978157043458
2022-013,2022-12-09 06:00:00,0.7544576009114583,-0.34307291666666667,0.035311126708984376,0.25079004764556884
2022-013,2022-12-09 09:00:00,0.7544576009114583,-0.34307291666666667,0.035311126708984376,0.25079004764556884
2022-013,2022-12-09 12:00:00,0.7544576009114583,-0.43905208333333334,0.02734617590904236,0.33105413913726806
2022-013,2022-12-09 15:00:00,0.7544576009114583,-0.43905208333333334,0.02734617590904236,0.33105413913726806
2022-013,2022-12-09 18:00:00,0.7544576009114583,-0.28658854166666664,0.0755732536315918,0.3958986759185791
2022-013,2022-12-09 21:00:00,0.7544576009114583,-0.28658854166666664,0.0755732536315918,0.3958986759185791
2022-013,2022-12-10 00:00:00,0.7479634602864583,-0.39444270833333334,0.07727267146110535,0.33400123119354247
2022-013,2022-12-10 03:00:00,0.7479634602864583,-0.39444270833333334,0.07727267146110535,0.33400123119354247
2022-013,2022-12-10 06:00:00,0.7479634602864583,-0.28638541666666667,0.056418097019195555,0.3374393701553345
2022-014,2022-12-14 09:00:00,0.7129781087239583,-0.06321354166666666,-0.22208516597747802,-0.38385796546936035
2022-014,2022-12-14 12:00:00,0.7129781087239583,-0.2657083333333333,-0.16501834392547607,-0.37856359481811525
2022-014,2022-12-14 18:00:00,0.7129781087239583,-0.11291666666666667,-0.290502142906189,-0.33465850353240967
2022-014,2022-12-15 00:00:00,0.71346435546875,-0.2856197916666667,-0.30962495803833007,-0.24784884452819825
2022-014,2022-12-15 00:00:00,0.71346435546875,-0.2856197916666667,-0.30962495803833007,-0.24784884452819825
2022-014,2022-12-15 03:00:00,0.71346435546875,-0.2856197916666667,-0.30962495803833007,-0.24784884452819825
2022-014,2022-12-15 12:00:00,0.71346435546875,-0.3965208333333333,-0.25766959190368655,-0.24946870803833007
2022-014,2022-12-15 18:00:00,0.71346435546875,-0.226734375,-0.3397351264953613,-0.25891623497009275
2022-014,2022-12-16 00:00:00,0.7126302083333333,-0.3373072916666667,-0.32980587482452395,-0.1411507844924927
2022-014,2022-12-16 03:00:00,0.7126302083333333,-0.3373072916666667,-0.32980587482452395,-0.1411507844924927
2022-014,2022-12-16 06:00:00,0.7126302083333333,-0.14425520833333333,-0.2951901197433472,-0.09830686450004578
2022-014,2022-12-16 12:00:00,0.7126302083333333,-0.399359375,-0.2462322473526001,-0.13556724786758423
2022-014,2022-12-16 18:00:00,0.7126302083333333,-0.19494270833333333,-0.3079594850540161,-0.15059993267059327
2022-014,2022-12-17 00:00:00,0.7108194986979167,-0.277390625,-0.2702594518661499,-0.0789165198802948
2022-014,2022-12-17 03:00:00,0.7108194986979167,-0.277390625,-0.2702594518661499,-0.0789165198802948
2022-014,2022-12-17 06:00:00,0.7108194986979167,-0.06378125,-0.3259092092514038,-0.08727895021438599
2022-015,2022-12-22 03:00:00,0.7245157877604167,-0.44046875,-0.2602510452270508,-0.22305901050567628
2022-015,2022-12-22 06:00:00,0.7245157877604167,-0.32785416666666667,-0.1860612988471985,-0.19964613914489746
2022-015,2022-12-22 12:00:00,0.7245157877604167,-0.431765625,-0.14473570585250856,-0.33211185932159426
2022-015,2022-12-22 18:00:00,0.7245157877604167,-0.3141979166666667,-0.10286757946014405,-0.22450528144836426
2022-015,2022-12-23 00:00:00,0.7249674479166667,-0.41922916666666665,-0.01696707308292389,-0.26230707168579104
2022-015,2022-12-23 03:00:00,0.7249674479166667,-0.41922916666666665,-0.01696707308292389,-0.26230707168579104
2022-015,2022-12-23 06:00:00,0.7249674479166667,-0.34784895833333335,-0.0034885227680206297,-0.328872013092041
2022-015,2022-12-23 12:00:00,0.7249674479166667,-0.46471875,-0.11576952934265136,-0.34986157417297364
2022-015,2022-12-23 18:00:00,0.7249674479166667,-0.285984375,-0.1301007866859436,-0.13567864894866943
2022-015,2022-12-24 00:00:00,0.7235799153645833,-0.368609375,-0.06349221467971802,-0.060071122646331784
2022-015,2022-12-24 03:00:00,0.7235799153645833,-0.368609375,-0.06349221467971802,-0.060071122646331784
2022-015,2022-12-24 06:00:00,0.7235799153645833,-0.24003645833333334,-0.10159033536911011,-0.08672593832015991
2022-015,2022-12-24 12:00:00,0.7235799153645833,-0.38853125,-0.24779410362243653,-0.0835452139377594
2022-015,2022-12-24 18:00:00,0.7235799153645833,-0.2697291666666667,-0.35091686248779297,0.011871259659528732
2022-015,2022-12-25 00:00:00,0.725885009765625,-0.3394479166666667,-0.3698701858520508,0.06670181751251221
2022-015,2022-12-25 03:00:00,0.725885009765625,-0.3394479166666667,-0.3698701858520508,0.06670181751251221
2022-015,2022-12-25 06:00:00,0.725885009765625,-0.158859375,-0.5209863185882568,0.06315067410469055
2023-001,2023-01-30 03:00:00,0.7254313151041667,-0.3392864583333333,-0.2518070459365845,-0.22730617523193358
2023-001,2023-01-30 06:00:00,0.7254313151041667,-0.22708333333333333,-0.27305381298065184,-0.1890913128852844
2023-001,2023-01-30 12:00:00,0.7254313151041667,-0.3614583333333333,-0.19190376996994019,-0.16776179075241088
2023-001,2023-01-30 18:00:00,0.7254313151041667,-0.210640625,-0.11898976564407349,-0.07019370198249816
2023-001,2023-01-31 00:00:00,0.720428466796875,-0.3360989583333333,-0.08217301964759827,-0.012920188903808593
2023-001,2023-01-31 03:00:00,0.720428466796875,-0.3360989583333333,-0.08217301964759827,-0.012920188903808593
2023-001,2023-01-31 06:00:00,0.720428466796875,-0.20531770833333332,-0.05636123418807983,-0.027300074696540833
2023-001,2023-01-31 12:00:00,0.720428466796875,-0.40227083333333336,-0.0025957966223359107,-0.1005782127380371
2023-001,2023-01-31 18:00:00,0.720428466796875,-0.24417708333333332,-0.08607145547866821,-0.036459681391716
2023-001,2023-02-01 00:00:00,0.7233561197916667,-0.37344791666666666,-0.1010534405708313,0.01909612715244293
2023-001,2023-02-01 03:00:00,0.7233561197916667,-0.37344791666666666,-0.1010534405708313,0.01909612715244293
2023-001,2023-02-01 06:00:00,0.7233561197916667,-0.26335416666666667,-0.09310899376869201,-0.006409097462892532
2023-001,2023-02-01 12:00:00,0.7233561197916667,-0.39616666666666667,-0.11063019037246705,-0.10237388610839844
2023-001,2023-02-01 18:00:00,0.7233561197916667,-0.23190625,-0.20665719509124755,-0.13561549186706542
2023-001,2023-02-02 00:00:00,0.7310567220052083,-0.34130208333333334,-0.29200115203857424,-0.11918120384216309
2023-001,2023-02-02 03:00:00,0.7310567220052083,-0.34130208333333334,-0.29200115203857424,-0.11918120384216309
2023-001,2023-02-02 06:00:00,0.7310567220052083,-0.19589583333333332,-0.27326064109802245,-0.08755475282669067
2023-001,2023-02-02 12:00:00,0.7310567220052083,-0.34338541666666667,-0.24184715747833252,-0.12285938262939453
2023-002,2023-05-09 12:00:00,0.9314453125,-0.57015625,0.05955106019973755,0.12058290243148803
2023-002,2023-05-09 18:00:00,0.9314453125,-0.4227447916666667,0.01704472452402115,0.1987416625022888
2023-002,2023-05-10 00:00:00,0.9206990559895833,-0.4135052083333333,-0.013622088730335236,0.20772299766540528
2023-002,2023-05-10 03:00:00,0.9206990559895833,-0.4135052083333333,-0.013622088730335236,0.20772299766540528
2023-002,2023-05-10 06:00:00,0.9206990559895833,-0.3798125,0.008553189784288406,0.21708693504333496
2023-002,2023-05-10 12:00:00,0.9206990559895833,-0.53575,0.032276099920272826,0.23240892887115477
2023-002,2023-05-10 18:00:00,0.9206990559895833,-0.3751614583333333,0.013731525838375091,0.2892280578613281
2023-002,2023-05-11 00:00:00,0.9133687337239583,-0.32941145833333335,-0.0048227708786726,0.23901231288909913
2023-002,2023-05-11 03:00:00,0.9133687337239583,-0.32941145833333335,-0.0048227708786726,0.23901231288909913
2023-002,2023-05-11 06:00:00,0.9133687337239583,-0.326265625,-0.003928215429186821,0.2591652154922485
2023-002,2023-05-11 09:00:00,0.9133687337239583,-0.326265625,-0.003928215429186821,0.2591652154922485
2023-002,2023-05-11 12:00:00,0.9133687337239583,-0.4996510416666667,0.041731759905815125,0.26346821784973146
2023-002,2023-05-11 15:00:00,0.9133687337239583,-0.4996510416666667,0.041731759905815125,0.26346821784973146
2023-002,2023-05-11 18:00:00,0.9133687337239583,-0.3624583333333333,0.055493640899658206,0.3204957485198975
2023-002,2023-05-11 21:00:00,0.9133687337239583,-0.3624583333333333,0.055493640899658206,0.3204957485198975
2023-002,2023-05-12 00:00:00,0.8930216471354167,-0.3709791666666667,0.05114568471908569,0.29819228649139407
2023-002,2023-05-12 03:00:00,0.8930216471354167,-0.3709791666666667,0.05114568471908569,0.29819228649139407
2023-002,2023-05-12 06:00:00,0.8930216471354167,-0.3653177083333333,0.06724108457565307,0.31365442276000977
2023-002,2023-05-12 09:00:00,0.8930216471354167,-0.3653177083333333,0.06724108457565307,0.31365442276000977
2023-002,2023-05-12 12:00:00,0.8930216471354167,-0.5025104166666666,0.08769013285636902,0.2868657112121582
2023-002,2023-05-12 15:00:00,0.8930216471354167,-0.5025104166666666,0.08769013285636902,0.2868657112121582
2023-002,2023-05-12 18:00:00,0.8930216471354167,-0.3716875,0.07938486337661743,0.2953385353088379
2023-002,2023-05-12 21:00:00,0.8930216471354167,-0.3716875,0.07938486337661743,0.2953385353088379
2023-002,2023-05-13 00:00:00,0.8819376627604166,-0.42233333333333334,0.08533179759979248,0.2683946371078491
2023-002,2023-05-13 03:00:00,0.8819376627604166,-0.42233333333333334,0.08533179759979248,0.2683946371078491
2023-002,2023-05-13 06:00:00,0.8819376627604166,-0.41903125,0.1288860559463501,0.29094102382659914
2023-002,2023-05-13 09:00:00,0.8819376627604166,-0.41903125,0.1288860559463501,0.29094102382659914
2023-002,2023-05-13 12:00:00,0.8819376627604166,-0.5427291666666667,0.18208314180374147,0.22776470184326172
2023-002,2023-05-13 15:00:00,0.8819376627604166,-0.5427291666666667,0.18208314180374147,0.22776470184326172
2023-002,2023-05-13 18:00:00,0.8819376627604166,-0.442796875,0.2267545223236084,0.261482834815979
2023-002,2023-05-13 21:00:00,0.8819376627604166,-0.442796875,0.2267545223236084,0.261482834815979
2023-002,2023-05-14 00:00:00,0.8651997884114583,-0.51190625,0.26164994239807127,0.2372727632522583
2023-002,2023-05-14 03:00:00,0.8651997884114583,-0.51190625,0.26164994239807127,0.2372727632522583
2023-002,2023-05-14 06:00:00,0.8651997884114583,-0.473875,0.31801691055297854,0.27558925151824953
2023-002,2023-05-14 09:00:00,0.8651997884114583,-0.473875,0.31801691055297854,0.27558925151824953
2023-002,2023-05-14 12:00:00,0.8651997884114583,-0.5906614583333333,0.2706603050231934,0.280504846572876
2023-002,2023-05-14 15:00:00,0.8651997884114583,-0.5906614583333333,0.2706603050231934,0.280504846572876
2023-002,2023-05-14 18:00:00,0.8651997884114583,-0.44175,0.235872220993042,0.38237800598144533
2023-002,2023-05-14 21:00:00,0.8651997884114583,-0.44175,0.235872220993042,0.38237800598144533
2023-002,2023-05-15 00:00:00,0.85489501953125,-0.39866666666666667,0.2501795291900635,0.38247122764587405
2023-003,2023-06-06 00:00:00,0.9278401692708333,-0.4271875,0.4218122959136963,0.13386179208755494
2023-003,2023-06-06 03:00:00,0.9278401692708333,-0.4271875,0.4218122959136963,0.13386179208755494
2023-003,2023-06-06 06:00:00,0.927862548828125,-0.33817708333333335,0.40194149017333985,0.08549271821975708
2023-003,2023-06-06 12:00:00,0.9278767903645834,-0.5643177083333333,0.4688545227050781,0.12078787088394165
2023-003,2023-06-06 15:00:00,0.9278767903645834,-0.5643177083333333,0.4688545227050781,0.12078787088394165
2023-003,2023-06-06 18:00:00,0.9278564453125,-0.41892708333333334,0.47867379188537595,0.23734676837921143
2023-003,2023-06-06 21:00:00,0.9278564453125,-0.41892708333333334,0.47867379188537595,0.23734676837921143
2023-003,2023-06-07 00:00:00,0.917559814453125,-0.538953125,0.5213574886322021,0.22840549945831298
2023-003,2023-06-07 03:00:00,0.917559814453125,-0.538953125,0.5213574886322021,0.22840549945831298
2023-003,2023-06-07 06:00:00,0.917608642578125,-0.42680208333333336,0.43796753883361816,0.2205888509750366
2023-003,2023-06-07 09:00:00,0.917608642578125,-0.42680208333333336,0.43796753883361816,0.2205888509750366
2023-003,2023-06-07 12:00:00,0.9176472981770833,-0.58378125,0.46925973892211914,0.26905605792999265
2023-003,2023-06-07 15:00:00,0.9176472981770833,-0.58378125,0.46925973892211914,0.26905605792999265
2023-003,2023-06-07 18:00:00,0.9176045735677083,-0.41985416666666664,0.462392520904541,0.34972960948944093
2023-003,2023-06-07 21:00:00,0.9176045735677083,-0.41985416666666664,0.462392520904541,0.34972960948944093
2023-003,2023-06-08 00:00:00,0.915240478515625,-0.5005520833333333,0.42876882553100587,0.29279916286468505
2023-003,2023-06-08 03:00:00,0.915240478515625,-0.5005520833333333,0.42876882553100587,0.29279916286468505
2023-003,2023-06-08 06:00:00,0.915252685546875,-0.3949739583333333,0.3985276222229004,0.2910668134689331
2023-003,2023-06-08 09:00:00,0.915252685546875,-0.3949739583333333,0.3985276222229004,0.2910668134689331
2023-003,2023-06-08 12:00:00,0.9152628580729166,-0.58840625,0.429164457321167,0.2668650150299072
2023-003,2023-06-08 15:00:00,0.9152628580729166,-0.58840625,0.429164457321167,0.2668650150299072
2023-003,2023-06-08 18:00:00,0.9152364095052083,-0.5043541666666667,0.3651160717010498,0.344667387008667
2023-003,2023-06-08 21:00:00,0.9152364095052083,-0.5043541666666667,0.3651160717010498,0.344667387008667
2023-003,2023-06-09 00:00:00,0.9106648763020834,-0.589203125,0.40346441268920896,0.335797643661499
2023-003,2023-06-09 03:00:00,0.9106648763020834,-0.589203125,0.40346441268920896,0.335797643661499
2023-003,2023-06-09 06:00:00,0.91070556640625,-0.5091770833333333,0.4420830249786377,0.36678781509399416
2023-003,2023-06-09 09:00:00,0.91070556640625,-0.5091770833333333,0.4420830249786377,0.36678781509399416
2023-003,2023-06-09 12:00:00,0.9107157389322916,-0.7473177083333333,0.5216099262237549,0.34288530349731444
2023-003,2023-06-09 15:00:00,0.9107157389322916,-0.7473177083333333,0.5216099262237549,0.34288530349731444
2023-003,2023-06-09 18:00:00,0.910687255859375,-0.650890625,0.4915291786193848,0.4008181571960449
2023-003,2023-06-09 21:00:00,0.910687255859375,-0.650890625,0.4915291786193848,0.4008181571960449
2023-003,2023-06-10 00:00:00,0.89400634765625,-0.765703125,0.5155447006225586,0.42155165672302247
2023-003,2023-06-10 03:00:00,0.89400634765625,-0.765703125,0.5155447006225586,0.42155165672302247
2023-003,2023-06-10 06:00:00,0.8940653483072917,-0.6518645833333333,0.5110696792602539,0.44577574729919434
2023-003,2023-06-10 09:00:00,0.8940653483072917,-0.6518645833333333,0.5110696792602539,0.44577574729919434
2023-003,2023-06-10 12:00:00,0.8941060384114583,-0.8392239583333333,0.5462813377380371,0.40261688232421877
2023-003,2023-06-10 15:00:00,0.8941060384114583,-0.8392239583333333,0.5462813377380371,0.40261688232421877
2023-003,2023-06-10 18:00:00,0.8940633138020834,-0.7009010416666667,0.5283314228057862,0.47831878662109373
2023-003,2023-06-10 21:00:00,0.8940633138020834,-0.7009010416666667,0.5283314228057862,0.47831878662109373
2023-003,2023-06-11 00:00:00,0.884613037109375,-0.8293802083333334,0.5577579975128174,0.44175920486450193
2023-003,2023-06-11 03:00:00,0.884613037109375,-0.8293802083333334,0.5577579975128174,0.44175920486450193
2023-003,2023-06-11 06:00:00,0.884661865234375,-0.6992239583333333,0.5609967231750488,0.3999826431274414
2023-003,2023-06-11 09:00:00,0.884661865234375,-0.6992239583333333,0.5609967231750488,0.3999826431274414
2023-003,2023-06-11 12:00:00,0.8847066243489583,-0.9124739583333333,0.5588040351867676,0.3733999729156494
2023-003,2023-06-11 15:00:00,0.8847066243489583,-0.9124739583333333,0.5588040351867676,0.3733999729156494
2023-003,2023-06-11 18:00:00,0.8846720377604167,-0.7794010416666667,0.5450476169586181,0.3792725086212158
2023-003,2023-06-11 21:00:00,0.8846720377604167,-0.7794010416666667,0.5450476169586181,0.3792725086212158
2023-003,2023-06-12 00:00:00,0.872662353515625,-0.9114427083333333,0.5527880191802979,0.4009872913360596
2023-003,2023-06-12 03:00:00,0.872662353515625,-0.9114427083333333,0.5527880191802979,0.4009872913360596
2023-003,2023-06-12 06:00:00,0.8726542154947917,-0.7924791666666666,0.5747654914855957,0.4664342403411865
2023-003,2023-06-12 09:00:00,0.8726542154947917,-0.7924791666666666,0.5747654914855957,0.4664342403411865
2023-003,2023-06-12 12:00:00,0.8726664225260417,-0.9282708333333334,0.605869722366333,0.447519588470459
2023-003,2023-06-12 15:00:00,0.8726664225260417,-0.9282708333333334,0.605869722366333,0.447519588470459
2023-003,2023-06-12 18:00:00,0.872637939453125,-0.7641822916666666,0.5749644279479981,0.49178900718688967
2023-003,2023-06-12 21:00:00,0.872637939453125,-0.7641822916666666,0.5749644279479981,0.49178900718688967
2023-003,2023-06-13 00:00:00,0.860107421875,-0.8624739583333333,0.6555582046508789,0.48769521713256836
2023-003,2023-06-13 03:00:00,0.860107421875,-0.8624739583333333,0.6555582046508789,0.48769521713256836
2023-003,2023-06-13 06:00:00,0.8601033528645833,-0.7075885416666666,0.6739541530609131,0.5455304145812988
2023-003,2023-06-13 09:00:00,0.8601033528645833,-0.7075885416666666,0.6739541530609131,0.5455304145812988
2023-003,2023-06-13 12:00:00,0.86011962890625,-0.8313541666666666,0.6760929107666016,0.5192862510681152
2023-003,2023-06-13 15:00:00,0.86011962890625,-0.8313541666666666,0.6760929107666016,0.5192862510681152
2023-003,2023-06-13 18:00:00,0.8601033528645833,-0.6614427083333333,0.6644333839416504,0.5665251731872558
2023-003,2023-06-13 21:00:00,0.8601033528645833,-0.6614427083333333,0.6644333839416504,0.5665251731872558
2023-003,2023-06-14 00:00:00,0.8394775390625,-0.743828125,0.6721023082733154,0.5988684177398682
2023-003,2023-06-14 03:00:00,0.8394775390625,-0.743828125,0.6721023082733154,0.5988684177398682
2023-003,2023-06-14 06:00:00,0.8394877115885416,-0.5768541666666667,0.6875180244445801,0.6246593475341797
2023-003,2023-06-14 09:00:00,0.8394877115885416,-0.5768541666666667,0.6875180244445801,0.6246593475341797
2023-003,2023-06-14 12:00:00,0.8394938151041667,-0.7309322916666666,0.6810117721557617,0.5980987548828125
2023-003,2023-06-14 15:00:00,0.8394938151041667,-0.7309322916666666,0.6810117721557617,0.5980987548828125
2023-003,2023-06-14 18:00:00,0.8394755045572917,-0.6062864583333333,0.6425311088562011,0.5983802795410156
2023-003,2023-06-14 21:00:00,0.8394755045572917,-0.6062864583333333,0.6425311088562011,0.5983802795410156
2023-003,2023-06-15 00:00:00,0.8377339680989583,-0.7093802083333334,0.6281288623809814,0.5677779674530029
2023-003,2023-06-15 03:00:00,0.8377339680989583,-0.7093802083333334,0.6281288623809814,0.5677779674530029
2023-003,2023-06-15 06:00:00,0.8377278645833334,-0.56503125,0.6857770919799805,0.5815889835357666
2023-003,2023-06-15 09:00:00,0.8377278645833334,-0.56503125,0.6857770919799805,0.5815889835357666
2023-003,2023-06-15 12:00:00,0.8377095540364583,-0.7186927083333333,0.6758572101593018,0.47846808433532717
2023-003,2023-06-15 15:00:00,0.8377095540364583,-0.7186927083333333,0.6758572101593018,0.47846808433532717
2023-003,2023-06-15 18:00:00,0.8377034505208333,-0.5944479166666666,0.6356922626495362,0.5754401683807373
2023-003,2023-06-15 21:00:00,0.8377034505208333,-0.5944479166666666,0.6356922626495362,0.5754401683807373
2023-003,2023-06-16 00:00:00,0.8265177408854166,-0.7047552083333334,0.6967588424682617,0.5743239879608154
2023-003,2023-06-16 03:00:00,0.8265177408854166,-0.7047552083333334,0.6967588424682617,0.5743239879608154
2023-003,2023-06-16 06:00:00,0.8265157063802083,-0.5690885416666667,0.733058500289917,0.6039155006408692
2023-003,2023-06-16 09:00:00,0.8265157063802083,-0.5690885416666667,0.733058500289917,0.6039155006408692
2023-003,2023-06-16 12:00:00,0.8265177408854166,-0.6988645833333333,0.7543199062347412,0.5327133178710938
2023-003,2023-06-16 15:00:00,0.8265177408854166,-0.6988645833333333,0.7543199062347412,0.5327133178710938
2023-003,2023-06-16 18:00:00,0.8265421549479167,-0.5397135416666666,0.6981478214263916,0.5362245082855225
2023-003,2023-06-17 00:00:00,0.8268107096354167,-0.613515625,0.6563198089599609,0.5141920566558837
2023-003,2023-06-17 03:00:00,0.8268107096354167,-0.613515625,0.6563198089599609,0.5141920566558837
2023-003,2023-06-17 06:00:00,0.8268351236979167,-0.446296875,0.6885428428649902,0.5659853935241699
2023-003,2023-06-17 12:00:00,0.8268575032552083,-0.5973489583333333,0.683282470703125,0.4606480121612549
2023-003,2023-06-17 18:00:00,0.8268473307291667,-0.4123177083333333,0.6218717575073243,0.5308887481689453
2023-003,2023-06-18 00:00:00,0.8268351236979167,-0.49397395833333335,0.6837056636810303,0.43028979301452636
2023-003,2023-06-18 03:00:00,0.8268351236979167,-0.49397395833333335,0.6837056636810303,0.43028979301452636
2023-003,2023-06-18 06:00:00,0.82685546875,-0.39646354166666664,0.6788986682891845,0.3746892690658569
2023-003,2023-06-18 12:00:00,0.8268798828125,-0.554609375,0.6250420093536377,0.3222500801086426
2023-003,2023-06-18 18:00:00,0.8268636067708334,-0.43630729166666665,0.5945792198181152,0.375121021270752
2023-003,2023-06-19 00:00:00,0.8329060872395834,-0.5348854166666667,0.6046595573425293,0.28197009563446046
2023-004,2023-08-01 00:00:00,0.8259134928385417,-1.0396354166666666,0.2853088855743408,0.06324759721755982
2023-004,2023-08-01 03:00:00,0.8259134928385417,-1.0396354166666666,0.2853088855743408,0.06324759721755982
2023-004,2023-08-01 06:00:00,0.8259134928385417,-0.9940729166666666,0.26280579566955564,0.07308638691902161
2023-004,2023-08-01 12:00:00,0.8259134928385417,-1.114859375,0.2736420869827271,0.15320544242858886
2023-004,2023-08-01 18:00:00,0.8259134928385417,-0.9498020833333334,0.27645957469940186,0.21661763191223143
2023-004,2023-08-02 00:00:00,0.829962158203125,-0.9998177083333334,0.2438535213470459,0.21643290519714356
2023-004,2023-08-02 03:00:00,0.829962158203125,-0.9998177083333334,0.2438535213470459,0.21643290519714356
2023-004,2023-08-02 06:00:00,0.829962158203125,-0.900203125,0.23096005916595458,0.2530694484710693
2023-004,2023-08-02 12:00:00,0.829962158203125,-1.05159375,0.2377835512161255,0.25259253978729246
2023-004,2023-08-02 18:00:00,0.829962158203125,-0.889609375,0.20738728046417237,0.29795207977294924
2023-004,2023-08-03 00:00:00,0.8114705403645833,-0.9242916666666666,0.18335070610046386,0.2705220699310303
2023-004,2023-08-03 03:00:00,0.8114705403645833,-0.9242916666666666,0.18335070610046386,0.2705220699310303
2023-004,2023-08-03 06:00:00,0.8114705403645833,-0.8484895833333334,0.23146145343780516,0.30616466999053954
2023-005,2023-09-30 03:00:00,0.8027730305989583,-0.48291666666666666,0.3092620849609375,-0.030208680033683776
2023-005,2023-09-30 06:00:00,0.8027730305989583,-0.312375,0.3848199605941772,-0.030207896232604982
2023-005,2023-09-30 12:00:00,0.8027730305989583,-0.5096197916666667,0.3966961145401001,-0.085379558801651
2023-005,2023-09-30 18:00:00,0.8027730305989583,-0.33861458333333333,0.36741347312927247,-0.022671723365783693
2023-005,2023-10-01 00:00:00,0.777838134765625,-0.42816666666666664,0.44994220733642576,-0.10612331628799439
2023-006,2023-10-20 03:00:00,0.8230814615885417,-0.108640625,-0.2421414852142334,-0.12292407751083374
2023-006,2023-10-20 06:00:00,0.8230814615885417,0.06383854166666666,-0.2607182264328003,-0.12514374256134034
2023-006,2023-10-20 12:00:00,0.8230814615885417,-0.217609375,-0.30819404125213623,-0.19414286613464354
2023-006,2023-10-20 18:00:00,0.8230814615885417,-0.06290104166666667,-0.37940220832824706,-0.10105816125869752
2023-006,2023-10-21 00:00:00,0.811834716796875,-0.16355208333333332,-0.2963242053985596,-0.06497950553894043
2023-006,2023-10-21 03:00:00,0.811834716796875,-0.16355208333333332,-0.2963242053985596,-0.06497950553894043
2023-006,2023-10-21 06:00:00,0.811834716796875,0.03850520833333333,-0.2771949052810669,0.0005979801993817091
2023-006,2023-10-21 09:00:00,0.811834716796875,0.03850520833333333,-0.2771949052810669,0.0005979801993817091
2023-006,2023-10-21 12:00:00,0.811834716796875,-0.18297916666666666,-0.286820387840271,0.019467425346374512
2023-006,2023-10-21 15:00:00,0.811834716796875,-0.18297916666666666,-0.286820387840271,0.019467425346374512
2023-006,2023-10-21 18:00:00,0.811834716796875,-0.006171875,-0.27485573291778564,0.11431117057800293
2023-006,2023-10-21 21:00:00,0.811834716796875,-0.006171875,-0.27485573291778564,0.11431117057800293
2023-006,2023-10-22 00:00:00,0.806549072265625,-0.11955208333333334,-0.20007469654083251,0.11920679807662964
2023-006,2023-10-22 03:00:00,0.806549072265625,-0.11955208333333334,-0.20007469654083251,0.11920679807662964
2023-006,2023-10-22 06:00:00,0.806549072265625,0.061546875,-0.17781273126602173,0.1322758436203003
2023-006,2023-10-22 09:00:00,0.806549072265625,0.061546875,-0.17781273126602173,0.1322758436203003
2023-006,2023-10-22 12:00:00,0.806549072265625,-0.17359375,-0.2038970947265625,0.07091525793075562
2023-006,2023-10-22 15:00:00,0.806549072265625,-0.17359375,-0.2038970947265625,0.07091525793075562
2023-006,2023-10-22 18:00:00,0.806549072265625,0.0057239583333333335,-0.2821374416351318,0.10676285028457641
2023-006,2023-10-22 21:00:00,0.806549072265625,0.0057239583333333335,-0.2821374416351318,0.10676285028457641
2023-006,2023-10-23 00:00:00,0.8051045735677084,-0.11634375,-0.22964851856231688,0.13617883920669555
2023-006,2023-10-23 03:00:00,0.8051045735677084,-0.11634375,-0.22964851856231688,0.13617883920669555
2023-006,2023-10-23 06:00:00,0.8051045735677084,0.055984375,-0.22488877773284913,0.15408695936203004
2023-006,2023-10-23 09:00:00,0.8051045735677084,0.055984375,-0.22488877773284913,0.15408695936203004
2023-006,2023-10-23 12:00:00,0.8051045735677084,-0.21626041666666668,-0.19695663452148438,0.054703551530838015
2023-006,2023-10-23 15:00:00,0.8051045735677084,-0.21626041666666668,-0.19695663452148438,0.054703551530838015
2023-006,2023-10-23 18:00:00,0.8051045735677084,-0.056177083333333336,-0.33751068115234373,0.06642833948135377
2023-006,2023-10-23 21:00:00,0.8051045735677084,-0.056177083333333336,-0.33751068115234373,0.06642833948135377
2023-006,2023-10-24 00:00:00,0.80087890625,-0.171140625,-0.339425253868103,0.0640387237071991
2023-006,2023-10-24 03:00:00,0.80087890625,-0.171140625,-0.339425253868103,0.0640387237071991
2023-006,2023-10-24 06:00:00,0.80087890625,-0.012760416666666666,-0.3856889486312866,0.07833353281021119
2023-006,2023-10-24 09:00:00,0.80087890625,-0.012760416666666666,-0.3856889486312866,0.07833353281021119
2023-006,2023-10-24 12:00:00,0.80087890625,-0.22322395833333333,-0.3963757038116455,0.017489778995513915
2023-007,2023-10-21 18:00:00,0.8557271321614583,0.0015104166666666666,-0.13726844787597656,-0.0012090628035366536
2023-007,2023-10-21 21:00:00,0.8557271321614583,0.0015104166666666666,-0.13726844787597656,-0.0012090628035366536
2023-007,2023-10-22 00:00:00,0.8483235677083333,-0.015213541666666667,-0.1376618981361389,-0.036042246222496035
2023-007,2023-10-22 03:00:00,0.8483235677083333,-0.015213541666666667,-0.1376618981361389,-0.036042246222496035
2023-007,2023-10-22 06:00:00,0.8483235677083333,-0.030307291666666666,-0.16260926723480223,0.025898683071136474
2023-007,2023-10-22 09:00:00,0.8483235677083333,-0.030307291666666666,-0.16260926723480223,0.025898683071136474
2023-007,2023-10-22 12:00:00,0.8483235677083333,-0.12941145833333334,-0.05180747509002685,0.02800065279006958
2023-007,2023-10-22 15:00:00,0.8483235677083333,-0.12941145833333334,-0.05180747509002685,0.02800065279006958
2023-007,2023-10-22 18:00:00,0.8483235677083333,-0.03602604166666667,-0.10612130165100098,0.106679368019104
2023-007,2023-10-22 21:00:00,0.8483235677083333,-0.03602604166666667,-0.10612130165100098,0.106679368019104
2023-007,2023-10-23 00:00:00,0.840185546875,-0.09590625,-0.08957526683807374,0.10349249839782715
2023-007,2023-10-23 03:00:00,0.840185546875,-0.09590625,-0.08957526683807374,0.10349249839782715
2023-007,2023-10-23 06:00:00,0.840185546875,-0.09616145833333334,-0.07358198165893555,0.1648924708366394
2023-007,2023-10-23 09:00:00,0.840185546875,-0.09616145833333334,-0.07358198165893555,0.1648924708366394
2023-007,2023-10-23 12:00:00,0.840185546875,-0.19809895833333332,0.04318743050098419,0.14448146820068358
2023-007,2023-10-23 15:00:00,0.840185546875,-0.19809895833333332,0.04318743050098419,0.14448146820068358
2023-007,2023-10-23 18:00:00,0.840185546875,-0.122859375,0.07715701460838317,0.1453187108039856
2023-007,2023-10-23 21:00:00,0.840185546875,-0.122859375,0.07715701460838317,0.1453187108039856
2023-007,2023-10-24 00:00:00,0.8374104817708333,-0.13258854166666667,0.14863525629043578,0.07075185179710389
2023-007,2023-10-24 03:00:00,0.8374104817708333,-0.13258854166666667,0.14863525629043578,0.07075185179710389
2023-007,2023-10-24 06:00:00,0.8374104817708333,-0.11734375,0.11729007959365845,-0.008710675686597825
2023-007,2023-10-24 09:00:00,0.8374104817708333,-0.11734375,0.11729007959365845,-0.008710675686597825
2023-007,2023-10-24 12:00:00,0.8374104817708333,-0.18222916666666666,0.10910415649414062,-0.06935464739799499
2023-007,2023-10-24 15:00:00,0.8374104817708333,-0.18222916666666666,0.10910415649414062,-0.06935464739799499
2023-007,2023-10-24 18:00:00,0.8374104817708333,-0.09735416666666667,0.10025055408477783,0.009217528998851776
2023-007,2023-10-25 00:00:00,0.8368326822916666,-0.07079166666666667,0.13362754583358766,-0.05140369534492493
2023-007,2023-10-25 03:00:00,0.8368326822916666,-0.07079166666666667,0.13362754583358766,-0.05140369534492493
2023-007,2023-10-25 06:00:00,0.8368326822916666,0.009484375,0.09497260451316833,-0.12727490663528443
2023-007,2023-10-25 21:00:00,0.8368326822916666,-0.033505208333333335,-0.003553205356001854,-0.07139443755149841
2023-008,2023-11-15 03:00:00,0.8123250325520833,0.017083333333333332,-0.19223588705062866,-0.03556270599365234
2023-008,2023-11-15 06:00:00,0.8123250325520833,0.04829166666666666,-0.22502713203430175,0.028130194544792174
2023-008,2023-11-15 12:00:00,0.8123250325520833,-0.03920833333333333,-0.17800700664520264,0.003366401419043541
2023-008,2023-11-15 18:00:00,0.8123250325520833,0.03946875,-0.21697111129760743,0.045499959588050844
2023-008,2023-11-16 00:00:00,0.814306640625,-0.004161458333333333,-0.1900223970413208,0.06413939595222473
2023-008,2023-11-16 03:00:00,0.814306640625,-0.004161458333333333,-0.1900223970413208,0.06413939595222473
2023-008,2023-11-16 06:00:00,0.814306640625,0.05921875,-0.2269420862197876,0.10821820497512817
2023-008,2023-11-16 12:00:00,0.814306640625,-0.008416666666666666,-0.1855139970779419,0.10331878662109376
2023-008,2023-11-16 18:00:00,0.814306640625,0.08759895833333334,-0.13709784746170045,0.12564167976379395
2023-008,2023-11-17 00:00:00,0.8132771809895833,0.029182291666666665,-0.046316465735435484,0.030788326263427736
2023-008,2023-11-17 03:00:00,0.8132771809895833,0.029182291666666665,-0.046316465735435484,0.030788326263427736
2023-008,2023-11-17 06:00:00,0.8132771809895833,0.04290625,-0.12466350793838502,-0.018999801576137544
2023-008,2023-11-17 09:00:00,0.8132771809895833,0.04290625,-0.12466350793838502,-0.018999801576137544
2023-008,2023-11-17 12:00:00,0.8132771809895833,-0.026395833333333334,-0.14939812421798707,0.014464180171489715
2023-008,2023-11-17 15:00:00,0.8132771809895833,-0.026395833333333334,-0.14939812421798707,0.014464180171489715
2023-008,2023-11-17 18:00:00,0.8132771809895833,0.07061979166666667,-0.18253753185272217,0.050811415910720824
2023-008,2023-11-18 00:00:00,0.8077372233072917,0.012223958333333333,-0.1590418338775635,-0.03276700973510742
2023-009,2023-12-01 00:00:00,0.7931355794270833,-0.177546875,-0.2575199127197266,-0.2392122268676758
2023-009,2023-12-01 00:00:00,0.7931355794270833,-0.177546875,-0.2575199127197266,-0.2392122268676758
2023-009,2023-12-01 03:00:00,0.7931355794270833,-0.177546875,-0.2575199127197266,-0.2392122268676758
2023-009,2023-12-01 06:00:00,0.7931355794270833,-0.1353125,-0.3036822319030762,-0.21691908836364746
2023-009,2023-12-01 12:00:00,0.7931355794270833,-0.27832291666666664,-0.2913804531097412,-0.146214497089386
2023-009,2023-12-01 18:00:00,0.7931355794270833,-0.1584375,-0.2836012840270996,-0.09211172461509705
2023-009,2023-12-02 03:00:00,0.7863972981770834,-0.2660104166666667,-0.2697043180465698,-0.09157591462135314
2023-009,2023-12-02 06:00:00,0.7863972981770834,-0.193296875,-0.3517134189605713,-0.033174601197242734
2023-009,2023-12-02 12:00:00,0.7863972981770834,-0.31681770833333334,-0.32705872058868407,0.012302956730127334
2023-009,2023-12-02 18:00:00,0.7863972981770834,-0.20485416666666667,-0.3259702682495117,0.08508358597755432
2023-009,2023-12-03 00:00:00,0.7810994466145833,-0.29882291666666666,-0.26728157997131347,0.02728806734085083
2023-009,2023-12-03 03:00:00,0.7810994466145833,-0.29882291666666666,-0.26728157997131347,0.02728806734085083
2023-009,2023-12-03 06:00:00,0.7810994466145833,-0.184296875,-0.3118798017501831,0.02295816093683243
2023-009,2023-12-03 09:00:00,0.7810994466145833,-0.184296875,-0.3118798017501831,0.02295816093683243
2023-009,2023-12-03 12:00:00,0.7810994466145833,-0.31938020833333336,-0.24569182395935057,0.05779560208320618
2023-009,2023-12-03 15:00:00,0.7810994466145833,-0.31938020833333336,-0.24569182395935057,0.05779560208320618
2023-009,2023-12-03 18:00:00,0.7810994466145833,-0.23460416666666667,-0.24425787925720216,0.17067465782165528
2023-009,2023-12-03 21:00:00,0.7810994466145833,-0.23460416666666667,-0.24425787925720216,0.17067465782165528
2023-009,2023-12-04 00:00:00,0.7796630859375,-0.3290416666666667,-0.22541940212249756,0.1804682970046997
2023-009,2023-12-04 03:00:00,0.7796630859375,-0.3290416666666667,-0.22541940212249756,0.1804682970046997
2023-009,2023-12-04 06:00:00,0.7796630859375,-0.2288125,-0.21710691452026368,0.23060262203216553
2023-009,2023-12-04 09:00:00,0.7796630859375,-0.2288125,-0.21710691452026368,0.23060262203216553
2023-009,2023-12-04 12:00:00,0.7796630859375,-0.33000520833333336,-0.12086950540542603,0.21349852085113524
2023-009,2023-12-04 15:00:00,0.7796630859375,-0.33000520833333336,-0.12086950540542603,0.21349852085113524
2023-009,2023-12-04 18:00:00,0.7796630859375,-0.27259375,-0.16760239601135254,0.2654131889343262
2023-009,2023-12-04 21:00:00,0.7796630859375,-0.27259375,-0.16760239601135254,0.2654131889343262
2023-009,2023-12-05 00:00:00,0.7781351725260417,-0.3671875,-0.1468255639076233,0.20243527889251708
2023-009,2023-12-05 03:00:00,0.7781351725260417,-0.3671875,-0.1468255639076233,0.20243527889251708
2023-009,2023-12-05 06:00:00,0.7781351725260417,-0.24757291666666667,-0.12875128984451295,0.19175572395324708
2023-009,2023-12-05 09:00:00,0.7781351725260417,-0.24757291666666667,-0.12875128984451295,0.19175572395324708
2023-009,2023-12-05 12:00:00,0.7781351725260417,-0.340390625,-0.11869562864303589,0.17376513481140138
2023-009,2023-12-05 15:00:00,0.7781351725260417,-0.340390625,-0.11869562864303589,0.17376513481140138
2023-009,2023-12-05 18:00:00,0.7781351725260417,-0.18688020833333333,-0.11974027156829833,0.2435401201248169
2023-009,2023-12-06 00:00:00,0.78228759765625,-0.248765625,-0.04167657494544983,0.18256840705871583
2024-001,2024-05-24 00:00:00,0.9645039876302083,-0.7303489583333334,-0.061219042539596556,0.15071465969085693
2024-001,2024-05-24 03:00:00,0.9645039876302083,-0.7303489583333334,-0.061219042539596556,0.15071465969085693
2024-001,2024-05-24 06:00:00,0.9645039876302083,-0.7441822916666667,-0.06108006238937378,0.2408050775527954
2024-001,2024-05-24 12:00:00,0.9645039876302083,-0.9086822916666667,0.05351496338844299,0.29247050285339354
2024-001,2024-05-24 18:00:00,0.9645039876302083,-0.7732916666666667,0.0853956937789917,0.24608917236328126
2024-001,2024-05-25 00:00:00,0.9645039876302083,-0.8634583333333333,0.06132858991622925,0.19918016195297242
2024-001,2024-05-25 03:00:00,0.9645039876302083,-0.8634583333333333,0.06132858991622925,0.19918016195297242
2024-001,2024-05-25 06:00:00,0.9645039876302083,-0.845859375,0.049782922863960265,0.30965068340301516
2024-001,2024-05-25 12:00:00,0.9645039876302083,-0.9860625,0.10673537254333496,0.3405496120452881
2024-001,2024-05-25 15:00:00,0.9645039876302083,-0.9860625,0.10673537254333496,0.3405496120452881
2024-001,2024-05-25 18:00:00,0.9645039876302083,-0.8058645833333333,0.13765687942504884,0.406217098236084
2024-001,2024-05-25 21:00:00,0.9645039876302083,-0.8058645833333333,0.13765687942504884,0.406217098236084
2024-001,2024-05-26 00:00:00,0.9049418131510417,-0.8898072916666667,0.1636785626411438,0.4105371952056885
2024-001,2024-05-26 03:00:00,0.9049418131510417,-0.8898072916666667,0.1636785626411438,0.4105371952056885
2024-001,2024-05-26 06:00:00,0.9049418131510417,-0.8580520833333334,0.22364320755004882,0.47438344955444334
2024-001,2024-05-26 09:00:00,0.9049418131510417,-0.8580520833333334,0.22364320755004882,0.47438344955444334
2024-001,2024-05-26 12:00:00,0.9049418131510417,-1.0234427083333333,0.2233128309249878,0.5293330192565918
2024-001,2024-05-26 15:00:00,0.9049418131510417,-1.0234427083333333,0.2233128309249878,0.5293330192565918
2024-001,2024-05-26 18:00:00,0.9049418131510417,-0.871328125,0.23374526500701903,0.5898856163024903
2024-001,2024-05-26 21:00:00,0.9049418131510417,-0.871328125,0.23374526500701903,0.5898856163024903
2024-001,2024-05-27 00:00:00,0.861700439453125,-0.9201197916666667,0.269048810005188,0.550136947631836
2024-001,2024-05-27 03:00:00,0.861700439453125,-0.9201197916666667,0.269048810005188,0.550136947631836
2024-001,2024-05-27 06:00:00,0.861700439453125,-0.866015625,0.3273248434066772,0.5589062690734863
2024-001,2024-05-27 09:00:00,0.861700439453125,-0.866015625,0.3273248434066772,0.5589062690734863
2024-001,2024-05-27 12:00:00,0.861700439453125,-0.9675572916666667,0.28109962940216066,0.5072725772857666
2024-001,2024-05-27 15:00:00,0.861700439453125,-0.9675572916666667,0.28109962940216066,0.5072725772857666
2024-001,2024-05-27 18:00:00,0.861700439453125,-0.8469895833333333,0.28939075469970704,0.5787933349609375
2024-001,2024-05-28 00:00:00,0.8585774739583333,-0.8761145833333334,0.3426866054534912,0.5306046962738037
2024-001,2024-05-28 03:00:00,0.8585774739583333,-0.8761145833333334,0.3426866054534912,0.5306046962738037
2024-001,2024-05-28 06:00:00,0.8585774739583333,-0.8214479166666667,0.34868042469024657,0.5559674739837647
2024-002,2024-07-19 03:00:00,0.8426676432291667,-1.1578854166666666,0.20797386169433593,0.04413694739341736
2024-002,2024-07-19 06:00:00,0.8426676432291667,-1.178453125,0.2022418975830078,0.16785987615585327
2024-002,2024-07-19 12:00:00,0.8426676432291667,-1.3479635416666667,0.18773467540740968,0.23360741138458252
2024-002,2024-07-19 18:00:00,0.8426676432291667,-1.167953125,0.29214229583740237,0.28900396823883057
2024-002,2024-07-20 00:00:00,0.81614990234375,-1.2281302083333334,0.29268898963928225,0.2584744215011597
2024-002,2024-07-20 03:00:00,0.81614990234375,-1.2281302083333334,0.29268898963928225,0.2584744215011597
2024-002,2024-07-20 06:00:00,0.81614990234375,-1.1008854166666666,0.331791353225708,0.39487514495849607
2024-003,2024-08-02 12:00:00,0.7840983072916666,-0.9772239583333333,0.09440873861312866,0.11638542413711547
2024-003,2024-08-02 18:00:00,0.7833964029947916,-0.7663177083333333,0.07937806844711304,0.128651225566864
2024-003,2024-08-03 00:00:00,0.78231201171875,-0.8195520833333333,0.05653659701347351,0.08597508072853088
2024-003,2024-08-03 03:00:00,0.78231201171875,-0.8195520833333333,0.05653659701347351,0.08597508072853088
2024-003,2024-08-03 06:00:00,0.7826863606770833,-0.739953125,0.012309295684099197,0.1310131311416626
2024-003,2024-08-03 12:00:00,0.7836771647135417,-0.8599166666666667,0.024757349491119386,0.10939267873764039
2024-003,2024-08-03 18:00:00,0.7828715006510417,-0.6100989583333334,0.0032042000442743302,0.14393362998962403
2024-003,2024-08-04 00:00:00,0.7807881673177083,-0.6854583333333333,-0.010591360181570053,0.09274704456329345
2024-003,2024-08-04 03:00:00,0.7807881673177083,-0.6854583333333333,-0.010591360181570053,0.09274704456329345
2024-003,2024-08-04 06:00:00,0.7819905598958333,-0.6054010416666666,-0.01735771298408508,0.17374889850616454
2024-003,2024-08-04 12:00:00,0.7836873372395833,-0.7907395833333334,0.025896432995796203,0.12895034551620482
2024-003,2024-08-04 18:00:00,0.7825948079427083,-0.5619427083333334,0.01749996393918991,0.13537521362304689
2024-003,2024-08-05 00:00:00,0.780523681640625,-0.5922239583333333,0.04074338972568512,0.1015580177307129
2024-003,2024-08-05 03:00:00,0.780523681640625,-0.5922239583333333,0.04074338972568512,0.1015580177307129
2024-003,2024-08-05 06:00:00,0.78214111328125,-0.5372916666666666,0.1266828417778015,0.13026745319366456
2024-003,2024-08-05 12:00:00,0.782061767578125,-0.754078125,0.12621430158615113,0.11332515478134156
2024-003,2024-08-05 18:00:00,0.7807657877604167,-0.5589375,0.10327082872390747,0.16557729244232178
2024-004,2024-08-25 00:00:00,0.7383138020833333,-0.6520364583333333,0.3955419063568115,0.16189650297164918
2024-004,2024-08-25 03:00:00,0.7383138020833333,-0.6520364583333333,0.3955419063568115,0.16189650297164918
2024-004,2024-08-25 06:00:00,0.73829345703125,-0.6057395833333333,0.4221078395843506,0.13243587017059327
2024-004,2024-08-25 12:00:00,0.7383097330729167,-0.8173541666666667,0.4233750820159912,0.17825602293014525
2024-004,2024-08-25 18:00:00,0.7382893880208333,-0.7376302083333334,0.41383800506591795,0.22950656414031984
2024-004,2024-08-26 00:00:00,0.7390625,-0.82959375,0.407976770401001,0.16083694696426393
2024-004,2024-08-26 03:00:00,0.7390625,-0.82959375,0.407976770401001,0.16083694696426393
2024-004,2024-08-26 06:00:00,0.739044189453125,-0.728875,0.38994803428649905,0.14357419013977052
2024-004,2024-08-26 12:00:00,0.739080810546875,-0.9422864583333334,0.344838547706604,0.2064356327056885
2024-004,2024-08-26 18:00:00,0.739068603515625,-0.7793697916666666,0.3383925914764404,0.27160933017730715
2024-004,2024-08-27 00:00:00,0.7280558268229167,-0.8560625,0.30389339923858644,0.1980008602142334
2024-004,2024-08-27 03:00:00,0.7280558268229167,-0.8560625,0.30389339923858644,0.1980008602142334
2024-004,2024-08-27 06:00:00,0.7280476888020834,-0.7262552083333333,0.3441838026046753,0.25747482776641845
2024-004,2024-08-27 12:00:00,0.7280965169270833,-0.8767395833333333,0.3357462167739868,0.27553393840789797
2024-004,2024-08-27 18:00:00,0.7280741373697917,-0.677453125,0.3018225908279419,0.31479170322418215
2024-004,2024-08-28 00:00:00,0.725140380859375,-0.74796875,0.28992888927459715,0.24725143909454345
2024-004,2024-08-28 03:00:00,0.725140380859375,-0.74796875,0.28992888927459715,0.24725143909454345
2024-004,2024-08-28 06:00:00,0.7251241048177083,-0.6540260416666667,0.3673410415649414,0.26477417945861814
2024-004,2024-08-28 12:00:00,0.7251078287760416,-0.8582239583333333,0.3653749465942383,0.23998808860778809
2024-004,2024-08-28 18:00:00,0.7250935872395833,-0.7051979166666666,0.30806455612182615,0.29264469146728517
2024-004,2024-08-29 00:00:00,0.716497802734375,-0.7977291666666667,0.29541614055633547,0.2783944129943848
2024-004,2024-08-29 03:00:00,0.716497802734375,-0.7977291666666667,0.29541614055633547,0.2783944129943848
2024-004,2024-08-29 06:00:00,0.7164896647135417,-0.6803541666666667,0.3479780912399292,0.2244671106338501
2024-004,2024-08-29 12:00:00,0.7164754231770833,-0.903140625,0.29456562995910646,0.22276659011840821
2024-004,2024-08-29 18:00:00,0.7164713541666666,-0.7170989583333334,0.23411622047424316,0.2623933792114258
2024-004,2024-08-30 00:00:00,0.7208984375,-0.7631770833333333,0.23977651596069335,0.25115015506744387
2024-004,2024-08-30 03:00:00,0.7208984375,-0.7631770833333333,0.23977651596069335,0.25115015506744387
2024-004,2024-08-30 06:00:00,0.720904541015625,-0.6159583333333334,0.25036869049072263,0.2356701135635376
2024-004,2024-08-30 09:00:00,0.720904541015625,-0.6159583333333334,0.25036869049072263,0.2356701135635376
2024-004,2024-08-30 12:00:00,0.7209004720052083,-0.7882239583333334,0.220419979095459,0.2263781785964966
2024-004,2024-08-30 15:00:00,0.7209004720052083,-0.7882239583333334,0.220419979095459,0.2263781785964966
2024-004,2024-08-30 18:00:00,0.7208902994791667,-0.5630677083333333,0.16901549100875854,0.211584210395813
2024-004,2024-08-30 21:00:00,0.7208902994791667,-0.5630677083333333,0.16901549100875854,0.211584210395813
2024-004,2024-08-31 00:00:00,0.721893310546875,-0.6429375,0.17327563762664794,0.14355158805847168
2024-004,2024-08-31 03:00:00,0.721893310546875,-0.6429375,0.17327563762664794,0.14355158805847168
2024-004,2024-08-31 06:00:00,0.7219319661458333,-0.514875,0.14489837884902954,0.10452282428741455
2024-004,2024-08-31 09:00:00,0.7219319661458333,-0.514875,0.14489837884902954,0.10452282428741455
2024-004,2024-08-31 12:00:00,0.722064208984375,-0.6880677083333333,0.16297436952590943,0.1138805627822876
2024-004,2024-08-31 15:00:00,0.722064208984375,-0.6880677083333333,0.16297436952590943,0.1138805627822876
2024-004,2024-08-31 18:00:00,0.7220357259114584,-0.52265625,0.14761544466018678,0.15864782333374022
2024-004,2024-08-31 21:00:00,0.7220357259114584,-0.52265625,0.14761544466018678,0.15864782333374022
2024-004,2024-09-01 00:00:00,0.720404052734375,-0.5967395833333333,0.19000685214996338,0.11558557748794555
2024-004,2024-09-01 03:00:00,0.720404052734375,-0.5967395833333333,0.19000685214996338,0.11558557748794555
2024-004,2024-09-01 06:00:00,0.720440673828125,-0.49680729166666665,0.15718153715133668,0.0941434621810913
2024-004,2024-09-01 09:00:00,0.720440673828125,-0.49680729166666665,0.15718153715133668,0.0941434621810913
2024-004,2024-09-01 12:00:00,0.720574951171875,-0.6968177083333333,0.15718476772308348,0.08737528920173646
2024-004,2024-09-01 18:00:00,0.7205098470052084,-0.5231354166666666,0.14450759887695314,0.14672569036483765
2024-004,2024-09-02 00:00:00,0.7255045572916666,-0.6234895833333334,0.13573523759841918,0.034424316883087155
2024-004,2024-09-02 03:00:00,0.7255045572916666,-0.6234895833333334,0.13573523759841918,0.034424316883087155
2024-005,2024-08-31 00:00:00,0.8305826822916667,-0.68909375,0.2275947093963623,-0.021134120225906373
2024-005,2024-08-31 03:00:00,0.8305826822916667,-0.68909375,0.2275947093963623,-0.021134120225906373
2024-005,2024-08-31 06:00:00,0.8305826822916667,-0.6385,0.189779794216156,0.05128663778305054
2024-005,2024-08-31 12:00:00,0.8305826822916667,-0.808296875,0.25662343502044677,0.05359381437301636
2024-005,2024-08-31 18:00:00,0.8305826822916667,-0.664859375,0.23273191452026368,0.15890820026397706
2024-005,2024-09-01 00:00:00,0.8292195638020833,-0.7279895833333333,0.22765071392059327,0.15012024641036986
2024-005,2024-09-01 03:00:00,0.8292195638020833,-0.7279895833333333,0.22765071392059327,0.15012024641036986
2024-005,2024-09-01 06:00:00,0.8292195638020833,-0.6212239583333333,0.1535740852355957,0.22026734352111815
2024-005,2024-09-01 12:00:00,0.8292195638020833,-0.777765625,0.19568949937820435,0.1745423197746277
2024-005,2024-09-01 18:00:00,0.8292195638020833,-0.5938020833333333,0.19615253210067748,0.2143853187561035
2024-005,2024-09-02 00:00:00,0.8306315104166667,-0.6607291666666667,0.14887607097625732,0.1609494686126709
2024-005,2024-09-02 03:00:00,0.8306315104166667,-0.6607291666666667,0.14887607097625732,0.1609494686126709
2024-005,2024-09-02 06:00:00,0.8306315104166667,-0.546140625,0.14155905246734618,0.24727871417999267
2024-006,2024-09-08 00:00:00,0.8449442545572917,-0.714296875,0.18899672031402587,0.016356340050697325
2024-006,2024-09-08 03:00:00,0.8449442545572917,-0.714296875,0.18899672031402587,0.016356340050697325
2024-006,2024-09-08 06:00:00,0.8449442545572917,-0.656375,0.17506392002105714,0.06587166786193847
2024-006,2024-09-08 12:00:00,0.8449442545572917,-0.8740729166666666,0.235274076461792,0.1338831901550293
2024-006,2024-09-08 18:00:00,0.8449442545572917,-0.7490677083333334,0.26664278507232664,0.18025437593460084
2024-006,2024-09-09 00:00:00,0.8281778971354167,-0.871140625,0.26585099697113035,0.20068421363830566
2024-006,2024-09-09 03:00:00,0.8281778971354167,-0.871140625,0.26585099697113035,0.20068421363830566
2024-006,2024-09-09 06:00:00,0.8281778971354167,-0.8122135416666667,0.26187183856964114,0.25773427486419676
2024-006,2024-09-09 12:00:00,0.8281778971354167,-0.9822135416666666,0.284665584564209,0.28676159381866456
2024-006,2024-09-09 18:00:00,0.8281778971354167,-0.8266979166666667,0.26898698806762694,0.3353987216949463
2024-006,2024-09-10 00:00:00,0.8176188151041667,-0.8639270833333333,0.28250110149383545,0.3393208980560303
2024-006,2024-09-10 03:00:00,0.8176188151041667,-0.8639270833333333,0.28250110149383545,0.3393208980560303
2024-006,2024-09-10 06:00:00,0.8176188151041667,-0.7860104166666667,0.34139165878295896,0.33863091468811035
2024-007,2024-09-11 03:00:00,-19.333333333333332,-0.778984375,0.01413332372903824,-0.03844571113586426
2024-007,2024-09-11 06:00:00,-19.333333333333332,-0.6983645833333333,0.07281311750411987,0.016507591307163238
2024-007,2024-09-11 12:00:00,-19.333333333333332,-0.8582135416666666,0.10495531558990479,0.03934724330902099
2024-007,2024-09-11 18:00:00,-19.333333333333332,-0.71534375,0.09257645010948182,0.08472710847854614
2024-007,2024-09-12 00:00:00,-19.333333333333332,-0.7758958333333333,0.08909313082695007,0.0952667236328125
2024-007,2024-09-12 03:00:00,-19.333333333333332,-0.7758958333333333,0.08909313082695007,0.0952667236328125
2024-007,2024-09-12 06:00:00,-19.333333333333332,-0.635453125,0.1547049880027771,0.11272937059402466
2024-007,2024-09-12 12:00:00,-19.333333333333332,-0.715140625,0.13562246561050414,0.07924514412879943
2024-007,2024-09-12 18:00:00,-19.333333333333332,-0.6024635416666667,0.16169772148132325,0.10481988191604615
2024-007,2024-09-13 00:00:00,-19.333333333333332,-0.6800416666666667,0.23198111057281495,0.08558550477027893
2024-008,2024-09-13 12:00:00,0.8465677897135416,-0.8351822916666667,0.21879141330718993,0.03437464237213135
2024-008,2024-09-13 18:00:00,0.8465677897135416,-0.7454427083333334,0.22505085468292235,0.03770380318164825
2024-008,2024-09-14 00:00:00,0.842718505859375,-0.8088697916666666,0.20362777709960939,0.022347207367420196
2024-008,2024-09-14 03:00:00,0.842718505859375,-0.8088697916666666,0.20362777709960939,0.022347207367420196
2024-008,2024-09-14 06:00:00,0.842718505859375,-0.706125,0.2250441312789917,-0.04003348052501678
2024-008,2024-09-14 12:00:00,0.842718505859375,-0.84671875,0.15616575479507447,0.019093450903892518
2024-008,2024-09-14 18:00:00,0.842718505859375,-0.7319739583333333,0.15377516746520997,0.05274025797843933
2024-008,2024-09-15 00:00:00,0.8260904947916666,-0.8068125,0.1736178517341614,0.03258426487445831
2024-008,2024-09-15 03:00:00,0.8260904947916666,-0.8068125,0.1736178517341614,0.03258426487445831
2024-008,2024-09-15 06:00:00,0.8260904947916666,-0.715015625,0.18430330753326415,0.0017153065651655196
2024-008,2024-09-15 12:00:00,0.8260904947916666,-0.8410677083333333,0.13173725605010986,0.057345235347747804
2024-008,2024-09-15 18:00:00,0.8260904947916666,-0.6910572916666666,0.11075429916381836,0.06330185532569885
2024-008,2024-09-16 00:00:00,0.8121866861979167,-0.7316302083333334,0.06600252985954284,0.06323156952857971
2024-008,2024-09-16 03:00:00,0.8121866861979167,-0.7316302083333334,0.06600252985954284,0.06323156952857971
2024-008,2024-09-16 06:00:00,0.8121866861979167,-0.60021875,0.04208973050117493,0.00734592005610466
2024-008,2024-09-16 12:00:00,0.8121866861979167,-0.72440625,0.0033281255513429643,0.014782053232192994
2024-008,2024-09-16 18:00:00,0.8121866861979167,-0.5837552083333334,-0.025540632009506226,0.03726603090763092
2024-008,2024-09-17 00:00:00,0.8286336263020834,-0.59240625,-0.04666162133216858,0.013034133613109589
2024-008,2024-09-17 03:00:00,0.8286336263020834,-0.59240625,-0.04666162133216858,0.013034133613109589
2024-008,2024-09-17 06:00:00,0.8286336263020834,-0.504171875,-0.09345595240592956,0.04098215997219086
2024-008,2024-09-17 12:00:00,0.8286336263020834,-0.7016510416666667,-0.03455117344856262,0.007295976579189301
2024-008,2024-09-17 18:00:00,0.8286336263020834,-0.565,-0.041868722438812254,0.06082288026809692
2024-009,2024-10-13 12:00:00,0.7765909830729166,-0.5017552083333333,0.012941104173660279,-0.14597901105880737
2024-009,2024-10-13 18:00:00,0.7765909830729166,-0.36206770833333335,-0.11741228103637695,-0.047956150770187375
2024-009,2024-10-14 00:00:00,0.7737833658854166,-0.467375,-0.1566257119178772,-0.011238447576761245
2024-009,2024-10-14 03:00:00,0.7737833658854166,-0.467375,-0.1566257119178772,-0.011238447576761245
2024-009,2024-10-14 06:00:00,0.7737833658854166,-0.29292708333333334,-0.11928640604019165,0.0782715141773224
2024-009,2024-10-14 12:00:00,0.7737833658854166,-0.5164427083333333,-0.05498150587081909,0.04201364815235138
2024-009,2024-10-14 18:00:00,0.7737833658854166,-0.3210208333333333,-0.21783668994903566,0.11709311008453369
2024-009,2024-10-15 00:00:00,0.7762797037760417,-0.453234375,-0.12136985063552856,0.2625372648239136
2024-009,2024-10-15 03:00:00,0.7762797037760417,-0.453234375,-0.12136985063552856,0.2625372648239136
2024-009,2024-10-15 06:00:00,0.7762797037760417,-0.227375,-0.04011712968349457,0.31741838455200194
2024-009,2024-10-15 12:00:00,0.7762797037760417,-0.41509375,0.054458731412887575,0.19802746772766114
2024-010,2024-10-15 12:00:00,0.8636515299479167,-0.4490625,0.016066701710224153,-0.03550495207309723
2024-010,2024-10-15 18:00:00,0.8636515299479167,-0.32117708333333334,0.028356051445007323,0.0842252254486084
2024-010,2024-10-16 00:00:00,0.8665873209635416,-0.41442708333333333,0.05084212422370911,0.11509326696395875
2024-010,2024-10-16 03:00:00,0.8665873209635416,-0.41442708333333333,0.05084212422370911,0.11509326696395875
2024-010,2024-10-16 06:00:00,0.8665873209635416,-0.321328125,0.093475341796875,0.17734415531158448
2024-010,2024-10-16 12:00:00,0.8665873209635416,-0.4710989583333333,0.08916818499565124,0.15103679895401
2024-010,2024-10-16 18:00:00,0.8665873209635416,-0.30768229166666666,0.0576383113861084,0.3137357234954834
2024-011,2024-10-22 00:00:00,0.8732625325520833,-0.2620208333333333,-0.0757943868637085,-0.2819645881652832
2024-011,2024-10-22 03:00:00,0.8732625325520833,-0.2620208333333333,-0.0757943868637085,-0.2819645881652832
2024-011,2024-10-22 06:00:00,0.8732625325520833,-0.24011458333333333,-0.1295795440673828,-0.2545228719711304
2024-011,2024-10-22 12:00:00,0.8732625325520833,-0.34847395833333333,-0.07121444940567016,-0.1645235538482666
2024-011,2024-10-22 18:00:00,0.8732625325520833,-0.2884375,-0.07965680360794067,-0.11408960819244385
2024-011,2024-10-23 00:00:00,0.86470947265625,-0.38053125,-0.043326595425605775,-0.10048856735229492
2024-011,2024-10-23 03:00:00,0.86470947265625,-0.38053125,-0.043326595425605775,-0.10048856735229492
2024-011,2024-10-23 06:00:00,0.86470947265625,-0.36508854166666665,-0.04718605875968933,-0.0353072464466095
2024-011,2024-10-23 09:00:00,0.86470947265625,-0.36508854166666665,-0.04718605875968933,-0.0353072464466095
2024-011,2024-10-23 12:00:00,0.86470947265625,-0.47601041666666666,-0.02059122771024704,0.06152505278587341
2024-011,2024-10-23 15:00:00,0.86470947265625,-0.47601041666666666,-0.02059122771024704,0.06152505278587341
2024-011,2024-10-23 18:00:00,0.86470947265625,-0.38615625,0.010692872852087022,0.18978002071380615
2024-011,2024-10-23 21:00:00,0.86470947265625,-0.38615625,0.010692872852087022,0.18978002071380615
2024-011,2024-10-24 00:00:00,0.84755859375,-0.45385416666666667,0.07471450567245483,0.2625105381011963
2024-011,2024-10-24 03:00:00,0.84755859375,-0.45385416666666667,0.07471450567245483,0.2625105381011963
2024-011,2024-10-24 06:00:00,0.84755859375,-0.3687916666666667,0.1509677290916443,0.3389784574508667
2024-011,2024-10-24 09:00:00,0.84755859375,-0.3687916666666667,0.1509677290916443,0.3389784574508667
2024-011,2024-10-24 12:00:00,0.84755859375,-0.46467708333333335,0.23115854263305663,0.3197544813156128
2024-011,2024-10-24 15:00:00,0.84755859375,-0.46467708333333335,0.23115854263305663,0.3197544813156128
2024-011,2024-10-24 18:00:00,0.84755859375,-0.34590625,0.20317914485931396,0.3500258684158325
2024-011,2024-10-24 21:00:00,0.84755859375,-0.34590625,0.20317914485931396,0.3500258684158325
2024-011,2024-10-25 00:00:00,0.848114013671875,-0.42483333333333334,0.18791221380233764,0.31400222778320314
2024-011,2024-10-25 03:00:00,0.848114013671875,-0.42483333333333334,0.18791221380233764,0.31400222778320314
2024-011,2024-10-25 06:00:00,0.848114013671875,-0.33588541666666666,0.19993808269500732,0.3759212255477905
2024-011,2024-10-25 09:00:00,0.848114013671875,-0.33588541666666666,0.19993808269500732,0.3759212255477905
2024-011,2024-10-25 12:00:00,0.848114013671875,-0.40727083333333336,0.22508928775787354,0.2898828983306885
2024-011,2024-10-25 18:00:00,0.848114013671875,-0.2858125,0.19075994491577147,0.30262482166290283
2024-012,2024-11-25 03:00:00,0.8226643880208333,-0.32711979166666666,-0.24689087867736817,-0.3631007671356201
2024-012,2024-11-25 06:00:00,0.8226643880208333,-0.23520833333333332,-0.26581051349639895,-0.3328913688659668
2024-012,2024-11-25 12:00:00,0.8226643880208333,-0.34744270833333335,-0.19456229209899903,-0.29657859802246095
2024-012,2024-11-25 18:00:00,0.8226643880208333,-0.26167708333333334,-0.22511897087097169,-0.24665522575378418
2024-012,2024-11-26 00:00:00,0.8217427571614583,-0.41039583333333335,-0.170983624458313,-0.18184199333190917
2024-012,2024-11-26 03:00:00,0.8217427571614583,-0.41039583333333335,-0.170983624458313,-0.18184199333190917
2024-012,2024-11-26 06:00:00,0.8217427571614583,-0.31933854166666664,-0.1122819185256958,-0.15779421329498292
2024-012,2024-11-26 12:00:00,0.8217427571614583,-0.46311458333333333,-0.04193891286849975,-0.17357739210128784
2024-012,2024-11-26 18:00:00,0.8217427571614583,-0.322234375,-0.0014239691197872161,-0.12644730806350707
2024-012,2024-11-27 00:00:00,0.8158040364583333,-0.483875,0.04310608208179474,-0.16268953084945678
2024-012,2024-11-27 03:00:00,0.8158040364583333,-0.483875,0.04310608208179474,-0.16268953084945678
2024-012,2024-11-27 06:00:00,0.8158040364583333,-0.388265625,0.05588716864585876,-0.12033699750900269
2024-012,2024-11-27 12:00:00,0.8158040364583333,-0.5434895833333333,0.09700441360473633,-0.0669033944606781
2024-012,2024-11-27 18:00:00,0.8158040364583333,-0.39322395833333335,0.10168139934539795,-0.005075190961360931
2024-012,2024-11-28 00:00:00,0.8077921549479167,-0.5141354166666666,0.14759490489959717,-0.04713214933872223
2024-012,2024-11-28 03:00:00,0.8077921549479167,-0.5141354166666666,0.14759490489959717,-0.04713214933872223
2024-012,2024-11-28 06:00:00,0.8077921549479167,-0.38861979166666666,0.11631078720092773,-0.04734262228012085
2024-012,2024-11-28 12:00:00,0.8077921549479167,-0.5181822916666666,0.1285867691040039,-0.03989022076129913
2024-012,2024-11-28 18:00:00,0.8077921549479167,-0.3857291666666667,0.048035857081413266,0.04486297965049744
2024-012,2024-11-29 00:00:00,0.8021525065104167,-0.493796875,0.09853545427322388,0.14569905996322632
2024-012,2024-11-29 03:00:00,0.8021525065104167,-0.493796875,0.09853545427322388,0.14569905996322632
2024-012,2024-11-29 06:00:00,0.8021525065104167,-0.378203125,0.19871954917907714,0.1399276614189148
2024-012,2024-11-29 09:00:00,0.8021525065104167,-0.378203125,0.19871954917907714,0.1399276614189148
2024-012,2024-11-29 12:00:00,0.8021525065104167,-0.5030104166666667,0.24248254299163818,0.13158245086669923
2024-012,2024-11-29 15:00:00,0.8021525065104167,-0.5030104166666667,0.24248254299163818,0.13158245086669923
2024-012,2024-11-29 18:00:00,0.8021525065104167,-0.37256770833333336,0.24822165966033935,0.18798458576202393
2024-012,2024-11-29 21:00:00,0.8021525065104167,-0.37256770833333336,0.24822165966033935,0.18798458576202393
2024-012,2024-11-30 00:00:00,0.799566650390625,-0.48933333333333334,0.24569916725158691,0.20787472724914552
2024-012,2024-11-30 03:00:00,0.799566650390625,-0.48933333333333334,0.24569916725158691,0.20787472724914552
2024-012,2024-11-30 06:00:00,0.799566650390625,-0.3740572916666667,0.2801889657974243,0.26438605785369873
2024-012,2024-11-30 09:00:00,0.799566650390625,-0.3740572916666667,0.2801889657974243,0.26438605785369873
2024-012,2024-11-30 12:00:00,0.799566650390625,-0.525703125,0.3226022243499756,0.21719162464141845
2024-012,2024-11-30 15:00:00,0.799566650390625,-0.525703125,0.3226022243499756,0.21719162464141845
2024-012,2024-11-30 18:00:00,0.799566650390625,-0.3731302083333333,0.27380516529083254,0.28894131183624266
2024-012,2024-11-30 21:00:00,0.799566650390625,-0.3731302083333333,0.27380516529083254,0.28894131183624266
2024-012,2024-12-01 00:00:00,0.79530029296875,-0.48909895833333333,0.2759948015213013,0.24907805919647216
2024-012,2024-12-01 03:00:00,0.79530029296875,-0.48909895833333333,0.2759948015213013,0.24907805919647216
2024-012,2024-12-01 06:00:00,0.79530029296875,-0.36336979166666666,0.22910265922546386,0.2800590038299561
2024-012,2024-12-01 12:00:00,0.79530029296875,-0.5274947916666667,0.2576249122619629,0.23756721019744872
2024-012,2024-12-01 18:00:00,0.79530029296875,-0.392765625,0.25883753299713136,0.25666968822479247
2024-013,2024-12-20 12:00:00,0.7338765462239584,-0.37765625,-0.18859050273895264,0.12815968990325927
2024-013,2024-12-20 18:00:00,0.7338765462239584,-0.2780520833333333,-0.160480535030365,0.21961300373077391
2024-013,2024-12-21 00:00:00,0.739129638671875,-0.38300520833333335,0.008781501650810241,0.12173334360122681
2024-013,2024-12-21 03:00:00,0.739129638671875,-0.38300520833333335,0.008781501650810241,0.12173334360122681
2024-013,2024-12-21 06:00:00,0.739129638671875,-0.24301041666666667,0.07215092182159424,-0.05547285676002502
2025-001,2025-05-24 00:00:00,0.873565673828125,-0.864859375,0.262175989151001,-0.016275949776172638
2025-001,2025-05-24 03:00:00,0.873565673828125,-0.864859375,0.262175989151001,-0.016275949776172638
2025-001,2025-05-24 06:00:00,0.873565673828125,-0.7241354166666667,0.2789791107177734,0.046990317106246945
2025-001,2025-05-24 12:00:00,0.873565673828125,-0.911640625,0.3591551065444946,0.006261509656906128
2025-001,2025-05-24 18:00:00,0.873565673828125,-0.6913072916666667,0.35290911197662356,0.08716304898262024
2025-002,2025-05-29 00:00:00,0.86170654296875,-1.1226510416666666,-0.027791827917099,0.118942129611969
2025-002,2025-05-29 03:00:00,0.86170654296875,-1.1226510416666666,-0.027791827917099,0.118942129611969
2025-002,2025-05-29 06:00:00,0.86170654296875,-1.097984375,-0.0019768090918660165,0.1979287385940552
2025-002,2025-05-29 12:00:00,0.86170654296875,-1.2284947916666666,0.11085751056671142,0.26294746398925783
2025-002,2025-05-29 18:00:00,0.86170654296875,-1.094734375,0.1891499161720276,0.2933777093887329
2025-002,2025-05-30 00:00:00,0.8657511393229167,-1.131234375,0.2791306018829346,0.3139488935470581
2025-002,2025-05-30 03:00:00,0.8657511393229167,-1.131234375,0.2791306018829346,0.3139488935470581
2025-002,2025-05-30 06:00:00,0.8657511393229167,-1.0038125,0.3391301155090332,0.3641578912734985
2025-003,2025-07-14 06:00:00,0.7890360514322917,-0.7450364583333333,-0.0543385922908783,0.12850658893585204
2025-003,2025-07-14 12:00:00,0.7890360514322917,-0.8939895833333333,-0.06027407646179199,0.20872795581817627
2025-003,2025-07-14 18:00:00,0.7890360514322917,-0.744765625,-0.04555793404579163,0.19427855014801027
2025-003,2025-07-15 00:00:00,0.7950154622395833,-0.8165,-0.052295374870300296,0.180314040184021
2025-004,2025-07-15 03:00:00,-19.333333333333332,-0.9497760416666666,0.030315572023391725,-0.011231452971696854
2025-004,2025-07-15 06:00:00,-19.333333333333332,-0.8914947916666667,-0.023112930357456207,0.03681207597255707
2025-004,2025-07-15 12:00:00,-19.333333333333332,-1.053328125,0.0711696982383728,0.020737186074256897
2025-004,2025-07-15 18:00:00,-19.333333333333332,-0.8672708333333333,0.008468283712863922,0.07320266366004943
2025-005,2025-07-17 00:00:00,0.8196065266927083,-0.7066197916666667,0.018282614648342133,0.10204280614852905
2025-005,2025-07-17 03:00:00,0.8196065266927083,-0.7066197916666667,0.018282614648342133,0.10204280614852905
2025-005,2025-07-17 06:00:00,0.8196065266927083,-0.6024479166666666,0.058839768171310425,0.11214967966079711
2025-005,2025-07-17 12:00:00,0.8196065266927083,-0.765890625,0.03943328261375427,0.07148975729942322
2025-005,2025-07-17 18:00:00,0.8196065266927083,-0.611546875,-0.017063096165657043,0.10545086860656738
2025-005,2025-07-18 00:00:00,0.819635009765625,-0.6679479166666666,0.022373107075691224,0.08184459805488586
2025-005,2025-07-18 03:00:00,0.819635009765625,-0.6679479166666666,0.022373107075691224,0.08184459805488586
2025-005,2025-07-18 06:00:00,0.819635009765625,-0.6154166666666666,0.06726481318473816,0.11075657606124878
2025-005,2025-07-18 12:00:00,0.819635009765625,-0.8311302083333333,0.0761296808719635,0.04650723934173584
2025-005,2025-07-18 18:00:00,0.819635009765625,-0.728125,0.04825928807258606,0.09323889017105103
2025-005,2025-07-19 00:00:00,0.8332682291666667,-0.8279895833333333,0.05501741170883179,0.09082314968109131
2025-005,2025-07-19 03:00:00,0.8332682291666667,-0.8279895833333333,0.05501741170883179,0.09082314968109131
2025-005,2025-07-19 06:00:00,0.8332682291666667,-0.8126458333333333,0.12349963188171387,0.11992065906524658
2025-005,2025-07-19 12:00:00,0.8332682291666667,-1.0361458333333333,0.12489573955535889,0.07181591391563416
2025-005,2025-07-19 18:00:00,0.8332682291666667,-0.872609375,0.07256675362586976,0.15505045652389526
2025-006,2025-07-25 00:00:00,0.8630472819010416,-1.2428125,0.186464262008667,0.09556750059127808
2025-006,2025-07-25 03:00:00,0.8630472819010416,-1.2428125,0.186464262008667,0.09556750059127808
2025-006,2025-07-25 06:00:00,0.8630472819010416,-1.1439479166666666,0.17112168073654174,0.13338468074798585
2025-006,2025-07-25 12:00:00,0.8630472819010416,-1.27615625,0.14730371236801149,0.20209712982177735
2025-006,2025-07-25 18:00:00,0.8630472819010416,-1.0705885416666667,0.12922799587249756,0.2418508768081665
2025-006,2025-07-26 00:00:00,0.8277750651041667,-1.13134375,0.09676296710968017,0.21185104846954345
2025-006,2025-07-26 03:00:00,0.8277750651041667,-1.13134375,0.09676296710968017,0.21185104846954345
2025-006,2025-07-26 06:00:00,0.8277750651041667,-1.0015989583333333,0.07356810569763184,0.28468472957611085
2025-006,2025-07-26 12:00:00,0.8277750651041667,-1.125421875,0.12800583839416504,0.28473970890045164
2025-006,2025-07-26 18:00:00,0.8277750651041667,-0.9011302083333333,0.14635175466537476,0.3381307363510132
2025-007,2025-08-18 12:00:00,0.8484659830729167,-0.9385625,0.13867542743682862,0.268808388710022
2025-007,2025-08-18 18:00:00,0.8484659830729167,-0.7533020833333334,0.21769652366638184,0.35204644203186036
2025-007,2025-08-19 00:00:00,0.846624755859375,-0.858484375,0.20037438869476318,0.24419608116149902
2025-007,2025-08-19 03:00:00,0.846624755859375,-0.858484375,0.20037438869476318,0.24419608116149902
2025-007,2025-08-19 06:00:00,0.846624755859375,-0.746328125,0.24041218757629396,0.39867660999298093
2025-008,2025-09-06 18:00:00,0.698681640625,-0.5921666666666666,0.21077046394348145,0.1902827262878418
2025-008,2025-09-07 00:00:00,0.7077616373697917,-0.6915833333333333,0.21105329990386962,0.10832463502883911
2025-008,2025-09-07 03:00:00,0.7077616373697917,-0.6915833333333333,0.21105329990386962,0.10832463502883911
2025-008,2025-09-07 06:00:00,0.7077189127604167,-0.6056041666666667,0.20805299282073975,0.17565313577651978
2025-008,2025-09-07 12:00:00,0.7077189127604167,-0.839703125,0.23545799255371094,0.19110405445098877
2025-008,2025-09-07 18:00:00,0.7076700846354167,-0.6711614583333333,0.15623947381973266,0.21648745536804198
2025-008,2025-09-08 00:00:00,0.7139729817708333,-0.7767552083333333,0.11828625202178955,0.1645173192024231
2025-008,2025-09-08 03:00:00,0.7139729817708333,-0.7767552083333333,0.11828625202178955,0.1645173192024231
2025-008,2025-09-08 06:00:00,0.713934326171875,-0.6315833333333334,0.09713318943977356,0.25598409175872805
2025-008,2025-09-08 12:00:00,0.7139628092447917,-0.7549947916666667,0.11973063945770264,0.271642279624939
2025-008,2025-09-08 18:00:00,0.7139363606770833,-0.540640625,0.034038683772087096,0.2492659568786621
2025-008,2025-09-09 00:00:00,0.7139546712239583,-0.5550520833333333,0.030801638960838318,0.18517205715179444
2025-008,2025-09-09 03:00:00,0.7139546712239583,-0.5550520833333333,0.030801638960838318,0.18517205715179444
2025-008,2025-09-09 06:00:00,0.7139363606770833,-0.4008333333333333,0.059519559144973755,0.2673682689666748
2025-008,2025-09-09 12:00:00,0.7139363606770833,-0.5332239583333334,0.10705397129058838,0.1771502375602722
2025-008,2025-09-09 18:00:00,0.7139180501302084,-0.3695104166666667,0.06854376792907715,0.22549958229064943
2025-008,2025-09-10 00:00:00,0.7230692545572917,-0.416203125,0.1119073748588562,0.19521416425704957
2025-008,2025-09-10 03:00:00,0.7230692545572917,-0.416203125,0.1119073748588562,0.19521416425704957
2025-008,2025-09-10 06:00:00,0.7231119791666667,-0.2769270833333333,0.15235493183135987,0.2842858076095581
2025-008,2025-09-10 12:00:00,0.7232157389322916,-0.4988958333333333,0.21123666763305665,0.2344383955001831
2025-008,2025-09-10 18:00:00,0.723199462890625,-0.40066145833333333,0.1522603988647461,0.2679020166397095
2025-009,2025-09-26 12:00:00,0.87093505859375,-0.7570052083333333,0.05427982807159424,0.02037016898393631
2025-009,2025-09-26 18:00:00,0.87093505859375,-0.5689166666666666,0.08213083744049073,0.09457740783691407
2025-009,2025-09-27 00:00:00,0.8668599446614583,-0.625140625,0.05541636347770691,0.08886224031448364
2025-009,2025-09-27 03:00:00,0.8668599446614583,-0.625140625,0.05541636347770691,0.08886224031448364
2025-009,2025-09-27 06:00:00,0.8668599446614583,-0.5147395833333334,0.03019492030143738,0.15684792995452881
2025-009,2025-09-27 12:00:00,0.8668599446614583,-0.656328125,0.07313029170036316,0.1705670952796936
2025-009,2025-09-27 18:00:00,0.8668599446614583,-0.5037552083333333,0.07166320681571961,0.2106029987335205
2025-009,2025-09-28 00:00:00,0.8647745768229167,-0.539984375,0.06166664958000183,0.1584058880805969
2025-010,2025-10-01 06:00:00,0.8344502766927083,-0.693796875,0.009019609540700912,0.05682252645492554
2025-010,2025-10-01 12:00:00,0.8344502766927083,-0.7766927083333334,0.151986825466156,0.13937149047851563
2025-010,2025-10-01 18:00:00,0.8344502766927083,-0.6368020833333333,0.16213157176971435,0.22417008876800537
2025-010,2025-10-02 00:00:00,0.8330790201822916,-0.6267135416666667,0.19528369903564452,0.25457234382629396
2025-010,2025-10-02 03:00:00,0.8330790201822916,-0.6267135416666667,0.19528369903564452,0.25457234382629396
2025-010,2025-10-02 06:00:00,0.8330790201822916,-0.5034010416666667,0.20186221599578857,0.39053568840026853
2025-010,2025-10-02 12:00:00,0.8330790201822916,-0.5793333333333334,0.21952123641967775,0.3864058256149292
2025-010,2025-10-02 18:00:00,0.8330790201822916,-0.4301979166666667,0.17001222372055053,0.42751164436340333
2025-010,2025-10-03 00:00:00,0.8332784016927083,-0.4287708333333333,0.17541362047195436,0.44689207077026366
2025-010,2025-10-03 03:00:00,0.8332784016927083,-0.4287708333333333,0.17541362047195436,0.44689207077026366
2025-010,2025-10-03 06:00:00,0.8332784016927083,-0.29402083333333334,0.21725528240203856,0.4327678680419922
2025-011,2025-10-01 12:00:00,0.7338460286458334,-0.834953125,0.3966029644012451,0.220835280418396
2025-011,2025-10-01 18:00:00,0.733837890625,-0.6669479166666666,0.3181746244430542,0.3198274850845337
2025-011,2025-10-02 00:00:00,0.7406901041666667,-0.7090052083333334,0.32317888736724854,0.15699286460876466
2025-011,2025-10-02 03:00:00,0.7406901041666667,-0.7090052083333334,0.32317888736724854,0.15699286460876466
2025-011,2025-10-02 06:00:00,0.7406840006510417,-0.5050104166666667,0.24897351264953613,0.1804284930229187
2025-011,2025-10-02 12:00:00,0.7406778971354167,-0.6443489583333334,0.2582746744155884,0.15462808609008788
2025-011,2025-10-02 18:00:00,0.7406717936197916,-0.45527083333333335,0.205698561668396,0.2511116981506348
2025-011,2025-10-03 00:00:00,0.7403910319010417,-0.5090260416666667,0.22819087505340577,0.085414057970047
2025-011,2025-10-03 03:00:00,0.7403910319010417,-0.5090260416666667,0.22819087505340577,0.085414057970047
2025-011,2025-10-03 06:00:00,0.7403849283854167,-0.30149479166666665,0.1701348304748535,0.1527641534805298
2025-011,2025-10-03 09:00:00,0.7403849283854167,-0.30149479166666665,0.1701348304748535,0.1527641534805298
2025-011,2025-10-03 12:00:00,0.7403910319010417,-0.4332916666666667,0.24260332584381103,0.1361144781112671
2025-011,2025-10-03 15:00:00,0.7403910319010417,-0.4332916666666667,0.24260332584381103,0.1361144781112671
2025-011,2025-10-03 18:00:00,0.7403889973958333,-0.28983333333333333,0.22243635654449462,0.22075648307800294
2025-011,2025-10-03 21:00:00,0.7403889973958333,-0.28983333333333333,0.22243635654449462,0.22075648307800294
2025-011,2025-10-04 00:00:00,0.737738037109375,-0.363375,0.27043852806091306,0.1768873691558838
2025-011,2025-10-04 03:00:00,0.737738037109375,-0.363375,0.27043852806091306,0.1768873691558838
2025-011,2025-10-04 06:00:00,0.7377522786458334,-0.22240625,0.23282184600830078,0.2773459434509277
2025-011,2025-10-04 09:00:00,0.7377522786458334,-0.22240625,0.23282184600830078,0.2773459434509277
2025-011,2025-10-04 12:00:00,0.7378072102864583,-0.43869270833333335,0.2737394094467163,0.2845304489135742
2025-011,2025-10-04 15:00:00,0.7378072102864583,-0.43869270833333335,0.2737394094467163,0.2845304489135742
2025-011,2025-10-04 18:00:00,0.737786865234375,-0.321765625,0.23717470169067384,0.40450005531311034
2025-011,2025-10-04 21:00:00,0.737786865234375,-0.321765625,0.23717470169067384,0.40450005531311034
2025-011,2025-10-05 00:00:00,0.7218221028645834,-0.4193125,0.2474821090698242,0.3685780048370361
2025-011,2025-10-05 03:00:00,0.7218221028645834,-0.4193125,0.2474821090698242,0.3685780048370361
2025-011,2025-10-05 06:00:00,0.7218302408854167,-0.2639739583333333,0.24412262439727783,0.4282719135284424
2025-011,2025-10-05 09:00:00,0.7218302408854167,-0.2639739583333333,0.24412262439727783,0.4282719135284424
2025-011,2025-10-05 12:00:00,0.72186279296875,-0.452140625,0.314177942276001,0.38362395763397217
2025-011,2025-10-05 15:00:00,0.72186279296875,-0.452140625,0.314177942276001,0.38362395763397217
2025-011,2025-10-05 18:00:00,0.721844482421875,-0.30119270833333334,0.2575284481048584,0.4458006381988525
2025-011,2025-10-05 21:00:00,0.721844482421875,-0.30119270833333334,0.2575284481048584,0.4458006381988525
2025-011,2025-10-06 00:00:00,0.713543701171875,-0.3526927083333333,0.30054001808166503,0.3602900505065918
2025-011,2025-10-06 03:00:00,0.713543701171875,-0.3526927083333333,0.30054001808166503,0.3602900505065918
2025-011,2025-10-06 06:00:00,0.7135477701822917,-0.15272395833333333,0.3135507345199585,0.35960211753845217
2025-011,2025-10-06 09:00:00,0.7135477701822917,-0.15272395833333333,0.3135507345199585,0.35960211753845217
2025-011,2025-10-06 12:00:00,0.713568115234375,-0.33746875,0.3664996862411499,0.31347391605377195
2025-011,2025-10-06 15:00:00,0.713568115234375,-0.33746875,0.3664996862411499,0.31347391605377195
2025-011,2025-10-06 18:00:00,0.7135518391927084,-0.20433854166666668,0.361226487159729,0.3404952049255371
2025-011,2025-10-07 00:00:00,0.7220072428385417,-0.27265625,0.3571449041366577,0.17496156692504883
2025-011,2025-10-07 03:00:00,0.7220072428385417,-0.27265625,0.3571449041366577,0.17496156692504883
2025-011,2025-10-07 06:00:00,0.72200927734375,-0.08797916666666666,0.24031596183776854,0.20147488117218018
2025-012,2025-10-22 00:00:00,0.7939229329427083,-0.40630208333333334,-0.18479150533676147,-0.13341684341430665
2025-012,2025-10-22 03:00:00,0.7939229329427083,-0.40630208333333334,-0.18479150533676147,-0.13341684341430665
2025-012,2025-10-22 06:00:00,0.7939229329427083,-0.2404375,-0.2265770673751831,-0.09283804297447204
2025-012,2025-10-22 12:00:00,0.7939229329427083,-0.44883854166666665,-0.08629502654075623,-0.10846861600875854
2025-012,2025-10-22 18:00:00,0.7939229329427083,-0.290171875,-0.06457542777061462,-0.09181761741638184
2025-012,2025-10-23 00:00:00,0.7932881673177083,-0.42508854166666665,-0.026570266485214232,-0.14619733095169068
2025-012,2025-10-23 03:00:00,0.7932881673177083,-0.42508854166666665,-0.026570266485214232,-0.14619733095169068
2025-012,2025-10-23 06:00:00,0.7932881673177083,-0.28038541666666666,-0.053949499130249025,-0.058643805980682376
2025-012,2025-10-23 12:00:00,0.7932881673177083,-0.4870260416666667,0.0777290403842926,-0.004955112561583519
2025-012,2025-10-23 18:00:00,0.7932881673177083,-0.321046875,0.0873736560344696,0.053661710023880003
2025-012,2025-10-24 00:00:00,0.7897196451822917,-0.43144791666666665,0.14150888919830323,0.04858039319515228
2025-012,2025-10-24 03:00:00,0.7897196451822917,-0.43144791666666665,0.14150888919830323,0.04858039319515228
2025-012,2025-10-24 06:00:00,0.7897196451822917,-0.29284375,0.08256779313087463,0.13927185535430908
2025-012,2025-10-24 12:00:00,0.7897196451822917,-0.5112604166666667,0.16185930967330933,0.14317325353622437
2025-012,2025-10-24 18:00:00,0.7897196451822917,-0.3549791666666667,0.11711511611938477,0.22098371982574463
2025-012,2025-10-25 00:00:00,0.7844767252604167,-0.5071770833333333,0.09906381964683533,0.2566540002822876
2025-012,2025-10-25 03:00:00,0.7844767252604167,-0.5071770833333333,0.09906381964683533,0.2566540002822876
2025-012,2025-10-25 06:00:00,0.7844767252604167,-0.36961458333333336,0.07389890551567077,0.35931079387664794
2025-012,2025-10-25 12:00:00,0.7844767252604167,-0.5666875,0.17138828039169313,0.30957984924316406
2025-012,2025-10-25 18:00:00,0.7844767252604167,-0.4139375,0.11143109798431397,0.3423343896865845
2025-012,2025-10-26 00:00:00,0.7765177408854167,-0.5426510416666667,0.12492216825485229,0.38555781841278075
2025-012,2025-10-26 03:00:00,0.7765177408854167,-0.5426510416666667,0.12492216825485229,0.38555781841278075
2025-012,2025-10-26 06:00:00,0.7765177408854167,-0.40484375,0.14110908508300782,0.4184680461883545
2025-012,2025-10-26 12:00:00,0.7765177408854167,-0.5807135416666667,0.28540027141571045,0.3499318838119507
2025-012,2025-10-26 18:00:00,0.7765177408854167,-0.43045833333333333,0.28727695941925047,0.3169024705886841
2025-012,2025-10-27 00:00:00,0.769366455078125,-0.5490208333333333,0.33479738235473633,0.33369081020355223
2025-012,2025-10-27 03:00:00,0.769366455078125,-0.5490208333333333,0.33479738235473633,0.33369081020355223
2025-012,2025-10-27 06:00:00,0.769366455078125,-0.3792447916666667,0.3694483518600464,0.2906856298446655
2025-012,2025-10-27 12:00:00,0.769366455078125,-0.5165729166666667,0.4109483242034912,0.21365048885345458
2025-012,2025-10-27 18:00:00,0.769366455078125,-0.37416666666666665,0.36091294288635256,0.23865871429443358
2025-012,2025-10-28 00:00:00,0.76324462890625,-0.520203125,0.44597463607788085,0.21372337341308595
2025-012,2025-10-28 03:00:00,0.76324462890625,-0.520203125,0.44597463607788085,0.21372337341308595
2025-012,2025-10-28 06:00:00,0.76324462890625,-0.37549479166666666,0.42301645278930666,0.13854939937591554
2025-012,2025-10-28 12:00:00,0.76324462890625,-0.537671875,0.41521177291870115,0.08014999628067017
2025-012,2025-10-28 18:00:00,0.76324462890625,-0.38278645833333336,0.38470461368560793,0.10856971740722657
2025-012,2025-10-29 00:00:00,0.75966796875,-0.5211458333333333,0.42755770683288574,0.06169535517692566
2025-012,2025-10-29 03:00:00,0.75966796875,-0.5211458333333333,0.42755770683288574,0.06169535517692566
2025-012,2025-10-29 06:00:00,0.75966796875,-0.36404166666666665,0.3466947555541992,0.0991990625858307
2025-012,2025-10-29 12:00:00,0.75966796875,-0.545859375,0.3616577863693237,0.09795403480529785
2025-012,2025-10-29 18:00:00,0.75966796875,-0.4185260416666667,0.3251004219055176,0.15679192543029785
2025-012,2025-10-30 00:00:00,0.7546488444010416,-0.4941302083333333,0.3429617166519165,0.17177151441574096
2025-012,2025-10-30 03:00:00,0.7546488444010416,-0.4941302083333333,0.3429617166519165,0.17177151441574096
2025-012,2025-10-30 06:00:00,0.7546488444010416,-0.29628125,0.3298106908798218,0.24196882247924806
2025-012,2025-10-30 12:00:00,0.7546488444010416,-0.4394635416666667,0.33945341110229493,0.178331196308136
2025-012,2025-10-30 18:00:00,0.7546488444010416,-0.2542916666666667,0.33111550807952883,0.15654680728912354
2025-012,2025-10-31 00:00:00,0.753802490234375,-0.306828125,0.3516894817352295,0.07812379002571106
2025-012,2025-10-31 03:00:00,0.753802490234375,-0.306828125,0.3516894817352295,0.07812379002571106
2025-012,2025-10-31 06:00:00,0.753802490234375,-0.15791666666666668,0.3467576026916504,0.07619317173957825
2025-012,2025-10-31 12:00:00,0.753802490234375,-0.32784375,0.3558003902435303,-0.003057428076863289
2025-012,2025-10-31 18:00:00,0.753802490234375,-0.15378125,0.27713024616241455,0.03407342433929443
2025-013,2025-10-25 00:00:00,0.8488789876302083,-0.3013854166666667,-0.07028113007545471,-0.14108736515045167
2025-013,2025-10-25 03:00:00,0.8488789876302083,-0.3013854166666667,-0.07028113007545471,-0.14108736515045167
2025-013,2025-10-25 06:00:00,0.8488789876302083,-0.24794791666666666,-0.1366744041442871,-0.1380752682685852
2025-013,2025-10-25 12:00:00,0.8488789876302083,-0.37209375,-0.18637751340866088,-0.1337182879447937
2025-013,2025-10-25 18:00:00,0.8488789876302083,-0.26090104166666667,-0.18322852849960328,-0.08804067373275756
2025-013,2025-10-26 00:00:00,0.8419148763020833,-0.3258125,-0.16498970985412598,-0.1318952202796936
2025-013,2025-10-26 03:00:00,0.8419148763020833,-0.3258125,-0.16498970985412598,-0.1318952202796936
2025-013,2025-10-26 06:00:00,0.8419148763020833,-0.2737864583333333,-0.19408004283905028,-0.11799025535583496
2025-013,2025-10-26 12:00:00,0.8419148763020833,-0.39211979166666666,-0.1765582799911499,-0.06686242818832397
2025-013,2025-10-26 18:00:00,0.8419148763020833,-0.31102604166666664,-0.18156566619873046,0.022312155365943907
2025-013,2025-10-26 21:00:00,0.8419148763020833,-0.31102604166666664,-0.18156566619873046,0.022312155365943907
2025-013,2025-10-27 00:00:00,0.83399658203125,-0.3655,-0.13966493606567382,0.06821069121360779
2025-013,2025-10-27 03:00:00,0.83399658203125,-0.3655,-0.13966493606567382,0.06821069121360779
2025-013,2025-10-27 06:00:00,0.83399658203125,-0.29635416666666664,-0.14587149620056153,0.19285621643066406
2025-013,2025-10-27 09:00:00,0.83399658203125,-0.29635416666666664,-0.14587149620056153,0.19285621643066406
2025-013,2025-10-27 12:00:00,0.83399658203125,-0.435921875,-0.013971292972564697,0.2314305305480957
2025-013,2025-10-27 15:00:00,0.83399658203125,-0.435921875,-0.013971292972564697,0.2314305305480957
2025-013,2025-10-27 18:00:00,0.83399658203125,-0.33526041666666667,0.007464709877967835,0.27942047119140623
2025-013,2025-10-27 21:00:00,0.83399658203125,-0.33526041666666667,0.007464709877967835,0.27942047119140623
2025-013,2025-10-28 00:00:00,0.8280029296875,-0.40590625,-0.05013207197189331,0.3280233144760132
2025-013,2025-10-28 03:00:00,0.8280029296875,-0.40590625,-0.05013207197189331,0.3280233144760132
2025-013,2025-10-28 06:00:00,0.8280029296875,-0.32916666666666666,-0.02131117880344391,0.4142943859100342
2025-013,2025-10-28 09:00:00,0.8280029296875,-0.32916666666666666,-0.02131117880344391,0.4142943859100342
2025-013,2025-10-28 12:00:00,0.8280029296875,-0.429203125,0.11223942041397095,0.3784781932830811
2025-013,2025-10-28 15:00:00,0.8280029296875,-0.429203125,0.11223942041397095,0.3784781932830811
2025-013,2025-10-28 18:00:00,0.8280029296875,-0.3151875,0.09427502155303955,0.39846689701080323
2025-013,2025-10-28 21:00:00,0.8280029296875,-0.3151875,0.09427502155303955,0.39846689701080323
2025-013,2025-10-29 00:00:00,0.8277140299479167,-0.3544114583333333,0.08960064649581909,0.3954821348190308
2025-013,2025-10-29 03:00:00,0.8277140299479167,-0.3544114583333333,0.08960064649581909,0.3954821348190308
2025-013,2025-10-29 06:00:00,0.8277140299479167,-0.280296875,0.09720430374145508,0.40269861221313474
2025-013,2025-10-29 12:00:00,0.8277140299479167,-0.38171875,0.12657662630081176,0.3475713491439819
2025-013,2025-10-29 18:00:00,0.8277140299479167,-0.2325,0.06738897562026977,0.3573548078536987
2025-014,2025-11-25 03:00:00,0.7882120768229167,-0.316890625,0.052772098779678346,-0.1922749638557434
2025-014,2025-11-25 06:00:00,0.7882120768229167,-0.35294270833333335,-0.010885631293058395,-0.18768789768218994
2025-014,2025-11-25 12:00:00,0.7882120768229167,-0.33696354166666664,-0.0061183258891105655,-0.1855530858039856
2025-014,2025-11-25 18:00:00,0.7882120768229167,-0.3007239583333333,-0.09039721488952637,-0.20114986896514891
2025-014,2025-11-26 00:00:00,0.7912068684895833,-0.3073020833333333,-0.13314380645751953,-0.2250985860824585
2025-014,2025-11-26 03:00:00,0.7912068684895833,-0.3073020833333333,-0.13314380645751953,-0.2250985860824585
2025-014,2025-11-26 06:00:00,0.7912068684895833,-0.32228645833333336,-0.05289900302886963,-0.2739898681640625
2025-014,2025-11-26 09:00:00,0.7912068684895833,-0.32228645833333336,-0.05289900302886963,-0.2739898681640625
2025-014,2025-11-26 12:00:00,0.7912068684895833,-0.2775416666666667,-0.024414117634296417,-0.34412028789520266
2025-014,2025-11-26 15:00:00,0.7912068684895833,-0.2775416666666667,-0.024414117634296417,-0.34412028789520266
2025-014,2025-11-26 18:00:00,0.7912068684895833,-0.22608333333333333,-0.03268614113330841,-0.37357637882232664
2025-014,2025-11-26 21:00:00,0.7912068684895833,-0.22608333333333333,-0.03268614113330841,-0.37357637882232664
2025-014,2025-11-27 00:00:00,0.7836812337239584,-0.21651041666666668,-0.033844807744026185,-0.41983184814453123
2025-014,2025-11-27 03:00:00,0.7836812337239584,-0.21651041666666668,-0.033844807744026185,-0.41983184814453123
2025-014,2025-11-27 06:00:00,0.7836812337239584,-0.248984375,-0.0038390785455703737,-0.37073593139648436
2025-014,2025-11-27 12:00:00,0.7836812337239584,-0.20996875,0.05242654085159302,-0.2898717880249023
2025-014,2025-11-27 15:00:00,0.7836812337239584,-0.20996875,0.05242654085159302,-0.2898717880249023
2025-015,2025-11-26 18:00:00,0.7854960123697917,-0.04273958333333333,-0.2161250114440918,-0.25065529346466064
2025-015,2025-11-27 00:00:00,0.7856241861979166,-0.1428125,-0.1871721029281616,-0.2920552730560303
2025-015,2025-11-27 03:00:00,0.7856241861979166,-0.1428125,-0.1871721029281616,-0.2920552730560303
2025-015,2025-11-27 06:00:00,0.7856241861979166,-0.10554166666666667,-0.24388325214385986,-0.28109519481658934
2025-015,2025-11-27 09:00:00,0.7856241861979166,-0.10554166666666667,-0.24388325214385986,-0.28109519481658934
2025-015,2025-11-27 12:00:00,0.7856241861979166,-0.23211979166666666,-0.17880429029464723,-0.31242952346801756
2025-015,2025-11-27 15:00:00,0.7856241861979166,-0.23211979166666666,-0.17880429029464723,-0.31242952346801756
2025-015,2025-11-27 18:00:00,0.7856241861979166,-0.15230208333333334,-0.16029956340789794,-0.23983561992645264
2025-015,2025-11-27 21:00:00,0.7856241861979166,-0.15230208333333334,-0.16029956340789794,-0.23983561992645264
2025-015,2025-11-28 00:00:00,0.78165283203125,-0.23376041666666666,-0.12489451169967651,-0.15683079957962037
2025-015,2025-11-28 03:00:00,0.78165283203125,-0.23376041666666666,-0.12489451169967651,-0.15683079957962037
2025-015,2025-11-28 06:00:00,0.78165283203125,-0.17615104166666667,-0.10470370054244996,-0.11851270198822021
2025-015,2025-11-28 09:00:00,0.78165283203125,-0.17615104166666667,-0.10470370054244996,-0.11851270198822021
2025-015,2025-11-28 12:00:00,0.78165283203125,-0.31888541666666664,-0.06558544039726258,-0.12169318199157715
2025-015,2025-11-28 15:00:00,0.78165283203125,-0.31888541666666664,-0.06558544039726258,-0.12169318199157715
2025-015,2025-11-28 18:00:00,0.78165283203125,-0.222625,-0.08781195282936097,-0.08356899619102479
2025-015,2025-11-28 21:00:00,0.78165283203125,-0.222625,-0.08781195282936097,-0.08356899619102479
2025-015,2025-11-29 00:00:00,0.7745992024739583,-0.30153125,-0.05772241950035095,-0.02623777389526367
2025-015,2025-11-29 03:00:00,0.7745992024739583,-0.30153125,-0.05772241950035095,-0.02623777389526367
2025-015,2025-11-29 06:00:00,0.7745992024739583,-0.22700520833333335,-0.03123948574066162,0.07064393162727356
2025-015,2025-11-29 09:00:00,0.7745992024739583,-0.22700520833333335,-0.03123948574066162,0.07064393162727356
2025-015,2025-11-29 12:00:00,0.7745992024739583,-0.3139375,-0.023034274578094482,0.12236868143081665
2025-015,2025-11-29 15:00:00,0.7745992024739583,-0.3139375,-0.023034274578094482,0.12236868143081665
2025-015,2025-11-29 18:00:00,0.7745992024739583,-0.22961979166666666,-0.0005815885029733181,0.18949676752090455
2025-015,2025-11-29 21:00:00,0.7745992024739583,-0.22961979166666666,-0.0005815885029733181,0.18949676752090455
2025-015,2025-11-30 00:00:00,0.76883544921875,-0.2908072916666667,0.07699122428894042,0.12113505601882935
2025-015,2025-11-30 03:00:00,0.76883544921875,-0.2908072916666667,0.07699122428894042,0.12113505601882935
2025-015,2025-11-30 06:00:00,0.76883544921875,-0.19101041666666665,0.10045765638351441,0.1547161102294922
2025-015,2025-11-30 09:00:00,0.76883544921875,-0.19101041666666665,0.10045765638351441,0.1547161102294922
2025-015,2025-11-30 12:00:00,0.76883544921875,-0.27767708333333335,0.08403480052947998,0.17152968645095826
2025-015,2025-11-30 18:00:00,0.76883544921875,-0.12809375,0.08447335958480835,0.20637998580932618
2025-015,2025-12-01 00:00:00,0.7636454264322917,-0.2376875,0.16678938865661622,0.1646212100982666
2025-015,2025-12-01 03:00:00,0.7636454264322917,-0.2376875,0.16678938865661622,0.1646212100982666
2025-015,2025-12-01 06:00:00,0.7636454264322917,-0.14925,0.18417294025421144,0.07373499274253845
2025-015,2025-12-01 12:00:00,0.7636454264322917,-0.2992239583333333,0.15016791820526124,0.024718384444713592
2025-015,2025-12-01 18:00:00,0.7636454264322917,-0.13144791666666666,0.08090148568153381,0.054366683959960936
2025-015,2025-12-02 00:00:00,0.7626383463541667,-0.21921354166666668,0.10307660102844238,0.09154866933822632
2025-015,2025-12-02 03:00:00,0.7626383463541667,-0.21921354166666668,0.10307660102844238,0.09154866933822632
2025-015,2025-12-02 06:00:00,0.7626383463541667,-0.117375,0.05783199667930603,0.04982176423072815
2025-015,2025-12-02 12:00:00,0.7626383463541667,-0.27100520833333336,-0.0004525137133896351,0.014254432916641236
2025-015,2025-12-02 18:00:00,0.7626383463541667,-0.1063125,-0.10085941553115844,0.09865841865539551
2026-001,2026-01-07 03:00:00,0.7559366861979167,-0.13241145833333334,-0.3752039909362793,-0.5552577018737793
2026-001,2026-01-07 06:00:00,0.7559366861979167,-0.051083333333333335,-0.37363400459289553,-0.578182601928711
2026-001,2026-01-07 12:00:00,0.7559366861979167,-0.162765625,-0.3681570768356323,-0.6003588676452637
2026-001,2026-01-07 18:00:00,0.7559366861979167,-0.040442708333333334,-0.4009245872497559,-0.4931465148925781
2026-001,2026-01-08 00:00:00,0.757293701171875,-0.10472916666666666,-0.38113114833831785,-0.3997854232788086
2026-001,2026-01-08 03:00:00,0.757293701171875,-0.10472916666666666,-0.38113114833831785,-0.3997854232788086
2026-001,2026-01-08 06:00:00,0.757293701171875,-0.011234375,-0.38543453216552737,-0.3198282241821289
2026-001,2026-01-08 12:00:00,0.757293701171875,-0.13494791666666667,-0.3031119108200073,-0.32183310985565183
2026-001,2026-01-08 18:00:00,0.757293701171875,-0.027208333333333334,-0.30863702297210693,-0.20343143939971925
2026-001,2026-01-09 00:00:00,0.7615580240885417,-0.12315104166666667,-0.261648964881897,-0.1738386034965515
2026-001,2026-01-09 03:00:00,0.7615580240885417,-0.12315104166666667,-0.261648964881897,-0.1738386034965515
2026-001,2026-01-09 06:00:00,0.7615580240885417,-0.05130208333333333,-0.27206642627716066,-0.14085427522659302
2026-001,2026-01-09 12:00:00,0.7615580240885417,-0.16097916666666667,-0.2941709280014038,-0.14067167043685913
2026-001,2026-01-09 18:00:00,0.7615580240885417,-0.053161458333333335,-0.36733074188232423,-0.06379323601722717
2026-001,2026-01-10 00:00:00,0.765460205078125,-0.122671875,-0.36428396701812743,-0.032470878958702085
2026-001,2026-01-10 03:00:00,0.765460205078125,-0.122671875,-0.36428396701812743,-0.032470878958702085
2026-001,2026-01-10 06:00:00,0.765460205078125,-0.052536458333333334,-0.36513543128967285,-0.03551234304904938
2026-001,2026-01-10 12:00:00,0.765460205078125,-0.14839583333333334,-0.36711075305938723,-0.08576446175575256
