storm_id,year,serial,basin,name,time,time_resolved,lat,lon,ci_no,pressure,wind,pressure_drop,oci,oci_diameter,grade,step,pos_suspect,date_suspect
1982-001,1982,1,BOB,,1982-05-01 03:00:00,1982-05-01 03:00:00,14.0,82.5,1.5,,25.0,3.0,,,D,0,False,False
1982-001,1982,1,BOB,,1982-05-01 06:00:00,1982-05-01 06:00:00,14.5,82.5,2.0,,30.0,5.0,,,DD,1,False,False
1982-001,1982,1,BOB,,1982-05-01 12:00:00,1982-05-01 12:00:00,15.0,82.0,2.5,,35.0,6.0,,,CS,2,False,False
1982-001,1982,1,BOB,,1982-05-01 18:00:00,1982-05-01 18:00:00,15.5,82.5,2.5,,40.0,8.0,,,CS,3,False,False
1982-001,1982,1,BOB,,1982-05-02 00:00:00,1982-05-02 00:00:00,16.0,83.0,3.0,,45.0,10.0,,,CS,4,False,False
1982-001,1982,1,BOB,,1982-05-02 03:00:00,1982-05-02 03:00:00,16.5,83.5,3.0,,45.0,10.042650267804008,,,CS,5,False,False
1982-001,1982,1,BOB,,1982-05-02 06:00:00,1982-05-02 06:00:00,16.5,84.0,3.5,,50.0,12.398333663955565,,,SCS,6,False,False
1982-001,1982,1,BOB,,1982-05-02 12:00:00,1982-05-02 12:00:00,16.5,84.5,3.5,,55.0,15.001983733386234,,,SCS,7,False,False
1982-001,1982,1,BOB,,1982-05-02 18:00:00,1982-05-02 18:00:00,17.0,85.0,3.5,,55.0,15.001983733386234,,,SCS,8,False,False
1982-001,1982,1,BOB,,1982-05-03 00:00:00,1982-05-03 00:00:00,17.0,86.0,3.5,,60.0,17.853600476096013,,,SCS,9,False,False
1982-001,1982,1,BOB,,1982-05-03 03:00:00,1982-05-03 03:00:00,17.0,86.5,4.0,,65.0,20.953183892084905,,,VSCS,10,False,False
1982-001,1982,1,BOB,,1982-05-03 06:00:00,1982-05-03 06:00:00,17.5,87.5,4.5,,80.0,31.73973417972625,,,VSCS,11,False,False
1982-001,1982,1,BOB,,1982-05-03 12:00:00,1982-05-03 12:00:00,17.5,88.5,5.0,,90.0,40.17060107121603,,,VSCS,12,False,False
1982-001,1982,1,BOB,,1982-05-03 18:00:00,1982-05-03 18:00:00,17.5,90.0,5.5,,105.0,54.67665145804404,,,VSCS,13,False,False
1982-001,1982,1,BOB,,1982-05-04 00:00:00,1982-05-04 00:00:00,17.5,91.0,6.0,,115.0,65.58718508232494,,,VSCS,14,False,False
1982-001,1982,1,BOB,,1982-05-04 03:00:00,1982-05-04 03:00:00,17.5,91.5,6.0,,115.0,65.58718508232494,,,VSCS,15,False,False
1982-001,1982,1,BOB,,1982-05-04 06:00:00,1982-05-04 06:00:00,17.5,92.0,6.0,,115.0,65.58718508232494,,,VSCS,16,False,False
1982-001,1982,1,BOB,,1982-05-04 12:00:00,1982-05-04 12:00:00,17.5,93.5,6.0,,115.0,65.58718508232494,,,VSCS,17,False,False
1982-001,1982,1,BOB,,1982-05-04 18:00:00,1982-05-04 18:00:00,17.3,94.5,,,115.0,65.58718508232494,,,VSCS,18,False,False
1982-001,1982,1,BOB,,1982-05-05 03:00:00,1982-05-05 03:00:00,17.2,98.5,,,30.0,4.463400119024003,,,DD,19,False,False
1982-002,1982,2,BOB,,1982-05-31 12:00:00,1982-05-31 12:00:00,14.5,91.5,1.5,990.0,25.0,3.0995834159888913,,,D,0,False,False
1982-002,1982,2,BOB,,1982-05-31 18:00:00,1982-05-31 18:00:00,19.0,91.3,2.0,988.0,30.0,4.463400119024003,,,DD,1,False,False
1982-002,1982,2,BOB,,1982-06-01 00:00:00,1982-06-01 00:00:00,15.5,91.0,2.5,986.0,35.0,6.075183495338227,,,CS,2,False,False
1982-002,1982,2,BOB,,1982-06-01 03:00:00,1982-06-01 03:00:00,16.0,91.0,2.5,984.0,40.0,7.934933544931562,,,CS,3,False,False
1982-002,1982,2,BOB,,1982-06-01 06:00:00,1982-06-01 06:00:00,16.5,91.0,2.5,984.0,40.0,7.934933544931562,,,CS,4,False,False
1982-002,1982,2,BOB,,1982-06-01 12:00:00,1982-06-01 12:00:00,16.5,90.5,2.5,984.0,40.0,7.934933544931562,,,CS,5,False,False
1982-002,1982,2,BOB,,1982-06-01 18:00:00,1982-06-01 18:00:00,17.0,90.0,2.5,984.0,40.0,7.934933544931562,,,CS,6,False,False
1982-002,1982,2,BOB,,1982-06-02 00:00:00,1982-06-02 00:00:00,19.0,88.5,2.5,984.0,40.0,7.934933544931562,,,CS,7,False,False
1982-002,1982,2,BOB,,1982-06-02 03:00:00,1982-06-02 03:00:00,17.5,89.5,3.0,982.0,45.0,10.042650267804008,,,CS,8,False,False
1982-002,1982,2,BOB,,1982-06-02 06:00:00,1982-06-02 06:00:00,17.5,89.5,3.5,982.0,45.0,10.042650267804008,,,CS,9,False,False
1982-002,1982,2,BOB,,1982-06-02 12:00:00,1982-06-02 12:00:00,18.0,89.0,3.0,982.0,45.0,10.042650267804008,,,SCS,10,False,False
1982-002,1982,2,BOB,,1982-06-02 18:00:00,1982-06-02 18:00:00,18.5,88.5,3.0,979.0,50.0,13.0,,,SCS,11,False,False
1982-002,1982,2,BOB,,1982-06-03 00:00:00,1982-06-03 00:00:00,19.0,88.5,3.5,976.0,55.0,16.0,,,SCS,12,False,False
1982-002,1982,2,BOB,,1982-06-03 03:00:00,1982-06-03 03:00:00,19.0,88.0,4.0,972.0,65.0,22.0,,,VSCS,13,False,False
1982-002,1982,2,BOB,,1982-06-03 06:00:00,1982-06-03 06:00:00,19.5,87.5,4.5,960.0,80.0,31.73973417972625,,,VSCS,14,False,False
1982-002,1982,2,BOB,,1982-06-03 09:00:00,1982-06-03 09:00:00,19.5,87.5,5.0,952.0,90.0,40.17060107121603,,,VSCS,15,False,False
1982-002,1982,2,BOB,,1982-06-03 12:00:00,1982-06-03 12:00:00,20.0,87.0,5.0,952.0,90.0,40.0,,,VSCS,16,False,False
1982-002,1982,2,BOB,,1982-06-03 18:00:00,1982-06-03 18:00:00,21.0,86.5,5.0,952.0,90.0,40.17060107121603,,,VSCS,17,False,False
1982-002,1982,2,BOB,,1982-06-04 00:00:00,1982-06-04 00:00:00,21.5,86.0,4.0,970.0,65.0,22.0,,,VSCS,18,False,False
1982-002,1982,2,BOB,,1982-06-04 03:00:00,1982-06-04 03:00:00,22.0,85.5,3.0,982.0,45.0,10.0,,,CS,19,False,False
1982-002,1982,2,BOB,,1982-06-04 06:00:00,1982-06-04 06:00:00,22.5,85.0,2.5,986.0,35.0,6.0,,,CS,20,False,False
1982-002,1982,2,BOB,,1982-06-04 12:00:00,1982-06-04 12:00:00,23.0,84.0,2.0,988.0,30.0,4.463400119024003,,,DD,21,False,False
1982-002,1982,2,BOB,,1982-06-04 18:00:00,1982-06-04 18:00:00,24.0,82.5,2.0,988.0,30.0,4.463400119024003,,,DD,22,False,False
1982-002,1982,2,BOB,,1982-06-05 00:00:00,1982-06-05 00:00:00,24.5,81.0,1.5,990.0,25.0,3.0,,,D,23,False,False
1982-002,1982,2,BOB,,1982-06-05 03:00:00,1982-06-05 03:00:00,25.0,81.5,1.5,991.0,20.0,3.0,,,D,24,False,False
1982-003,1982,3,BOB,,1982-07-18 03:00:00,1982-07-18 03:00:00,18.0,88.0,1.5,,25.0,4.0,,,D,0,False,False
1982-003,1982,3,BOB,,1982-07-18 12:00:00,1982-07-18 12:00:00,18.3,87.0,2.0,,30.0,5.0,,,DD,1,False,False
1982-003,1982,3,BOB,,1982-07-18 18:00:00,1982-07-18 18:00:00,18.4,86.5,2.0,,30.0,5.0,,,DD,2,False,False
1982-003,1982,3,BOB,,1982-07-19 00:00:00,1982-07-19 00:00:00,18.5,86.0,2.0,,30.0,5.0,,,DD,3,False,False
1982-003,1982,3,BOB,,1982-07-19 03:00:00,1982-07-19 03:00:00,18.5,86.0,2.0,,30.0,5.0,,,DD,4,False,False
1982-003,1982,3,BOB,,1982-07-19 06:00:00,1982-07-19 06:00:00,18.7,85.8,2.0,,30.0,5.0,,,DD,5,False,False
1982-003,1982,3,BOB,,1982-07-19 12:00:00,1982-07-19 12:00:00,19.0,85.5,1.5,,25.0,4.0,,,D,6,False,False
1982-003,1982,3,BOB,,1982-07-20 00:00:00,1982-07-20 00:00:00,19.5,85.0,1.5,,20.0,3.0,,,D,7,False,False
1982-004,1982,4,BOB,,1982-08-12 03:00:00,1982-08-12 03:00:00,20.0,88.5,1.5,,25.0,3.0995834159888913,,,D,0,False,False
1982-004,1982,4,BOB,,1982-08-12 12:00:00,1982-08-12 12:00:00,20.5,87.5,1.5,,25.0,3.0995834159888913,,,D,1,False,False
1982-004,1982,4,BOB,,1982-08-12 18:00:00,1982-08-12 18:00:00,20.5,87.0,1.5,,25.0,3.0995834159888913,,,D,2,False,False
1982-005,1982,5,BOB,,1982-08-18 03:00:00,1982-08-18 03:00:00,21.0,88.0,,,25.0,3.0,,,D,0,False,False
1982-005,1982,5,BOB,,1982-08-18 12:00:00,1982-08-18 12:00:00,21.5,87.5,,,25.0,3.0,,,D,1,False,False
1982-005,1982,5,BOB,,1982-08-19 03:00:00,1982-08-19 03:00:00,22.0,86.5,,,25.0,3.0,,,D,2,False,False
1982-005,1982,5,BOB,,1982-08-19 12:00:00,1982-08-19 12:00:00,22.2,86.0,,,25.0,3.0,,,D,3,False,False
1982-006,1982,6,BOB,,1982-08-27 03:00:00,1982-08-27 03:00:00,19.0,88.5,1.5,,25.0,3.0,,,D,0,False,False
1982-006,1982,6,BOB,,1982-08-27 12:00:00,1982-08-27 12:00:00,20.0,88.0,1.5,,25.0,4.0,,,D,1,False,False
1982-006,1982,6,BOB,,1982-08-28 03:00:00,1982-08-28 03:00:00,21.0,88.0,1.5,,25.0,4.0,,,D,2,False,False
1982-006,1982,6,BOB,,1982-08-28 12:00:00,1982-08-28 12:00:00,21.2,87.7,1.5,,25.0,4.0,,,D,3,False,False
1982-006,1982,6,BOB,,1982-08-29 03:00:00,1982-08-29 03:00:00,20.5,85.5,1.5,,25.0,4.0,,,D,4,False,False
1982-006,1982,6,BOB,,1982-08-29 12:00:00,1982-08-29 12:00:00,21.0,85.0,1.5,,25.0,4.0,,,D,5,False,False
1982-006,1982,6,BOB,,1982-08-30 03:00:00,1982-08-30 03:00:00,22.0,85.0,1.5,,25.0,4.0,,,D,6,False,False
1982-006,1982,6,BOB,,1982-08-30 12:00:00,1982-08-30 12:00:00,23.0,85.0,1.5,,25.0,4.0,,,D,7,False,False
1982-006,1982,6,BOB,,1982-08-31 03:00:00,1982-08-31 03:00:00,24.0,84.5,,,25.0,4.0,,,D,8,False,False
1982-006,1982,6,BOB,,1982-08-31 12:00:00,1982-08-31 12:00:00,25.0,82.0,,,25.0,4.0,,,D,9,False,False
1982-006,1982,6,BOB,,1982-09-01 03:00:00,1982-09-01 03:00:00,25.0,81.5,,,20.0,3.0,,,D,10,False,False
1982-006,1982,6,BOB,,1982-09-01 12:00:00,1982-09-01 12:00:00,25.0,81.3,,,20.0,3.0,,,D,11,False,False
1982-006,1982,6,BOB,,1982-09-02 03:00:00,1982-09-02 03:00:00,25.0,81.0,,,20.0,3.0,,,D,12,False,False
1982-006,1982,6,BOB,,1982-09-02 12:00:00,1982-09-02 12:00:00,25.5,80.0,,,20.0,3.0,,,D,13,False,False
1982-007,1982,7,BOB,,1982-09-09 03:00:00,1982-09-09 03:00:00,18.0,89.0,1.5,,25.0,3.0,,,D,0,False,False
1982-007,1982,7,BOB,,1982-09-09 12:00:00,1982-09-09 12:00:00,18.5,87.0,1.5,,25.0,3.0,,,D,1,False,False
1982-007,1982,7,BOB,,1982-09-10 03:00:00,1982-09-10 03:00:00,20.5,85.5,1.5,,25.0,3.0,,,D,2,False,False
1982-008,1982,8,BOB,,1982-09-29 00:00:00,1982-09-29 00:00:00,22.0,91.5,2.0,,30.0,3.0,,,DD,0,False,False
1982-008,1982,8,BOB,,1982-09-29 03:00:00,1982-09-29 03:00:00,22.5,92.0,,,30.0,3.0,,,DD,1,False,False
1982-009,1982,9,BOB,,1982-10-15 03:00:00,1982-10-15 03:00:00,15.5,86.5,2.0,,30.0,5.0,,,DD,0,False,False
1982-009,1982,9,BOB,,1982-10-15 12:00:00,1982-10-15 12:00:00,16.0,85.5,2.5,,35.0,7.0,,,CS,1,False,False
1982-009,1982,9,BOB,,1982-10-15 18:00:00,1982-10-15 18:00:00,16.3,84.5,3.0,,45.0,10.0,,,CS,2,False,False
1982-009,1982,9,BOB,,1982-10-16 00:00:00,1982-10-16 00:00:00,16.5,83.5,3.5,,55.0,16.0,,,SCS,3,False,False
1982-009,1982,9,BOB,,1982-10-16 03:00:00,1982-10-16 03:00:00,16.5,83.0,3.0,,50.0,14.0,,,SCS,4,False,False
1982-009,1982,9,BOB,,1982-10-16 12:00:00,1982-10-16 12:00:00,17.0,82.5,2.5,,40.0,8.0,,,CS,5,False,False
1982-009,1982,9,BOB,,1982-10-16 18:00:00,1982-10-16 18:00:00,17.1,82.5,1.5,,25.0,4.0,,,DD,6,False,False
1982-010,1982,10,BOB,,1982-10-16 12:00:00,1982-10-16 12:00:00,9.4,84.0,1.5,990.0,25.0,3.0,,,D,0,False,False
1982-010,1982,10,BOB,,1982-10-17 03:00:00,1982-10-17 03:00:00,,83.0,2.0,992.0,30.0,4.0,,,DD,1,False,False
1982-010,1982,10,BOB,,1982-10-17 12:00:00,1982-10-17 12:00:00,11.0,82.5,2.0,992.0,30.0,4.0,,,DD,2,False,False
1982-010,1982,10,BOB,,1982-10-17 18:00:00,1982-10-17 18:00:00,12.0,82.0,2.5,994.0,35.0,6.0,,,CS,3,False,False
1982-010,1982,10,BOB,,1982-10-18 00:00:00,1982-10-18 00:00:00,12.5,81.5,3.0,986.0,50.0,14.0,,,SCS,4,False,False
1982-010,1982,10,BOB,,1982-10-18 03:00:00,1982-10-18 03:00:00,12.7,81.5,3.5,982.0,55.0,18.0,,,SCS,5,False,False
1982-010,1982,10,BOB,,1982-10-18 12:00:00,1982-10-18 12:00:00,14.0,80.5,3.5,982.0,55.0,18.0,,,SCS,6,False,False
1982-010,1982,10,BOB,,1982-10-18 18:00:00,1982-10-18 18:00:00,14.5,80.0,3.0,986.0,50.0,14.0,,,SCS,7,False,False
1982-010,1982,10,BOB,,1982-10-19 00:00:00,1982-10-19 00:00:00,15.0,79.5,,995.0,30.0,5.0,,,DD,8,False,False
1982-010,1982,10,BOB,,1982-10-19 03:00:00,1982-10-19 03:00:00,15.0,79.0,,996.0,30.0,4.0,,,DD,9,False,False
1982-010,1982,10,BOB,,1982-10-19 12:00:00,1982-10-19 12:00:00,16.0,78.5,,997.0,25.0,3.0,,,D,10,False,False
1982-010,1982,10,BOB,,1982-10-20 03:00:00,1982-10-20 03:00:00,17.0,78.5,,998.0,20.0,3.0,,,D,11,False,False
1982-010,1982,10,BOB,,1982-10-20 12:00:00,1982-10-20 12:00:00,18.0,78.3,,998.0,20.0,3.0,,,D,12,False,False
1982-010,1982,10,BOB,,1982-10-21 03:00:00,1982-10-21 03:00:00,19.0,79.2,,998.0,20.0,3.0,,,D,13,False,False
1982-010,1982,10,BOB,,1982-10-21 12:00:00,1982-10-21 12:00:00,21.0,81.0,,998.0,20.0,3.0,,,D,14,False,False
1982-011,1982,11,BOB,,1982-11-28 03:00:00,1982-11-28 03:00:00,7.0,88.0,1.5,,25.0,3.0,,,D,0,False,False
1982-011,1982,11,BOB,,1982-11-28 12:00:00,1982-11-28 12:00:00,7.5,85.5,2.0,,30.0,5.0,,,DD,1,False,False
1982-011,1982,11,BOB,,1982-11-29 03:00:00,1982-11-29 03:00:00,8.5,83.5,1.5,,25.0,4.0,,,D,2,False,False
1982-012,1982,12,BOB,,1982-12-02 12:00:00,1982-12-02 12:00:00,7.5,84.0,1.5,,25.0,3.0,,,,0,False,False
1982-012,1982,12,BOB,,1982-12-03 03:00:00,1982-12-03 03:00:00,9.0,82.0,1.5,,25.0,3.0,,,,1,False,False
1982-012,1982,12,BOB,,1982-12-03 12:00:00,1982-12-03 12:00:00,9.5,79.5,1.5,,25.0,3.0,,,,2,False,False
1982-012,1982,12,BOB,,1982-12-04 00:00:00,1982-12-04 00:00:00,9.7,79.0,1.5,,25.0,3.0,,,,3,False,False
1982-013,1982,13,ARB,,1982-07-15 03:00:00,1982-07-15 03:00:00,20.5,69.0,1.5,,25.0,3.0,,,D,0,False,False
1982-013,1982,13,ARB,,1982-07-15 12:00:00,1982-07-15 12:00:00,21.0,68.0,1.5,,25.0,3.0,,,D,1,False,False
1982-013,1982,13,ARB,,1982-07-16 03:00:00,1982-07-16 03:00:00,22.5,67.0,1.5,,25.0,3.0,,,D,2,False,False
1982-014,1982,14,ARB,,1982-10-01 03:00:00,1982-10-01 03:00:00,13.5,71.0,1.5,,25.0,3.0,,,D,0,False,False
1982-014,1982,14,ARB,,1982-10-01 12:00:00,1982-10-01 12:00:00,14.0,70.0,2.0,,30.0,5.0,,,DD,1,False,False
1982-014,1982,14,ARB,,1982-10-02 03:00:00,1982-10-02 03:00:00,14.5,69.0,1.5,,25.0,3.0,,,D,2,False,False
1982-015,1982,15,ARB,,1982-11-04 12:00:00,1982-11-04 12:00:00,11.5,66.0,1.5,999.0,25.0,3.0,,,D,0,False,False
1982-015,1982,15,ARB,,1982-11-05 00:00:00,1982-11-05 00:00:00,11.7,65.7,2.0,997.0,30.0,5.0,,,DD,1,False,False
1982-015,1982,15,ARB,,1982-11-05 03:00:00,1982-11-05 03:00:00,12.5,65.0,2.5,995.0,35.0,7.0,,,CS,2,False,False
1982-015,1982,15,ARB,,1982-11-05 12:00:00,1982-11-05 12:00:00,13.0,65.0,2.5,994.0,40.0,8.0,,,CS,3,False,False
1982-015,1982,15,ARB,,1982-11-06 00:00:00,1982-11-06 00:00:00,13.5,65.3,3.0,992.0,45.0,10.0,,,CS,4,False,False
1982-015,1982,15,ARB,,1982-11-06 03:00:00,1982-11-06 03:00:00,14.0,65.5,3.5,986.0,55.0,16.0,,,SCS,5,False,False
1982-015,1982,15,ARB,,1982-11-06 12:00:00,1982-11-06 12:00:00,14.5,66.0,3.5,982.0,60.0,18.0,,,SCS,6,False,False
1982-015,1982,15,ARB,,1982-11-07 03:00:00,1982-11-07 03:00:00,15.5,66.5,3.5,982.0,60.0,20.0,,,SCS,7,False,False
1982-015,1982,15,ARB,,1982-11-07 12:00:00,1982-11-07 12:00:00,16.5,67.5,4.0,980.0,65.0,22.0,,,VSCS,8,False,False
1982-015,1982,15,ARB,,1982-11-08 03:00:00,1982-11-08 03:00:00,18.5,70.0,4.5,970.0,80.0,30.0,,,VSCS,9,False,False
1982-015,1982,15,ARB,,1982-11-08 12:00:00,1982-11-08 12:00:00,20.5,70.5,5.0,962.0,90.0,40.0,,,ESCS,10,False,False
1982-015,1982,15,ARB,,1982-11-09 00:00:00,1982-11-09 00:00:00,22.5,73.0,,990.0,50.0,12.0,,,SCS,11,False,False
1982-015,1982,15,ARB,,1982-11-09 03:00:00,1982-11-09 03:00:00,23.0,73.5,,995.0,35.0,7.0,,,CS,12,False,False
1982-015,1982,15,ARB,,1982-11-09 12:00:00,1982-11-09 12:00:00,23.5,75.0,,999.0,25.0,3.0,,,D,13,False,False
1982-016,1982,16,ARB,,1982-11-28 12:00:00,1982-11-28 12:00:00,9.0,67.0,1.5,,25.0,3.0,,,D,0,False,False
1982-016,1982,16,ARB,,1982-11-29 03:00:00,1982-11-29 03:00:00,11.0,67.5,2.0,,30.0,5.0,,,DD,1,False,False
1982-016,1982,16,ARB,,1982-11-29 06:00:00,1982-11-29 06:00:00,11.5,68.0,1.5,,25.0,3.0,,,D,2,False,False
1982-017,1982,17,LAND,,1982-06-17 03:00:00,1982-06-17 03:00:00,23.0,90.0,,,25.0,3.0,,,D,0,False,False
1982-017,1982,17,LAND,,1982-06-17 12:00:00,1982-06-17 12:00:00,23.5,90.5,,,25.0,3.0,,,D,1,False,False
1982-017,1982,17,LAND,,1982-06-18 03:00:00,1982-06-18 03:00:00,25.0,92.0,,,25.0,3.0,,,D,2,False,False
1982-018,1982,18,LAND,,1982-08-02 03:00:00,1982-08-02 03:00:00,23.0,90.0,,,25.0,3.0,,,D,0,False,False
1982-018,1982,18,LAND,,1982-08-02 12:00:00,1982-08-02 12:00:00,23.0,90.0,,,25.0,3.0,,,D,1,False,False
1982-018,1982,18,LAND,,1982-08-03 03:00:00,1982-08-03 03:00:00,25.0,90.0,,,25.0,3.0,,,D,2,False,False
1982-018,1982,18,LAND,,1982-08-03 12:00:00,1982-08-03 12:00:00,25.5,90.5,,,25.0,3.0,,,D,3,False,False
1982-018,1982,18,LAND,,1982-08-04 03:00:00,1982-08-04 03:00:00,25.7,89.5,,,25.0,3.0,,,D,4,False,False
1982-019,1982,19,LAND,,1982-08-25 03:00:00,1982-08-25 03:00:00,26.0,80.0,,,25.0,3.0,,,D,0,False,False
1983-001,1983,1,ARB,,1983-06-20 03:00:00,1983-06-20 03:00:00,20.5,71.0,1.5,,25.0,3.0995834159888913,,,D,0,False,False
1983-001,1983,1,ARB,,1983-06-20 12:00:00,1983-06-20 12:00:00,21.0,70.0,,,25.0,3.0995834159888913,,,D,1,False,False
1983-001,1983,1,ARB,,1983-06-20 18:00:00,1983-06-20 18:00:00,21.5,70.0,,,25.0,3.0995834159888913,,,D,2,False,False
1983-001,1983,1,ARB,,1983-06-21 03:00:00,1983-06-21 03:00:00,22.0,70.5,,,25.0,3.0995834159888913,,,D,3,False,False
1983-001,1983,1,ARB,,1983-06-22 03:00:00,1983-06-22 03:00:00,22.5,71.0,,,25.0,3.0995834159888913,,,D,4,False,False
1983-001,1983,1,ARB,,1983-06-22 12:00:00,1983-06-22 12:00:00,23.0,71.5,,,25.0,3.0995834159888913,,,D,5,False,False
1983-002,1983,2,BOB,,1983-06-24 03:00:00,1983-06-24 03:00:00,18.0,87.0,2.0,,30.0,4.463400119024003,,,DD,0,False,False
1983-002,1983,2,BOB,,1983-06-24 12:00:00,1983-06-24 12:00:00,18.0,86.5,2.0,,30.0,4.463400119024003,,,DD,1,False,False
1983-002,1983,2,BOB,,1983-06-24 18:00:00,1983-06-24 18:00:00,18.5,86.0,2.0,,30.0,4.463400119024003,,,DD,2,False,False
1983-002,1983,2,BOB,,1983-06-25 03:00:00,1983-06-25 03:00:00,19.0,85.5,2.0,,30.0,4.463400119024003,,,DD,3,False,False
1983-002,1983,2,BOB,,1983-06-25 12:00:00,1983-06-25 12:00:00,19.5,85.0,2.0,,30.0,4.463400119024003,,,DD,4,False,False
1983-002,1983,2,BOB,,1983-06-25 18:00:00,1983-06-25 18:00:00,19.5,84.5,2.0,,30.0,4.463400119024003,,,DD,5,False,False
1983-002,1983,2,BOB,,1983-06-26 03:00:00,1983-06-26 03:00:00,20.0,83.5,,,25.0,3.0995834159888913,,,D,6,False,False
1983-002,1983,2,BOB,,1983-06-26 12:00:00,1983-06-26 12:00:00,21.0,83.0,,,25.0,3.0995834159888913,,,D,7,False,False
1983-002,1983,2,BOB,,1983-06-27 03:00:00,1983-06-27 03:00:00,22.0,81.0,,,25.0,3.0995834159888913,,,D,8,False,False
1983-002,1983,2,BOB,,1983-06-27 12:00:00,1983-06-27 12:00:00,23.5,78.0,,,25.0,3.0995834159888913,,,D,9,False,False
1983-003,1983,3,LAND,,1983-08-04 00:00:00,1983-08-04 00:00:00,23.0,87.5,,,25.0,3.0995834159888913,,,D,0,False,False
1983-003,1983,3,LAND,,1983-08-04 03:00:00,1983-08-04 03:00:00,23.5,87.5,,,25.0,3.0995834159888913,,,D,1,False,False
1983-003,1983,3,LAND,,1983-08-04 06:00:00,1983-08-04 06:00:00,24.0,88.0,,,25.0,3.0995834159888913,,,D,2,False,False
1983-003,1983,3,LAND,,1983-08-04 12:00:00,1983-08-04 12:00:00,24.0,89.0,,,25.0,3.0995834159888913,,,D,3,False,False
1983-003,1983,3,LAND,,1983-08-04 18:00:00,1983-08-04 18:00:00,23.0,89.0,,,25.0,3.0995834159888913,,,D,4,False,False
1983-003,1983,3,LAND,,1983-08-05 03:00:00,1983-08-05 03:00:00,22.5,88.5,,,30.0,4.463400119024003,,,DD,5,False,False
1983-003,1983,3,LAND,,1983-08-05 12:00:00,1983-08-05 12:00:00,23.0,87.0,,,30.0,4.463400119024003,,,DD,6,False,False
1983-003,1983,3,LAND,,1983-08-06 03:00:00,1983-08-06 03:00:00,22.5,86.0,,,30.0,4.463400119024003,,,DD,7,False,False
1983-003,1983,3,LAND,,1983-08-06 12:00:00,1983-08-06 12:00:00,22.5,84.5,,,30.0,4.463400119024003,,,DD,8,False,False
1983-003,1983,3,LAND,,1983-08-07 03:00:00,1983-08-07 03:00:00,21.0,81.5,,,30.0,4.463400119024003,,,DD,9,False,False
1983-003,1983,3,LAND,,1983-08-07 12:00:00,1983-08-07 12:00:00,21.0,80.0,,,25.0,3.0995834159888913,,,D,10,False,False
1983-003,1983,3,LAND,,1983-08-08 00:00:00,1983-08-08 00:00:00,21.5,72.5,,,25.0,3.0995834159888913,,,D,11,False,False
1983-003,1983,3,LAND,,1983-08-08 03:00:00,1983-08-08 03:00:00,21.5,72.5,,,25.0,3.0995834159888913,,,D,12,False,False
1983-003,1983,3,LAND,,1983-08-08 06:00:00,1983-08-08 06:00:00,21.5,72.0,,,25.0,3.0995834159888913,,,D,13,False,False
1983-003,1983,3,LAND,,1983-08-08 12:00:00,1983-08-08 12:00:00,22.0,70.5,,,30.0,4.463400119024003,,,DD,14,False,False
1983-003,1983,3,LAND,,1983-08-08 18:00:00,1983-08-08 18:00:00,22.0,69.5,,,30.0,4.463400119024003,,,DD,15,False,False
1983-003,1983,3,LAND,,1983-08-09 03:00:00,1983-08-09 03:00:00,22.5,66.5,,,30.0,4.463400119024003,,,DD,16,False,False
1983-003,1983,3,LAND,,1983-08-09 12:00:00,1983-08-09 12:00:00,22.5,62.0,,,30.0,4.463400119024003,,,DD,17,False,False
1983-003,1983,3,LAND,,1983-08-09 18:00:00,1983-08-09 18:00:00,22.0,61.0,,,30.0,4.463400119024003,,,DD,18,False,False
1983-003,1983,3,LAND,,1983-08-10 03:00:00,1983-08-10 03:00:00,21.5,60.0,,,30.0,4.463400119024003,,,DD,19,False,False
1983-003,1983,3,LAND,,1983-08-10 12:00:00,1983-08-10 12:00:00,21.5,59.0,,,25.0,3.0995834159888913,,,D,20,False,False
1983-003,1983,3,LAND,,1983-08-10 18:00:00,1983-08-10 18:00:00,21.5,57.5,,,25.0,3.0995834159888913,,,D,21,False,False
1983-004,1983,4,LAND,,1983-09-09 00:00:00,1983-09-09 00:00:00,25.0,82.5,,,25.0,3.0995834159888913,,,D,0,False,False
1983-004,1983,4,LAND,,1983-09-09 03:00:00,1983-09-09 03:00:00,24.5,82.0,,,25.0,3.0995834159888913,,,D,1,False,False
1983-004,1983,4,LAND,,1983-09-09 06:00:00,1983-09-09 06:00:00,24.5,81.0,,,25.0,3.0995834159888913,,,D,2,False,False
1983-004,1983,4,LAND,,1983-09-09 12:00:00,1983-09-09 12:00:00,24.5,80.0,,,25.0,3.0995834159888913,,,D,3,False,False
1983-004,1983,4,LAND,,1983-09-09 18:00:00,1983-09-09 18:00:00,25.0,79.5,,,25.0,3.0995834159888913,,,D,4,False,False
1983-004,1983,4,LAND,,1983-09-10 00:00:00,1983-09-10 00:00:00,25.5,79.5,,,25.0,3.0995834159888913,,,D,5,False,False
1983-004,1983,4,LAND,,1983-09-10 03:00:00,1983-09-10 03:00:00,27.0,80.0,,,25.0,3.0995834159888913,,,D,6,False,False
1983-004,1983,4,LAND,,1983-09-10 06:00:00,1983-09-10 06:00:00,27.5,80.0,,,25.0,3.0995834159888913,,,D,7,False,False
1983-004,1983,4,LAND,,1983-09-10 12:00:00,1983-09-10 12:00:00,28.0,79.5,,,25.0,3.0995834159888913,,,D,8,False,False
1983-005,1983,5,BOB,HERBERT,1983-10-14 03:00:00,1983-10-14 03:00:00,19.0,91.0,1.5,,25.0,3.0995834159888913,,,D,0,False,False
1983-005,1983,5,BOB,HERBERT,1983-10-14 12:00:00,1983-10-14 12:00:00,19.5,90.5,4.0,,55.0,15.001983733386234,,,CS,1,False,False
1983-005,1983,5,BOB,HERBERT,1983-10-15 03:00:00,1983-10-15 03:00:00,21.5,91.5,4.0,,55.0,15.001983733386234,,,CS,2,False,False
1983-005,1983,5,BOB,HERBERT,1983-10-15 12:00:00,1983-10-15 12:00:00,21.5,91.5,3.0,,40.0,7.934933544931562,,,CS,3,False,False
1983-006,1983,6,BOB,,1983-11-06 03:00:00,1983-11-06 03:00:00,12.0,88.5,1.5,,25.0,3.0995834159888913,,,D,0,False,False
1983-006,1983,6,BOB,,1983-11-06 12:00:00,1983-11-06 12:00:00,13.0,87.5,2.5,,40.0,7.934933544931562,,,DD,1,False,False
1983-006,1983,6,BOB,,1983-11-07 03:00:00,1983-11-07 03:00:00,15.5,88.5,3.0,,45.0,10.042650267804008,,,CS,2,False,False
1983-006,1983,6,BOB,,1983-11-07 12:00:00,1983-11-07 12:00:00,15.5,88.5,3.0,,45.0,10.042650267804008,,,CS,3,False,False
1983-006,1983,6,BOB,,1983-11-08 03:00:00,1983-11-08 03:00:00,17.0,89.0,4.5,,65.0,20.953183892084905,,,SCS,4,False,False
1983-006,1983,6,BOB,,1983-11-08 12:00:00,1983-11-08 12:00:00,18.5,90.0,5.0,,90.0,40.17060107121603,,,SCS,5,False,False
1983-006,1983,6,BOB,,1983-11-09 03:00:00,1983-11-09 03:00:00,19.5,91.0,5.0,,90.0,40.17060107121603,,,SCS,6,False,False
1983-007,1983,7,LAND,,1983-12-21 12:00:00,1983-12-21 12:00:00,7.5,81.0,1.5,,25.0,3.0995834159888913,,,D,0,False,False
1983-007,1983,7,LAND,,1983-12-22 03:00:00,1983-12-22 03:00:00,8.5,80.5,1.5,,25.0,3.0995834159888913,,,D,1,False,False
1983-007,1983,7,LAND,,1983-12-22 12:00:00,1983-12-22 12:00:00,9.5,79.5,1.5,,25.0,3.0995834159888913,,,D,2,False,False
1984-001,1984,1,ARB,,1984-06-05 12:00:00,1984-06-05 12:00:00,18.5,67.5,1.5,,25.0,3.0995834159888913,,,D,0,False,False
1984-001,1984,1,ARB,,1984-06-06 03:00:00,1984-06-06 03:00:00,20.0,67.5,1.5,,25.0,3.0995834159888913,,,D,1,False,False
1984-001,1984,1,ARB,,1984-06-06 12:00:00,1984-06-06 12:00:00,21.5,67.5,1.5,,25.0,3.0995834159888913,,,D,2,False,False
1984-002,1984,2,BOB,,1984-07-31 03:00:00,1984-07-31 03:00:00,20.0,88.5,1.5,,25.0,3.0995834159888913,,,D,0,False,False
1984-002,1984,2,BOB,,1984-07-31 12:00:00,1984-07-31 12:00:00,20.0,86.5,1.5,,25.0,3.0995834159888913,,,D,1,False,False
1984-002,1984,2,BOB,,1984-08-01 03:00:00,1984-08-01 03:00:00,20.5,85.0,,,25.0,3.0995834159888913,,,D,2,False,False
1984-002,1984,2,BOB,,1984-08-01 12:00:00,1984-08-01 12:00:00,21.0,84.0,,,25.0,3.0995834159888913,,,D,3,False,False
1984-002,1984,2,BOB,,1984-08-02 03:00:00,1984-08-02 03:00:00,22.0,82.0,,,25.0,3.0995834159888913,,,D,4,False,False
1984-002,1984,2,BOB,,1984-08-02 12:00:00,1984-08-02 12:00:00,23.0,80.5,,,25.0,3.0995834159888913,,,D,5,False,False
1984-002,1984,2,BOB,,1984-08-03 03:00:00,1984-08-03 03:00:00,23.5,79.0,,,25.0,3.0995834159888913,,,D,6,False,False
1984-002,1984,2,BOB,,1984-08-03 12:00:00,1984-08-03 12:00:00,24.0,77.0,,,25.0,3.0995834159888913,,,D,7,False,False
1984-002,1984,2,BOB,,1984-08-03 18:00:00,1984-08-03 18:00:00,24.5,76.0,,,25.0,3.0995834159888913,,,D,8,False,False
1984-002,1984,2,BOB,,1984-08-04 03:00:00,1984-08-04 03:00:00,25.0,75.0,,,25.0,3.0995834159888913,,,D,9,False,False
1984-002,1984,2,BOB,,1984-08-04 12:00:00,1984-08-04 12:00:00,26.0,73.0,,,25.0,3.0995834159888913,,,D,10,False,False
1984-002,1984,2,BOB,,1984-08-05 03:00:00,1984-08-05 03:00:00,25.5,71.5,,,25.0,3.0995834159888913,,,D,11,False,False
1984-002,1984,2,BOB,,1984-08-05 12:00:00,1984-08-05 12:00:00,25.5,70.5,,,25.0,3.0995834159888913,,,D,12,False,False
1984-002,1984,2,BOB,,1984-08-06 03:00:00,1984-08-06 03:00:00,25.5,69.0,,,25.0,3.0995834159888913,,,D,13,False,False
1984-002,1984,2,BOB,,1984-08-06 12:00:00,1984-08-06 12:00:00,25.0,67.0,,,25.0,3.0995834159888913,,,D,14,False,False
1984-002,1984,2,BOB,,1984-08-07 03:00:00,1984-08-07 03:00:00,25.5,69.0,,,25.0,3.0995834159888913,,,D,15,False,False
1984-002,1984,2,BOB,,1984-08-07 12:00:00,1984-08-07 12:00:00,25.0,67.0,,,25.0,3.0995834159888913,,,D,16,False,False
1984-002,1984,2,BOB,,1984-08-07 18:00:00,1984-08-07 18:00:00,25.0,67.0,1.5,,25.0,3.0995834159888913,,,D,17,False,False
1984-003,1984,3,BOB,,1984-08-15 00:00:00,1984-08-15 00:00:00,19.5,90.5,1.5,,25.0,3.0995834159888913,,,D,0,False,False
1984-003,1984,3,BOB,,1984-08-15 03:00:00,1984-08-15 03:00:00,20.0,90.0,1.5,,25.0,3.0995834159888913,,,D,1,False,False
1984-003,1984,3,BOB,,1984-08-15 12:00:00,1984-08-15 12:00:00,21.0,87.0,1.5,,25.0,3.0995834159888913,,,D,2,False,False
1984-003,1984,3,BOB,,1984-08-16 03:00:00,1984-08-16 03:00:00,21.7,86.5,,,25.0,3.0995834159888913,,,D,3,False,False
1984-003,1984,3,BOB,,1984-08-16 12:00:00,1984-08-16 12:00:00,22.0,85.5,,,25.0,3.0995834159888913,,,D,4,False,False
1984-003,1984,3,BOB,,1984-08-17 03:00:00,1984-08-17 03:00:00,23.0,84.0,,,25.0,3.0995834159888913,,,D,5,False,False
1984-003,1984,3,BOB,,1984-08-17 12:00:00,1984-08-17 12:00:00,24.0,82.5,,,25.0,3.0995834159888913,,,D,6,False,False
1984-003,1984,3,BOB,,1984-08-18 03:00:00,1984-08-18 03:00:00,23.5,80.5,,,25.0,3.0995834159888913,,,D,7,False,False
1984-003,1984,3,BOB,,1984-08-18 12:00:00,1984-08-18 12:00:00,23.5,78.5,,,25.0,3.0995834159888913,,,D,8,False,False
1984-003,1984,3,BOB,,1984-08-19 03:00:00,1984-08-19 03:00:00,24.5,78.5,,,25.0,3.0995834159888913,,,D,9,False,False
1984-003,1984,3,BOB,,1984-08-19 12:00:00,1984-08-19 12:00:00,25.5,78.5,,,25.0,3.0995834159888913,,,D,10,False,False
1984-004,1984,4,BOB,,1984-10-13 00:00:00,1984-10-13 00:00:00,19.0,88.0,1.5,,25.0,3.0995834159888913,,,D,0,False,False
1984-004,1984,4,BOB,,1984-10-13 03:00:00,1984-10-13 03:00:00,19.5,87.5,1.5,,25.0,3.0995834159888913,,,D,1,False,False
1984-004,1984,4,BOB,,1984-10-13 12:00:00,1984-10-13 12:00:00,20.5,87.5,4.0,,65.0,20.953183892084905,,,SCS,2,False,False
1984-004,1984,4,BOB,,1984-10-14 03:00:00,1984-10-14 03:00:00,20.7,86.8,,,55.0,15.001983733386234,,,SCS,3,False,False
1984-004,1984,4,BOB,,1984-10-14 12:00:00,1984-10-14 12:00:00,21.5,86.0,,,35.0,8.0,,,CS,4,False,False
1984-004,1984,4,BOB,,1984-10-15 03:00:00,1984-10-15 03:00:00,22.5,85.0,1.5,,25.0,4.0,,,D,5,False,False
1984-004,1984,4,BOB,,1984-10-15 12:00:00,1984-10-15 12:00:00,23.5,84.5,,,20.0,3.0,,,D,6,False,False
1984-005,1984,5,BOB,,1984-11-09 12:00:00,1984-11-09 12:00:00,9.5,87.5,1.5,,25.0,3.0995834159888913,,,D,0,False,False
1984-005,1984,5,BOB,,1984-11-10 03:00:00,1984-11-10 03:00:00,9.5,87.5,2.0,,30.0,5.0,,,DD,1,False,False
1984-005,1984,5,BOB,,1984-11-10 12:00:00,1984-11-10 12:00:00,10.0,86.0,2.0,,30.0,5.0,,,DD,2,False,False
1984-005,1984,5,BOB,,1984-11-10 18:00:00,1984-11-10 18:00:00,10.0,84.0,2.0,,30.0,5.0,,,DD,3,False,False
1984-005,1984,5,BOB,,1984-11-11 03:00:00,1984-11-11 03:00:00,10.5,82.5,2.0,,30.0,5.0,,,DD,4,False,False
1984-005,1984,5,BOB,,1984-11-11 06:00:00,1984-11-11 06:00:00,10.8,82.0,2.5,,35.0,6.075183495338227,,,DD,5,False,False
1984-005,1984,5,BOB,,1984-11-11 12:00:00,1984-11-11 12:00:00,11.0,81.5,2.5,,40.0,8.0,,,CS,6,False,False
1984-005,1984,5,BOB,,1984-11-12 03:00:00,1984-11-12 03:00:00,12.0,80.5,3.5,,55.0,15.001983733386234,,,SCS,7,False,False
1984-005,1984,5,BOB,,1984-11-12 12:00:00,1984-11-12 12:00:00,12.5,80.5,5.0,,90.0,40.17060107121603,,,SCS,8,False,False
1984-005,1984,5,BOB,,1984-11-13 03:00:00,1984-11-13 03:00:00,13.5,80.5,5.0,,90.0,40.17060107121603,,,SCS,9,False,False
1984-005,1984,5,BOB,,1984-11-13 12:00:00,1984-11-13 12:00:00,13.5,80.3,5.5,,102.0,51.59690537591748,,,SCS,10,False,False
1984-005,1984,5,BOB,,1984-11-13 18:00:00,1984-11-13 18:00:00,13.5,80.0,6.0,,115.0,65.58718508232494,,,SCS,11,False,False
1984-005,1984,5,BOB,,1984-11-14 03:00:00,1984-11-14 03:00:00,13.5,80.0,6.0,,115.0,65.58718508232494,,,SCS,12,False,False
1984-005,1984,5,BOB,,1984-11-14 12:00:00,1984-11-14 12:00:00,13.5,79.5,4.0,,65.0,20.953183892084905,,,CS,13,False,False
1984-006,1984,6,BOB,,1984-11-27 12:00:00,1984-11-27 12:00:00,8.5,85.5,1.5,,25.0,3.0995834159888913,,,D,0,False,False
1984-006,1984,6,BOB,,1984-11-28 03:00:00,1984-11-28 03:00:00,9.0,85.0,1.5,,25.0,3.0995834159888913,,,D,1,False,False
1984-006,1984,6,BOB,,1984-11-28 12:00:00,1984-11-28 12:00:00,9.5,84.5,2.0,,30.0,4.463400119024003,,,DD,2,False,False
1984-006,1984,6,BOB,,1984-11-28 15:00:00,1984-11-28 15:00:00,9.5,84.5,2.5,,35.0,6.075183495338227,,,DD,3,False,False
1984-006,1984,6,BOB,,1984-11-29 09:00:00,1984-11-29 09:00:00,9.5,84.5,3.0,,45.0,10.042650267804008,,,CS,4,False,False
1984-006,1984,6,BOB,,1984-11-30 00:00:00,1984-11-30 00:00:00,9.5,84.5,3.5,,55.0,15.001983733386234,,,CS,5,False,False
1984-006,1984,6,BOB,,1984-11-30 03:00:00,1984-11-30 03:00:00,9.5,84.5,6.0,,115.0,65.58718508232494,,,SCS,6,False,False
1984-006,1984,6,BOB,,1984-12-01 03:00:00,1984-12-01 03:00:00,10.8,80.5,6.0,,115.0,65.58718508232494,,,SCS,7,False,False
1984-006,1984,6,BOB,,1984-12-01 12:00:00,1984-12-01 12:00:00,11.0,79.0,3.5,,55.0,15.001983733386234,,,CS,8,False,False
1984-006,1984,6,BOB,,1984-12-01 18:00:00,1984-12-01 18:00:00,11.5,77.5,2.0,,30.0,4.463400119024003,,,DD,9,False,False
1984-006,1984,6,BOB,,1984-12-02 03:00:00,1984-12-02 03:00:00,11.5,74.0,1.5,,25.0,3.0995834159888913,,,D,10,False,False
1984-007,1984,7,ARB,,1984-12-04 00:00:00,1984-12-04 00:00:00,11.5,68.5,1.5,,25.0,4.0,,,D,0,False,False
1984-007,1984,7,ARB,,1984-12-04 03:00:00,1984-12-04 03:00:00,11.0,65.0,2.0,,30.0,5.0,,,DD,1,False,False
1984-007,1984,7,ARB,,1984-12-04 12:00:00,1984-12-04 12:00:00,10.0,62.5,2.0,,30.0,6.0,,,DD,2,False,False
1984-007,1984,7,ARB,,1984-12-05 03:00:00,1984-12-05 03:00:00,9.5,60.0,2.5,,30.0,6.0,,,DD,3,False,False
1984-007,1984,7,ARB,,1984-12-05 06:00:00,1984-12-05 06:00:00,9.0,59.0,,,25.0,4.0,,,D,4,False,False
1984-007,1984,7,ARB,,1984-12-05 12:00:00,1984-12-05 12:00:00,8.5,57.0,,,25.0,3.0,,,D,5,False,False
1985-001,1985,1,BOB,,1985-05-21 21:00:00,1985-05-21 21:00:00,16.0,89.0,1.5,,25.0,3.0995834159888913,,,D,0,False,False
1985-001,1985,1,BOB,,1985-05-22 03:00:00,1985-05-22 03:00:00,16.0,89.0,1.5,,25.0,3.0995834159888913,,,D,1,False,False
1985-001,1985,1,BOB,,1985-05-22 03:30:00,1985-05-22 03:30:00,16.0,89.0,1.5,,25.0,3.0995834159888913,,,D,2,False,False
1985-001,1985,1,BOB,,1985-05-22 12:00:00,1985-05-22 12:00:00,16.0,89.0,2.5,,35.0,6.075183495338227,,,CS,3,False,False
1985-001,1985,1,BOB,,1985-05-23 03:00:00,1985-05-23 03:00:00,16.5,87.5,2.5,,40.0,7.934933544931562,,,CS,4,False,False
1985-001,1985,1,BOB,,1985-05-23 06:00:00,1985-05-23 06:00:00,16.5,87.5,3.0,,45.0,10.042650267804008,,,CS,5,False,False
1985-001,1985,1,BOB,,1985-05-24 03:00:00,1985-05-24 03:00:00,19.0,89.0,3.0,,45.0,10.042650267804008,,,CS,6,False,False
1985-001,1985,1,BOB,,1985-05-24 12:00:00,1985-05-24 12:00:00,20.5,90.0,3.5,,55.0,15.001983733386234,,,SCS,7,False,False
1985-001,1985,1,BOB,,1985-05-24 18:00:00,1985-05-24 18:00:00,20.5,90.0,3.5,,55.0,15.001983733386234,,,SCS,8,False,False
1985-001,1985,1,BOB,,1985-05-24 20:00:00,1985-05-24 20:00:00,20.5,90.0,3.5,,55.0,15.001983733386234,,,SCS,9,False,False
1985-001,1985,1,BOB,,1985-05-24 22:00:00,1985-05-24 22:00:00,20.5,90.0,4.0,,65.0,20.953183892084905,,,VSCS,10,False,False
1985-001,1985,1,BOB,,1985-05-25 03:00:00,1985-05-25 03:00:00,23.0,91.5,3.5,,50.0,12.398333663955565,,,SCS,11,False,False
1985-001,1985,1,BOB,,1985-05-25 12:00:00,1985-05-25 12:00:00,24.0,92.6,2.5,,35.0,6.075183495338227,,,CS,12,False,False
1985-001,1985,1,BOB,,1985-05-25 18:00:00,1985-05-25 18:00:00,25.0,92.6,1.5,,25.0,3.0995834159888913,,,D,13,False,False
1985-002,1985,2,ARB,,1985-05-28 03:00:00,1985-05-28 03:00:00,15.0,67.0,1.5,,25.0,3.0995834159888913,,,D,0,False,False
1985-002,1985,2,ARB,,1985-05-28 12:00:00,1985-05-28 12:00:00,16.5,67.0,2.0,,30.0,4.463400119024003,,,DD,1,False,False
1985-002,1985,2,ARB,,1985-05-29 03:00:00,1985-05-29 03:00:00,17.5,67.5,2.5,,35.0,6.075183495338227,,,DD,2,False,False
1985-002,1985,2,ARB,,1985-05-29 12:00:00,1985-05-29 12:00:00,18.0,68.0,3.0,,45.0,10.042650267804008,,,CS,3,False,False
1985-002,1985,2,ARB,,1985-05-30 03:00:00,1985-05-30 03:00:00,20.0,68.0,3.0,,45.0,10.042650267804008,,,CS,4,False,False
1985-002,1985,2,ARB,,1985-05-30 12:00:00,1985-05-30 12:00:00,21.5,67.5,3.0,,45.0,10.042650267804008,,,CS,5,False,False
1985-003,1985,3,BOB,,1985-08-01 03:00:00,1985-08-01 03:00:00,20.0,88.0,1.5,,25.0,3.0995834159888913,,,D,0,False,False
1985-003,1985,3,BOB,,1985-08-01 12:00:00,1985-08-01 12:00:00,20.5,87.5,1.5,,25.0,3.0995834159888913,,,D,1,False,False
1985-003,1985,3,BOB,,1985-08-01 18:00:00,1985-08-01 18:00:00,20.5,87.5,1.5,,25.0,3.0995834159888913,,,D,2,False,False
1985-003,1985,3,BOB,,1985-08-02 00:00:00,1985-08-02 00:00:00,20.5,87.5,1.5,,25.0,3.0995834159888913,,,D,3,False,False
1985-004,1985,4,BOB,,1985-08-06 03:00:00,1985-08-06 03:00:00,20.5,88.0,1.5,,25.0,3.0995834159888913,,,D,0,False,False
1985-004,1985,4,BOB,,1985-08-06 06:00:00,1985-08-06 06:00:00,21.5,87.0,1.5,,25.0,3.0995834159888913,,,D,1,False,False
1985-004,1985,4,BOB,,1985-08-06 12:00:00,1985-08-06 12:00:00,22.5,86.0,1.5,,25.0,3.0995834159888913,,,D,2,False,False
1985-004,1985,4,BOB,,1985-08-07 03:00:00,1985-08-07 03:00:00,23.0,84.5,1.5,,25.0,3.0995834159888913,,,D,3,False,False
1985-004,1985,4,BOB,,1985-08-07 12:00:00,1985-08-07 12:00:00,23.5,83.5,1.5,,20.0,1.9837333862328905,,,D,4,False,False
1985-004,1985,4,BOB,,1985-08-08 03:00:00,1985-08-08 03:00:00,23.5,82.0,1.5,,20.0,1.9837333862328905,,,D,5,False,False
1985-004,1985,4,BOB,,1985-08-08 12:00:00,1985-08-08 12:00:00,24.0,81.0,1.5,,20.0,1.9837333862328905,,,D,6,False,False
1985-004,1985,4,BOB,,1985-08-09 03:00:00,1985-08-09 03:00:00,24.0,79.0,1.5,,20.0,1.9837333862328905,,,D,7,False,False
1985-005,1985,5,BOB,,1985-08-14 03:00:00,1985-08-14 03:00:00,18.5,88.0,1.5,,25.0,3.0995834159888913,,,D,0,False,False
1985-005,1985,5,BOB,,1985-08-14 06:00:00,1985-08-14 06:00:00,19.0,87.5,1.5,,25.0,3.0995834159888913,,,D,1,False,False
1985-005,1985,5,BOB,,1985-08-14 12:00:00,1985-08-14 12:00:00,19.5,87.0,1.5,,25.0,3.0995834159888913,,,D,2,False,False
1985-005,1985,5,BOB,,1985-08-15 00:00:00,1985-08-15 00:00:00,20.5,86.5,1.5,,25.0,3.0995834159888913,,,D,3,False,False
1985-006,1985,6,BOB,,1985-09-19 03:00:00,1985-09-19 03:00:00,17.5,90.0,1.5,,25.0,3.0995834159888913,,,D,0,False,False
1985-006,1985,6,BOB,,1985-09-19 12:00:00,1985-09-19 12:00:00,18.5,88.5,1.5,,25.0,3.0995834159888913,,,D,1,False,False
1985-006,1985,6,BOB,,1985-09-19 18:00:00,1985-09-19 18:00:00,18.5,88.0,2.0,,30.0,4.463400119024003,,,DD,2,False,False
1985-006,1985,6,BOB,,1985-09-20 00:00:00,1985-09-20 00:00:00,21.9,87.5,2.0,,30.0,4.463400119024003,,,DD,3,False,False
1985-006,1985,6,BOB,,1985-09-20 03:00:00,1985-09-20 03:00:00,19.5,87.0,2.5,,35.0,6.075183495338227,,,CS,4,False,False
1985-006,1985,6,BOB,,1985-09-20 06:00:00,1985-09-20 06:00:00,19.5,86.5,3.0,,40.0,7.934933544931562,,,CS,5,False,False
1985-006,1985,6,BOB,,1985-09-20 12:00:00,1985-09-20 12:00:00,19.8,86.2,3.0,,45.0,10.042650267804008,,,CS,6,False,False
1985-006,1985,6,BOB,,1985-09-20 18:00:00,1985-09-20 18:00:00,20.5,85.5,3.0,,35.0,6.075183495338227,,,CS,7,False,False
1985-006,1985,6,BOB,,1985-09-21 00:00:00,1985-09-21 00:00:00,21.0,84.0,2.0,,30.0,4.463400119024003,,,DD,8,False,False
1985-006,1985,6,BOB,,1985-09-21 03:00:00,1985-09-21 03:00:00,21.5,83.0,2.0,,30.0,4.463400119024003,,,DD,9,False,False
1985-006,1985,6,BOB,,1985-09-21 12:00:00,1985-09-21 12:00:00,22.0,82.0,1.5,,25.0,3.0995834159888913,,,D,10,False,False
1985-007,1985,7,BOB,,1985-10-01 03:00:00,1985-10-01 03:00:00,14.0,83.5,1.5,,25.0,,,,D,0,False,False
1985-007,1985,7,BOB,,1985-10-01 12:00:00,1985-10-01 12:00:00,14.5,82.0,1.5,,25.0,3.0995834159888913,,,D,1,False,False
1985-007,1985,7,BOB,,1985-10-02 03:00:00,1985-10-02 03:00:00,15.5,80.5,1.5,,25.0,3.0995834159888913,,,D,2,False,False
1985-008,1985,8,ARB,,1985-10-06 03:00:00,1985-10-06 03:00:00,19.5,71.5,1.5,,25.0,3.0995834159888913,,,D,0,False,False
1985-008,1985,8,ARB,,1985-10-06 12:00:00,1985-10-06 12:00:00,20.0,71.5,1.5,,25.0,3.0995834159888913,,,D,1,False,False
1985-008,1985,8,ARB,,1985-10-07 03:00:00,1985-10-07 03:00:00,21.5,72.0,,,25.0,3.0995834159888913,,,D,2,False,False
1985-008,1985,8,ARB,,1985-10-07 12:00:00,1985-10-07 12:00:00,21.0,72.0,,,25.0,3.0,,,D,3,False,False
1985-008,1985,8,ARB,,1985-10-08 03:00:00,1985-10-08 03:00:00,20.5,72.2,,,25.0,3.0995834159888913,,,D,4,False,False
1985-008,1985,8,ARB,,1985-10-08 12:00:00,1985-10-08 12:00:00,22.0,75.0,,,25.0,3.0,,,D,5,False,False
1985-008,1985,8,ARB,,1985-10-09 03:00:00,1985-10-09 03:00:00,24.0,77.0,,,25.0,3.0995834159888913,,,D,6,False,False
1985-009,1985,9,BOB,,1985-10-09 03:00:00,1985-10-09 03:00:00,12.5,90.0,1.5,,25.0,3.0995834159888913,,,D,0,False,False
1985-009,1985,9,BOB,,1985-10-09 18:00:00,1985-10-09 18:00:00,14.0,87.5,2.5,,35.0,6.075183495338227,,,DD,1,False,False
1985-009,1985,9,BOB,,1985-10-10 03:00:00,1985-10-10 03:00:00,16.0,85.5,2.5,,35.0,6.075183495338227,,,DD,2,False,False
1985-009,1985,9,BOB,,1985-10-10 12:00:00,1985-10-10 12:00:00,16.5,84.5,3.0,,40.0,7.934933544931562,,,CS,3,False,False
1985-009,1985,9,BOB,,1985-10-10 15:00:00,1985-10-10 15:00:00,16.5,84.5,3.0,,45.0,10.042650267804008,,,CS,4,False,False
1985-009,1985,9,BOB,,1985-10-10 21:00:00,1985-10-10 21:00:00,16.5,84.5,3.0,,45.0,10.042650267804008,,,CS,5,False,False
1985-009,1985,9,BOB,,1985-10-11 03:00:00,1985-10-11 03:00:00,18.0,83.0,3.0,,40.0,7.934933544931562,,,CS,6,False,False
1985-009,1985,9,BOB,,1985-10-12 12:00:00,1985-10-12 12:00:00,19.3,81.5,2.5,,35.0,6.075183495338227,,,DD,7,False,False
1985-009,1985,9,BOB,,1985-10-13 12:00:00,1985-10-13 12:00:00,22.0,79.0,1.5,,35.0,6.075183495338227,,,DD,8,False,False
1985-010,1985,10,BOB,,1985-10-13 12:00:00,1985-10-13 12:00:00,13.5,93.0,1.5,,25.0,3.0995834159888913,,,D,0,False,False
1985-010,1985,10,BOB,,1985-10-14 03:00:00,1985-10-14 03:00:00,16.0,89.5,2.0,,30.0,4.463400119024003,,,DD,1,False,False
1985-010,1985,10,BOB,,1985-10-14 12:00:00,1985-10-14 12:00:00,17.5,89.0,2.0,,30.0,4.463400119024003,,,DD,2,False,False
1985-010,1985,10,BOB,,1985-10-14 15:00:00,1985-10-14 15:00:00,17.5,89.0,2.5,,35.0,6.075183495338227,,,CS,3,False,False
1985-010,1985,10,BOB,,1985-10-15 03:00:00,1985-10-15 03:00:00,19.5,87.5,2.5,,35.0,6.075183495338227,,,CS,4,False,False
1985-010,1985,10,BOB,,1985-10-15 12:00:00,1985-10-15 12:00:00,20.5,87.5,3.0,,45.0,10.042650267804008,,,SCS,5,False,False
1985-010,1985,10,BOB,,1985-10-16 03:00:00,1985-10-16 03:00:00,21.6,86.8,2.5,,35.0,6.075183495338227,,,CS,6,False,False
1985-010,1985,10,BOB,,1985-10-17 03:00:00,1985-10-17 03:00:00,24.5,85.5,2.0,,30.0,4.463400119024003,,,DD,7,False,False
1985-011,1985,11,BOB,,1985-11-12 03:00:00,1985-11-12 03:00:00,12.5,81.0,1.5,,25.0,3.0995834159888913,,,D,0,False,False
1985-011,1985,11,BOB,,1985-11-12 12:00:00,1985-11-12 12:00:00,12.5,80.1,1.5,,25.0,3.0995834159888913,,,D,1,False,False
1985-012,1985,12,BOB,,1985-11-15 03:00:00,1985-11-15 03:00:00,13.0,86.0,1.5,,25.0,3.0995834159888913,,,D,0,False,False
1985-012,1985,12,BOB,,1985-11-15 12:00:00,1985-11-15 12:00:00,13.5,85.5,2.0,,30.0,4.463400119024003,,,DD,1,False,False
1985-012,1985,12,BOB,,1985-11-16 12:00:00,1985-11-16 12:00:00,13.5,84.0,2.5,,35.0,6.075183495338227,,,CS,2,False,False
1985-012,1985,12,BOB,,1985-11-17 01:00:00,1985-11-17 01:00:00,13.5,84.0,2.5,,35.0,6.075183495338227,,,CS,3,False,False
1985-012,1985,12,BOB,,1985-11-17 03:00:00,1985-11-17 03:00:00,14.0,82.5,2.5,,35.0,6.075183495338227,,,CS,4,False,False
1985-012,1985,12,BOB,,1985-11-17 12:00:00,1985-11-17 12:00:00,15.0,81.5,1.5,,25.0,3.0995834159888913,,,D,5,False,False
1985-013,1985,13,BOB,,1985-12-11 12:00:00,1985-12-11 12:00:00,8.0,88.0,2.0,,30.0,4.463400119024003,,,DD,0,False,False
1985-013,1985,13,BOB,,1985-12-12 03:00:00,1985-12-12 03:00:00,8.5,87.0,2.0,,30.0,4.463400119024003,,,DD,1,False,False
1985-013,1985,13,BOB,,1985-12-12 12:00:00,1985-12-12 12:00:00,10.0,84.5,3.0,,35.0,6.075183495338227,,,CS,2,False,False
1985-013,1985,13,BOB,,1985-12-13 03:00:00,1985-12-13 03:00:00,11.5,82.5,3.0,,35.0,6.075183495338227,,,CS,3,False,False
1985-013,1985,13,BOB,,1985-12-13 12:00:00,1985-12-13 12:00:00,13.0,81.0,3.0,,35.0,6.075183495338227,,,CS,4,False,False
1985-013,1985,13,BOB,,1985-12-14 03:00:00,1985-12-14 03:00:00,14.0,79.5,1.5,,25.0,3.0995834159888913,,,D,5,False,False
1985-014,1985,14,LAND,,1985-08-05 03:00:00,1985-08-05 03:00:00,29.5,74.5,,,25.0,3.0995834159888913,,,D,0,False,False
1985-014,1985,14,LAND,,1985-08-05 12:00:00,1985-08-05 12:00:00,30.2,75.0,,,25.0,3.0995834159888913,,,D,1,False,False
1985-014,1985,14,LAND,,1985-08-06 03:00:00,1985-08-06 03:00:00,30.5,75.0,,,25.0,3.0995834159888913,,,D,2,False,False
1985-015,1985,15,LAND,,1985-09-23 03:00:00,1985-09-23 03:00:00,25.0,77.0,,,25.0,3.0995834159888913,,,D,0,False,False
1985-015,1985,15,LAND,,1985-09-23 12:00:00,1985-09-23 12:00:00,26.0,78.0,,,25.0,3.0995834159888913,,,D,1,False,False
1985-015,1985,15,LAND,,1985-09-24 03:00:00,1985-09-24 03:00:00,26.5,78.5,,,25.0,3.0995834159888913,,,D,2,False,False
1985-015,1985,15,LAND,,1985-09-24 12:00:00,1985-09-24 12:00:00,27.0,78.0,,,25.0,3.0995834159888913,,,D,3,False,False
1986-001,1986,1,BOB,,1986-01-07 12:00:00,1986-01-07 12:00:00,5.5,83.0,2.0,,30.0,4.463400119024003,,,DD,0,False,False
1986-001,1986,1,BOB,,1986-01-08 03:00:00,1986-01-08 03:00:00,6.0,82.5,2.0,,30.0,4.463400119024003,,,DD,1,False,False
1986-001,1986,1,BOB,,1986-01-08 12:00:00,1986-01-08 12:00:00,6.0,82.5,1.5,,25.0,3.0995834159888913,,,D,2,False,False
1986-002,1986,2,LAND,,1986-07-22 03:00:00,1986-07-22 03:00:00,22.7,82.8,1.5,,25.0,3.0995834159888913,,,D,0,False,False
1986-002,1986,2,LAND,,1986-07-22 12:00:00,1986-07-22 12:00:00,22.8,82.3,1.5,,25.0,3.0995834159888913,,,D,1,False,False
1986-002,1986,2,LAND,,1986-07-23 03:00:00,1986-07-23 03:00:00,22.8,79.4,1.5,,25.0,3.0995834159888913,,,D,2,False,False
1986-003,1986,3,LAND,,1986-08-08 03:00:00,1986-08-08 03:00:00,21.9,73.1,,,,0.0,,,D,0,False,False
1986-003,1986,3,LAND,,1986-08-08 12:00:00,1986-08-08 12:00:00,22.0,71.5,,,,0.0,,,D,1,False,False
1986-003,1986,3,LAND,,1986-08-09 03:00:00,1986-08-09 03:00:00,22.0,70.0,,,,0.0,,,D,2,False,False
1986-003,1986,3,LAND,,1986-08-09 06:00:00,1986-08-09 06:00:00,22.2,69.0,,,,0.0,,,D,3,False,False
1986-003,1986,3,LAND,,1986-08-09 12:00:00,1986-08-09 12:00:00,22.5,68.0,,,,,,,,4,False,False
1986-003,1986,3,LAND,,1986-08-10 03:00:00,1986-08-10 03:00:00,23.0,66.5,,,,,,,,5,False,False
1986-003,1986,3,LAND,,1986-08-10 12:00:00,1986-08-10 12:00:00,23.5,66.5,,,,,,,,6,False,False
1986-004,1986,4,BOB,,1986-08-10 12:00:00,1986-08-10 12:00:00,18.0,88.0,1.5,,25.0,3.0995834159888913,,,D,0,False,False
1986-004,1986,4,BOB,,1986-08-11 03:00:00,1986-08-11 03:00:00,18.0,86.5,1.5,,25.0,3.0995834159888913,,,D,1,False,False
1986-004,1986,4,BOB,,1986-08-11 12:00:00,1986-08-11 12:00:00,18.0,85.5,1.5,,25.0,3.0995834159888913,,,D,2,False,False
1986-004,1986,4,BOB,,1986-08-12 03:00:00,1986-08-12 03:00:00,18.0,84.5,1.5,,25.0,3.0995834159888913,,,D,3,False,False
1986-004,1986,4,BOB,,1986-08-12 12:00:00,1986-08-12 12:00:00,18.7,84.0,2.0,,30.0,4.463400119024003,,,DD,4,False,False
1986-004,1986,4,BOB,,1986-08-13 03:00:00,1986-08-13 03:00:00,19.4,83.4,2.0,,30.0,4.463400119024003,,,DD,5,False,False
1986-004,1986,4,BOB,,1986-08-13 12:00:00,1986-08-13 12:00:00,20.4,82.7,1.5,,25.0,3.0995834159888913,,,D,6,False,False
1986-004,1986,4,BOB,,1986-08-14 03:00:00,1986-08-14 03:00:00,21.3,81.9,1.5,,25.0,3.0995834159888913,,,D,7,False,False
1986-004,1986,4,BOB,,1986-08-14 12:00:00,1986-08-14 12:00:00,22.3,80.8,1.5,,25.0,3.0995834159888913,,,D,8,False,False
1986-005,1986,5,BOB,,1986-08-19 03:00:00,1986-08-19 03:00:00,21.2,88.0,1.5,,25.0,3.0995834159888913,,,D,0,False,False
1986-005,1986,5,BOB,,1986-08-19 12:00:00,1986-08-19 12:00:00,21.3,87.3,1.5,,25.0,3.0995834159888913,,,D,1,False,False
1986-005,1986,5,BOB,,1986-08-20 03:00:00,1986-08-20 03:00:00,21.5,86.1,1.5,,25.0,3.0995834159888913,,,D,2,False,False
1986-005,1986,5,BOB,,1986-08-20 12:00:00,1986-08-20 12:00:00,22.1,85.4,1.5,,25.0,3.0995834159888913,,,D,3,False,False
1986-006,1986,6,BOB,,1986-09-24 03:00:00,1986-09-24 03:00:00,20.5,88.0,1.5,,25.0,3.0995834159888913,,,D,0,False,False
1986-006,1986,6,BOB,,1986-09-25 03:00:00,1986-09-25 03:00:00,21.0,87.5,1.5,,25.0,3.0995834159888913,,,D,1,False,False
1986-006,1986,6,BOB,,1986-09-25 12:00:00,1986-09-25 12:00:00,21.5,86.7,1.5,,25.0,3.0995834159888913,,,D,2,False,False
1986-006,1986,6,BOB,,1986-09-26 03:00:00,1986-09-26 03:00:00,22.3,87.2,1.5,,25.0,3.0995834159888913,,,D,3,False,False
1986-006,1986,6,BOB,,1986-09-26 12:00:00,1986-09-26 12:00:00,23.5,86.5,1.5,,25.0,3.0995834159888913,,,D,4,False,False
1986-007,1986,7,BOB,,1986-11-07 03:00:00,1986-11-07 03:00:00,14.0,82.0,1.5,,25.0,3.0995834159888913,,,D,0,False,False
1986-007,1986,7,BOB,,1986-11-07 12:00:00,1986-11-07 12:00:00,15.0,82.0,1.5,,25.0,3.0995834159888913,,,D,1,False,False
1986-007,1986,7,BOB,,1986-11-08 03:00:00,1986-11-08 03:00:00,18.5,85.0,1.5,,25.0,3.0995834159888913,,,D,2,False,False
1986-007,1986,7,BOB,,1986-11-08 12:00:00,1986-11-08 12:00:00,19.5,86.0,2.0,,30.0,4.463400119024003,,,DD,3,False,False
1986-007,1986,7,BOB,,1986-11-09 03:00:00,1986-11-09 03:00:00,21.7,89.5,3.0,,45.0,10.042650267804008,,,CS,4,False,False
1986-007,1986,7,BOB,,1986-11-09 12:00:00,1986-11-09 12:00:00,23.1,90.9,1.5,,25.0,3.0995834159888913,,,D,5,False,False
1986-008,1986,8,ARB,,1986-11-09 03:00:00,1986-11-09 03:00:00,12.5,70.0,2.0,,30.0,4.463400119024003,,,DD,0,False,False
1986-008,1986,8,ARB,,1986-11-09 12:00:00,1986-11-09 12:00:00,12.0,68.5,2.0,,30.0,4.463400119024003,,,DD,1,False,False
1986-008,1986,8,ARB,,1986-11-10 03:00:00,1986-11-10 03:00:00,11.5,65.0,2.0,,30.0,4.463400119024003,,,DD,2,False,False
1986-008,1986,8,ARB,,1986-11-10 12:00:00,1986-11-10 12:00:00,12.0,63.0,1.5,,25.0,3.0995834159888913,,,D,3,False,False
1987-001,1987,1,BOB,,1987-01-30 03:00:00,1987-01-30 03:00:00,5.5,88.5,1.5,999.0,25.0,3.0,,,D,0,False,False
1987-001,1987,1,BOB,,1987-01-30 12:00:00,1987-01-30 12:00:00,6.0,88.5,1.5,998.0,25.0,4.0,,,D,1,False,False
1987-001,1987,1,BOB,,1987-01-31 00:00:00,1987-01-31 00:00:00,6.5,87.5,2.0,996.0,30.0,5.0,,,DD,2,False,False
1987-001,1987,1,BOB,,1987-01-31 03:00:00,1987-01-31 03:00:00,7.0,87.0,2.0,994.0,30.0,6.0,,,DD,3,False,False
1987-001,1987,1,BOB,,1987-01-31 06:00:00,1987-01-31 06:00:00,7.0,86.5,2.5,992.0,35.0,8.0,,,CS,4,False,False
1987-001,1987,1,BOB,,1987-01-31 12:00:00,1987-01-31 12:00:00,7.5,86.0,3.0,988.0,45.0,12.0,,,CS,5,False,False
1987-001,1987,1,BOB,,1987-02-01 00:00:00,1987-02-01 00:00:00,8.0,85.5,3.5,986.0,50.0,14.0,,,SCS,6,False,False
1987-001,1987,1,BOB,,1987-02-01 03:00:00,1987-02-01 03:00:00,8.0,85.5,3.5,984.0,55.0,16.0,,,SCS,7,False,False
1987-001,1987,1,BOB,,1987-02-01 06:00:00,1987-02-01 06:00:00,8.5,85.5,4.0,978.0,65.0,22.0,,,VSCS,8,False,False
1987-001,1987,1,BOB,,1987-02-01 12:00:00,1987-02-01 12:00:00,10.0,86.0,4.0,974.0,70.0,30.0,,,VSCS,9,False,False
1987-001,1987,1,BOB,,1987-02-02 00:00:00,1987-02-02 00:00:00,12.5,87.0,4.0,970.0,75.0,30.0,,,VSCS,10,False,False
1987-001,1987,1,BOB,,1987-02-02 06:00:00,1987-02-02 06:00:00,13.5,88.0,4.0,970.0,75.0,30.0,,,VSCS,11,False,False
1987-001,1987,1,BOB,,1987-02-02 12:00:00,1987-02-02 12:00:00,14.5,88.5,4.0,974.0,70.0,26.0,,,VSCS,12,False,False
1987-001,1987,1,BOB,,1987-02-02 18:00:00,1987-02-02 18:00:00,15.0,89.0,3.5,980.0,60.0,20.0,,,SCS,13,False,False
1987-001,1987,1,BOB,,1987-02-03 00:00:00,1987-02-03 00:00:00,15.5,89.5,3.0,986.0,50.0,14.0,,,SCS,14,False,False
1987-001,1987,1,BOB,,1987-02-03 03:00:00,1987-02-03 03:00:00,16.0,89.5,2.5,992.0,40.0,8.0,,,CS,15,False,False
1987-001,1987,1,BOB,,1987-02-03 12:00:00,1987-02-03 12:00:00,17.0,90.0,2.0,994.0,30.0,6.0,,,DD,16,False,False
1987-001,1987,1,BOB,,1987-02-04 00:00:00,1987-02-04 00:00:00,19.0,90.5,2.0,996.0,30.0,5.0,,,DD,17,False,False
1987-001,1987,1,BOB,,1987-02-04 03:00:00,1987-02-04 03:00:00,19.5,91.0,1.5,997.0,25.0,4.0,,,D,18,False,False
1987-001,1987,1,BOB,,1987-02-04 06:00:00,1987-02-04 06:00:00,20.0,91.0,1.5,998.0,25.0,3.0,,,D,19,False,False
1987-001,1987,1,BOB,,1987-02-04 12:00:00,1987-02-04 12:00:00,21.0,91.0,1.5,998.0,25.0,3.0,,,D,20,False,False
1987-002,1987,2,BOB,,1987-06-01 03:00:00,1987-06-01 03:00:00,16.0,92.0,1.5,990.0,25.0,3.0,,,D,0,False,False
1987-002,1987,2,BOB,,1987-06-01 12:00:00,1987-06-01 12:00:00,16.0,91.0,1.5,988.0,25.0,4.0,,,D,1,False,False
1987-002,1987,2,BOB,,1987-06-02 03:00:00,1987-06-02 03:00:00,16.5,90.0,1.5,988.0,25.0,4.0,,,D,2,False,False
1987-002,1987,2,BOB,,1987-06-02 06:00:00,1987-06-02 06:00:00,16.5,89.0,1.5,988.0,30.0,4.0,,,D,3,False,False
1987-002,1987,2,BOB,,1987-06-02 12:00:00,1987-06-02 12:00:00,17.0,88.0,2.0,987.0,30.0,5.0,,,DD,4,False,False
1987-002,1987,2,BOB,,1987-06-03 03:00:00,1987-06-03 03:00:00,18.0,87.7,2.0,987.0,30.0,5.0,,,DD,5,False,False
1987-002,1987,2,BOB,,1987-06-03 12:00:00,1987-06-03 12:00:00,19.0,88.0,2.0,986.0,30.0,6.0,,,DD,6,False,False
1987-002,1987,2,BOB,,1987-06-04 00:00:00,1987-06-04 00:00:00,20.0,90.0,2.5,984.0,35.0,7.0,,,CS,7,False,False
1987-002,1987,2,BOB,,1987-06-04 03:00:00,1987-06-04 03:00:00,20.5,90.5,2.5,984.0,35.0,7.0,,,CS,8,False,False
1987-002,1987,2,BOB,,1987-06-04 06:00:00,1987-06-04 06:00:00,21.0,90.5,2.5,984.0,40.0,7.0,,,CS,9,False,False
1987-002,1987,2,BOB,,1987-06-04 12:00:00,1987-06-04 12:00:00,22.0,90.5,3.0,980.0,45.0,10.0,,,CS,10,False,False
1987-002,1987,2,BOB,,1987-06-05 03:00:00,1987-06-05 03:00:00,24.0,91.5,,986.0,30.0,6.0,,,DD,11,False,False
1987-002,1987,2,BOB,,1987-06-05 06:00:00,1987-06-05 06:00:00,24.5,92.0,,988.0,25.0,4.0,,,D,12,False,False
1987-003,1987,3,BOB,,1987-08-26 03:00:00,1987-08-26 03:00:00,24.0,90.0,,990.0,25.0,4.0,,,D,0,False,False
1987-003,1987,3,BOB,,1987-08-26 12:00:00,1987-08-26 12:00:00,24.5,88.5,,990.0,25.0,4.0,,,D,1,False,False
1987-003,1987,3,BOB,,1987-08-27 03:00:00,1987-08-27 03:00:00,24.5,87.5,,990.0,25.0,4.0,,,D,2,False,False
1987-003,1987,3,BOB,,1987-08-27 12:00:00,1987-08-27 12:00:00,24.8,85.5,,990.0,25.0,4.0,,,D,3,False,False
1987-003,1987,3,BOB,,1987-08-28 03:00:00,1987-08-28 03:00:00,23.5,84.0,,990.0,25.0,4.0,,,D,4,False,False
1987-003,1987,3,BOB,,1987-08-28 12:00:00,1987-08-28 12:00:00,24.0,82.0,,990.0,25.0,3.0,,,D,5,False,False
1987-003,1987,3,BOB,,1987-08-29 03:00:00,1987-08-29 03:00:00,24.0,79.5,,990.0,25.0,3.0,,,D,6,False,False
1987-003,1987,3,BOB,,1987-08-29 12:00:00,1987-08-29 12:00:00,25.0,78.5,,990.0,25.0,3.0,,,D,7,False,False
1987-004,1987,4,BOB,,1987-09-11 12:00:00,1987-09-11 12:00:00,23.0,85.5,,993.0,25.0,3.0,,,D,0,False,False
1987-004,1987,4,BOB,,1987-09-12 03:00:00,1987-09-12 03:00:00,23.5,84.5,,993.0,25.0,3.0,,,D,1,False,False
1987-004,1987,4,BOB,,1987-09-12 12:00:00,1987-09-12 12:00:00,24.0,84.5,,993.0,25.0,3.0,,,D,2,False,False
1987-005,1987,5,BOB,,1987-09-15 03:00:00,1987-09-15 03:00:00,23.0,82.0,,997.0,25.0,4.0,,,D,0,False,False
1987-005,1987,5,BOB,,1987-09-15 12:00:00,1987-09-15 12:00:00,23.5,81.5,,997.0,25.0,4.0,,,D,1,False,False
1987-005,1987,5,BOB,,1987-09-16 03:00:00,1987-09-16 03:00:00,23.7,80.0,,997.0,25.0,4.0,,,D,2,False,False
1987-005,1987,5,BOB,,1987-09-16 12:00:00,1987-09-16 12:00:00,24.5,78.5,,998.0,25.0,3.0,,,D,3,False,False
1987-006,1987,6,BOB,,1987-10-14 03:00:00,1987-10-14 03:00:00,13.0,87.5,1.5,1000.0,25.0,3.0,,,D,0,False,False
1987-006,1987,6,BOB,,1987-10-14 12:00:00,1987-10-14 12:00:00,14.0,86.5,2.0,998.0,30.0,5.0,,,DD,1,False,False
1987-006,1987,6,BOB,,1987-10-15 03:00:00,1987-10-15 03:00:00,14.5,83.0,2.5,996.0,35.0,6.0,,,CS,2,False,False
1987-006,1987,6,BOB,,1987-10-15 12:00:00,1987-10-15 12:00:00,15.0,82.0,3.0,994.0,45.0,8.0,,,CS,3,False,False
1987-006,1987,6,BOB,,1987-10-16 00:00:00,1987-10-16 00:00:00,15.7,80.5,2.5,994.0,40.0,8.0,,,CS,4,False,False
1987-006,1987,6,BOB,,1987-10-16 03:00:00,1987-10-16 03:00:00,16.0,80.0,,996.0,30.0,5.0,,,DD,5,False,False
1987-006,1987,6,BOB,,1987-10-16 12:00:00,1987-10-16 12:00:00,16.5,78.0,,997.0,25.0,3.0,,,D,6,False,False
1987-006,1987,6,BOB,,1987-10-17 03:00:00,1987-10-17 03:00:00,17.5,76.0,,998.0,25.0,3.0,,,D,7,False,False
1987-006,1987,6,BOB,,1987-10-17 12:00:00,1987-10-17 12:00:00,19.0,75.0,,998.0,25.0,3.0,,,D,8,False,False
1987-006,1987,6,BOB,,1987-10-18 03:00:00,1987-10-18 03:00:00,20.5,74.5,,998.0,20.0,3.0,,,D,9,False,False
1987-006,1987,6,BOB,,1987-10-18 12:00:00,1987-10-18 12:00:00,22.0,76.0,,998.0,20.0,3.0,,,D,10,False,False
1987-006,1987,6,BOB,,1987-10-19 03:00:00,1987-10-19 03:00:00,24.5,80.0,,998.0,20.0,3.0,,,D,11,False,False
1987-006,1987,6,BOB,,1987-10-19 12:00:00,1987-10-19 12:00:00,25.5,84.0,,998.0,20.0,3.0,,,D,12,False,False
1987-007,1987,7,BOB,,1987-10-31 03:00:00,1987-10-31 03:00:00,11.5,86.5,1.5,997.0,25.0,3.0,,,D,0,False,False
1987-007,1987,7,BOB,,1987-10-31 06:00:00,1987-10-31 06:00:00,12.0,86.0,2.0,995.0,30.0,5.0,,,DD,1,False,False
1987-007,1987,7,BOB,,1987-10-31 12:00:00,1987-10-31 12:00:00,12.5,85.5,2.5,993.0,35.0,7.0,,,CS,2,False,False
1987-007,1987,7,BOB,,1987-10-31 18:00:00,1987-10-31 18:00:00,13.0,85.5,2.5,993.0,35.0,7.0,,,CS,3,False,False
1987-007,1987,7,BOB,,1987-11-01 00:00:00,1987-11-01 00:00:00,13.5,85.0,2.5,992.0,40.0,8.0,,,CS,4,False,False
1987-007,1987,7,BOB,,1987-11-01 03:00:00,1987-11-01 03:00:00,13.5,85.0,2.5,990.0,40.0,10.0,,,CS,5,False,False
1987-007,1987,7,BOB,,1987-11-01 12:00:00,1987-11-01 12:00:00,13.5,84.0,3.0,988.0,45.0,12.0,,,CS,6,False,False
1987-007,1987,7,BOB,,1987-11-01 18:00:00,1987-11-01 18:00:00,13.5,83.5,3.5,988.0,45.0,12.0,,,CS,7,False,False
1987-007,1987,7,BOB,,1987-11-02 00:00:00,1987-11-02 00:00:00,13.5,82.5,3.5,986.0,50.0,14.0,,,SCS,8,False,False
1987-007,1987,7,BOB,,1987-11-02 03:00:00,1987-11-02 03:00:00,13.5,82.0,3.5,984.0,55.0,16.0,,,SCS,9,False,False
1987-007,1987,7,BOB,,1987-11-02 06:00:00,1987-11-02 06:00:00,14.0,81.5,3.5,984.0,55.0,16.0,,,SCS,10,False,False
1987-007,1987,7,BOB,,1987-11-02 12:00:00,1987-11-02 12:00:00,14.5,81.0,3.5,984.0,55.0,16.0,,,SCS,11,False,False
1987-007,1987,7,BOB,,1987-11-02 18:00:00,1987-11-02 18:00:00,14.5,80.5,3.5,984.0,55.0,16.0,,,SCS,12,False,False
1987-007,1987,7,BOB,,1987-11-03 00:00:00,1987-11-03 00:00:00,14.5,79.5,,986.0,50.0,14.0,,,SCS,13,False,False
1987-007,1987,7,BOB,,1987-11-03 03:00:00,1987-11-03 03:00:00,14.5,79.0,,988.0,45.0,12.0,,,CS,14,False,False
1987-007,1987,7,BOB,,1987-11-03 06:00:00,1987-11-03 06:00:00,15.0,78.5,,992.0,35.0,8.0,,,CS,15,False,False
1987-007,1987,7,BOB,,1987-11-03 12:00:00,1987-11-03 12:00:00,15.5,78.0,,996.0,25.0,4.0,,,D,16,False,False
1987-008,1987,8,BOB,,1987-11-11 06:00:00,1987-11-11 06:00:00,14.5,89.0,1.5,1002.0,25.0,3.0,,,D,0,False,False
1987-008,1987,8,BOB,,1987-11-11 12:00:00,1987-11-11 12:00:00,14.5,88.0,1.5,1002.0,25.0,3.0,,,D,1,False,False
1987-008,1987,8,BOB,,1987-11-11 18:00:00,1987-11-11 18:00:00,14.5,86.5,2.0,1000.0,30.0,5.0,,,DD,2,False,False
1987-008,1987,8,BOB,,1987-11-12 00:00:00,1987-11-12 00:00:00,14.5,85.0,2.0,1000.0,30.0,5.0,,,DD,3,False,False
1987-008,1987,8,BOB,,1987-11-12 03:00:00,1987-11-12 03:00:00,14.5,84.5,2.5,997.0,35.0,6.0,,,CS,4,False,False
1987-008,1987,8,BOB,,1987-11-12 06:00:00,1987-11-12 06:00:00,15.0,83.0,3.0,994.0,45.0,10.0,,,CS,5,False,False
1987-008,1987,8,BOB,,1987-11-12 12:00:00,1987-11-12 12:00:00,15.5,82.0,3.5,990.0,55.0,15.0,,,SCS,6,False,False
1987-008,1987,8,BOB,,1987-11-12 18:00:00,1987-11-12 18:00:00,15.7,81.5,3.5,992.0,50.0,13.0,,,SCS,7,False,False
1987-008,1987,8,BOB,,1987-11-13 00:00:00,1987-11-13 00:00:00,16.0,81.0,3.0,994.0,45.0,10.0,,,CS,8,False,False
1987-008,1987,8,BOB,,1987-11-13 03:00:00,1987-11-13 03:00:00,16.5,80.5,,998.0,30.0,5.0,,,DD,9,False,False
1987-008,1987,8,BOB,,1987-11-13 06:00:00,1987-11-13 06:00:00,17.0,80.0,,1000.0,25.0,3.0,,,D,10,False,False
1987-009,1987,9,BOB,,1987-12-19 12:00:00,1987-12-19 12:00:00,10.5,82.0,1.5,,25.0,,,,D,0,False,False
1987-009,1987,9,BOB,,1987-12-19 18:00:00,1987-12-19 18:00:00,10.5,82.0,1.5,,25.0,,,,D,1,False,False
1987-009,1987,9,BOB,,1987-12-20 00:00:00,1987-12-20 00:00:00,10.5,82.0,1.5,,25.0,,,,D,2,False,False
1987-009,1987,9,BOB,,1987-12-20 03:00:00,1987-12-20 03:00:00,10.5,82.0,1.5,,25.0,,,,D,3,False,False
1987-009,1987,9,BOB,,1987-12-20 12:00:00,1987-12-20 12:00:00,11.0,82.5,1.5,,25.0,,,,D,4,False,False
1987-009,1987,9,BOB,,1987-12-20 18:00:00,1987-12-20 18:00:00,11.5,83.5,1.5,,25.0,,,,D,5,False,False
1987-009,1987,9,BOB,,1987-12-21 00:00:00,1987-12-21 00:00:00,12.0,84.0,1.5,,25.0,,,,D,6,False,False
1987-009,1987,9,BOB,,1987-12-21 03:00:00,1987-12-21 03:00:00,12.0,84.5,2.0,,30.0,,,,DD,7,False,False
1987-009,1987,9,BOB,,1987-12-21 06:00:00,1987-12-21 06:00:00,12.0,89.5,2.0,,30.0,,,,DD,8,False,False
1987-009,1987,9,BOB,,1987-12-21 12:00:00,1987-12-21 12:00:00,12.0,84.5,2.0,,30.0,,,,DD,9,False,False
1987-009,1987,9,BOB,,1987-12-21 18:00:00,1987-12-21 18:00:00,11.5,84.0,2.0,,30.0,,,,DD,10,False,False
1987-009,1987,9,BOB,,1987-12-22 00:00:00,1987-12-22 00:00:00,10.5,83.0,2.0,,30.0,,,,DD,11,False,False
1987-009,1987,9,BOB,,1987-12-22 03:00:00,1987-12-22 03:00:00,10.0,82.0,1.5,,25.0,,,,D,12,False,False
1987-009,1987,9,BOB,,1987-12-22 06:00:00,1987-12-22 06:00:00,10.0,82.0,1.5,,25.0,,,,D,13,False,False
1987-009,1987,9,BOB,,1987-12-22 12:00:00,1987-12-22 12:00:00,10.0,81.5,1.5,,25.0,,,,D,14,False,False
1987-009,1987,9,BOB,,1987-12-22 18:00:00,1987-12-22 18:00:00,10.0,81.0,1.5,,25.0,,,,D,15,False,False
1988-001,1988,1,BOB,,1988-06-08 12:00:00,1988-06-08 12:00:00,21.0,88.5,1.5,,25.0,3.0995834159888913,,,D,0,False,False
1988-001,1988,1,BOB,,1988-06-09 03:00:00,1988-06-09 03:00:00,22.0,87.6,2.0,,30.0,4.463400119024003,,,DD,1,False,False
1988-001,1988,1,BOB,,1988-06-09 12:00:00,1988-06-09 12:00:00,22.4,86.8,2.0,,30.0,4.463400119024003,,,DD,2,False,False
1988-001,1988,1,BOB,,1988-06-10 03:00:00,1988-06-10 03:00:00,23.1,85.4,1.5,,25.0,3.0995834159888913,,,D,3,False,False
1988-002,1988,2,ARB,,1988-06-09 03:00:00,1988-06-09 03:00:00,17.0,70.5,1.5,,25.0,3.0995834159888913,,,D,0,False,False
1988-002,1988,2,ARB,,1988-06-09 12:00:00,1988-06-09 12:00:00,16.7,70.0,2.0,,30.0,4.463400119024003,,,DD,1,False,False
1988-002,1988,2,ARB,,1988-06-10 03:00:00,1988-06-10 03:00:00,17.5,70.0,2.0,,30.0,4.463400119024003,,,DD,2,False,False
1988-002,1988,2,ARB,,1988-06-10 12:00:00,1988-06-10 12:00:00,17.5,70.0,2.0,,30.0,4.463400119024003,,,DD,3,False,False
1988-002,1988,2,ARB,,1988-06-11 03:00:00,1988-06-11 03:00:00,17.0,69.5,2.0,,30.0,4.463400119024003,,,DD,4,False,False
1988-002,1988,2,ARB,,1988-06-11 12:00:00,1988-06-11 12:00:00,17.0,70.0,2.0,,30.0,4.463400119024003,,,DD,5,False,False
1988-002,1988,2,ARB,,1988-06-12 03:00:00,1988-06-12 03:00:00,17.0,71.0,2.0,,30.0,4.463400119024003,,,DD,6,False,False
1988-002,1988,2,ARB,,1988-06-13 00:00:00,1988-06-13 00:00:00,17.5,71.0,1.5,,25.0,3.0995834159888913,,,D,7,False,False
1988-002,1988,2,ARB,,1989-06-12 12:00:00,1989-06-12 12:00:00,17.5,71.0,2.0,,30.0,4.463400119024003,,,DD,8,False,False
1988-003,1988,3,BOB,,1988-07-17 03:00:00,1988-07-17 03:00:00,18.0,86.0,1.5,,25.0,3.0995834159888913,,,D,0,False,False
1988-003,1988,3,BOB,,1988-07-17 12:00:00,1988-07-17 12:00:00,18.3,85.9,1.5,,25.0,3.0995834159888913,,,D,1,False,False
1988-003,1988,3,BOB,,1988-07-18 03:00:00,1988-07-18 03:00:00,19.4,84.2,1.5,,25.0,3.0995834159888913,,,D,2,False,False
1988-003,1988,3,BOB,,1988-07-18 12:00:00,1988-07-18 12:00:00,22.1,79.3,1.5,,25.0,3.0995834159888913,,,D,3,False,False
1988-004,1988,4,BOB,,1988-08-02 00:00:00,1988-08-02 00:00:00,21.5,89.6,1.5,,25.0,3.0995834159888913,,,D,0,False,False
1988-004,1988,4,BOB,,1988-08-02 03:00:00,1988-08-02 03:00:00,21.6,89.2,1.5,,25.0,3.0995834159888913,,,D,1,False,False
1988-004,1988,4,BOB,,1988-08-02 12:00:00,1988-08-02 12:00:00,21.5,88.5,1.5,,25.0,3.0995834159888913,,,D,2,False,False
1988-004,1988,4,BOB,,1988-08-03 03:00:00,1988-08-03 03:00:00,22.2,85.6,1.5,,25.0,3.0995834159888913,,,D,3,False,False
1988-004,1988,4,BOB,,1988-08-03 12:00:00,1988-08-03 12:00:00,22.9,83.4,1.5,,25.0,3.0995834159888913,,,D,4,False,False
1988-004,1988,4,BOB,,1988-08-04 03:00:00,1988-08-04 03:00:00,24.1,79.8,1.5,,25.0,3.0995834159888913,,,D,5,False,False
1988-004,1988,4,BOB,,1988-08-04 12:00:00,1988-08-04 12:00:00,24.4,78.0,1.5,,25.0,3.0995834159888913,,,D,6,False,False
1988-004,1988,4,BOB,,1988-08-05 03:00:00,1988-08-05 03:00:00,25.0,75.1,2.0,,30.0,4.463400119024003,,,DD,7,False,False
1988-004,1988,4,BOB,,1988-08-05 12:00:00,1988-08-05 12:00:00,25.6,75.3,2.0,,30.0,4.463400119024003,,,DD,8,False,False
1988-004,1988,4,BOB,,1988-08-06 03:00:00,1988-08-06 03:00:00,26.5,75.6,1.5,,25.0,3.0995834159888913,,,D,9,False,False
1988-005,1988,5,BOB,,1988-10-01 03:00:00,1988-10-01 03:00:00,17.5,84.5,2.0,,30.0,4.463400119024003,,,DD,0,False,False
1988-005,1988,5,BOB,,1988-10-01 12:00:00,1988-10-01 12:00:00,18.3,82.9,1.5,,25.0,3.0995834159888913,,,D,1,False,False
1988-005,1988,5,BOB,,1988-10-02 03:00:00,1988-10-02 03:00:00,19.6,80.1,1.5,,25.0,3.0995834159888913,,,D,2,False,False
1988-005,1988,5,BOB,,1988-10-02 12:00:00,1988-10-02 12:00:00,19.9,78.4,1.5,,25.0,3.0995834159888913,,,D,3,False,False
1988-005,1988,5,BOB,,1988-10-03 03:00:00,1988-10-03 03:00:00,20.4,75.5,1.5,,25.0,3.0995834159888913,,,D,4,False,False
1988-006,1988,6,BOB,,1988-10-18 18:00:00,1988-10-18 18:00:00,21.0,89.5,1.5,,25.0,3.0995834159888913,,,D,0,False,False
1988-006,1988,6,BOB,,1988-10-19 00:00:00,1988-10-19 00:00:00,21.5,89.7,4.0,,55.0,15.001983733386234,,,CS,1,False,False
1988-006,1988,6,BOB,,1988-10-19 12:00:00,1988-10-19 12:00:00,23.5,91.0,2.0,,30.0,4.463400119024003,,,DD,2,False,False
1988-006,1988,6,BOB,,1988-10-20 03:00:00,1988-10-20 03:00:00,25.6,91.0,1.5,,25.0,3.0995834159888913,,,D,3,False,False
1988-007,1988,7,BOB,,1988-11-15 03:00:00,1988-11-15 03:00:00,9.5,87.0,1.5,,25.0,3.0995834159888913,,,D,0,False,False
1988-007,1988,7,BOB,,1988-11-15 12:00:00,1988-11-15 12:00:00,10.0,87.5,2.0,,30.0,4.463400119024003,,,DD,1,False,False
1988-007,1988,7,BOB,,1988-11-16 03:00:00,1988-11-16 03:00:00,10.5,88.5,2.0,,30.0,4.463400119024003,,,DD,2,False,False
1988-007,1988,7,BOB,,1988-11-16 12:00:00,1988-11-16 12:00:00,11.7,90.7,4.0,,55.0,15.001983733386234,,,CS,3,False,False
1988-007,1988,7,BOB,,1988-11-17 06:00:00,1988-11-17 06:00:00,16.0,91.0,5.5,,110.0,60.00793493354494,,,SCS,4,False,False
1988-007,1988,7,BOB,,1988-11-17 18:00:00,1988-11-17 18:00:00,17.1,91.1,4.0,,55.0,15.001983733386234,,,CS,5,False,False
1988-007,1988,7,BOB,,1988-11-18 03:00:00,1988-11-18 03:00:00,19.8,91.2,4.0,,55.0,15.001983733386234,,,CS,6,False,False
1988-007,1988,7,BOB,,1988-11-18 12:00:00,1988-11-18 12:00:00,18.3,92.0,2.0,,30.0,4.463400119024003,,,DD,7,False,False
1988-008,1988,8,BOB,,1988-11-23 12:00:00,1988-11-23 12:00:00,9.0,94.0,1.5,,25.0,3.0995834159888913,,,D,0,False,False
1988-008,1988,8,BOB,,1988-11-24 03:00:00,1988-11-24 03:00:00,10.0,94.0,1.5,,25.0,3.0995834159888913,,,D,1,False,False
1988-008,1988,8,BOB,,1988-11-24 12:00:00,1988-11-24 12:00:00,11.0,93.5,2.0,,30.0,4.463400119024003,,,DD,2,False,False
1988-008,1988,8,BOB,,1988-11-25 03:00:00,1988-11-25 03:00:00,11.5,92.0,4.0,,55.0,15.001983733386234,,,CS,3,False,False
1988-008,1988,8,BOB,,1988-11-25 06:00:00,1988-11-25 06:00:00,11.5,92.0,5.5,,110.0,60.00793493354494,,,SCS,4,False,False
1988-008,1988,8,BOB,,1988-11-25 12:00:00,1988-11-25 12:00:00,11.5,90.5,5.5,,110.0,60.00793493354494,,,SCS,5,False,False
1988-008,1988,8,BOB,,1988-11-26 06:00:00,1988-11-26 06:00:00,11.5,90.5,5.5,,110.0,60.00793493354494,,,SCS,6,False,False
1988-008,1988,8,BOB,,1988-11-26 12:00:00,1988-11-26 12:00:00,12.5,88.0,5.5,,110.0,60.00793493354494,,,SCS,7,False,False
1988-008,1988,8,BOB,,1988-11-27 03:00:00,1988-11-27 03:00:00,13.5,87.5,5.5,,110.0,60.00793493354494,,,SCS,8,False,False
1988-008,1988,8,BOB,,1988-11-28 03:00:00,1988-11-28 03:00:00,19.0,85.8,5.5,,110.0,60.00793493354494,,,SCS,9,False,False
1988-008,1988,8,BOB,,1988-11-28 09:00:00,1988-11-28 09:00:00,19.3,86.2,5.5,,110.0,60.00793493354494,,,SCS,10,False,False
1988-008,1988,8,BOB,,1988-11-29 03:00:00,1988-11-29 03:00:00,19.6,87.8,6.0,,115.0,65.58718508232494,,,SCS,11,False,False
1988-008,1988,8,BOB,,1988-11-29 20:00:00,1988-11-29 20:00:00,22.5,89.4,6.0,,115.0,65.58718508232494,,,SCS,12,False,False
1988-008,1988,8,BOB,,1988-11-30 00:00:00,1988-11-30 00:00:00,23.4,90.3,4.0,,55.0,15.001983733386234,,,CS,13,False,False
1988-009,1988,9,BOB,,1988-12-06 12:00:00,1988-12-06 12:00:00,8.0,90.0,1.5,,25.0,3.0995834159888913,,,D,0,False,False
1988-009,1988,9,BOB,,1988-12-07 03:00:00,1988-12-07 03:00:00,10.0,88.5,1.5,,25.0,3.0995834159888913,,,D,1,False,False
1988-009,1988,9,BOB,,1988-12-07 12:00:00,1988-12-07 12:00:00,11.0,89.5,1.5,,25.0,3.0995834159888913,,,D,2,False,False
1988-009,1988,9,BOB,,1988-12-08 03:00:00,1988-12-08 03:00:00,11.5,90.0,2.0,,30.0,4.463400119024003,,,DD,3,False,False
1988-009,1988,9,BOB,,1988-12-08 12:00:00,1988-12-08 12:00:00,12.5,91.0,1.5,,25.0,3.0995834159888913,,,D,4,False,False
1989-001,1989,1,BOB,,1989-05-23 03:00:00,1989-05-23 03:00:00,17.5,90.6,1.5,,25.0,3.0995834159888913,,,D,0,False,False
1989-001,1989,1,BOB,,1989-05-23 12:00:00,1989-05-23 12:00:00,18.8,90.4,2.0,,30.0,4.463400119024003,,,DD,1,False,False
1989-001,1989,1,BOB,,1989-05-24 03:00:00,1989-05-24 03:00:00,19.5,89.7,4.0,,55.0,15.001983733386234,,,CS,2,False,False
1989-001,1989,1,BOB,,1989-05-24 12:00:00,1989-05-24 12:00:00,19.5,89.1,4.0,,55.0,15.001983733386234,,,CS,3,False,False
1989-001,1989,1,BOB,,1989-05-25 03:00:00,1989-05-25 03:00:00,19.6,88.1,4.0,,55.0,15.001983733386234,,,CS,4,False,False
1989-001,1989,1,BOB,,1989-05-26 03:00:00,1989-05-26 03:00:00,20.6,87.5,6.0,,115.0,65.58718508232494,,,SCS,5,False,False
1989-001,1989,1,BOB,,1989-05-26 12:00:00,1989-05-26 12:00:00,21.5,87.2,6.0,,115.0,65.58718508232494,,,SCS,6,False,False
1989-001,1989,1,BOB,,1989-05-27 03:00:00,1989-05-27 03:00:00,23.5,86.8,4.0,,55.0,15.001983733386234,,,CS,7,False,False
1989-001,1989,1,BOB,,1989-05-27 12:00:00,1989-05-27 12:00:00,24.6,87.8,1.5,,25.0,3.0995834159888913,,,D,8,False,False
1989-002,1989,2,ARB,,1989-06-09 03:00:00,1989-06-09 03:00:00,20.0,69.5,1.5,,25.0,3.0995834159888913,,,D,0,False,False
1989-002,1989,2,ARB,,1989-06-09 12:00:00,1989-06-09 12:00:00,20.5,70.0,1.5,,25.0,3.0995834159888913,,,D,1,False,False
1989-002,1989,2,ARB,,1989-06-10 03:00:00,1989-06-10 03:00:00,22.1,70.6,2.0,,30.0,4.463400119024003,,,DD,2,False,False
1989-002,1989,2,ARB,,1989-06-10 12:00:00,1989-06-10 12:00:00,22.6,70.2,2.0,,30.0,4.463400119024003,,,DD,3,False,False
1989-002,1989,2,ARB,,1989-06-11 03:00:00,1989-06-11 03:00:00,28.6,77.5,2.0,,30.0,4.463400119024003,,,DD,4,False,False
1989-002,1989,2,ARB,,1989-06-11 12:00:00,1989-06-11 12:00:00,28.9,76.9,2.0,,30.0,4.463400119024003,,,DD,5,False,False
1989-002,1989,2,ARB,,1989-06-12 03:00:00,1989-06-12 03:00:00,22.5,67.0,2.0,,30.0,4.463400119024003,,,DD,6,False,False
1989-002,1989,2,ARB,,1989-06-12 12:00:00,1989-06-12 12:00:00,22.5,67.0,1.5,,25.0,3.0995834159888913,,,D,7,False,False
1989-003,1989,3,BOB,,1989-06-12 03:00:00,1989-06-12 03:00:00,19.5,88.0,1.5,,25.0,3.0995834159888913,,,D,0,False,False
1989-003,1989,3,BOB,,1989-06-12 12:00:00,1989-06-12 12:00:00,19.5,87.5,1.5,,25.0,3.0995834159888913,,,D,1,False,False
1989-003,1989,3,BOB,,1989-06-13 03:00:00,1989-06-13 03:00:00,20.0,86.9,1.5,,25.0,3.0995834159888913,,,D,2,False,False
1989-003,1989,3,BOB,,1989-06-13 12:00:00,1989-06-13 12:00:00,21.4,86.9,2.0,,30.0,4.463400119024003,,,DD,3,False,False
1989-003,1989,3,BOB,,1989-06-14 03:00:00,1989-06-14 03:00:00,22.9,87.9,2.0,,30.0,4.463400119024003,,,DD,4,False,False
1989-003,1989,3,BOB,,1989-06-14 12:00:00,1989-06-14 12:00:00,25.0,87.2,1.5,,25.0,3.0995834159888913,,,D,5,False,False
1989-004,1989,4,BOB,,1989-06-20 03:00:00,1989-06-20 03:00:00,11.2,88.2,1.5,,25.0,3.0995834159888913,,,D,0,False,False
1989-005,1989,5,BOB,,1989-07-21 12:00:00,1989-07-21 12:00:00,18.0,86.7,1.5,,25.0,3.0995834159888913,,,D,0,False,False
1989-005,1989,5,BOB,,1989-07-22 03:00:00,1989-07-22 03:00:00,18.0,86.0,2.0,,30.0,4.463400119024003,,,DD,1,False,False
1989-005,1989,5,BOB,,1989-07-22 12:00:00,1989-07-22 12:00:00,18.0,85.0,3.5,,45.0,10.042650267804008,,,CS,2,False,False
1989-005,1989,5,BOB,,1989-07-23 03:00:00,1989-07-23 03:00:00,18.6,82.0,2.0,,30.0,4.463400119024003,,,DD,3,False,False
1989-005,1989,5,BOB,,1989-07-23 12:00:00,1989-07-23 12:00:00,19.5,78.0,2.0,,30.0,4.463400119024003,,,DD,4,False,False
1989-005,1989,5,BOB,,1989-07-24 03:00:00,1989-07-24 03:00:00,20.5,77.0,2.0,,30.0,4.463400119024003,,,DD,5,False,False
1989-005,1989,5,BOB,,1989-07-24 12:00:00,1989-07-24 12:00:00,22.3,74.1,2.0,,30.0,4.463400119024003,,,DD,6,False,False
1989-005,1989,5,BOB,,1989-07-25 03:00:00,1989-07-25 03:00:00,23.6,72.6,1.5,,25.0,3.0995834159888913,,,D,7,False,False
1989-005,1989,5,BOB,,1989-07-25 12:00:00,1989-07-25 12:00:00,24.8,70.9,1.5,,25.0,3.0995834159888913,,,D,8,False,False
1989-006,1989,6,BOB,,1989-08-16 03:00:00,1989-08-16 03:00:00,16.5,86.0,1.5,,25.0,3.0995834159888913,,,D,0,False,False
1989-006,1989,6,BOB,,1989-08-16 12:00:00,1989-08-16 12:00:00,17.0,85.0,1.5,,25.0,3.0995834159888913,,,D,1,False,False
1989-006,1989,6,BOB,,1989-08-17 03:00:00,1989-08-17 03:00:00,18.0,84.5,2.0,,30.0,4.463400119024003,,,DD,2,False,False
1989-006,1989,6,BOB,,1989-08-17 12:00:00,1989-08-17 12:00:00,19.2,83.3,1.5,,25.0,3.0995834159888913,,,D,3,False,False
1989-007,1989,7,BOB,,1989-10-17 03:00:00,1989-10-17 03:00:00,17.5,89.5,1.5,,25.0,3.0995834159888913,,,D,0,False,False
1989-007,1989,7,BOB,,1989-10-17 12:00:00,1989-10-17 12:00:00,20.0,88.0,1.5,,25.0,3.0995834159888913,,,D,1,False,False
1989-007,1989,7,BOB,,1989-10-18 03:00:00,1989-10-18 03:00:00,23.2,89.7,1.5,,25.0,3.0995834159888913,,,D,2,False,False
1989-008,1989,8,BOB,,1989-11-01 03:00:00,1989-11-01 03:00:00,8.0,103.0,1.5,,25.0,3.0995834159888913,,,D,0,False,False
1989-008,1989,8,BOB,,1989-11-01 12:00:00,1989-11-01 12:00:00,8.0,102.5,1.5,,25.0,3.0995834159888913,,,D,1,False,False
1989-008,1989,8,BOB,,1989-11-02 03:00:00,1989-11-02 03:00:00,8.5,102.5,3.5,,45.0,10.042650267804008,,,CS,2,False,False
1989-008,1989,8,BOB,,1989-11-02 12:00:00,1989-11-02 12:00:00,9.0,102.0,4.0,,40.0,7.934933544931562,,,CS,3,False,False
1989-008,1989,8,BOB,,1989-11-03 03:00:00,1989-11-03 03:00:00,9.5,101.5,4.5,,65.0,20.953183892084905,,,CS,4,False,False
1989-008,1989,8,BOB,,1989-11-04 03:00:00,1989-11-04 03:00:00,11.0,99.5,5.5,,115.0,65.58718508232494,,,SCS,5,False,False
1989-008,1989,8,BOB,,1989-11-04 12:00:00,1989-11-04 12:00:00,11.0,98.0,5.5,,115.0,65.58718508232494,,,SCS,6,False,False
1989-008,1989,8,BOB,,1989-11-05 12:00:00,1989-11-05 12:00:00,40.8,74.6,5.5,,115.0,65.58718508232494,,,SCS,7,True,False
1989-008,1989,8,BOB,,1989-11-06 03:00:00,1989-11-06 03:00:00,13.0,92.0,5.5,,110.0,60.00793493354494,,,SCS,8,False,False
1989-008,1989,8,BOB,,1989-11-08 03:00:00,1989-11-08 03:00:00,14.5,83.4,6.0,,115.0,65.58718508232494,,,SCS,9,False,False
1989-008,1989,8,BOB,,1989-11-08 12:00:00,1989-11-08 12:00:00,14.7,81.3,6.0,,115.0,65.58718508232494,,,SCS,10,False,False
1989-008,1989,8,BOB,,1989-11-09 03:00:00,1989-11-09 03:00:00,15.2,78.8,1.5,,25.0,3.0995834159888913,,,D,11,False,False
1989-009,1989,9,BOB,,1989-11-11 03:00:00,1989-11-11 03:00:00,10.5,84.0,1.5,,25.0,3.0995834159888913,,,D,0,False,False
1989-010,1989,10,BOB,,1989-11-16 12:00:00,1989-11-16 12:00:00,10.5,85.0,1.5,,25.0,3.0995834159888913,,,D,0,False,False
1989-010,1989,10,BOB,,1989-11-17 03:00:00,1989-11-17 03:00:00,10.5,84.5,2.0,,30.0,4.463400119024003,,,DD,1,False,False
1989-010,1989,10,BOB,,1989-11-17 12:00:00,1989-11-17 12:00:00,10.0,84.0,2.0,,30.0,4.463400119024003,,,DD,2,False,False
1989-010,1989,10,BOB,,1989-11-18 03:00:00,1989-11-18 03:00:00,10.0,84.0,2.0,,30.0,4.463400119024003,,,DD,3,False,False
1989-010,1989,10,BOB,,1989-11-18 12:00:00,1989-11-18 12:00:00,9.0,83.5,2.0,,30.0,4.463400119024003,,,DD,4,False,False
1989-010,1989,10,BOB,,1989-11-19 03:00:00,1989-11-19 03:00:00,9.0,83.0,2.0,,30.0,4.463400119024003,,,DD,5,False,False
1989-010,1989,10,BOB,,1989-11-19 12:00:00,1989-11-19 12:00:00,9.5,83.5,2.0,,30.0,4.463400119024003,,,DD,6,False,False
1989-010,1989,10,BOB,,1989-11-20 03:00:00,1989-11-20 03:00:00,9.5,85.0,2.0,,30.0,4.463400119024003,,,DD,7,False,False
1990-001,1990,1,BOB,,1990-05-04 06:00:00,1990-05-04 06:00:00,8.5,87.0,1.5,1002.0,25.0,4.0,1006.0,10.0,D,0,False,False
1990-001,1990,1,BOB,,1990-05-04 12:00:00,1990-05-04 12:00:00,9.5,87.0,1.5,1000.0,25.0,4.0,1004.0,5.0,D,1,False,False
1990-001,1990,1,BOB,,1990-05-04 18:00:00,1990-05-04 18:00:00,9.5,86.0,1.5,1002.0,25.0,4.0,1006.0,6.0,D,2,False,False
1990-001,1990,1,BOB,,1990-05-05 00:00:00,1990-05-05 00:00:00,10.0,85.5,2.0,998.0,30.0,6.0,1004.0,6.0,DD,3,False,False
1990-001,1990,1,BOB,,1990-05-05 06:00:00,1990-05-05 06:00:00,10.0,85.0,2.5,999.0,35.0,7.0,1006.0,5.0,CS,4,False,False
1990-001,1990,1,BOB,,1990-05-05 12:00:00,1990-05-05 12:00:00,10.1,84.7,3.0,994.0,45.0,10.0,1004.0,7.0,CS,5,False,False
1990-001,1990,1,BOB,,1990-05-05 18:00:00,1990-05-05 18:00:00,10.3,83.9,3.5,991.0,55.0,15.0,1006.0,8.0,SCS,6,False,False
1990-001,1990,1,BOB,,1990-05-06 00:00:00,1990-05-06 00:00:00,10.3,83.3,3.5,991.0,55.0,15.0,1006.0,8.0,SCS,7,False,False
1990-001,1990,1,BOB,,1990-05-06 06:00:00,1990-05-06 06:00:00,10.0,83.2,4.5,976.0,77.0,29.4,1006.0,8.0,VSCS,8,False,False
1990-001,1990,1,BOB,,1990-05-06 12:00:00,1990-05-06 12:00:00,10.2,82.9,4.5,976.0,77.0,29.4,1004.0,8.0,VSCS,9,False,False
1990-001,1990,1,BOB,,1990-05-06 18:00:00,1990-05-06 18:00:00,10.3,82.5,4.5,976.0,77.0,29.4,1006.0,10.0,VSCS,10,False,False
1990-001,1990,1,BOB,,1990-05-07 00:00:00,1990-05-07 00:00:00,11.3,82.3,5.0,964.0,90.0,40.2,1004.0,8.0,ESCS,11,False,False
1990-001,1990,1,BOB,,1990-05-07 06:00:00,1990-05-07 06:00:00,11.3,81.8,6.0,940.0,115.0,65.6,1006.0,9.0,ESCS,12,False,False
1990-001,1990,1,BOB,,1990-05-07 12:00:00,1990-05-07 12:00:00,11.4,81.7,6.0,938.0,115.0,65.6,1004.0,8.0,ESCS,13,False,False
1990-001,1990,1,BOB,,1990-05-07 18:00:00,1990-05-07 18:00:00,14.5,80.8,5.5,950.0,102.0,51.6,1002.0,8.0,ESCS,14,False,False
1990-001,1990,1,BOB,,1990-05-08 00:00:00,1990-05-08 00:00:00,13.3,81.8,6.5,924.0,127.0,80.0,1004.0,9.0,SuCS,15,False,False
1990-001,1990,1,BOB,,1990-05-08 06:00:00,1990-05-08 06:00:00,13.6,81.4,6.5,924.0,127.0,80.0,1004.0,8.0,SuCS,16,False,False
1990-001,1990,1,BOB,,1990-05-08 12:00:00,1990-05-08 12:00:00,13.9,81.1,6.5,920.0,127.0,80.0,1000.0,8.0,SuCS,17,False,False
1990-001,1990,1,BOB,,1990-05-08 18:00:00,1990-05-08 18:00:00,14.5,80.8,5.5,950.0,102.0,51.6,1002.0,8.0,ESCS,18,False,False
1990-001,1990,1,BOB,,1990-05-09 00:00:00,1990-05-09 00:00:00,15.1,81.0,5.0,960.0,90.0,40.2,1000.0,7.0,ESCS,19,False,False
1990-001,1990,1,BOB,,1990-05-09 06:00:00,1990-05-09 06:00:00,15.4,80.9,5.0,960.0,90.0,40.2,1000.0,7.0,ESCS,20,False,False
1990-001,1990,1,BOB,,1990-05-09 12:00:00,1990-05-09 12:00:00,15.9,81.0,5.0,956.0,90.0,40.2,996.0,9.0,ESCS,21,False,False
1990-001,1990,1,BOB,,1990-05-09 18:00:00,1990-05-09 18:00:00,16.0,80.5,,,65.0,,1000.0,9.0,VSCS,22,False,False
1990-001,1990,1,BOB,,1990-05-10 00:00:00,1990-05-10 00:00:00,16.5,80.0,,,40.0,,1000.0,8.0,VSCS,23,False,False
1990-001,1990,1,BOB,,1990-05-10 06:00:00,1990-05-10 06:00:00,16.5,79.5,,,27.0,,1000.0,10.0,SCS,24,False,False
1990-001,1990,1,BOB,,1990-05-10 12:00:00,1990-05-10 12:00:00,17.0,79.0,,,16.0,,996.0,10.0,D,25,False,False
1990-002,1990,2,BOB,,1990-06-13 12:00:00,1990-06-13 12:00:00,21.0,89.0,1.5,991.0,27.0,,,,D,0,False,False
1990-002,1990,2,BOB,,1990-06-13 18:00:00,1990-06-13 18:00:00,21.5,88.5,1.5,994.0,27.0,,,,D,1,False,False
1990-002,1990,2,BOB,,1990-06-14 00:00:00,1990-06-14 00:00:00,21.5,88.0,1.5,992.0,27.0,,,,D,2,False,False
1990-002,1990,2,BOB,,1990-06-14 06:00:00,1990-06-14 06:00:00,22.0,87.0,1.5,991.0,27.0,,,,D,3,False,False
1990-002,1990,2,BOB,,1990-06-14 12:00:00,1990-06-14 12:00:00,22.0,87.0,2.0,990.0,33.0,,,,DD,4,False,False
1990-002,1990,2,BOB,,1990-06-14 18:00:00,1990-06-14 18:00:00,22.0,86.0,1.5,995.0,27.0,,,,D,5,False,False
1990-002,1990,2,BOB,,1990-06-15 00:00:00,1990-06-15 00:00:00,22.0,85.0,1.5,995.0,27.0,,,,D,6,False,False
1990-002,1990,2,BOB,,1990-06-15 06:00:00,1990-06-15 06:00:00,22.0,84.0,1.5,997.0,27.0,,,,D,7,False,False
1990-003,1990,3,BOB,,1990-08-14 12:00:00,1990-08-14 12:00:00,19.0,87.5,1.5,994.0,27.0,,,,D,0,False,False
1990-003,1990,3,BOB,,1990-08-14 18:00:00,1990-08-14 18:00:00,19.0,86.5,1.5,994.0,27.0,,,,D,1,False,False
1990-003,1990,3,BOB,,1990-08-15 00:00:00,1990-08-15 00:00:00,19.0,86.0,1.5,993.0,27.0,,,,D,2,False,False
1990-003,1990,3,BOB,,1990-08-15 06:00:00,1990-08-15 06:00:00,19.5,85.0,1.5,995.0,27.0,,,,D,3,False,False
1990-003,1990,3,BOB,,1990-08-15 12:00:00,1990-08-15 12:00:00,20.5,83.5,1.5,995.0,27.0,,,,D,4,False,False
1990-003,1990,3,BOB,,1990-08-15 18:00:00,1990-08-15 18:00:00,21.5,82.5,1.5,995.0,27.0,,,,D,5,False,False
1990-003,1990,3,BOB,,1990-08-16 00:00:00,1990-08-16 00:00:00,21.5,81.5,1.5,995.0,27.0,,,,D,6,False,False
1990-003,1990,3,BOB,,1990-08-16 06:00:00,1990-08-16 06:00:00,22.0,80.5,1.5,996.0,27.0,,,,D,7,False,False
1990-003,1990,3,BOB,,1990-08-16 12:00:00,1990-08-16 12:00:00,22.0,79.0,1.5,995.0,27.0,,,,D,8,False,False
1990-003,1990,3,BOB,,1990-08-16 18:00:00,1990-08-16 18:00:00,22.5,77.5,1.5,997.0,27.0,,,,D,9,False,False
1990-003,1990,3,BOB,,1990-08-17 00:00:00,1990-08-17 00:00:00,23.0,77.5,1.5,997.0,27.0,,,,D,10,False,False
1990-004,1990,4,BOB,,1990-08-20 06:00:00,1990-08-20 06:00:00,20.0,88.5,1.5,996.0,27.0,,,,D,0,False,False
1990-004,1990,4,BOB,,1990-08-20 12:00:00,1990-08-20 12:00:00,20.5,88.5,1.5,995.0,27.0,,,,D,1,False,False
1990-004,1990,4,BOB,,1990-08-20 18:00:00,1990-08-20 18:00:00,20.5,87.5,1.5,995.0,27.0,,,,D,2,False,False
1990-004,1990,4,BOB,,1990-08-21 00:00:00,1990-08-21 00:00:00,20.5,86.0,1.5,991.0,27.0,,,,D,3,False,False
1990-004,1990,4,BOB,,1990-08-21 06:00:00,1990-08-21 06:00:00,20.5,86.0,1.5,986.0,27.0,,,,D,4,False,False
1990-004,1990,4,BOB,,1990-08-21 12:00:00,1990-08-21 12:00:00,20.5,84.0,1.5,991.0,27.0,,,,D,5,False,False
1990-004,1990,4,BOB,,1990-08-21 18:00:00,1990-08-21 18:00:00,20.5,83.0,1.5,996.0,27.0,,,,D,6,False,False
1990-004,1990,4,BOB,,1990-08-22 00:00:00,1990-08-22 00:00:00,21.0,82.0,1.5,994.0,27.0,,,,D,7,False,False
1990-004,1990,4,BOB,,1990-08-22 06:00:00,1990-08-22 06:00:00,21.5,81.0,1.5,996.0,27.0,,,,D,8,False,False
1990-004,1990,4,BOB,,1990-08-22 12:00:00,1990-08-22 12:00:00,21.5,80.5,1.5,994.0,27.0,,,,D,9,False,False
1990-004,1990,4,BOB,,1990-08-22 18:00:00,1990-08-22 18:00:00,22.0,79.0,1.5,995.0,27.0,,,,D,10,False,False
1990-004,1990,4,BOB,,1990-08-23 00:00:00,1990-08-23 00:00:00,22.5,77.5,1.5,995.0,27.0,,,,D,11,False,False
1990-004,1990,4,BOB,,1990-08-23 06:00:00,1990-08-23 06:00:00,23.0,77.5,1.5,996.0,27.0,,,,D,12,False,False
1990-004,1990,4,BOB,,1990-08-23 12:00:00,1990-08-23 12:00:00,23.5,77.0,1.5,994.0,27.0,,,,D,13,False,False
1990-004,1990,4,BOB,,1990-08-23 18:00:00,1990-08-23 18:00:00,24.0,75.0,1.5,996.0,27.0,,,,D,14,False,False
1990-004,1990,4,BOB,,1990-08-24 00:00:00,1990-08-24 00:00:00,24.0,73.5,1.5,997.0,27.0,,,,D,15,False,False
1990-004,1990,4,BOB,,1990-08-24 06:00:00,1990-08-24 06:00:00,25.0,72.5,1.5,997.0,27.0,,,,D,16,False,False
1990-004,1990,4,BOB,,1990-08-24 12:00:00,1990-08-24 12:00:00,25.5,72.5,1.5,994.0,27.0,,,,D,17,False,False
1990-005,1990,5,BOB,,1990-09-03 06:00:00,1990-09-03 06:00:00,22.5,88.2,1.5,995.0,27.0,,,,D,0,False,False
1990-005,1990,5,BOB,,1990-09-03 12:00:00,1990-09-03 12:00:00,22.5,87.0,1.5,995.0,27.0,,,,D,1,False,False
1990-005,1990,5,BOB,,1990-09-03 18:00:00,1990-09-03 18:00:00,22.5,86.0,1.5,996.0,27.0,,,,D,2,False,False
1990-005,1990,5,BOB,,1990-09-04 00:00:00,1990-09-04 00:00:00,22.5,85.0,1.5,995.0,27.0,,,,D,3,False,False
1990-005,1990,5,BOB,,1990-09-04 06:00:00,1990-09-04 06:00:00,22.5,84.5,1.5,996.0,27.0,,,,D,4,False,False
1990-005,1990,5,BOB,,1990-09-04 12:00:00,1990-09-04 12:00:00,22.5,84.0,1.5,995.0,27.0,,,,D,5,False,False
1990-005,1990,5,BOB,,1990-09-04 18:00:00,1990-09-04 18:00:00,23.0,83.0,1.5,997.0,27.0,,,,D,6,False,False
1990-006,1990,6,BOB,,1990-10-06 18:00:00,1990-10-06 18:00:00,18.0,90.0,1.5,1002.0,27.0,,,,D,0,False,False
1990-006,1990,6,BOB,,1990-10-07 00:00:00,1990-10-07 00:00:00,20.0,88.5,2.0,1000.0,33.0,,,,DD,1,False,False
1990-006,1990,6,BOB,,1990-10-07 06:00:00,1990-10-07 06:00:00,20.5,88.0,2.0,1000.0,33.0,,,,DD,2,False,False
1990-006,1990,6,BOB,,1990-10-07 12:00:00,1990-10-07 12:00:00,21.0,87.5,1.5,998.0,27.0,,,,D,3,False,False
1990-006,1990,6,BOB,,1990-10-07 18:00:00,1990-10-07 18:00:00,21.0,87.0,1.5,999.0,27.0,,,,D,4,False,False
1990-006,1990,6,BOB,,1990-10-08 00:00:00,1990-10-08 00:00:00,21.5,87.5,1.5,999.0,27.0,,,,D,5,False,False
1990-006,1990,6,BOB,,1990-10-08 06:00:00,1990-10-08 06:00:00,22.0,87.5,1.5,1000.0,27.0,,,,D,6,False,False
1990-006,1990,6,BOB,,1990-10-08 12:00:00,1990-10-08 12:00:00,22.5,87.5,1.5,999.0,27.0,,,,D,7,False,False
1990-007,1990,7,BOB,,1990-10-31 12:00:00,1990-10-31 12:00:00,10.5,87.5,1.5,1004.0,27.0,,,,D,0,False,False
1990-007,1990,7,BOB,,1990-10-31 18:00:00,1990-10-31 18:00:00,10.5,87.0,1.5,1004.0,27.0,,,,D,1,False,False
1990-007,1990,7,BOB,,1990-11-01 00:00:00,1990-11-01 00:00:00,12.0,86.5,1.5,1003.0,27.0,,,,D,2,False,False
1990-007,1990,7,BOB,,1990-11-01 06:00:00,1990-11-01 06:00:00,13.5,86.0,1.5,1003.0,27.0,,,,D,3,False,False
1990-007,1990,7,BOB,,1990-11-01 12:00:00,1990-11-01 12:00:00,14.0,86.5,1.5,1002.0,27.0,,,,D,4,False,False
1990-007,1990,7,BOB,,1990-11-01 18:00:00,1990-11-01 18:00:00,16.0,85.5,2.0,1001.0,33.0,,,,DD,5,False,False
1990-007,1990,7,BOB,,1990-11-02 00:00:00,1990-11-02 00:00:00,16.0,85.0,2.0,1001.0,33.0,,,,DD,6,False,False
1990-007,1990,7,BOB,,1990-11-02 06:00:00,1990-11-02 06:00:00,17.0,84.5,2.0,1001.0,33.0,,,,DD,7,False,False
1990-007,1990,7,BOB,,1990-11-02 12:00:00,1990-11-02 12:00:00,17.0,84.5,2.0,1002.0,33.0,,,,DD,8,False,False
1990-007,1990,7,BOB,,1990-11-02 18:00:00,1990-11-02 18:00:00,17.5,84.0,2.0,1003.0,33.0,,,,DD,9,False,False
1990-007,1990,7,BOB,,1990-11-03 00:00:00,1990-11-03 00:00:00,18.0,84.5,2.0,1001.0,33.0,,,,DD,10,False,False
1990-007,1990,7,BOB,,1990-11-03 06:00:00,1990-11-03 06:00:00,17.5,84.5,2.0,1001.0,33.0,,,,DD,11,False,False
1990-007,1990,7,BOB,,1990-11-03 12:00:00,1990-11-03 12:00:00,18.5,84.5,1.5,1001.0,27.0,,,,D,12,False,False
1990-007,1990,7,BOB,,1990-11-03 18:00:00,1990-11-03 18:00:00,18.5,85.0,1.5,1001.0,27.0,,,,D,13,False,False
1990-007,1990,7,BOB,,1990-11-04 00:00:00,1990-11-04 00:00:00,19.0,84.5,1.5,1001.0,27.0,,,,D,14,False,False
1990-007,1990,7,BOB,,1990-11-04 06:00:00,1990-11-04 06:00:00,19.0,84.5,1.5,1003.0,27.0,,,,D,15,False,False
1990-008,1990,8,BOB,,1990-11-14 00:00:00,1990-11-14 00:00:00,14.0,82.0,1.5,1010.0,27.0,,,,D,0,False,False
1990-008,1990,8,BOB,,1990-11-14 06:00:00,1990-11-14 06:00:00,14.0,81.0,1.5,1010.0,27.0,,,,D,1,False,False
1990-008,1990,8,BOB,,1990-11-14 12:00:00,1990-11-14 12:00:00,14.0,80.5,1.5,1008.0,27.0,,,,D,2,False,False
1990-008,1990,8,BOB,,1990-11-14 18:00:00,1990-11-14 18:00:00,14.5,80.0,1.5,1009.0,27.0,,,,D,3,False,False
1990-009,1990,1,ARB,,1990-11-16 06:00:00,1990-11-16 06:00:00,14.5,73.5,1.5,1009.0,27.0,,,,D,0,False,False
1990-009,1990,1,ARB,,1990-11-16 12:00:00,1990-11-16 12:00:00,14.5,73.5,1.5,1008.0,27.0,,,,D,1,False,False
1990-009,1990,1,ARB,,1990-11-16 18:00:00,1990-11-16 18:00:00,14.5,73.5,1.5,1009.0,27.0,,,,D,2,False,False
1990-009,1990,1,ARB,,1990-11-17 00:00:00,1990-11-17 00:00:00,14.5,73.0,1.5,1008.0,27.0,,,,D,3,False,False
1990-009,1990,1,ARB,,1990-11-17 06:00:00,1990-11-17 06:00:00,14.0,72.0,1.5,1008.0,27.0,,,,D,4,False,False
1990-009,1990,1,ARB,,1990-11-17 12:00:00,1990-11-17 12:00:00,14.8,72.0,2.0,1007.0,33.0,,,,DD,5,False,False
1990-009,1990,1,ARB,,1990-11-17 18:00:00,1990-11-17 18:00:00,15.0,72.0,2.0,1008.0,33.0,,,,DD,6,False,False
1990-009,1990,1,ARB,,1990-11-18 00:00:00,1990-11-18 00:00:00,15.5,72.5,1.5,1009.0,27.0,,,,D,7,False,False
1990-010,1990,9,BOB,,1990-12-14 12:00:00,1990-12-14 12:00:00,8.0,88.0,1.5,,27.0,,,,D,0,False,False
1990-010,1990,9,BOB,,1990-12-14 18:00:00,1990-12-14 18:00:00,8.5,87.5,1.5,,27.0,,,,D,1,False,False
1990-010,1990,9,BOB,,1990-12-15 00:00:00,1990-12-15 00:00:00,9.0,87.0,2.0,,33.0,,,,DD,2,False,False
1990-010,1990,9,BOB,,1990-12-15 06:00:00,1990-12-15 06:00:00,9.8,86.5,2.0,,33.0,,,,DD,3,False,False
1990-010,1990,9,BOB,,1990-12-15 12:00:00,1990-12-15 12:00:00,10.5,86.0,2.0,,33.0,,,,DD,4,False,False
1990-010,1990,9,BOB,,1990-12-15 18:00:00,1990-12-15 18:00:00,11.0,85.5,2.5,,35.0,,,,CS,5,False,False
1990-010,1990,9,BOB,,1990-12-16 00:00:00,1990-12-16 00:00:00,12.0,85.0,2.5,,35.0,,,,CS,6,False,False
1990-010,1990,9,BOB,,1990-12-16 06:00:00,1990-12-16 06:00:00,13.0,85.5,2.5,,35.0,,,,CS,7,False,False
1990-010,1990,9,BOB,,1990-12-16 12:00:00,1990-12-16 12:00:00,14.0,85.5,3.0,,45.0,,,,CS,8,False,False
1990-010,1990,9,BOB,,1990-12-16 18:00:00,1990-12-16 18:00:00,14.5,86.0,3.0,,45.0,,,,CS,9,False,False
1990-010,1990,9,BOB,,1990-12-17 00:00:00,1990-12-17 00:00:00,15.5,86.0,3.0,,45.0,,,,CS,10,False,False
1990-010,1990,9,BOB,,1990-12-17 06:00:00,1990-12-17 06:00:00,17.0,86.5,3.5,,55.0,,,,SCS,11,False,False
1990-010,1990,9,BOB,,1990-12-17 12:00:00,1990-12-17 12:00:00,18.0,87.0,3.5,,55.0,,,,SCS,12,False,False
1990-010,1990,9,BOB,,1990-12-17 18:00:00,1990-12-17 18:00:00,19.5,89.0,3.5,,55.0,,,,SCS,13,False,False
1990-010,1990,9,BOB,,1990-12-18 00:00:00,1990-12-18 00:00:00,20.5,90.5,,,27.0,,,,CS,14,False,False
1990-010,1990,9,BOB,,1990-12-18 06:00:00,1990-12-18 06:00:00,21.0,91.0,,,27.0,,,,CS,15,False,False
1990-010,1990,9,BOB,,1990-12-18 12:00:00,1990-12-18 12:00:00,20.0,92.0,,,16.0,,,,D,16,False,False
1991-001,1991,1,BOB,,1991-04-24 12:00:00,1991-04-24 12:00:00,9.5,89.0,1.5,1002.0,25.0,4.0,1006.0,6.0,D,0,False,False
1991-001,1991,1,BOB,,1991-04-24 18:00:00,1991-04-24 18:00:00,10.0,89.0,1.5,1002.0,25.0,4.0,1006.0,6.0,D,1,False,False
1991-001,1991,1,BOB,,1991-04-25 00:00:00,1991-04-25 00:00:00,10.5,89.0,1.5,1002.0,25.0,4.0,1006.0,6.0,D,2,False,False
1991-001,1991,1,BOB,,1991-04-25 06:00:00,1991-04-25 06:00:00,11.0,88.5,2.0,1000.0,30.0,6.0,1006.0,6.0,DD,3,False,False
1991-001,1991,1,BOB,,1991-04-25 12:00:00,1991-04-25 12:00:00,11.0,88.0,2.5,996.0,35.0,8.0,1004.0,7.0,CS,4,False,False
1991-001,1991,1,BOB,,1991-04-25 18:00:00,1991-04-25 18:00:00,11.0,88.0,2.5,998.0,35.0,8.0,1006.0,7.0,CS,5,False,False
1991-001,1991,1,BOB,,1991-04-26 00:00:00,1991-04-26 00:00:00,11.0,87.5,3.0,994.0,45.0,10.0,1004.0,9.0,CS,6,False,False
1991-001,1991,1,BOB,,1991-04-26 06:00:00,1991-04-26 06:00:00,11.0,87.5,3.5,991.0,55.0,15.0,1006.0,10.0,SCS,7,False,False
1991-001,1991,1,BOB,,1991-04-26 12:00:00,1991-04-26 12:00:00,11.5,87.5,3.5,987.0,55.0,15.0,1002.0,10.0,SCS,8,False,False
1991-001,1991,1,BOB,,1991-04-26 18:00:00,1991-04-26 18:00:00,11.5,87.0,3.5,991.0,55.0,15.0,1006.0,10.0,SCS,9,False,False
1991-001,1991,1,BOB,,1991-04-27 00:00:00,1991-04-27 00:00:00,12.0,87.0,3.5,989.0,55.0,15.0,1004.0,10.0,SCS,10,False,False
1991-001,1991,1,BOB,,1991-04-27 06:00:00,1991-04-27 06:00:00,13.5,87.0,4.5,974.0,77.0,29.4,1004.0,10.0,VSCS,11,False,False
1991-001,1991,1,BOB,,1991-04-27 12:00:00,1991-04-27 12:00:00,14.5,87.0,4.5,972.0,77.0,29.4,1002.0,10.0,VSCS,12,False,False
1991-001,1991,1,BOB,,1991-04-27 18:00:00,1991-04-27 18:00:00,14.5,87.0,4.5,974.0,77.0,29.4,1004.0,10.0,VSCS,13,False,False
1991-001,1991,1,BOB,,1991-04-28 00:00:00,1991-04-28 00:00:00,15.0,87.2,4.5,972.0,77.0,29.4,1002.0,10.0,VSCS,14,False,False
1991-001,1991,1,BOB,,1991-04-28 06:00:00,1991-04-28 06:00:00,16.0,87.8,5.5,952.0,102.0,51.6,1004.0,10.0,ESCS,15,False,False
1991-001,1991,1,BOB,,1991-04-28 12:00:00,1991-04-28 12:00:00,16.5,88.0,5.5,950.0,102.0,51.6,1002.0,10.0,ESCS,16,False,False
1991-001,1991,1,BOB,,1991-04-28 18:00:00,1991-04-28 18:00:00,17.5,88.5,6.0,934.0,115.0,65.6,1000.0,10.0,ESCS,17,False,False
1991-001,1991,1,BOB,,1991-04-29 00:00:00,1991-04-29 00:00:00,18.5,89.0,6.5,920.0,127.0,80.0,1000.0,10.0,SuCS,18,False,False
1991-001,1991,1,BOB,,1991-04-29 06:00:00,1991-04-29 06:00:00,20.0,90.0,6.5,922.0,127.0,80.0,1002.0,10.0,SuCS,19,False,False
1991-001,1991,1,BOB,,1991-04-29 12:00:00,1991-04-29 12:00:00,20.5,90.5,6.5,918.0,127.0,80.0,998.0,10.0,SuCS,20,False,False
1991-001,1991,1,BOB,,1991-04-29 18:00:00,1991-04-29 18:00:00,22.0,91.5,6.5,920.0,127.0,80.0,1000.0,10.0,SuCS,21,False,False
1991-001,1991,1,BOB,,1991-04-30 00:00:00,1991-04-30 00:00:00,23.7,92.7,,994.0,30.0,6.0,1000.0,6.0,DD,22,False,False
1991-002,1991,2,BOB,,1991-05-31 06:00:00,1991-05-31 06:00:00,15.0,89.5,1.5,998.0,25.0,4.0,1002.0,6.0,D,0,False,False
1991-002,1991,2,BOB,,1991-05-31 12:00:00,1991-05-31 12:00:00,16.0,89.0,2.0,996.0,30.0,6.0,1004.0,6.0,DD,1,False,False
1991-002,1991,2,BOB,,1991-05-31 18:00:00,1991-05-31 18:00:00,16.5,88.7,2.0,996.0,30.0,6.0,1002.0,6.0,DD,2,False,False
1991-002,1991,2,BOB,,1991-06-01 00:00:00,1991-06-01 00:00:00,17.0,88.5,2.5,994.0,35.0,7.0,1002.0,7.0,CS,3,False,False
1991-002,1991,2,BOB,,1991-06-01 06:00:00,1991-06-01 06:00:00,19.0,89.0,2.5,994.0,35.0,8.0,1002.0,7.0,CS,4,False,False
1991-002,1991,2,BOB,,1991-06-01 12:00:00,1991-06-01 12:00:00,19.5,89.5,3.0,990.0,45.0,10.0,1000.0,8.0,CS,5,False,False
1991-002,1991,2,BOB,,1991-06-01 18:00:00,1991-06-01 18:00:00,20.0,89.5,3.0,992.0,45.0,10.0,1002.0,6.0,CS,6,False,False
1991-002,1991,2,BOB,,1991-06-02 00:00:00,1991-06-02 00:00:00,22.5,91.0,3.0,990.0,45.0,10.0,1000.0,6.0,CS,7,False,False
1991-002,1991,2,BOB,,1991-06-02 06:00:00,1991-06-02 06:00:00,25.0,93.0,,996.0,25.0,6.0,1002.0,6.0,D,8,False,False
1991-003,1991,3,BOB,,1991-07-27 06:00:00,1991-07-27 06:00:00,20.5,89.0,1.5,992.0,25.0,4.0,996.0,5.0,D,0,False,False
1991-003,1991,3,BOB,,1991-07-27 12:00:00,1991-07-27 12:00:00,20.5,88.8,1.5,988.0,25.0,4.0,992.0,6.0,D,1,False,False
1991-003,1991,3,BOB,,1991-07-27 18:00:00,1991-07-27 18:00:00,20.5,88.5,1.5,992.0,25.0,4.0,996.0,6.0,D,2,False,False
1991-003,1991,3,BOB,,1991-07-28 00:00:00,1991-07-28 00:00:00,20.5,88.2,1.5,988.0,25.0,4.0,992.0,7.0,D,3,False,False
1991-003,1991,3,BOB,,1991-07-28 06:00:00,1991-07-28 06:00:00,20.5,87.8,1.5,987.0,25.0,5.0,992.0,7.0,D,4,False,False
1991-003,1991,3,BOB,,1991-07-28 12:00:00,1991-07-28 12:00:00,20.5,87.5,2.0,984.0,30.0,6.0,990.0,7.0,DD,5,False,False
1991-003,1991,3,BOB,,1991-07-28 18:00:00,1991-07-28 18:00:00,21.0,87.0,2.0,986.0,30.0,6.0,992.0,7.0,DD,6,False,False
1991-003,1991,3,BOB,,1991-07-29 00:00:00,1991-07-29 00:00:00,21.5,86.5,,986.0,30.0,6.0,998.0,8.0,DD,7,False,False
1991-003,1991,3,BOB,,1991-07-29 06:00:00,1991-07-29 06:00:00,21.5,84.2,,990.0,30.0,6.0,996.0,9.0,DD,8,False,False
1991-003,1991,3,BOB,,1991-07-29 12:00:00,1991-07-29 12:00:00,22.0,82.0,,988.0,30.0,6.0,994.0,7.0,DD,9,False,False
1991-003,1991,3,BOB,,1991-07-29 18:00:00,1991-07-29 18:00:00,22.2,81.0,,990.0,30.0,6.0,996.0,7.0,DD,10,False,False
1991-003,1991,3,BOB,,1991-07-30 00:00:00,1991-07-30 00:00:00,22.5,80.0,,988.0,30.0,6.0,994.0,8.0,DD,11,False,False
1991-003,1991,3,BOB,,1991-07-30 06:00:00,1991-07-30 06:00:00,22.7,79.0,,992.0,30.0,6.0,998.0,6.0,DD,12,False,False
1991-003,1991,3,BOB,,1991-07-30 12:00:00,1991-07-30 12:00:00,23.0,78.0,,990.0,30.0,6.0,996.0,5.0,DD,13,False,False
1991-003,1991,3,BOB,,1991-07-30 18:00:00,1991-07-30 18:00:00,24.0,77.5,,992.0,30.0,6.0,998.0,5.0,DD,14,False,False
1991-003,1991,3,BOB,,1991-07-31 00:00:00,1991-07-31 00:00:00,24.5,77.0,,990.0,25.0,4.0,994.0,5.0,D,15,False,False
1991-003,1991,3,BOB,,1991-07-31 06:00:00,1991-07-31 06:00:00,24.5,76.5,,992.0,25.0,4.0,996.0,4.0,D,16,False,False
1991-003,1991,3,BOB,,1991-07-31 12:00:00,1991-07-31 12:00:00,25.2,76.3,,990.0,25.0,4.0,994.0,4.0,D,17,False,False
1991-003,1991,3,BOB,,1991-07-31 18:00:00,1991-07-31 18:00:00,26.0,76.7,,992.0,25.0,4.0,996.0,4.0,D,18,False,False
1991-004,1991,4,BOB,,1991-08-22 00:00:00,1991-08-22 00:00:00,20.7,88.2,1.5,994.0,25.0,4.0,998.0,5.0,D,0,False,False
1991-004,1991,4,BOB,,1991-08-22 06:00:00,1991-08-22 06:00:00,21.3,87.5,1.5,996.0,25.0,4.0,1000.0,6.0,D,1,False,False
1991-004,1991,4,BOB,,1991-08-22 12:00:00,1991-08-22 12:00:00,22.5,86.0,,994.0,25.0,4.0,998.0,7.0,D,2,False,False
1991-004,1991,4,BOB,,1991-08-22 18:00:00,1991-08-22 18:00:00,22.5,84.0,,996.0,25.0,4.0,1000.0,7.0,D,3,False,False
1991-004,1991,4,BOB,,1991-08-23 00:00:00,1991-08-23 00:00:00,22.7,83.0,,994.0,25.0,4.0,998.0,7.0,D,4,False,False
1991-004,1991,4,BOB,,1991-08-23 06:00:00,1991-08-23 06:00:00,23.0,81.5,,994.0,25.0,4.0,998.0,6.0,D,5,False,False
1991-004,1991,4,BOB,,1991-08-23 12:00:00,1991-08-23 12:00:00,23.8,80.2,,992.0,25.0,4.0,996.0,6.0,D,6,False,False
1991-004,1991,4,BOB,,1991-08-23 18:00:00,1991-08-23 18:00:00,24.0,80.0,,994.0,25.0,4.0,998.0,6.0,D,7,False,False
1991-004,1991,4,BOB,,1991-08-24 00:00:00,1991-08-24 00:00:00,24.5,79.8,,994.0,25.0,4.0,998.0,6.0,D,8,False,False
1991-004,1991,4,BOB,,1991-08-24 06:00:00,1991-08-24 06:00:00,24.5,79.8,,994.0,25.0,4.0,998.0,6.0,D,9,False,False
1991-004,1991,4,BOB,,1991-08-24 12:00:00,1991-08-24 12:00:00,24.5,79.8,,992.0,25.0,4.0,996.0,6.0,D,10,False,False
1991-004,1991,4,BOB,,1991-08-24 18:00:00,1991-08-24 18:00:00,25.0,78.6,,994.0,25.0,4.0,998.0,6.0,D,11,False,False
1991-004,1991,4,BOB,,1991-08-25 00:00:00,1991-08-25 00:00:00,26.2,78.5,,992.0,25.0,4.0,996.0,6.0,D,12,False,False
1991-004,1991,4,BOB,,1991-08-25 06:00:00,1991-08-25 06:00:00,26.8,78.5,,994.0,25.0,4.0,998.0,6.0,D,13,False,False
1991-004,1991,4,BOB,,1991-08-25 12:00:00,1991-08-25 12:00:00,27.0,78.5,,992.0,25.0,4.0,996.0,6.0,D,14,False,False
1991-004,1991,4,BOB,,1991-08-25 18:00:00,1991-08-25 18:00:00,27.5,78.5,,994.0,25.0,4.0,998.0,7.0,D,15,False,False
1991-004,1991,4,BOB,,1991-08-26 00:00:00,1991-08-26 00:00:00,27.5,78.5,,996.0,25.0,4.0,1000.0,6.0,D,16,False,False
1991-005,1991,5,BOB,,1991-09-21 06:00:00,1991-09-21 06:00:00,15.5,83.5,1.5,1000.0,25.0,4.0,1004.0,7.0,D,0,False,False
1991-005,1991,5,BOB,,1991-09-21 12:00:00,1991-09-21 12:00:00,16.0,82.5,1.5,1000.0,25.0,4.0,1004.0,7.0,D,1,False,False
1991-005,1991,5,BOB,,1991-09-21 18:00:00,1991-09-21 18:00:00,16.5,81.5,1.5,1000.0,25.0,4.0,1004.0,7.0,D,2,False,False
1991-005,1991,5,BOB,,1991-09-22 00:00:00,1991-09-22 00:00:00,17.0,81.0,,1000.0,25.0,4.0,1004.0,7.0,D,3,False,False
1991-005,1991,5,BOB,,1991-09-22 06:00:00,1991-09-22 06:00:00,18.0,80.5,,1000.0,25.0,4.0,1004.0,6.0,D,4,False,False
1991-006,1991,6,BOB,,1991-10-12 12:00:00,1991-10-12 12:00:00,18.0,87.0,1.5,1000.0,25.0,4.0,1004.0,5.0,D,0,False,False
1991-006,1991,6,BOB,,1991-10-12 18:00:00,1991-10-12 18:00:00,18.5,87.0,1.5,1000.0,25.0,4.0,1004.0,5.0,D,1,False,False
1991-006,1991,6,BOB,,1991-10-13 00:00:00,1991-10-13 00:00:00,19.5,88.0,1.5,1000.0,25.0,4.0,1004.0,6.0,D,2,False,False
1991-006,1991,6,BOB,,1991-10-13 06:00:00,1991-10-13 06:00:00,20.5,88.7,1.5,998.0,25.0,4.0,1002.0,7.0,D,3,False,False
1991-006,1991,6,BOB,,1991-10-13 12:00:00,1991-10-13 12:00:00,21.0,89.5,1.5,1000.0,25.0,4.0,1004.0,6.0,D,4,False,False
1991-006,1991,6,BOB,,1991-10-13 18:00:00,1991-10-13 18:00:00,21.5,89.7,1.5,1002.0,25.0,4.0,1006.0,5.0,D,5,False,False
1991-006,1991,6,BOB,,1991-10-14 00:00:00,1991-10-14 00:00:00,22.0,90.0,1.5,1002.0,25.0,4.0,1006.0,5.0,D,6,False,False
1991-007,1991,7,BOB,,1991-10-28 06:00:00,1991-10-28 06:00:00,10.5,82.0,1.5,1002.0,25.0,4.0,1006.0,6.0,D,0,False,False
1991-007,1991,7,BOB,,1991-10-28 12:00:00,1991-10-28 12:00:00,11.0,81.5,1.5,1000.0,25.0,4.0,1004.0,7.0,D,1,False,False
1991-007,1991,7,BOB,,1991-10-28 18:00:00,1991-10-28 18:00:00,11.5,81.0,1.5,1000.0,25.0,4.0,1004.0,7.0,D,2,False,False
1991-007,1991,7,BOB,,1991-10-29 00:00:00,1991-10-29 00:00:00,12.0,80.5,1.5,998.0,25.0,4.0,1002.0,7.0,D,3,False,False
1991-007,1991,7,BOB,,1991-10-29 06:00:00,1991-10-29 06:00:00,12.5,79.5,,1000.0,25.0,4.0,1004.0,7.0,D,4,False,False
1991-007,1991,7,BOB,,1991-10-29 12:00:00,1991-10-29 12:00:00,12.5,79.0,,998.0,25.0,4.0,1002.0,6.0,D,5,False,False
1991-007,1991,7,BOB,,1991-10-29 18:00:00,1991-10-29 18:00:00,13.0,78.5,,1000.0,25.0,4.0,1004.0,6.0,D,6,False,False
1991-007,1991,7,BOB,,1991-10-30 00:00:00,1991-10-30 00:00:00,13.0,78.0,,1000.0,25.0,4.0,1004.0,6.0,D,7,False,False
1991-007,1991,7,BOB,,1991-10-30 06:00:00,1991-10-30 06:00:00,13.0,77.5,,1000.0,25.0,4.0,1004.0,6.0,D,8,False,False
1991-008,1991,8,BOB,,1991-11-11 12:00:00,1991-11-11 12:00:00,11.0,87.5,1.5,1006.0,25.0,4.0,1010.0,5.0,D,0,False,False
1991-008,1991,8,BOB,,1991-11-11 18:00:00,1991-11-11 18:00:00,11.0,87.5,1.5,1006.0,25.0,4.0,1010.0,5.0,D,1,False,False
1991-008,1991,8,BOB,,1991-11-12 00:00:00,1991-11-12 00:00:00,11.0,87.0,1.5,1006.0,25.0,4.0,1010.0,6.0,D,2,False,False
1991-008,1991,8,BOB,,1991-11-12 06:00:00,1991-11-12 06:00:00,11.0,86.5,1.5,1004.0,25.0,4.0,1008.0,6.0,D,3,False,False
1991-008,1991,8,BOB,,1991-11-12 12:00:00,1991-11-12 12:00:00,11.0,86.0,1.5,1004.0,25.0,4.0,1008.0,6.0,D,4,False,False
1991-008,1991,8,BOB,,1991-11-12 18:00:00,1991-11-12 18:00:00,11.0,85.0,1.5,1004.0,25.0,4.0,1008.0,7.0,D,5,False,False
1991-008,1991,8,BOB,,1991-11-13 00:00:00,1991-11-13 00:00:00,11.0,84.5,1.5,1004.0,25.0,4.0,1008.0,7.0,D,6,False,False
1991-008,1991,8,BOB,,1991-11-13 06:00:00,1991-11-13 06:00:00,11.0,83.5,2.0,1004.0,30.0,6.0,1010.0,7.0,DD,7,False,False
1991-008,1991,8,BOB,,1991-11-13 12:00:00,1991-11-13 12:00:00,11.0,83.0,2.5,1000.0,35.0,8.0,1008.0,7.0,CS,8,False,False
1991-008,1991,8,BOB,,1991-11-13 18:00:00,1991-11-13 18:00:00,11.0,82.0,2.5,1000.0,35.0,8.0,1008.0,7.0,CS,9,False,False
1991-008,1991,8,BOB,,1991-11-14 00:00:00,1991-11-14 00:00:00,11.0,81.0,2.5,1000.0,35.0,8.0,1008.0,8.0,CS,10,False,False
1991-008,1991,8,BOB,,1991-11-14 06:00:00,1991-11-14 06:00:00,10.5,80.5,3.0,1000.0,45.0,10.0,1010.0,8.0,CS,11,False,False
1991-008,1991,8,BOB,,1991-11-14 12:00:00,1991-11-14 12:00:00,11.0,80.5,3.0,998.0,45.0,10.0,1008.0,8.0,CS,12,False,False
1991-008,1991,8,BOB,,1991-11-14 18:00:00,1991-11-14 18:00:00,11.2,80.0,3.0,998.0,45.0,10.0,1008.0,8.0,CS,13,False,False
1991-008,1991,8,BOB,,1991-11-15 00:00:00,1991-11-15 00:00:00,11.5,79.7,2.5,1000.0,35.0,8.0,1008.0,7.0,CS,14,False,False
1991-008,1991,8,BOB,,1991-11-15 06:00:00,1991-11-15 06:00:00,12.0,79.3,,1002.0,30.0,6.0,1008.0,6.0,DD,15,False,False
1991-008,1991,8,BOB,,1991-11-15 12:00:00,1991-11-15 12:00:00,12.5,79.0,,1000.0,25.0,4.0,1004.0,5.0,D,16,False,False
1992-001,1992,1,BOB,,1992-05-16 06:00:00,1992-05-16 06:00:00,11.5,87.5,1.5,1002.0,25.0,4.0,1006.0,4.0,D,0,False,False
1992-001,1992,1,BOB,,1992-05-16 12:00:00,1992-05-16 12:00:00,12.0,87.0,1.5,1000.0,25.0,4.0,1004.0,4.0,D,1,False,False
1992-001,1992,1,BOB,,1992-05-16 18:00:00,1992-05-16 18:00:00,12.5,87.0,1.5,1000.0,25.0,4.0,1004.0,4.0,D,2,False,False
1992-001,1992,1,BOB,,1992-05-17 00:00:00,1992-05-17 00:00:00,12.5,87.0,1.5,998.0,25.0,4.0,1002.0,5.0,D,3,False,False
1992-001,1992,1,BOB,,1992-05-17 06:00:00,1992-05-17 06:00:00,14.0,87.0,2.0,996.0,30.0,6.0,1002.0,6.0,DD,4,False,False
1992-001,1992,1,BOB,,1992-05-17 12:00:00,1992-05-17 12:00:00,14.5,87.5,2.0,996.0,30.0,6.0,1002.0,6.0,DD,5,False,False
1992-001,1992,1,BOB,,1992-05-17 18:00:00,1992-05-17 18:00:00,14.5,88.0,2.0,996.0,30.0,6.0,1002.0,6.0,DD,6,False,False
1992-001,1992,1,BOB,,1992-05-18 00:00:00,1992-05-18 00:00:00,14.5,88.0,2.0,994.0,30.0,8.0,1002.0,7.0,DD,7,False,False
1992-001,1992,1,BOB,,1992-05-18 06:00:00,1992-05-18 06:00:00,15.5,89.5,2.5,994.0,35.0,10.0,1004.0,8.0,CS,8,False,False
1992-001,1992,1,BOB,,1992-05-18 12:00:00,1992-05-18 12:00:00,16.5,91.0,2.5,992.0,35.0,10.0,1002.0,8.0,CS,9,False,False
1992-001,1992,1,BOB,,1992-05-18 18:00:00,1992-05-18 18:00:00,17.0,91.5,2.5,994.0,35.0,10.0,1004.0,8.0,CS,10,False,False
1992-001,1992,1,BOB,,1992-05-19 00:00:00,1992-05-19 00:00:00,17.5,92.5,2.5,992.0,35.0,10.0,1002.0,8.0,CS,11,False,False
1992-001,1992,1,BOB,,1992-05-19 06:00:00,1992-05-19 06:00:00,19.0,94.0,,994.0,35.0,8.0,1002.0,6.0,CS,12,False,False
1992-001,1992,1,BOB,,1992-05-19 12:00:00,1992-05-19 12:00:00,19.5,94.5,,998.0,25.0,4.0,1002.0,4.0,D,13,False,False
1992-002,1992,1,ARB,,1992-06-08 12:00:00,1992-06-08 12:00:00,11.5,60.0,1.5,1000.0,25.0,4.0,1004.0,5.0,D,0,False,False
1992-002,1992,1,ARB,,1992-06-08 18:00:00,1992-06-08 18:00:00,11.5,60.0,1.5,1000.0,25.0,4.0,1004.0,5.0,D,1,False,False
1992-002,1992,1,ARB,,1992-06-09 00:00:00,1992-06-09 00:00:00,11.5,60.0,1.5,998.0,25.0,4.0,1002.0,5.0,D,2,False,False
1992-002,1992,1,ARB,,1992-06-09 06:00:00,1992-06-09 06:00:00,12.0,60.0,1.5,998.0,30.0,6.0,1004.0,6.0,DD,3,False,False
1992-002,1992,1,ARB,,1992-06-09 12:00:00,1992-06-09 12:00:00,12.0,60.0,1.5,998.0,30.0,6.0,1004.0,6.0,DD,4,False,False
1992-002,1992,1,ARB,,1992-06-09 18:00:00,1992-06-09 18:00:00,12.0,60.0,1.5,998.0,30.0,6.0,1004.0,6.0,DD,5,False,False
1992-002,1992,1,ARB,,1992-06-10 00:00:00,1992-06-10 00:00:00,12.5,60.0,1.5,998.0,30.0,6.0,1004.0,6.0,DD,6,False,False
1992-002,1992,1,ARB,,1992-06-10 06:00:00,1992-06-10 06:00:00,12.5,59.5,2.0,998.0,30.0,6.0,1004.0,6.0,DD,7,False,False
1992-002,1992,1,ARB,,1992-06-10 12:00:00,1992-06-10 12:00:00,12.5,60.0,2.0,998.0,30.0,6.0,1004.0,6.0,DD,8,False,False
1992-002,1992,1,ARB,,1992-06-10 18:00:00,1992-06-10 18:00:00,13.0,59.0,2.0,998.0,30.0,6.0,1004.0,6.0,DD,9,False,False
1992-002,1992,1,ARB,,1992-06-11 00:00:00,1992-06-11 00:00:00,13.0,58.5,2.0,998.0,30.0,6.0,1004.0,6.0,DD,10,False,False
1992-002,1992,1,ARB,,1992-06-11 06:00:00,1992-06-11 06:00:00,13.0,57.0,2.5,996.0,35.0,8.0,1004.0,7.0,CS,11,False,False
1992-002,1992,1,ARB,,1992-06-11 12:00:00,1992-06-11 12:00:00,13.5,56.0,3.0,994.0,45.0,10.0,1004.0,8.0,CS,12,False,False
1992-002,1992,1,ARB,,1992-06-11 18:00:00,1992-06-11 18:00:00,13.5,55.5,3.0,994.0,45.0,10.0,1004.0,8.0,CS,13,False,False
1992-002,1992,1,ARB,,1992-06-12 00:00:00,1992-06-12 00:00:00,14.0,55.0,2.5,996.0,35.0,8.0,1004.0,7.0,CS,14,False,False
1992-002,1992,1,ARB,,1992-06-12 06:00:00,1992-06-12 06:00:00,14.0,53.0,1.5,1000.0,25.0,4.0,1004.0,5.0,D,15,False,False
1992-002,1992,1,ARB,,1992-06-12 12:00:00,1992-06-12 12:00:00,14.0,52.5,1.5,1000.0,25.0,4.0,1004.0,5.0,D,16,False,False
1992-003,1992,2,BOB,,1992-06-17 00:00:00,1992-06-17 00:00:00,19.0,89.0,1.5,992.0,,2.0,994.0,5.0,D,0,False,False
1992-003,1992,2,BOB,,1992-06-17 06:00:00,1992-06-17 06:00:00,19.5,88.0,2.0,988.0,30.0,6.0,994.0,5.0,DD,1,False,False
1992-003,1992,2,BOB,,1992-06-17 12:00:00,1992-06-17 12:00:00,19.5,87.0,2.0,984.0,30.0,8.0,992.0,5.0,DD,2,False,False
1992-003,1992,2,BOB,,1992-06-17 18:00:00,1992-06-17 18:00:00,20.0,86.5,,980.0,30.0,12.0,992.0,5.0,DD,3,False,False
1992-003,1992,2,BOB,,1992-06-18 00:00:00,1992-06-18 00:00:00,21.0,86.0,,984.0,30.0,8.0,992.0,5.0,DD,4,False,False
1992-003,1992,2,BOB,,1992-06-18 06:00:00,1992-06-18 06:00:00,21.0,84.5,,990.0,25.0,4.0,994.0,5.0,D,5,False,False
1992-003,1992,2,BOB,,1992-06-18 12:00:00,1992-06-18 12:00:00,21.0,83.5,,990.0,25.0,4.0,994.0,5.0,D,6,False,False
1992-003,1992,2,BOB,,1992-06-18 18:00:00,1992-06-18 18:00:00,21.0,83.0,,992.0,25.0,4.0,996.0,5.0,D,7,False,False
1992-003,1992,2,BOB,,1992-06-19 00:00:00,1992-06-19 00:00:00,21.0,82.5,,990.0,25.0,4.0,994.0,5.0,D,8,False,False
1992-003,1992,2,BOB,,1992-06-19 06:00:00,1992-06-19 06:00:00,21.0,81.0,,990.0,25.0,4.0,994.0,6.0,D,9,False,False
1992-003,1992,2,BOB,,1992-06-19 12:00:00,1992-06-19 12:00:00,21.0,80.0,,988.0,25.0,4.0,992.0,6.0,D,10,False,False
1992-003,1992,2,BOB,,1992-06-19 18:00:00,1992-06-19 18:00:00,21.0,79.5,,990.0,25.0,4.0,994.0,5.0,D,11,False,False
1992-003,1992,2,BOB,,1992-06-20 00:00:00,1992-06-20 00:00:00,21.0,79.0,,990.0,25.0,4.0,994.0,5.0,D,12,False,False
1992-003,1992,2,BOB,,1992-06-20 06:00:00,1992-06-20 06:00:00,21.0,77.5,,990.0,25.0,4.0,994.0,5.0,D,13,False,False
1992-003,1992,2,BOB,,1992-06-20 12:00:00,1992-06-20 12:00:00,21.5,76.5,,988.0,,2.0,990.0,3.0,,14,False,False
1992-004,1992,3,BOB,,1992-07-26 00:00:00,1992-07-26 00:00:00,20.0,88.5,1.5,990.0,25.0,4.0,994.0,5.0,D,0,False,False
1992-004,1992,3,BOB,,1992-07-26 06:00:00,1992-07-26 06:00:00,20.5,87.5,2.0,986.0,30.0,6.0,992.0,6.0,DD,1,False,False
1992-004,1992,3,BOB,,1992-07-26 12:00:00,1992-07-26 12:00:00,20.5,87.5,2.0,986.0,30.0,8.0,994.0,6.0,DD,2,False,False
1992-004,1992,3,BOB,,1992-07-26 18:00:00,1992-07-26 18:00:00,20.5,87.0,2.0,984.0,30.0,10.0,994.0,7.0,DD,3,False,False
1992-004,1992,3,BOB,,1992-07-27 00:00:00,1992-07-27 00:00:00,21.0,86.0,,986.0,30.0,6.0,992.0,6.0,DD,4,False,False
1992-004,1992,3,BOB,,1992-07-27 06:00:00,1992-07-27 06:00:00,21.5,85.0,,988.0,30.0,6.0,994.0,6.0,DD,5,False,False
1992-004,1992,3,BOB,,1992-07-27 12:00:00,1992-07-27 12:00:00,22.0,83.5,,988.0,30.0,6.0,994.0,6.0,DD,6,False,False
1992-004,1992,3,BOB,,1992-07-27 18:00:00,1992-07-27 18:00:00,22.0,83.0,,988.0,30.0,6.0,994.0,6.0,DD,7,False,False
1992-004,1992,3,BOB,,1992-07-28 00:00:00,1992-07-28 00:00:00,22.0,83.0,,988.0,30.0,6.0,994.0,6.0,DD,8,False,False
1992-004,1992,3,BOB,,1992-07-28 06:00:00,1992-07-28 06:00:00,22.5,82.5,,992.0,30.0,6.0,998.0,6.0,DD,9,False,False
1992-004,1992,3,BOB,,1992-07-28 12:00:00,1992-07-28 12:00:00,23.0,80.0,,994.0,30.0,6.0,1000.0,6.0,DD,10,False,False
1992-004,1992,3,BOB,,1992-07-28 18:00:00,1992-07-28 18:00:00,23.5,79.0,,994.0,30.0,6.0,1000.0,6.0,DD,11,False,False
1992-004,1992,3,BOB,,1992-07-29 00:00:00,1992-07-29 00:00:00,23.5,78.0,,994.0,30.0,6.0,1000.0,6.0,DD,12,False,False
1992-004,1992,3,BOB,,1992-07-29 06:00:00,1992-07-29 06:00:00,24.5,76.5,,994.0,30.0,6.0,1000.0,6.0,DD,13,False,False
1992-004,1992,3,BOB,,1992-07-29 12:00:00,1992-07-29 12:00:00,25.0,76.0,,994.0,25.0,4.0,998.0,5.0,D,14,False,False
1992-004,1992,3,BOB,,1992-07-29 18:00:00,1992-07-29 18:00:00,25.5,75.0,,996.0,25.0,4.0,1000.0,5.0,D,15,False,False
1992-004,1992,3,BOB,,1992-07-30 00:00:00,1992-07-30 00:00:00,26.0,74.0,,994.0,25.0,4.0,998.0,5.0,D,16,False,False
1992-004,1992,3,BOB,,1992-07-30 06:00:00,1992-07-30 06:00:00,26.5,72.5,,994.0,25.0,4.0,998.0,4.0,D,17,False,False
1992-004,1992,3,BOB,,1992-07-30 12:00:00,1992-07-30 12:00:00,27.0,71.0,,994.0,,2.0,996.0,4.0,,18,False,False
1992-005,1992,2,ARB,,1992-10-01 00:00:00,1992-10-01 00:00:00,16.0,67.0,1.5,1002.0,25.0,4.0,1006.0,5.0,D,0,False,False
1992-005,1992,2,ARB,,1992-10-01 06:00:00,1992-10-01 06:00:00,17.0,66.0,2.0,1002.0,30.0,6.0,1008.0,6.0,DD,1,False,False
1992-005,1992,2,ARB,,1992-10-01 12:00:00,1992-10-01 12:00:00,17.5,65.0,2.5,998.0,35.0,8.0,1006.0,7.0,CS,2,False,False
1992-005,1992,2,ARB,,1992-10-01 18:00:00,1992-10-01 18:00:00,17.5,64.0,2.5,1000.0,35.0,8.0,1008.0,7.0,CS,3,False,False
1992-005,1992,2,ARB,,1992-10-02 00:00:00,1992-10-02 00:00:00,17.5,63.0,2.5,998.0,35.0,8.0,1006.0,7.0,CS,4,False,False
1992-005,1992,2,ARB,,1992-10-02 06:00:00,1992-10-02 06:00:00,17.5,62.0,3.0,998.0,45.0,10.0,1008.0,8.0,CS,5,False,False
1992-005,1992,2,ARB,,1992-10-02 12:00:00,1992-10-02 12:00:00,18.5,60.5,2.5,1000.0,35.0,8.0,1008.0,7.0,CS,6,False,False
1992-005,1992,2,ARB,,1992-10-02 18:00:00,1992-10-02 18:00:00,19.5,59.5,2.5,1002.0,35.0,8.0,1010.0,7.0,CS,7,False,False
1992-005,1992,2,ARB,,1992-10-03 00:00:00,1992-10-03 00:00:00,19.5,58.5,3.0,996.0,45.0,10.0,1006.0,8.0,CS,8,False,False
1992-005,1992,2,ARB,,1992-10-03 06:00:00,1992-10-03 06:00:00,20.0,56.5,,1000.0,35.0,8.0,1008.0,6.0,CS,9,False,False
1992-005,1992,2,ARB,,1992-10-03 12:00:00,1992-10-03 12:00:00,20.5,56.0,,1000.0,35.0,8.0,1008.0,6.0,CS,10,False,False
1992-006,1992,4,BOB,,1992-07-10 00:00:00,1992-10-07 00:00:00,14.0,87.0,,1002.0,,2.0,1004.0,5.0,,0,False,True
1992-006,1992,4,BOB,,1992-07-10 06:00:00,1992-10-07 06:00:00,14.0,87.0,,1002.0,,2.0,1004.0,5.0,,1,False,True
1992-006,1992,4,BOB,,1992-07-10 12:00:00,1992-10-07 12:00:00,14.0,85.5,1.5,1000.0,25.0,4.0,1004.0,6.0,D,2,False,True
1992-006,1992,4,BOB,,1992-07-10 18:00:00,1992-10-07 18:00:00,14.0,85.0,2.0,1000.0,30.0,6.0,1006.0,7.0,DD,3,False,True
1992-006,1992,4,BOB,,1992-08-10 00:00:00,1992-10-08 00:00:00,14.5,83.5,2.0,1000.0,30.0,6.0,1006.0,8.0,DD,4,False,True
1992-006,1992,4,BOB,,1992-08-10 06:00:00,1992-10-08 06:00:00,15.0,82.5,2.0,1000.0,30.0,6.0,1006.0,8.0,DD,5,False,True
1992-006,1992,4,BOB,,1992-08-10 12:00:00,1992-10-08 12:00:00,15.5,82.0,,998.0,30.0,6.0,1004.0,8.0,DD,6,False,True
1992-006,1992,4,BOB,,1992-08-10 18:00:00,1992-10-08 18:00:00,15.5,81.5,,998.0,30.0,6.0,4001.0,8.0,DD,7,False,True
1992-006,1992,4,BOB,,1992-09-10 00:00:00,1992-10-09 00:00:00,16.5,81.0,,998.0,30.0,6.0,1004.0,8.0,DD,8,False,True
1992-006,1992,4,BOB,,1992-09-10 06:00:00,1992-10-09 06:00:00,17.5,80.5,,1002.0,25.0,4.0,1006.0,5.0,D,9,False,True
1992-007,1992,5,BOB,,1992-10-20 12:00:00,1992-10-20 12:00:00,19.0,89.0,1.5,1000.0,25.0,4.0,1004.0,5.0,D,0,False,False
1992-007,1992,5,BOB,,1992-10-20 18:00:00,1992-10-20 18:00:00,19.5,89.0,1.5,1002.0,25.0,4.0,1006.0,5.0,D,1,False,False
1992-007,1992,5,BOB,,1992-10-21 00:00:00,1992-10-21 00:00:00,19.5,89.5,2.0,1000.0,30.0,6.0,1006.0,6.0,DD,2,False,False
1992-007,1992,5,BOB,,1992-10-21 06:00:00,1992-10-21 06:00:00,20.5,90.5,2.5,998.0,35.0,8.0,1006.0,8.0,CS,3,False,False
1992-007,1992,5,BOB,,1992-10-21 12:00:00,1992-10-21 12:00:00,21.0,91.5,2.5,996.0,35.0,8.0,1004.0,8.0,CS,4,False,False
1992-007,1992,5,BOB,,1992-10-21 18:00:00,1992-10-21 18:00:00,21.0,92.0,2.5,998.0,35.0,8.0,1006.0,7.0,CS,5,False,False
1992-007,1992,5,BOB,,1992-10-22 00:00:00,1992-10-22 00:00:00,22.0,94.0,,1000.0,25.0,4.0,1004.0,5.0,D,6,False,False
1992-008,1992,6,BOB,,1992-11-03 06:00:00,1992-11-03 06:00:00,15.0,90.0,2.0,1000.0,30.0,6.0,1006.0,5.0,DD,0,False,False
1992-008,1992,6,BOB,,1992-11-03 12:00:00,1992-11-03 12:00:00,15.5,89.5,2.0,998.0,30.0,6.0,1004.0,6.0,DD,1,False,False
1992-008,1992,6,BOB,,1992-11-03 18:00:00,1992-11-03 18:00:00,15.5,89.0,2.0,1000.0,30.0,6.0,1006.0,6.0,DD,2,False,False
1992-008,1992,6,BOB,,1992-11-04 00:00:00,1992-11-04 00:00:00,15.5,89.0,2.5,998.0,35.0,8.0,1006.0,7.0,CS,3,False,False
1992-008,1992,6,BOB,,1992-11-04 06:00:00,1992-11-04 06:00:00,15.5,87.5,2.5,998.0,35.0,8.0,1006.0,7.0,CS,4,False,False
1992-008,1992,6,BOB,,1992-11-04 12:00:00,1992-11-04 12:00:00,15.5,87.5,2.5,998.0,35.0,8.0,1006.0,7.0,CS,5,False,False
1992-008,1992,6,BOB,,1992-11-04 18:00:00,1992-11-04 18:00:00,15.5,87.5,2.5,1000.0,35.0,8.0,1008.0,8.0,CS,6,False,False
1992-008,1992,6,BOB,,1992-11-05 00:00:00,1992-11-05 00:00:00,16.0,86.5,3.0,998.0,45.0,10.0,1008.0,8.0,CS,7,False,False
1992-008,1992,6,BOB,,1992-11-05 06:00:00,1992-11-05 06:00:00,16.0,86.0,3.0,998.0,45.0,10.0,1008.0,8.0,CS,8,False,False
1992-008,1992,6,BOB,,1992-11-05 12:00:00,1992-11-05 12:00:00,16.0,86.0,3.0,996.0,45.0,10.0,1006.0,8.0,CS,9,False,False
1992-008,1992,6,BOB,,1992-11-05 18:00:00,1992-11-05 18:00:00,16.0,86.0,3.0,998.0,45.0,10.0,1008.0,8.0,CS,10,False,False
1992-008,1992,6,BOB,,1992-11-06 00:00:00,1992-11-06 00:00:00,16.5,85.5,3.0,1000.0,45.0,10.0,1010.0,8.0,CS,11,False,False
1992-008,1992,6,BOB,,1992-11-06 06:00:00,1992-11-06 06:00:00,16.5,85.5,3.0,1000.0,45.0,10.0,1010.0,8.0,CS,12,False,False
1992-008,1992,6,BOB,,1992-11-06 12:00:00,1992-11-06 12:00:00,16.5,85.5,2.5,1000.0,35.0,8.0,1008.0,7.0,CS,13,False,False
1992-008,1992,6,BOB,,1992-11-06 18:00:00,1992-11-06 18:00:00,16.5,84.5,2.0,1002.0,30.0,6.0,1008.0,6.0,DD,14,False,False
1992-008,1992,6,BOB,,1992-11-07 00:00:00,1992-11-07 00:00:00,16.0,83.0,2.0,1004.0,30.0,6.0,1010.0,6.0,DD,15,False,False
1992-009,1992,7,BOB,,1992-11-11 06:00:00,1992-11-11 06:00:00,7.5,85.5,2.0,1002.0,30.0,6.0,1008.0,5.0,DD,0,False,False
1992-009,1992,7,BOB,,1992-11-11 12:00:00,1992-11-11 12:00:00,7.5,84.5,3.0,998.0,45.0,10.0,1008.0,6.0,CS,1,False,False
1992-009,1992,7,BOB,,1992-11-11 18:00:00,1992-11-11 18:00:00,7.5,83.5,3.0,998.0,45.0,10.0,1008.0,7.0,CS,2,False,False
1992-009,1992,7,BOB,,1992-11-12 00:00:00,1992-11-12 00:00:00,7.0,82.5,3.0,996.0,45.0,12.0,1008.0,8.0,CS,3,False,False
1992-009,1992,7,BOB,,1992-11-12 06:00:00,1992-11-12 06:00:00,7.0,81.5,2.5,1002.0,35.0,8.0,1010.0,8.0,CS,4,False,False
1992-009,1992,7,BOB,,1992-11-12 12:00:00,1992-11-12 12:00:00,7.5,80.0,2.5,1000.0,35.0,8.0,1008.0,8.0,CS,5,False,False
1992-009,1992,7,BOB,,1992-11-12 18:00:00,1992-11-12 18:00:00,7.5,79.5,2.5,998.0,35.0,8.0,1006.0,8.0,CS,6,False,False
1992-009,1992,7,BOB,,1992-11-13 00:00:00,1992-11-13 00:00:00,7.5,79.0,2.5,1000.0,35.0,8.0,1008.0,8.0,CS,7,False,False
1992-009,1992,7,BOB,,1992-11-13 06:00:00,1992-11-13 06:00:00,8.0,78.5,3.5,994.0,55.0,16.0,1008.0,8.0,SCS,8,False,False
1992-009,1992,7,BOB,,1992-11-13 12:00:00,1992-11-13 12:00:00,9.0,77.5,,996.0,45.0,10.0,1006.0,8.0,CS,9,False,False
1992-009,1992,7,BOB,,1992-11-13 18:00:00,1992-11-13 18:00:00,9.5,77.5,,1000.0,30.0,6.0,1006.0,6.0,DD,10,False,False
1992-009,1992,7,BOB,,1992-11-14 00:00:00,1992-11-14 00:00:00,9.8,77.0,,1000.0,30.0,6.0,1006.0,6.0,DD,11,False,False
1992-009,1992,7,BOB,,1992-11-14 06:00:00,1992-11-14 06:00:00,10.5,76.5,1.5,1002.0,25.0,4.0,1006.0,6.0,D,12,False,False
1992-009,1992,7,BOB,,1992-11-14 12:00:00,1992-11-14 12:00:00,10.5,76.0,1.5,1002.0,25.0,4.0,1006.0,6.0,D,13,False,False
1992-009,1992,7,BOB,,1992-11-14 18:00:00,1992-11-14 18:00:00,10.5,75.5,1.5,1004.0,25.0,4.0,1008.0,6.0,D,14,False,False
1992-009,1992,7,BOB,,1992-11-15 00:00:00,1992-11-15 00:00:00,10.5,75.0,1.5,1002.0,25.0,4.0,1006.0,6.0,D,15,False,False
1992-009,1992,7,BOB,,1992-11-15 06:00:00,1992-11-15 06:00:00,11.0,74.5,2.0,1000.0,30.0,6.0,1006.0,6.0,DD,16,False,False
1992-009,1992,7,BOB,,1992-11-15 12:00:00,1992-11-15 12:00:00,11.5,74.5,2.0,1000.0,30.0,6.0,1006.0,6.0,DD,17,False,False
1992-009,1992,7,BOB,,1992-11-15 18:00:00,1992-11-15 18:00:00,12.0,74.5,,1002.0,30.0,6.0,1008.0,6.0,DD,18,False,False
1992-009,1992,7,BOB,,1992-11-16 00:00:00,1992-11-16 00:00:00,12.5,74.5,,1000.0,30.0,6.0,1006.0,6.0,DD,19,False,False
1992-009,1992,7,BOB,,1992-11-16 06:00:00,1992-11-16 06:00:00,12.5,74.5,,1002.0,30.0,6.0,1006.0,6.0,DD,20,False,False
1992-009,1992,7,BOB,,1992-11-16 12:00:00,1992-11-16 12:00:00,13.5,74.5,,1000.0,30.0,6.0,1006.0,6.0,DD,21,False,False
1992-009,1992,7,BOB,,1992-11-16 18:00:00,1992-11-16 18:00:00,13.5,74.5,,1002.0,30.0,6.0,1008.0,6.0,DD,22,False,False
1992-009,1992,7,BOB,,1992-11-17 00:00:00,1992-11-17 00:00:00,14.0,74.5,,1000.0,30.0,6.0,1006.0,6.0,DD,23,False,False
1992-009,1992,7,BOB,,1992-11-17 06:00:00,1992-11-17 06:00:00,14.5,74.5,,1002.0,25.0,4.0,1006.0,5.0,D,24,False,False
1992-010,1992,8,BOB,,1992-11-16 06:00:00,1992-11-16 06:00:00,9.5,95.5,1.5,1004.0,25.0,4.0,1008.0,4.0,D,0,False,False
1992-010,1992,8,BOB,,1992-11-16 12:00:00,1992-11-16 12:00:00,9.5,94.5,1.5,1002.0,25.0,4.0,1006.0,5.0,D,1,False,False
1992-010,1992,8,BOB,,1992-11-16 18:00:00,1992-11-16 18:00:00,9.5,93.5,2.0,1000.0,30.0,6.0,1006.0,6.0,DD,2,False,False
1992-010,1992,8,BOB,,1992-11-17 00:00:00,1992-11-17 00:00:00,9.5,92.0,2.5,1000.0,35.0,8.0,1008.0,7.0,CS,3,False,False
1992-010,1992,8,BOB,,1992-11-17 06:00:00,1992-11-17 06:00:00,9.5,90.5,3.0,996.0,45.0,10.0,1006.0,8.0,CS,4,False,False
1992-010,1992,8,BOB,,1992-11-17 12:00:00,1992-11-17 12:00:00,10.0,90.0,3.5,990.0,55.0,16.0,1006.0,10.0,SCS,5,False,False
1992-010,1992,8,BOB,,1992-11-17 18:00:00,1992-11-17 18:00:00,10.5,89.5,4.0,986.0,65.0,22.0,1008.0,10.0,VSCS,6,False,False
1992-010,1992,8,BOB,,1992-11-18 00:00:00,1992-11-18 00:00:00,11.0,88.5,4.5,978.0,77.0,30.0,1008.0,10.0,VSCS,7,False,False
1992-010,1992,8,BOB,,1992-11-18 06:00:00,1992-11-18 06:00:00,12.0,87.8,4.5,976.0,77.0,30.0,1006.0,10.0,VSCS,8,False,False
1992-010,1992,8,BOB,,1992-11-18 12:00:00,1992-11-18 12:00:00,13.5,87.5,4.5,974.0,77.0,30.0,1004.0,10.0,VSCS,9,False,False
1992-010,1992,8,BOB,,1992-11-18 18:00:00,1992-11-18 18:00:00,14.5,87.5,4.5,974.0,77.0,30.0,1004.0,10.0,VSCS,10,False,False
1992-010,1992,8,BOB,,1992-11-19 00:00:00,1992-11-19 00:00:00,16.0,87.5,5.0,966.0,90.0,40.0,1006.0,10.0,ESCS,11,False,False
1992-010,1992,8,BOB,,1992-11-19 06:00:00,1992-11-19 06:00:00,16.5,87.5,5.5,952.0,102.0,52.0,1004.0,10.0,ESCS,12,False,False
1992-010,1992,8,BOB,,1992-11-19 12:00:00,1992-11-19 12:00:00,17.5,88.5,5.5,952.0,102.0,52.0,1004.0,10.0,ESCS,13,False,False
1992-010,1992,8,BOB,,1992-11-19 18:00:00,1992-11-19 18:00:00,18.0,88.5,5.5,954.0,102.0,52.0,1006.0,10.0,ESCS,14,False,False
1992-010,1992,8,BOB,,1992-11-20 00:00:00,1992-11-20 00:00:00,18.5,89.0,5.5,954.0,102.0,52.0,1006.0,10.0,ESCS,15,False,False
1992-010,1992,8,BOB,,1992-11-20 06:00:00,1992-11-20 06:00:00,19.0,89.5,5.5,956.0,102.0,52.0,1008.0,10.0,ESCS,16,False,False
1992-010,1992,8,BOB,,1992-11-20 12:00:00,1992-11-20 12:00:00,19.5,90.0,5.0,968.0,90.0,40.0,1008.0,9.0,ESCS,17,False,False
1992-010,1992,8,BOB,,1992-11-20 18:00:00,1992-11-20 18:00:00,19.5,91.0,5.0,972.0,90.0,40.0,1012.0,9.0,ESCS,18,False,False
1992-010,1992,8,BOB,,1992-11-21 00:00:00,1992-11-21 00:00:00,20.0,91.5,5.0,972.0,90.0,40.0,1012.0,8.0,ESCS,19,False,False
1992-010,1992,8,BOB,,1992-11-21 06:00:00,1992-11-21 06:00:00,20.0,92.5,3.0,1000.0,45.0,10.0,1010.0,7.0,CS,20,False,False
1992-010,1992,8,BOB,,1992-11-21 12:00:00,1992-11-21 12:00:00,20.5,93.5,,1000.0,35.0,8.0,1008.0,6.0,CS,21,False,False
1992-011,1992,3,ARB,,1992-01-12 00:00:00,1992-12-01 00:00:00,6.0,76.5,1.5,,25.0,,,,D,0,False,True
1992-011,1992,3,ARB,,1992-01-12 06:00:00,1992-12-01 06:00:00,6.0,76.5,1.5,,25.0,,,,D,1,False,True
1992-011,1992,3,ARB,,1992-01-12 12:00:00,1992-12-01 12:00:00,5.5,76.5,1.5,,25.0,,,,D,2,False,True
1992-011,1992,3,ARB,,1992-01-12 18:00:00,1992-12-01 18:00:00,5.5,76.5,1.5,,25.0,,,,D,3,False,True
1992-011,1992,3,ARB,,1992-02-12 00:00:00,1992-12-02 00:00:00,5.5,76.5,1.5,,25.0,,,,D,4,False,True
1992-012,1992,4,ARB,,1992-12-21 00:00:00,1992-12-21 00:00:00,5.5,69.0,,1010.0,,2.0,,,,0,False,False
1992-012,1992,4,ARB,,1992-12-21 06:00:00,1992-12-21 06:00:00,5.5,67.0,2.0,1006.0,30.0,6.0,,,DD,1,False,False
1992-012,1992,4,ARB,,1992-12-21 12:00:00,1992-12-21 12:00:00,5.5,65.5,2.0,1004.0,30.0,6.0,,,DD,2,False,False
1992-012,1992,4,ARB,,1992-12-21 18:00:00,1992-12-21 18:00:00,5.7,64.0,2.0,1004.0,30.0,6.0,,,DD,3,False,False
1992-012,1992,4,ARB,,1992-12-22 00:00:00,1992-12-22 00:00:00,6.0,62.0,2.0,1004.0,30.0,6.0,,,DD,4,False,False
1992-012,1992,4,ARB,,1992-12-22 06:00:00,1992-12-22 06:00:00,6.2,61.0,2.0,1004.0,30.0,6.0,,,DD,5,False,False
1992-012,1992,4,ARB,,1992-12-22 12:00:00,1992-12-22 12:00:00,6.5,60.0,2.0,1004.0,30.0,6.0,,,DD,6,False,False
1992-012,1992,4,ARB,,1992-12-22 18:00:00,1992-12-22 18:00:00,6.5,59.0,2.0,1004.0,30.0,6.0,,,DD,7,False,False
1992-012,1992,4,ARB,,1992-12-23 00:00:00,1992-12-23 00:00:00,6.7,58.0,2.0,1002.0,30.0,8.0,,,DD,8,False,False
1992-012,1992,4,ARB,,1992-12-23 06:00:00,1992-12-23 06:00:00,7.5,55.5,2.0,1002.0,30.0,8.0,,,DD,9,False,False
1992-012,1992,4,ARB,,1992-12-23 12:00:00,1992-12-23 12:00:00,7.5,54.5,2.0,1002.0,30.0,8.0,,,DD,10,False,False
1992-012,1992,4,ARB,,1992-12-23 18:00:00,1992-12-23 18:00:00,7.7,54.0,2.0,1002.0,30.0,8.0,,,DD,11,False,False
1992-012,1992,4,ARB,,1992-12-24 00:00:00,1992-12-24 00:00:00,7.7,53.5,2.0,1002.0,30.0,8.0,,,DD,12,False,False
1992-012,1992,4,ARB,,1992-12-24 06:00:00,1992-12-24 06:00:00,8.0,51.5,2.0,1002.0,30.0,8.0,,,DD,13,False,False
1992-012,1992,4,ARB,,1992-12-24 12:00:00,1992-12-24 12:00:00,8.5,50.0,1.5,1004.0,25.0,6.0,,,D,14,False,False
1993-001,1993,1,ARB,,1993-11-12 03:00:00,1993-11-12 03:00:00,11.5,69.0,1.5,1004.0,25.0,4.0,1008.0,6.0,D,0,False,False
1993-001,1993,1,ARB,,1993-11-12 06:00:00,1993-11-12 06:00:00,12.0,68.5,1.5,1004.0,25.0,4.0,1008.0,6.0,D,1,False,False
1993-001,1993,1,ARB,,1993-11-12 12:00:00,1993-11-12 12:00:00,14.0,67.5,2.0,1002.0,30.0,6.0,1008.0,7.0,DD,2,False,False
1993-001,1993,1,ARB,,1993-11-12 18:00:00,1993-11-12 18:00:00,14.0,66.5,2.0,1002.0,30.0,6.0,1008.0,7.0,DD,3,False,False
1993-001,1993,1,ARB,,1993-11-13 00:00:00,1993-11-13 00:00:00,15.0,65.5,2.5,1000.0,35.0,8.0,1008.0,8.0,CS,4,False,False
1993-001,1993,1,ARB,,1993-11-13 03:00:00,1993-11-13 03:00:00,16.0,65.0,3.0,1000.0,45.0,10.0,1010.0,8.0,CS,5,False,False
1993-001,1993,1,ARB,,1993-11-13 06:00:00,1993-11-13 06:00:00,16.5,64.5,3.0,1000.0,45.0,10.0,1010.0,10.0,CS,6,False,False
1993-001,1993,1,ARB,,1993-11-13 12:00:00,1993-11-13 12:00:00,17.5,64.5,3.0,998.0,45.0,10.0,1008.0,10.0,CS,7,False,False
1993-001,1993,1,ARB,,1993-11-13 18:00:00,1993-11-13 18:00:00,18.5,64.5,3.0,1000.0,45.0,10.0,1010.0,10.0,CS,8,False,False
1993-001,1993,1,ARB,,1993-11-14 00:00:00,1993-11-14 00:00:00,19.5,64.5,3.0,1000.0,45.0,10.0,1010.0,10.0,CS,9,False,False
1993-001,1993,1,ARB,,1993-11-14 03:00:00,1993-11-14 03:00:00,20.0,64.5,3.0,998.0,45.0,10.0,1008.0,10.0,CS,10,False,False
1993-001,1993,1,ARB,,1993-11-14 06:00:00,1993-11-14 06:00:00,20.0,64.5,3.5,992.0,55.0,16.0,1008.0,10.0,SCS,11,False,False
1993-001,1993,1,ARB,,1993-11-14 12:00:00,1993-11-14 12:00:00,20.5,64.5,4.0,986.0,65.0,22.0,1008.0,10.0,VSCS,12,False,False
1993-001,1993,1,ARB,,1993-11-14 18:00:00,1993-11-14 18:00:00,21.5,65.5,4.0,988.0,65.0,22.0,1010.0,10.0,VSCS,13,False,False
1993-001,1993,1,ARB,,1993-11-15 00:00:00,1993-11-15 00:00:00,22.5,67.0,3.5,998.0,55.0,14.0,1012.0,8.0,SCS,14,False,False
1993-001,1993,1,ARB,,1993-11-15 03:00:00,1993-11-15 03:00:00,23.5,67.5,3.0,1002.0,45.0,10.0,1012.0,8.0,CS,15,False,False
1993-001,1993,1,ARB,,1993-11-15 06:00:00,1993-11-15 06:00:00,23.5,67.5,,1004.0,35.0,8.0,1012.0,7.0,CS,16,False,False
1993-001,1993,1,ARB,,1993-11-15 12:00:00,1993-11-15 12:00:00,23.5,67.5,,1004.0,30.0,6.0,1010.0,6.0,CS,17,False,False
1993-001,1993,1,ARB,,1993-11-15 18:00:00,1993-11-15 18:00:00,23.5,67.5,,1004.0,30.0,6.0,1010.0,5.0,CS,18,False,False
1993-002,1993,2,ARB,,1993-11-08 03:00:00,1993-11-08 03:00:00,6.5,78.5,1.5,1000.0,25.0,4.0,1004.0,5.0,D,0,False,False
1993-002,1993,2,ARB,,1993-11-08 06:00:00,1993-11-08 06:00:00,6.5,78.5,1.5,1000.0,25.0,4.0,1004.0,5.0,D,1,False,False
1993-002,1993,2,ARB,,1993-11-08 12:00:00,1993-11-08 12:00:00,7.0,78.5,1.5,1000.0,25.0,4.0,1004.0,5.0,D,2,False,False
1993-002,1993,2,ARB,,1993-11-08 18:00:00,1993-11-08 18:00:00,7.5,78.5,1.5,1002.0,25.0,4.0,1006.0,5.0,D,3,False,False
1993-002,1993,2,ARB,,1993-11-09 00:00:00,1993-11-09 00:00:00,8.5,78.5,,1000.0,25.0,4.0,1004.0,5.0,D,4,False,False
1993-002,1993,2,ARB,,1993-11-09 03:00:00,1993-11-09 03:00:00,9.0,78.5,,1000.0,25.0,4.0,1004.0,5.0,D,5,False,False
1993-002,1993,2,ARB,,1993-11-09 06:00:00,1993-11-09 06:00:00,9.0,78.0,,1000.0,25.0,4.0,1004.0,5.0,D,6,False,False
1993-002,1993,2,ARB,,1993-11-09 12:00:00,1993-11-09 12:00:00,9.0,77.5,,998.0,25.0,4.0,1002.0,5.0,D,7,False,False
1993-002,1993,2,ARB,,1993-11-09 18:00:00,1993-11-09 18:00:00,9.0,77.0,,1000.0,25.0,4.0,1004.0,5.0,D,8,False,False
1993-003,1993,1,BOB,,1993-12-01 06:00:00,1993-12-01 06:00:00,7.0,91.0,1.5,1002.0,25.0,4.0,1006.0,5.0,D,0,False,False
1993-003,1993,1,BOB,,1993-12-01 12:00:00,1993-12-01 12:00:00,8.0,89.0,2.0,1000.0,30.0,6.0,1006.0,5.0,DD,1,False,False
1993-003,1993,1,BOB,,1993-12-01 18:00:00,1993-12-01 18:00:00,8.0,88.0,2.0,1002.0,30.0,6.0,1008.0,6.0,DD,2,False,False
1993-003,1993,1,BOB,,1993-12-02 00:00:00,1993-12-02 00:00:00,8.0,87.5,2.0,1002.0,30.0,6.0,1008.0,6.0,DD,3,False,False
1993-003,1993,1,BOB,,1993-12-02 03:00:00,1993-12-02 03:00:00,8.0,87.0,2.0,1000.0,30.0,6.0,1006.0,6.0,DD,4,False,False
1993-003,1993,1,BOB,,1993-12-02 06:00:00,1993-12-02 06:00:00,8.5,86.5,2.5,1002.0,30.0,6.0,1008.0,6.0,DD,5,False,False
1993-003,1993,1,BOB,,1993-12-02 12:00:00,1993-12-02 12:00:00,9.0,85.5,3.0,996.0,45.0,10.0,1006.0,8.0,CS,6,False,False
1993-003,1993,1,BOB,,1993-12-02 18:00:00,1993-12-02 18:00:00,9.0,85.0,3.0,996.0,45.0,10.0,1006.0,8.0,CS,7,False,False
1993-003,1993,1,BOB,,1993-12-03 00:00:00,1993-12-03 00:00:00,9.5,84.5,3.0,994.0,45.0,10.0,1004.0,8.0,CS,8,False,False
1993-003,1993,1,BOB,,1993-12-03 03:00:00,1993-12-03 03:00:00,9.5,83.5,3.5,988.0,55.0,16.0,1004.0,8.0,SCS,9,False,False
1993-003,1993,1,BOB,,1993-12-03 06:00:00,1993-12-03 06:00:00,9.5,83.0,3.5,988.0,55.0,16.0,1004.0,8.0,SCS,10,False,False
1993-003,1993,1,BOB,,1993-12-03 12:00:00,1993-12-03 12:00:00,10.0,82.0,4.0,982.0,65.0,22.0,1004.0,8.0,VSCS,11,False,False
1993-003,1993,1,BOB,,1993-12-03 18:00:00,1993-12-03 18:00:00,10.5,81.5,4.0,982.0,65.0,22.0,1004.0,8.0,VSCS,12,False,False
1993-003,1993,1,BOB,,1993-12-04 00:00:00,1993-12-04 00:00:00,10.8,80.8,4.5,976.0,77.0,30.0,1006.0,8.0,VSCS,13,False,False
1993-003,1993,1,BOB,,1993-12-04 03:00:00,1993-12-04 03:00:00,11.0,80.0,4.5,976.0,77.0,30.0,1006.0,8.0,VSCS,14,False,False
1993-003,1993,1,BOB,,1993-12-04 06:00:00,1993-12-04 06:00:00,11.5,79.0,5.0,968.0,90.0,40.0,1008.0,8.0,ESCS,15,False,False
1993-003,1993,1,BOB,,1993-12-04 12:00:00,1993-12-04 12:00:00,12.0,78.5,,998.0,30.0,6.0,1004.0,6.0,DD,16,False,False
1993-004,1993,2,BOB,,1993-12-19 00:00:00,1993-12-19 00:00:00,8.5,83.5,1.5,1008.0,25.0,4.0,1012.0,5.0,D,0,False,False
1993-004,1993,2,BOB,,1993-12-19 03:00:00,1993-12-19 03:00:00,8.5,83.5,1.5,1008.0,25.0,4.0,1012.0,5.0,D,1,False,False
1993-004,1993,2,BOB,,1993-12-19 06:00:00,1993-12-19 06:00:00,9.0,82.5,1.5,1008.0,25.0,4.0,1012.0,5.0,D,2,False,False
1993-004,1993,2,BOB,,1993-12-19 12:00:00,1993-12-19 12:00:00,9.5,82.0,1.5,1006.0,30.0,6.0,1012.0,5.0,DD,3,False,False
1993-004,1993,2,BOB,,1993-12-19 18:00:00,1993-12-19 18:00:00,10.0,81.0,1.5,1008.0,30.0,6.0,1014.0,5.0,DD,4,False,False
1993-004,1993,2,BOB,,1993-12-20 00:00:00,1993-12-20 00:00:00,10.5,80.5,1.5,1008.0,25.0,4.0,1012.0,5.0,D,5,False,False
1993-004,1993,2,BOB,,1993-12-20 03:00:00,1993-12-20 03:00:00,11.0,80.5,1.5,1008.0,25.0,4.0,1012.0,5.0,D,6,False,False
1993-004,1993,2,BOB,,1993-12-20 06:00:00,1993-12-20 06:00:00,11.0,80.5,1.5,1008.0,25.0,4.0,1012.0,5.0,D,7,False,False
1993-004,1993,2,BOB,,1993-12-20 09:00:00,1993-12-20 09:00:00,11.0,80.5,1.5,1008.0,25.0,4.0,1012.0,4.0,D,8,False,False
1994-001,1994,1,BOB,,1994-03-21 12:00:00,1994-03-21 12:00:00,9.0,90.5,1.5,,25.0,,,,,0,False,False
1994-001,1994,1,BOB,,1994-03-21 18:00:00,1994-03-21 18:00:00,10.0,90.0,1.5,,25.0,,,,,1,False,False
1994-001,1994,1,BOB,,1994-03-22 00:00:00,1994-03-22 00:00:00,11.5,89.5,1.5,,25.0,,,,,2,False,False
1994-001,1994,1,BOB,,1994-03-22 06:00:00,1994-03-22 06:00:00,12.5,90.5,1.5,,25.0,,,,,3,False,False
1994-001,1994,1,BOB,,1994-03-22 12:00:00,1994-03-22 12:00:00,13.0,90.5,1.5,,25.0,,,,,4,False,False
1994-001,1994,1,BOB,,1994-03-22 18:00:00,1994-03-22 18:00:00,13.0,90.5,1.5,,25.0,,,,,5,False,False
1994-001,1994,1,BOB,,1994-03-23 00:00:00,1994-03-23 00:00:00,13.5,91.0,1.5,,25.0,,,,,6,False,False
1994-001,1994,1,BOB,,1994-03-23 06:00:00,1994-03-23 06:00:00,13.5,91.0,1.5,,25.0,,,,,7,False,False
1994-001,1994,1,BOB,,1994-03-23 12:00:00,1994-03-23 12:00:00,13.5,91.5,1.5,,25.0,,,,,8,False,False
1994-001,1994,1,BOB,,1994-03-23 18:00:00,1994-03-23 18:00:00,13.5,91.5,1.5,,25.0,,,,,9,False,False
1994-001,1994,1,BOB,,1994-03-24 00:00:00,1994-03-24 00:00:00,14.0,92.0,1.5,,25.0,,,,,10,False,False
1994-001,1994,1,BOB,,1994-03-24 06:00:00,1994-03-24 06:00:00,14.0,92.5,1.5,,25.0,,,,,11,False,False
1994-002,1994,2,BOB,,1994-04-29 00:00:00,1994-04-29 00:00:00,8.5,92.0,1.5,1002.0,25.0,4.0,1006.0,4.0,D,0,False,False
1994-002,1994,2,BOB,,1994-04-29 03:00:00,1994-04-29 03:00:00,9.0,91.5,2.0,1001.0,30.0,5.0,1006.0,4.0,DD,1,False,False
1994-002,1994,2,BOB,,1994-04-29 06:00:00,1994-04-29 06:00:00,9.3,91.3,2.0,1001.0,30.0,5.0,1006.0,4.0,DD,2,False,False
1994-002,1994,2,BOB,,1994-04-29 12:00:00,1994-04-29 12:00:00,10.0,91.0,2.5,998.0,35.0,8.0,1006.0,5.0,CS,3,False,False
1994-002,1994,2,BOB,,1994-04-29 18:00:00,1994-04-29 18:00:00,10.4,90.7,3.0,994.0,45.0,10.0,1004.0,5.0,CS,4,False,False
1994-002,1994,2,BOB,,1994-04-30 00:00:00,1994-04-30 00:00:00,10.8,90.6,3.0,994.0,45.0,10.0,1004.0,5.0,CS,5,False,False
1994-002,1994,2,BOB,,1994-04-30 03:00:00,1994-04-30 03:00:00,11.0,90.5,3.0,994.0,45.0,10.0,1004.0,5.0,CS,6,False,False
1994-002,1994,2,BOB,,1994-04-30 06:00:00,1994-04-30 06:00:00,11.5,90.4,3.0,994.0,45.0,10.0,1004.0,5.0,CS,7,False,False
1994-002,1994,2,BOB,,1994-04-30 12:00:00,1994-04-30 12:00:00,12.0,90.5,3.5,988.0,55.0,16.0,1004.0,5.0,SCS,8,False,False
1994-002,1994,2,BOB,,1994-04-30 18:00:00,1994-04-30 18:00:00,13.0,90.2,3.5,988.0,55.0,16.0,1004.0,5.0,SCS,9,False,False
1994-002,1994,2,BOB,,1994-05-01 00:00:00,1994-05-01 00:00:00,13.5,90.1,3.5,986.0,60.0,18.0,1004.0,6.0,VSCS,10,False,False
1994-002,1994,2,BOB,,1994-05-01 03:00:00,1994-05-01 03:00:00,14.0,90.0,3.5,986.0,60.0,18.0,1004.0,6.0,VSCS,11,False,False
1994-002,1994,2,BOB,,1994-05-01 06:00:00,1994-05-01 06:00:00,15.0,90.1,3.5,986.0,60.0,18.0,1004.0,6.0,VSCS,12,False,False
1994-002,1994,2,BOB,,1994-05-01 12:00:00,1994-05-01 12:00:00,16.0,90.4,4.5,972.0,77.0,32.0,1004.0,6.0,VSCS,13,False,False
1994-002,1994,2,BOB,,1994-05-01 18:00:00,1994-05-01 18:00:00,17.0,90.5,5.0,962.0,90.0,42.0,1004.0,6.0,ESCS,14,False,False
1994-002,1994,2,BOB,,1994-05-02 00:00:00,1994-05-02 00:00:00,18.5,91.2,5.5,952.0,102.0,52.0,1004.0,7.0,ESCS,15,False,False
1994-002,1994,2,BOB,,1994-05-02 03:00:00,1994-05-02 03:00:00,19.0,91.4,5.5,952.0,102.0,54.0,1006.0,6.0,ESCS,16,False,False
1994-002,1994,2,BOB,,1994-05-02 06:00:00,1994-05-02 06:00:00,19.5,91.5,5.5,948.0,102.0,58.0,1006.0,6.0,ESCS,17,False,False
1994-002,1994,2,BOB,,1994-05-02 12:00:00,1994-05-02 12:00:00,20.6,92.0,6.0,940.0,115.0,66.0,1006.0,6.0,ESCS,18,False,False
1994-002,1994,2,BOB,,1994-05-02 17:00:00,1994-05-02 17:00:00,21.5,92.5,,,,,,,,19,False,False
1994-003,1994,1,ARB,,1994-06-05 18:00:00,1994-06-05 18:00:00,16.0,72.5,1.5,992.0,25.0,4.0,996.0,3.0,D,0,False,False
1994-003,1994,1,ARB,,1994-06-06 00:00:00,1994-06-06 00:00:00,16.5,72.0,1.5,992.0,25.0,4.0,996.0,3.0,D,1,False,False
1994-003,1994,1,ARB,,1994-06-06 03:00:00,1994-06-06 03:00:00,17.5,71.5,2.0,991.0,30.0,5.0,996.0,3.0,DD,2,False,False
1994-003,1994,1,ARB,,1994-06-06 06:00:00,1994-06-06 06:00:00,17.5,71.5,2.0,990.0,30.0,6.0,996.0,3.0,DD,3,False,False
1994-003,1994,1,ARB,,1994-06-06 12:00:00,1994-06-06 12:00:00,18.0,70.5,2.5,988.0,35.0,8.0,996.0,4.0,CS,4,False,False
1994-003,1994,1,ARB,,1994-06-06 18:00:00,1994-06-06 18:00:00,19.0,69.0,2.5,988.0,35.0,8.0,996.0,4.0,CS,5,False,False
1994-003,1994,1,ARB,,1994-06-07 00:00:00,1994-06-07 00:00:00,19.5,67.4,2.5,988.0,35.0,8.0,996.0,5.0,CS,6,False,False
1994-003,1994,1,ARB,,1994-06-07 03:00:00,1994-06-07 03:00:00,19.5,66.5,2.5,988.0,35.0,8.0,996.0,5.0,CS,7,False,False
1994-003,1994,1,ARB,,1994-06-07 06:00:00,1994-06-07 06:00:00,19.5,65.0,3.0,986.0,45.0,10.0,996.0,6.0,CS,8,False,False
1994-003,1994,1,ARB,,1994-06-07 12:00:00,1994-06-07 12:00:00,19.5,64.0,3.5,980.0,55.0,16.0,996.0,6.0,SCS,9,False,False
1994-003,1994,1,ARB,,1994-06-07 18:00:00,1994-06-07 18:00:00,19.5,63.0,3.0,984.0,45.0,12.0,996.0,6.0,CS,10,False,False
1994-003,1994,1,ARB,,1994-06-08 00:00:00,1994-06-08 00:00:00,19.5,62.0,2.5,988.0,35.0,8.0,996.0,5.0,CS,11,False,False
1994-003,1994,1,ARB,,1994-06-08 03:00:00,1994-06-08 03:00:00,19.5,61.5,2.5,988.0,35.0,8.0,996.0,4.0,CS,12,False,False
1994-003,1994,1,ARB,,1994-06-08 06:00:00,1994-06-08 06:00:00,19.5,61.5,2.5,988.0,35.0,8.0,996.0,4.0,CS,13,False,False
1994-003,1994,1,ARB,,1994-06-08 12:00:00,1994-06-08 12:00:00,19.5,61.0,2.0,990.0,30.0,6.0,996.0,4.0,DD,14,False,False
1994-003,1994,1,ARB,,1994-06-08 18:00:00,1994-06-08 18:00:00,19.5,60.5,2.0,990.0,30.0,6.0,996.0,3.0,DD,15,False,False
1994-003,1994,1,ARB,,1994-06-09 00:00:00,1994-06-09 00:00:00,19.5,60.0,1.5,990.0,25.0,4.0,994.0,3.0,D,16,False,False
1994-003,1994,1,ARB,,1994-06-09 03:00:00,1994-06-09 03:00:00,19.5,59.5,1.5,990.0,25.0,4.0,994.0,3.0,D,17,False,False
1994-003,1994,1,ARB,,1994-06-09 06:00:00,1994-06-09 06:00:00,20.0,59.0,1.5,990.0,25.0,4.0,994.0,3.0,D,18,False,False
1994-004,1994,3,BOB,,1994-10-29 03:00:00,1994-10-29 03:00:00,9.5,85.0,1.5,1006.0,25.0,4.0,1010.0,4.0,D,0,False,False
1994-004,1994,3,BOB,,1994-10-29 06:00:00,1994-10-29 06:00:00,10.0,84.5,1.5,1004.0,25.0,4.0,1008.0,4.0,D,1,False,False
1994-004,1994,3,BOB,,1994-10-29 12:00:00,1994-10-29 12:00:00,10.5,84.5,2.0,1003.0,30.0,5.0,1008.0,4.0,DD,2,False,False
1994-004,1994,3,BOB,,1994-10-29 18:00:00,1994-10-29 18:00:00,11.0,84.0,2.0,1005.0,30.0,5.0,1010.0,4.0,DD,3,False,False
1994-004,1994,3,BOB,,1994-10-30 00:00:00,1994-10-30 00:00:00,11.5,83.0,2.0,1004.0,30.0,6.0,1010.0,4.0,DD,4,False,False
1994-004,1994,3,BOB,,1994-10-30 03:00:00,1994-10-30 03:00:00,12.0,82.0,2.5,1002.0,35.0,8.0,1010.0,4.0,CS,5,False,False
1994-004,1994,3,BOB,,1994-10-30 06:00:00,1994-10-30 06:00:00,12.2,81.5,3.0,1000.0,45.0,10.0,1010.0,4.0,CS,6,False,False
1994-004,1994,3,BOB,,1994-10-30 12:00:00,1994-10-30 12:00:00,12.3,81.0,3.5,992.0,55.0,16.0,1008.0,4.0,SCS,7,False,False
1994-004,1994,3,BOB,,1994-10-30 18:00:00,1994-10-30 18:00:00,12.7,80.5,3.5,990.0,60.0,18.0,1008.0,4.0,SCS,8,False,False
1994-004,1994,3,BOB,,1994-10-31 00:00:00,1994-10-31 00:00:00,13.0,80.3,3.5,988.0,60.0,20.0,1008.0,5.0,SCS,9,False,False
1994-004,1994,3,BOB,,1994-10-31 03:00:00,1994-10-31 03:00:00,13.2,80.0,,,55.0,,,,SCS,10,False,False
1994-004,1994,3,BOB,,1994-10-31 06:00:00,1994-10-31 06:00:00,13.6,79.5,,,35.0,,,,CS,11,False,False
1994-004,1994,3,BOB,,1994-10-31 12:00:00,1994-10-31 12:00:00,14.0,78.5,,,30.0,,,,DD,12,False,False
1994-004,1994,3,BOB,,1994-10-31 18:00:00,1994-10-31 18:00:00,14.5,78.0,,,,,,,,13,False,False
1994-005,1994,2,ARB,,1994-11-15 03:00:00,1994-11-15 03:00:00,9.0,65.5,1.5,1004.0,25.0,4.0,1008.0,3.0,D,0,False,False
1994-005,1994,2,ARB,,1994-11-15 06:00:00,1994-11-15 06:00:00,9.0,65.5,1.5,1006.0,25.0,4.0,1010.0,3.0,D,1,False,False
1994-005,1994,2,ARB,,1994-11-15 12:00:00,1994-11-15 12:00:00,9.0,65.5,1.5,1006.0,25.0,4.0,1010.0,3.0,D,2,False,False
1994-005,1994,2,ARB,,1994-11-15 18:00:00,1994-11-15 18:00:00,9.2,65.0,1.5,1006.0,25.0,4.0,1010.0,3.0,D,3,False,False
1994-005,1994,2,ARB,,1994-11-16 00:00:00,1994-11-16 00:00:00,9.5,64.5,1.5,1006.0,25.0,4.0,1010.0,3.0,D,4,False,False
1994-005,1994,2,ARB,,1994-11-16 03:00:00,1994-11-16 03:00:00,9.5,64.0,2.0,1004.0,30.0,6.0,1010.0,3.0,DD,5,False,False
1994-005,1994,2,ARB,,1994-11-16 06:00:00,1994-11-16 06:00:00,9.5,64.0,2.0,1002.0,30.0,6.0,1008.0,3.0,DD,6,False,False
1994-005,1994,2,ARB,,1994-11-16 12:00:00,1994-11-16 12:00:00,9.5,64.0,2.5,1000.0,35.0,8.0,1008.0,3.0,CS,7,False,False
1994-005,1994,2,ARB,,1994-11-16 18:00:00,1994-11-16 18:00:00,9.5,64.0,2.5,998.0,40.0,8.0,1006.0,4.0,CS,8,False,False
1994-005,1994,2,ARB,,1994-11-17 00:00:00,1994-11-17 00:00:00,9.5,63.5,2.5,998.0,40.0,8.0,1006.0,4.0,CS,9,False,False
1994-005,1994,2,ARB,,1994-11-17 03:00:00,1994-11-17 03:00:00,9.0,63.0,2.5,998.0,40.0,8.0,1006.0,4.0,CS,10,False,False
1994-005,1994,2,ARB,,1994-11-17 06:00:00,1994-11-17 06:00:00,9.0,62.0,2.5,998.0,35.0,8.0,1006.0,4.0,CS,11,False,False
1994-005,1994,2,ARB,,1994-11-17 12:00:00,1994-11-17 12:00:00,8.5,61.0,2.5,998.0,35.0,8.0,1006.0,4.0,CS,12,False,False
1994-005,1994,2,ARB,,1994-11-17 18:00:00,1994-11-17 18:00:00,8.0,60.5,2.5,998.0,35.0,8.0,1006.0,4.0,CS,13,False,False
1994-005,1994,2,ARB,,1994-11-18 00:00:00,1994-11-18 00:00:00,8.0,60.0,2.5,998.0,40.0,8.0,1006.0,4.0,CS,14,False,False
1994-005,1994,2,ARB,,1994-11-18 03:00:00,1994-11-18 03:00:00,8.0,60.0,2.5,998.0,40.0,8.0,1006.0,4.0,CS,15,False,False
1994-005,1994,2,ARB,,1994-11-18 06:00:00,1994-11-18 06:00:00,8.0,58.0,2.5,998.0,40.0,8.0,1006.0,4.0,CS,16,False,False
1994-005,1994,2,ARB,,1994-11-18 12:00:00,1994-11-18 12:00:00,8.0,57.0,2.5,998.0,40.0,8.0,1006.0,4.0,CS,17,False,False
1994-005,1994,2,ARB,,1994-11-18 18:00:00,1994-11-18 18:00:00,8.0,56.5,3.0,996.0,45.0,10.0,1006.0,5.0,CS,18,False,False
1994-005,1994,2,ARB,,1994-11-19 00:00:00,1994-11-19 00:00:00,8.0,54.5,3.5,990.0,55.0,16.0,1006.0,5.0,SCS,19,False,False
1994-005,1994,2,ARB,,1994-11-19 03:00:00,1994-11-19 03:00:00,8.0,54.0,4.0,984.0,65.0,22.0,1006.0,5.0,VSCS,20,False,False
1994-005,1994,2,ARB,,1994-11-19 06:00:00,1994-11-19 06:00:00,8.0,53.0,4.0,984.0,65.0,22.0,1006.0,5.0,VSCS,21,False,False
1994-005,1994,2,ARB,,1994-11-19 12:00:00,1994-11-19 12:00:00,8.0,51.0,3.5,990.0,55.0,16.0,1006.0,5.0,SCS,22,False,False
1994-005,1994,2,ARB,,1994-11-19 18:00:00,1994-11-19 18:00:00,8.0,50.5,3.0,994.0,45.0,12.0,1006.0,4.0,CS,23,False,False
1994-005,1994,2,ARB,,1994-11-20 00:00:00,1994-11-20 00:00:00,8.0,50.0,2.5,996.0,35.0,8.0,1004.0,3.0,CS,24,False,False
1994-005,1994,2,ARB,,1994-11-20 03:00:00,1994-11-20 03:00:00,8.0,49.5,,,35.0,,,,CS,25,False,False
1995-001,1995,1,BOB,,1995-05-05 21:00:00,1995-05-05 21:00:00,11.0,80.5,1.5,998.0,25.0,4.0,1002.0,3.0,D,0,False,False
1995-001,1995,1,BOB,,1995-05-06 00:00:00,1995-05-06 00:00:00,11.5,80.5,1.5,998.0,25.0,4.0,1002.0,3.0,D,1,False,False
1995-001,1995,1,BOB,,1995-05-06 03:00:00,1995-05-06 03:00:00,11.5,80.5,1.5,998.0,25.0,4.0,1002.0,3.0,D,2,False,False
1995-001,1995,1,BOB,,1995-05-06 06:00:00,1995-05-06 06:00:00,11.5,80.5,1.5,997.0,25.0,5.0,1002.0,3.0,D,3,False,False
1995-001,1995,1,BOB,,1995-05-06 09:00:00,1995-05-06 09:00:00,11.5,80.0,2.0,996.0,30.0,6.0,1002.0,3.0,DD,4,False,False
1995-001,1995,1,BOB,,1995-05-06 12:00:00,1995-05-06 12:00:00,12.0,79.5,,,,,,,D,5,False,False
1995-001,1995,1,BOB,,1995-05-06 18:00:00,1995-05-06 18:00:00,12.5,78.5,,,,,,,D,6,False,False
1995-002,1995,2,BOB,,1995-05-08 09:00:00,1995-05-08 09:00:00,14.5,81.5,1.5,998.0,25.0,4.0,1002.0,3.0,D,0,False,False
1995-002,1995,2,BOB,,1995-05-08 12:00:00,1995-05-08 12:00:00,15.0,81.5,1.5,998.0,25.0,4.0,1002.0,3.0,D,1,False,False
1995-002,1995,2,BOB,,1995-05-08 18:00:00,1995-05-08 18:00:00,15.5,81.5,1.5,998.0,25.0,4.0,1002.0,3.0,D,2,False,False
1995-002,1995,2,BOB,,1995-05-09 00:00:00,1995-05-09 00:00:00,15.5,81.5,1.5,998.0,25.0,4.0,1002.0,3.0,D,3,False,False
1995-002,1995,2,BOB,,1995-05-09 03:00:00,1995-05-09 03:00:00,16.0,82.5,1.5,998.0,25.0,4.0,1002.0,4.0,D,4,False,False
1995-002,1995,2,BOB,,1995-05-09 06:00:00,1995-05-09 06:00:00,16.5,82.5,1.5,997.0,25.0,5.0,1002.0,4.0,D,5,False,False
1995-002,1995,2,BOB,,1995-05-09 09:00:00,1995-05-09 09:00:00,16.5,82.5,2.0,996.0,30.0,6.0,1002.0,4.0,DD,6,False,False
1995-002,1995,2,BOB,,1995-05-09 12:00:00,1995-05-09 12:00:00,16.5,82.5,2.0,996.0,30.0,6.0,1002.0,4.0,DD,7,False,False
1995-002,1995,2,BOB,,1995-05-09 18:00:00,1995-05-09 18:00:00,17.5,82.5,,,30.0,,,,DD,8,False,False
1995-002,1995,2,BOB,,1995-05-10 00:00:00,1995-05-10 00:00:00,18.0,82.5,,,25.0,,,,D,9,False,False
1995-002,1995,2,BOB,,1995-05-10 03:00:00,1995-05-10 03:00:00,18.5,82.5,,,25.0,,,,D,10,False,False
1995-002,1995,2,BOB,,1995-05-10 06:00:00,1995-05-10 06:00:00,19.0,82.5,,,25.0,,,,D,11,False,False
1995-002,1995,2,BOB,,1995-05-10 09:00:00,1995-05-10 09:00:00,19.0,83.5,,,25.0,,,,D,12,False,False
1995-003,1995,3,BOB,,1995-05-14 18:00:00,1995-05-14 18:00:00,19.5,86.5,1.5,998.0,25.0,4.0,1002.0,3.0,D,0,False,False
1995-003,1995,3,BOB,,1995-05-15 00:00:00,1995-05-15 00:00:00,20.0,86.8,1.5,997.0,25.0,5.0,1002.0,3.0,D,1,False,False
1995-003,1995,3,BOB,,1995-05-15 03:00:00,1995-05-15 03:00:00,20.5,87.0,2.0,996.0,30.0,6.0,1002.0,4.0,DD,2,False,False
1995-003,1995,3,BOB,,1995-05-15 06:00:00,1995-05-15 06:00:00,21.0,87.3,2.0,996.0,30.0,6.0,1002.0,4.0,DD,3,False,False
1995-003,1995,3,BOB,,1995-05-15 12:00:00,1995-05-15 12:00:00,21.5,87.5,2.0,996.0,30.0,6.0,1002.0,4.0,DD,4,False,False
1995-003,1995,3,BOB,,1995-05-15 18:00:00,1995-05-15 18:00:00,21.5,88.0,2.0,996.0,30.0,6.0,1002.0,4.0,DD,5,False,False
1995-003,1995,3,BOB,,1995-05-16 00:00:00,1995-05-16 00:00:00,22.0,88.5,2.0,996.0,30.0,6.0,1002.0,4.0,DD,6,False,False
1995-003,1995,3,BOB,,1995-05-16 03:00:00,1995-05-16 03:00:00,22.0,88.5,2.0,996.0,30.0,6.0,1002.0,4.0,DD,7,False,False
1995-003,1995,3,BOB,,1995-05-16 06:00:00,1995-05-16 06:00:00,22.5,89.5,,,30.0,,,,DD,8,False,False
1995-003,1995,3,BOB,,1995-05-16 12:00:00,1995-05-16 12:00:00,23.0,89.5,,,30.0,,,,DD,9,False,False
1995-003,1995,3,BOB,,1995-05-16 18:00:00,1995-05-16 18:00:00,23.7,90.5,,,30.0,,,,DD,10,False,False
1995-003,1995,3,BOB,,1995-05-17 00:00:00,1995-05-17 00:00:00,24.0,91.0,,,30.0,,,,DD,11,False,False
1995-003,1995,3,BOB,,1995-05-17 03:00:00,1995-05-17 03:00:00,24.5,91.5,,,30.0,,,,DD,12,False,False
1995-003,1995,3,BOB,,1995-05-17 06:00:00,1995-05-17 06:00:00,25.0,92.0,,,25.0,,,,D,13,False,False
1995-003,1995,3,BOB,,1995-05-17 12:00:00,1995-05-17 12:00:00,25.5,92.5,,,25.0,,,,D,14,False,False
1995-003,1995,3,BOB,,1995-05-17 18:00:00,1995-05-17 18:00:00,26.0,93.0,,,25.0,,,,D,15,False,False
1995-003,1995,3,BOB,,1995-05-18 00:00:00,1995-05-18 00:00:00,26.0,93.0,,,,,,,D,16,False,False
1995-004,1995,4,BOB,,1995-09-16 03:00:00,1995-09-16 03:00:00,19.0,90.0,1.5,998.0,25.0,4.0,1002.0,3.0,D,0,False,False
1995-004,1995,4,BOB,,1995-09-16 06:00:00,1995-09-16 06:00:00,19.5,89.5,1.5,998.0,25.0,4.0,1002.0,3.0,D,1,False,False
1995-004,1995,4,BOB,,1995-09-16 12:00:00,1995-09-16 12:00:00,20.0,89.0,1.5,998.0,25.0,4.0,1002.0,3.0,D,2,False,False
1995-004,1995,4,BOB,,1995-09-16 18:00:00,1995-09-16 18:00:00,21.0,88.0,1.5,998.0,25.0,4.0,1002.0,4.0,D,3,False,False
1995-004,1995,4,BOB,,1995-09-17 00:00:00,1995-09-17 00:00:00,21.0,87.5,1.5,998.0,25.0,4.0,1002.0,4.0,D,4,False,False
1995-004,1995,4,BOB,,1995-09-17 03:00:00,1995-09-17 03:00:00,21.8,86.8,,,25.0,,,,D,5,False,False
1995-004,1995,4,BOB,,1995-09-17 06:00:00,1995-09-17 06:00:00,22.0,86.5,,,25.0,,,,D,6,False,False
1995-004,1995,4,BOB,,1995-09-17 12:00:00,1995-09-17 12:00:00,23.4,85.3,,,25.0,,,,D,7,False,False
1995-005,1995,5,BOB,,1995-09-26 03:00:00,1995-09-26 03:00:00,21.5,87.5,1.5,1000.0,25.0,4.0,1004.0,4.0,D,0,False,False
1995-005,1995,5,BOB,,1995-09-26 06:00:00,1995-09-26 06:00:00,21.8,87.0,,,,,,,D,1,False,False
1995-005,1995,5,BOB,,1995-09-26 12:00:00,1995-09-26 12:00:00,22.0,86.5,,,,,,,D,2,False,False
1995-005,1995,5,BOB,,1995-09-26 18:00:00,1995-09-26 18:00:00,22.5,86.0,,,,,,,D,3,False,False
1995-005,1995,5,BOB,,1995-09-27 00:00:00,1995-09-27 00:00:00,23.0,86.0,,,,,,,D,4,False,False
1995-005,1995,5,BOB,,1995-09-27 03:00:00,1995-09-27 03:00:00,23.0,86.0,,,,,,,D,5,False,False
1995-005,1995,5,BOB,,1995-09-27 06:00:00,1995-09-27 06:00:00,23.5,86.5,,,,,,,D,6,False,False
1995-005,1995,5,BOB,,1995-09-27 12:00:00,1995-09-27 12:00:00,24.0,87.0,,,,,,,D,7,False,False
1995-005,1995,5,BOB,,1995-09-27 18:00:00,1995-09-27 18:00:00,24.0,87.0,,,,,,,D,8,False,False
1995-005,1995,5,BOB,,1995-09-28 00:00:00,1995-09-28 00:00:00,24.0,87.0,,,,,,,D,9,False,False
1995-005,1995,5,BOB,,1995-09-28 03:00:00,1995-09-28 03:00:00,24.0,87.0,,,,,,,D,10,False,False
1995-006,1995,6,ARB,,1995-10-12 12:00:00,1995-10-12 12:00:00,16.5,70.0,1.5,1008.0,25.0,2.0,1010.0,3.0,D,0,False,False
1995-006,1995,6,ARB,,1995-10-12 18:00:00,1995-10-12 18:00:00,16.7,69.5,1.5,1007.0,25.0,3.0,1010.0,3.0,D,1,False,False
1995-006,1995,6,ARB,,1995-10-13 00:00:00,1995-10-13 00:00:00,17.0,69.0,1.5,1006.0,25.0,4.0,1010.0,4.0,D,2,False,False
1995-006,1995,6,ARB,,1995-10-13 03:00:00,1995-10-13 03:00:00,17.0,69.0,1.5,1006.0,25.0,4.0,1010.0,4.0,D,3,False,False
1995-006,1995,6,ARB,,1995-10-13 06:00:00,1995-10-13 06:00:00,17.0,69.0,1.5,1006.0,25.0,4.0,1010.0,4.0,D,4,False,False
1995-006,1995,6,ARB,,1995-10-13 12:00:00,1995-10-13 12:00:00,17.0,68.5,2.0,1004.0,30.0,6.0,1010.0,4.0,DD,5,False,False
1995-006,1995,6,ARB,,1995-10-13 18:00:00,1995-10-13 18:00:00,17.3,68.0,2.0,1004.0,30.0,6.0,1010.0,4.0,DD,6,False,False
1995-006,1995,6,ARB,,1995-10-14 00:00:00,1995-10-14 00:00:00,17.5,67.5,2.5,1000.0,35.0,8.0,1008.0,4.0,CS,7,False,False
1995-006,1995,6,ARB,,1995-10-14 03:00:00,1995-10-14 03:00:00,17.5,67.5,2.5,1000.0,35.0,8.0,1008.0,4.0,CS,8,False,False
1995-006,1995,6,ARB,,1995-10-14 06:00:00,1995-10-14 06:00:00,18.0,67.0,2.5,1000.0,35.0,8.0,1008.0,4.0,CS,9,False,False
1995-006,1995,6,ARB,,1995-10-14 12:00:00,1995-10-14 12:00:00,18.0,67.0,3.0,998.0,45.0,10.0,1008.0,4.0,CS,10,False,False
1995-006,1995,6,ARB,,1995-10-14 18:00:00,1995-10-14 18:00:00,18.0,67.0,3.0,996.0,45.0,12.0,1008.0,4.0,CS,11,False,False
1995-006,1995,6,ARB,,1995-10-15 00:00:00,1995-10-15 00:00:00,18.0,67.0,2.5,1000.0,35.0,8.0,1008.0,4.0,CS,12,False,False
1995-006,1995,6,ARB,,1995-10-15 03:00:00,1995-10-15 03:00:00,18.0,67.0,2.5,1000.0,35.0,8.0,1008.0,4.0,CS,13,False,False
1995-006,1995,6,ARB,,1995-10-15 06:00:00,1995-10-15 06:00:00,18.0,67.0,2.5,1000.0,35.0,8.0,1008.0,4.0,CS,14,False,False
1995-006,1995,6,ARB,,1995-10-15 12:00:00,1995-10-15 12:00:00,18.5,66.0,2.5,1000.0,35.0,8.0,1008.0,4.0,CS,15,False,False
1995-006,1995,6,ARB,,1995-10-15 18:00:00,1995-10-15 18:00:00,18.5,66.0,2.5,1000.0,35.0,8.0,1008.0,4.0,CS,16,False,False
1995-006,1995,6,ARB,,1995-10-16 00:00:00,1995-10-16 00:00:00,19.0,66.0,2.5,1000.0,35.0,8.0,1008.0,4.0,CS,17,False,False
1995-006,1995,6,ARB,,1995-10-16 03:00:00,1995-10-16 03:00:00,19.0,65.5,2.5,1000.0,35.0,8.0,1008.0,4.0,CS,18,False,False
1995-006,1995,6,ARB,,1995-10-16 06:00:00,1995-10-16 06:00:00,19.0,65.5,2.5,1000.0,35.0,8.0,1008.0,4.0,CS,19,False,False
1995-006,1995,6,ARB,,1995-10-16 12:00:00,1995-10-16 12:00:00,19.5,65.0,2.0,1002.0,30.0,6.0,1008.0,3.0,DD,20,False,False
1995-006,1995,6,ARB,,1995-10-16 18:00:00,1995-10-16 18:00:00,19.5,65.0,2.0,1002.0,30.0,6.0,1008.0,3.0,DD,21,False,False
1995-006,1995,6,ARB,,1995-10-17 00:00:00,1995-10-17 00:00:00,19.5,65.0,2.0,1002.0,30.0,6.0,1008.0,3.0,DD,22,False,False
1995-006,1995,6,ARB,,1995-10-17 03:00:00,1995-10-17 03:00:00,19.5,64.5,1.5,1004.0,25.0,4.0,1008.0,3.0,D,23,False,False
1995-006,1995,6,ARB,,1995-10-17 06:00:00,1995-10-17 06:00:00,19.5,64.0,1.5,1004.0,25.0,4.0,1008.0,3.0,D,24,False,False
1995-006,1995,6,ARB,,1995-10-17 12:00:00,1995-10-17 12:00:00,19.5,63.5,1.5,1004.0,25.0,4.0,1008.0,3.0,D,25,False,False
1995-007,1995,7,BOB,,1995-11-07 03:00:00,1995-11-07 03:00:00,11.0,91.5,1.5,1000.0,25.0,4.0,1004.0,3.0,D,0,False,False
1995-007,1995,7,BOB,,1995-11-07 06:00:00,1995-11-07 06:00:00,11.5,91.0,1.5,1000.0,25.0,4.0,1004.0,3.0,D,1,False,False
1995-007,1995,7,BOB,,1995-11-07 12:00:00,1995-11-07 12:00:00,12.5,89.5,2.0,996.0,30.0,6.0,1004.0,4.0,DD,2,False,False
1995-007,1995,7,BOB,,1995-11-07 18:00:00,1995-11-07 18:00:00,13.0,89.0,2.0,996.0,30.0,6.0,1004.0,4.0,DD,3,False,False
1995-007,1995,7,BOB,,1995-11-08 00:00:00,1995-11-08 00:00:00,13.0,88.5,2.5,996.0,35.0,8.0,1004.0,4.0,CS,4,False,False
1995-007,1995,7,BOB,,1995-11-08 03:00:00,1995-11-08 03:00:00,13.5,87.5,3.0,996.0,45.0,10.0,1006.0,4.0,CS,5,False,False
1995-007,1995,7,BOB,,1995-11-08 06:00:00,1995-11-08 06:00:00,14.0,86.5,3.0,996.0,45.0,10.0,1006.0,4.0,CS,6,False,False
1995-007,1995,7,BOB,,1995-11-08 12:00:00,1995-11-08 12:00:00,15.5,85.5,3.5,990.0,55.0,16.0,1006.0,4.0,SCS,7,False,False
1995-007,1995,7,BOB,,1995-11-08 18:00:00,1995-11-08 18:00:00,17.0,85.2,4.0,984.0,65.0,22.0,1006.0,5.0,VSCS,8,False,False
1995-007,1995,7,BOB,,1995-11-09 00:00:00,1995-11-09 00:00:00,18.0,85.1,4.0,984.0,65.0,22.0,1006.0,5.0,VSCS,9,False,False
1995-007,1995,7,BOB,,1995-11-09 03:00:00,1995-11-09 03:00:00,19.0,85.0,4.5,978.0,77.0,30.0,1008.0,4.0,VSCS,10,False,False
1995-007,1995,7,BOB,,1995-11-09 06:00:00,1995-11-09 06:00:00,19.5,85.0,,,,,,,SCS,11,False,False
1995-007,1995,7,BOB,,1995-11-09 12:00:00,1995-11-09 12:00:00,21.0,85.0,,,,,,,CS,12,False,False
1995-007,1995,7,BOB,,1995-11-09 18:00:00,1995-11-09 18:00:00,22.5,85.0,,,,,,,CS,13,False,False
1995-007,1995,7,BOB,,1995-11-10 00:00:00,1995-11-10 00:00:00,24.0,85.0,,,,,,,CS,14,False,False
1995-007,1995,7,BOB,,1995-11-10 03:00:00,1995-11-10 03:00:00,24.5,85.0,,,,,,,DD,15,False,False
1995-007,1995,7,BOB,,1995-11-10 06:00:00,1995-11-10 06:00:00,25.5,85.0,,,,,,,DD,16,False,False
1995-007,1995,7,BOB,,1995-11-10 09:00:00,1995-11-10 09:00:00,26.5,85.0,,,,,,,D,17,False,False
1995-008,1995,8,BOB,,1995-11-21 12:00:00,1995-11-21 12:00:00,6.5,91.0,1.5,1002.0,25.0,4.0,1006.0,3.0,D,0,False,False
1995-008,1995,8,BOB,,1995-11-21 18:00:00,1995-11-21 18:00:00,7.0,90.5,1.5,1002.0,25.0,4.0,1006.0,4.0,D,1,False,False
1995-008,1995,8,BOB,,1995-11-22 00:00:00,1995-11-22 00:00:00,7.5,90.0,1.5,1002.0,25.0,4.0,1006.0,4.0,D,2,False,False
1995-008,1995,8,BOB,,1995-11-22 03:00:00,1995-11-22 03:00:00,7.5,90.0,2.0,1000.0,30.0,6.0,1006.0,4.0,DD,3,False,False
1995-008,1995,8,BOB,,1995-11-22 06:00:00,1995-11-22 06:00:00,8.0,89.0,2.0,1000.0,30.0,6.0,1006.0,5.0,DD,4,False,False
1995-008,1995,8,BOB,,1995-11-22 12:00:00,1995-11-22 12:00:00,8.5,88.5,2.5,998.0,35.0,8.0,1006.0,5.0,CS,5,False,False
1995-008,1995,8,BOB,,1995-11-22 18:00:00,1995-11-22 18:00:00,9.5,87.5,3.0,994.0,45.0,12.0,1006.0,5.0,CS,6,False,False
1995-008,1995,8,BOB,,1995-11-23 00:00:00,1995-11-23 00:00:00,10.0,86.5,3.0,994.0,45.0,12.0,1006.0,5.0,CS,7,False,False
1995-008,1995,8,BOB,,1995-11-23 03:00:00,1995-11-23 03:00:00,10.0,86.0,3.5,990.0,55.0,16.0,1006.0,5.0,SCS,8,False,False
1995-008,1995,8,BOB,,1995-11-23 06:00:00,1995-11-23 06:00:00,10.5,85.5,3.5,990.0,55.0,16.0,1006.0,5.0,SCS,9,False,False
1995-008,1995,8,BOB,,1995-11-23 12:00:00,1995-11-23 12:00:00,11.0,85.0,3.5,988.0,55.0,18.0,1006.0,5.0,SCS,10,False,False
1995-008,1995,8,BOB,,1995-11-23 18:00:00,1995-11-23 18:00:00,12.0,85.0,4.0,984.0,65.0,22.0,1006.0,5.0,VSCS,11,False,False
1995-008,1995,8,BOB,,1995-11-24 00:00:00,1995-11-24 00:00:00,13.5,85.0,4.5,976.0,77.0,30.0,1006.0,5.0,VSCS,12,False,False
1995-008,1995,8,BOB,,1995-11-24 03:00:00,1995-11-24 03:00:00,14.5,85.0,5.0,964.0,90.0,42.0,1006.0,5.0,ESCS,13,False,False
1995-008,1995,8,BOB,,1995-11-24 06:00:00,1995-11-24 06:00:00,15.0,85.0,5.0,960.0,90.0,46.0,1006.0,5.0,ESCS,14,False,False
1995-008,1995,8,BOB,,1995-11-24 12:00:00,1995-11-24 12:00:00,16.5,86.5,5.5,956.0,102.0,5.2,1008.0,5.0,ESCS,15,False,False
1995-008,1995,8,BOB,,1995-11-24 18:00:00,1995-11-24 18:00:00,18.0,88.8,5.0,962.0,90.0,46.0,1008.0,5.0,ESCS,16,False,False
1995-008,1995,8,BOB,,1995-11-25 00:00:00,1995-11-25 00:00:00,19.0,89.0,4.5,970.0,77.0,36.0,1004.0,4.0,VSCS,17,False,False
1995-008,1995,8,BOB,,1995-11-25 03:00:00,1995-11-25 03:00:00,20.0,90.5,4.5,972.0,77.0,34.0,1006.0,4.0,VSCS,18,False,False
1995-008,1995,8,BOB,,1995-11-25 06:00:00,1995-11-25 06:00:00,21.0,92.0,4.0,978.0,65.0,28.0,1006.0,4.0,SCS,19,False,False
1995-008,1995,8,BOB,,1995-11-25 09:00:00,1995-11-25 09:00:00,21.5,93.5,,,,,,,,20,False,False
1996-001,1996,1,BOB,,1996-05-07 03:00:00,1996-05-07 03:00:00,19.0,89.0,1.0,1004.0,15.0,,,,D,0,False,False
1996-001,1996,1,BOB,,1996-05-07 06:00:00,1996-05-07 06:00:00,19.0,89.0,1.5,1002.0,25.0,,,,D,1,False,False
1996-001,1996,1,BOB,,1996-05-07 12:00:00,1996-05-07 12:00:00,20.0,89.5,1.5,1002.0,25.0,,,,D,2,False,False
1996-001,1996,1,BOB,,1996-05-07 18:00:00,1996-05-07 18:00:00,20.5,90.5,2.0,1000.0,30.0,,,,DD,3,False,False
1996-001,1996,1,BOB,,1996-05-08 00:00:00,1996-05-08 00:00:00,21.5,92.5,2.0,1000.0,30.0,,,,DD,4,False,False
1996-002,1996,2,BOB,,1996-06-12 12:00:00,1996-06-12 12:00:00,11.0,86.0,1.5,998.0,25.0,,,,D,0,False,False
1996-002,1996,2,BOB,,1996-06-12 18:00:00,1996-06-12 18:00:00,11.5,85.0,1.5,998.0,25.0,,,,D,1,False,False
1996-002,1996,2,BOB,,1996-06-13 00:00:00,1996-06-13 00:00:00,12.0,84.0,1.5,998.0,25.0,,,,D,2,False,False
1996-002,1996,2,BOB,,1996-06-13 03:00:00,1996-06-13 03:00:00,12.5,83.0,2.0,996.0,30.0,,,,DD,3,False,False
1996-002,1996,2,BOB,,1996-06-13 06:00:00,1996-06-13 06:00:00,12.7,83.0,2.0,996.0,30.0,,,,DD,4,False,False
1996-002,1996,2,BOB,,1996-06-13 12:00:00,1996-06-13 12:00:00,13.0,82.0,2.0,996.0,30.0,,,,DD,5,False,False
1996-002,1996,2,BOB,,1996-06-13 18:00:00,1996-06-13 18:00:00,13.5,81.0,2.0,996.0,30.0,,,,DD,6,False,False
1996-002,1996,2,BOB,,1996-06-14 00:00:00,1996-06-14 00:00:00,13.5,80.5,2.5,994.0,35.0,,,,CS,7,False,False
1996-002,1996,2,BOB,,1996-06-14 03:00:00,1996-06-14 03:00:00,14.0,80.5,2.5,994.0,35.0,,,,CS,8,False,False
1996-002,1996,2,BOB,,1996-06-14 06:00:00,1996-06-14 06:00:00,14.5,80.8,2.5,994.0,35.0,,,,CS,9,False,False
1996-002,1996,2,BOB,,1996-06-14 12:00:00,1996-06-14 12:00:00,15.0,81.0,2.5,994.0,35.0,,,,CS,10,False,False
1996-002,1996,2,BOB,,1996-06-14 18:00:00,1996-06-14 18:00:00,16.0,82.0,2.5,994.0,35.0,,,,CS,11,False,False
1996-002,1996,2,BOB,,1996-06-15 00:00:00,1996-06-15 00:00:00,16.5,82.5,2.5,994.0,35.0,,,,CS,12,False,False
1996-002,1996,2,BOB,,1996-06-15 03:00:00,1996-06-15 03:00:00,16.5,82.5,2.5,994.0,35.0,,,,CS,13,False,False
1996-002,1996,2,BOB,,1996-06-15 06:00:00,1996-06-15 06:00:00,16.8,83.0,2.5,992.0,35.0,,,,CS,14,False,False
1996-002,1996,2,BOB,,1996-06-15 12:00:00,1996-06-15 12:00:00,17.0,83.5,3.0,992.0,45.0,,,,CS,15,False,False
1996-002,1996,2,BOB,,1996-06-15 18:00:00,1996-06-15 18:00:00,17.0,83.5,3.0,992.0,45.0,,,,CS,16,False,False
1996-002,1996,2,BOB,,1996-06-16 00:00:00,1996-06-16 00:00:00,17.3,83.5,3.0,992.0,45.0,,,,CS,17,False,False
1996-002,1996,2,BOB,,1996-06-16 03:00:00,1996-06-16 03:00:00,17.5,83.5,3.0,992.0,45.0,,,,CS,18,False,False
1996-002,1996,2,BOB,,1996-06-16 06:00:00,1996-06-16 06:00:00,17.7,83.4,,,,,,,CS,19,False,False
1996-003,1996,3,ARB,,1996-06-17 09:00:00,1996-06-17 09:00:00,17.5,69.5,1.5,990.0,25.0,,,,D,0,False,False
1996-003,1996,3,ARB,,1996-06-17 12:00:00,1996-06-17 12:00:00,18.0,69.5,1.5,988.0,25.0,,,,D,1,False,False
1996-003,1996,3,ARB,,1996-06-17 18:00:00,1996-06-17 18:00:00,18.0,69.5,2.0,986.0,30.0,,,,DD,2,False,False
1996-003,1996,3,ARB,,1996-06-18 00:00:00,1996-06-18 00:00:00,18.8,70.3,2.0,986.0,30.0,,,,DD,3,False,False
1996-003,1996,3,ARB,,1996-06-18 03:00:00,1996-06-18 03:00:00,19.0,70.5,2.0,984.0,30.0,,,,DD,4,False,False
1996-003,1996,3,ARB,,1996-06-18 06:00:00,1996-06-18 06:00:00,19.5,70.5,2.0,984.0,30.0,,,,DD,5,False,False
1996-003,1996,3,ARB,,1996-06-18 09:00:00,1996-06-18 09:00:00,19.5,70.5,2.5,982.0,35.0,,,,CS,6,False,False
1996-003,1996,3,ARB,,1996-06-18 12:00:00,1996-06-18 12:00:00,20.0,70.5,3.0,980.0,45.0,,,,CS,7,False,False
1996-003,1996,3,ARB,,1996-06-18 18:00:00,1996-06-18 18:00:00,20.5,70.5,3.5,976.0,55.0,,,,SCS,8,False,False
1996-003,1996,3,ARB,,1996-06-19 00:00:00,1996-06-19 00:00:00,20.8,70.8,3.5,972.0,60.0,,,,SCS,9,False,False
1996-003,1996,3,ARB,,1996-06-19 03:00:00,1996-06-19 03:00:00,21.5,71.5,,,,,,,CS,10,False,False
1996-003,1996,3,ARB,,1996-06-19 06:00:00,1996-06-19 06:00:00,22.0,71.5,,,,,,,CS,11,False,False
1996-003,1996,3,ARB,,1996-06-19 12:00:00,1996-06-19 12:00:00,22.5,71.5,,,,,,,CS,12,False,False
1996-003,1996,3,ARB,,1996-06-19 18:00:00,1996-06-19 18:00:00,23.0,71.5,,,,,,,DD,13,False,False
1996-003,1996,3,ARB,,1996-06-20 00:00:00,1996-06-20 00:00:00,23.5,71.5,,,,,,,D,14,False,False
1996-003,1996,3,ARB,,1996-06-20 03:00:00,1996-06-20 03:00:00,24.2,71.5,,,,,,,D,15,False,False
1996-003,1996,3,ARB,,1996-06-20 06:00:00,1996-06-20 06:00:00,24.5,71.5,,,,,,,D,16,False,False
1996-004,1996,4,LAND,,1996-07-26 03:00:00,1996-07-26 03:00:00,24.0,84.0,,,,,,,D,0,False,False
1996-004,1996,4,LAND,,1996-07-26 12:00:00,1996-07-26 12:00:00,24.5,81.5,,,,,,,D,1,False,False
1996-004,1996,4,LAND,,1996-07-27 03:00:00,1996-07-27 03:00:00,24.5,79.5,,,,,,,D,2,False,False
1996-004,1996,4,LAND,,1996-07-27 12:00:00,1996-07-27 12:00:00,24.5,77.5,,,,,,,D,3,False,False
1996-004,1996,4,LAND,,1996-07-28 03:00:00,1996-07-28 03:00:00,24.5,76.5,,,,,,,D,4,False,False
1996-005,1996,5,BOB,,1996-10-01 03:00:00,1996-10-01 03:00:00,15.0,82.0,1.5,1002.0,25.0,,,,D,0,False,False
1996-005,1996,5,BOB,,1996-10-01 06:00:00,1996-10-01 06:00:00,15.0,81.5,1.5,1002.0,25.0,,,,D,1,False,False
1996-005,1996,5,BOB,,1996-10-01 12:00:00,1996-10-01 12:00:00,15.0,80.5,1.5,1000.0,25.0,,,,D,2,False,False
1996-005,1996,5,BOB,,1996-10-01 18:00:00,1996-10-01 18:00:00,15.0,80.0,1.5,1000.0,25.0,,,,D,3,False,False
1996-005,1996,5,BOB,,1996-10-02 00:00:00,1996-10-02 00:00:00,15.5,79.5,,,,,,,D,4,False,False
1996-005,1996,5,BOB,,1996-10-02 03:00:00,1996-10-02 03:00:00,15.5,79.0,,,,,,,D,5,False,False
1996-005,1996,5,BOB,,1996-10-02 06:00:00,1996-10-02 06:00:00,16.0,78.5,,,,,,,D,6,False,False
1996-006,1996,6,ARB,,1996-10-22 09:00:00,1996-10-22 09:00:00,14.0,69.0,1.5,1000.0,25.0,,,,D,0,False,False
1996-006,1996,6,ARB,,1996-10-22 12:00:00,1996-10-22 12:00:00,14.5,69.5,1.5,1000.0,25.0,,,,D,1,False,False
1996-006,1996,6,ARB,,1996-10-22 18:00:00,1996-10-22 18:00:00,14.5,69.5,2.0,1000.0,30.0,,,,DD,2,False,False
1996-006,1996,6,ARB,,1996-10-23 00:00:00,1996-10-23 00:00:00,15.0,70.0,2.0,1000.0,30.0,,,,DD,3,False,False
1996-006,1996,6,ARB,,1996-10-23 03:00:00,1996-10-23 03:00:00,15.0,70.0,2.0,1000.0,30.0,,,,DD,4,False,False
1996-006,1996,6,ARB,,1996-10-23 06:00:00,1996-10-23 06:00:00,15.5,70.5,2.0,1000.0,30.0,,,,DD,5,False,False
1996-006,1996,6,ARB,,1996-10-23 09:00:00,1996-10-23 09:00:00,15.5,70.5,2.5,998.0,35.0,,,,CS,6,False,False
1996-006,1996,6,ARB,,1996-10-23 12:00:00,1996-10-23 12:00:00,16.0,70.5,3.0,998.0,45.0,,,,CS,7,False,False
1996-006,1996,6,ARB,,1996-10-23 18:00:00,1996-10-23 18:00:00,16.5,70.5,3.5,996.0,55.0,,,,SCS,8,False,False
1996-006,1996,6,ARB,,1996-10-24 00:00:00,1996-10-24 00:00:00,17.8,70.5,3.5,996.0,55.0,,,,SCS,9,False,False
1996-006,1996,6,ARB,,1996-10-24 03:00:00,1996-10-24 03:00:00,18.0,70.5,3.5,994.0,60.0,,,,SCS,10,False,False
1996-006,1996,6,ARB,,1996-10-24 06:00:00,1996-10-24 06:00:00,18.0,70.5,3.5,994.0,60.0,,,,SCS,11,False,False
1996-006,1996,6,ARB,,1996-10-24 12:00:00,1996-10-24 12:00:00,19.0,70.0,3.5,994.0,55.0,,,,SCS,12,False,False
1996-006,1996,6,ARB,,1996-10-24 18:00:00,1996-10-24 18:00:00,19.0,70.0,3.5,994.0,55.0,,,,SCS,13,False,False
1996-006,1996,6,ARB,,1996-10-25 00:00:00,1996-10-25 00:00:00,19.5,70.0,3.0,996.0,45.0,,,,CS,14,False,False
1996-006,1996,6,ARB,,1996-10-25 03:00:00,1996-10-25 03:00:00,20.0,70.0,2.5,998.0,35.0,,,,CS,15,False,False
1996-006,1996,6,ARB,,1996-10-25 06:00:00,1996-10-25 06:00:00,20.0,70.0,2.0,1000.0,30.0,,,,DD,16,False,False
1996-006,1996,6,ARB,,1996-10-25 12:00:00,1996-10-25 12:00:00,20.0,70.0,1.5,1002.0,25.0,,,,D,17,False,False
1996-006,1996,6,ARB,,1996-10-26 00:00:00,1996-10-26 00:00:00,20.0,70.0,1.5,1002.0,25.0,,,,D,18,False,False
1996-006,1996,6,ARB,,1996-10-26 03:00:00,1996-10-26 03:00:00,20.0,70.0,1.5,1002.0,25.0,,,,D,19,False,False
1996-006,1996,6,ARB,,1996-10-26 06:00:00,1996-10-26 06:00:00,20.0,70.0,1.5,1002.0,25.0,,,,D,20,False,False
1996-006,1996,6,ARB,,1996-10-26 12:00:00,1996-10-26 12:00:00,20.0,70.0,1.5,1002.0,25.0,,,,D,21,False,False
1996-006,1996,6,ARB,,1996-10-26 18:00:00,1996-10-26 18:00:00,20.0,70.0,1.5,1002.0,25.0,,,,D,22,False,False
1996-006,1996,6,ARB,,1996-10-27 00:00:00,1996-10-27 00:00:00,20.0,70.0,1.5,1002.0,25.0,,,,D,23,False,False
1996-006,1996,6,ARB,,1996-10-27 03:00:00,1996-10-27 03:00:00,19.5,70.0,1.5,1002.0,25.0,,,,D,24,False,False
1996-006,1996,6,ARB,,1996-10-27 06:00:00,1996-10-27 06:00:00,19.5,70.0,1.5,1002.0,25.0,,,,D,25,False,False
1996-006,1996,6,ARB,,1996-10-27 09:00:00,1996-10-27 09:00:00,19.0,70.0,1.5,1002.0,25.0,,,,D,26,False,False
1996-006,1996,6,ARB,,1996-10-27 12:00:00,1996-10-27 12:00:00,18.5,69.5,1.5,1002.0,25.0,,,,D,27,False,False
1996-007,1996,7,BOB,,1996-10-27 03:00:00,1996-10-27 03:00:00,15.0,86.0,1.5,1000.0,25.0,,,,D,0,False,False
1996-007,1996,7,BOB,,1996-10-27 06:00:00,1996-10-27 06:00:00,15.5,85.5,1.5,1000.0,25.0,,,,D,1,False,False
1996-007,1996,7,BOB,,1996-10-27 12:00:00,1996-10-27 12:00:00,16.0,85.5,1.5,1000.0,25.0,,,,D,2,False,False
1996-007,1996,7,BOB,,1996-10-27 18:00:00,1996-10-27 18:00:00,17.0,86.0,2.0,998.0,30.0,,,,DD,3,False,False
1996-007,1996,7,BOB,,1996-10-28 00:00:00,1996-10-28 00:00:00,18.0,87.0,2.0,998.0,30.0,,,,DD,4,False,False
1996-007,1996,7,BOB,,1996-10-28 03:00:00,1996-10-28 03:00:00,19.0,87.5,2.0,998.0,30.0,,,,DD,5,False,False
1996-007,1996,7,BOB,,1996-10-28 06:00:00,1996-10-28 06:00:00,20.0,88.0,2.0,998.0,30.0,,,,DD,6,False,False
1996-007,1996,7,BOB,,1996-10-28 12:00:00,1996-10-28 12:00:00,21.5,89.0,2.0,998.0,30.0,,,,DD,7,False,False
1996-007,1996,7,BOB,,1996-10-28 18:00:00,1996-10-28 18:00:00,22.0,89.5,2.0,998.0,30.0,,,,DD,8,False,False
1996-007,1996,7,BOB,,1996-10-29 00:00:00,1996-10-29 00:00:00,23.5,90.0,,,,,,,D,9,False,False
1996-008,1996,8,BOB,,1996-11-04 15:00:00,1996-11-04 15:00:00,16.0,88.0,1.5,1002.0,25.0,,,,D,0,False,False
1996-008,1996,8,BOB,,1996-11-04 18:00:00,1996-11-04 18:00:00,16.0,87.5,1.5,1002.0,25.0,,,,D,1,False,False
1996-008,1996,8,BOB,,1996-11-05 00:00:00,1996-11-05 00:00:00,16.0,87.0,1.5,1002.0,25.0,,,,D,2,False,False
1996-008,1996,8,BOB,,1996-11-05 03:00:00,1996-11-05 03:00:00,16.0,86.5,2.0,1000.0,30.0,,,,DD,3,False,False
1996-008,1996,8,BOB,,1996-11-05 06:00:00,1996-11-05 06:00:00,16.0,86.5,2.0,1000.0,30.0,,,,DD,4,False,False
1996-008,1996,8,BOB,,1996-11-05 09:00:00,1996-11-05 09:00:00,16.0,86.0,2.5,992.0,35.0,,,,CS,5,False,False
1996-008,1996,8,BOB,,1996-11-05 12:00:00,1996-11-05 12:00:00,16.0,85.5,3.0,992.0,45.0,,,,CS,6,False,False
1996-008,1996,8,BOB,,1996-11-05 18:00:00,1996-11-05 18:00:00,16.0,85.0,3.0,992.0,45.0,,,,CS,7,False,False
1996-008,1996,8,BOB,,1996-11-06 00:00:00,1996-11-06 00:00:00,16.0,84.5,3.0,992.0,45.0,,,,CS,8,False,False
1996-008,1996,8,BOB,,1996-11-06 01:00:00,1996-11-06 01:00:00,16.1,84.1,3.5,990.0,55.0,,,,SCS,9,False,False
1996-008,1996,8,BOB,,1996-11-06 03:00:00,1996-11-06 03:00:00,16.1,83.8,3.5,990.0,55.0,,,,SCS,10,False,False
1996-008,1996,8,BOB,,1996-11-06 06:00:00,1996-11-06 06:00:00,16.2,83.5,4.0,988.0,65.0,,,,VSCS,11,False,False
1996-008,1996,8,BOB,,1996-11-06 09:00:00,1996-11-06 09:00:00,16.3,83.0,4.5,988.0,77.0,,,,VSCS,12,False,False
1996-008,1996,8,BOB,,1996-11-06 12:00:00,1996-11-06 12:00:00,16.4,82.6,4.5,988.0,77.0,,,,VSCS,13,False,False
1996-008,1996,8,BOB,,1996-11-06 18:00:00,1996-11-06 18:00:00,16.7,82.0,3.5,990.0,55.0,,,,SCS,14,False,False
1996-008,1996,8,BOB,,1996-11-07 00:00:00,1996-11-07 00:00:00,16.8,81.0,,,,,,,CS,15,False,False
1996-008,1996,8,BOB,,1996-11-07 03:00:00,1996-11-07 03:00:00,17.0,80.0,,,,,,,DD,16,False,False
1996-008,1996,8,BOB,,1996-11-07 06:00:00,1996-11-07 06:00:00,17.5,79.0,,,,,,,D,17,False,False
1996-009,1996,9,BOB,,1996-11-28 03:00:00,1996-11-28 03:00:00,11.5,86.5,1.5,1004.0,25.0,,,,D,0,False,False
1996-009,1996,9,BOB,,1996-11-28 06:00:00,1996-11-28 06:00:00,12.0,86.0,1.5,1004.0,25.0,,,,D,1,False,False
1996-009,1996,9,BOB,,1996-11-28 12:00:00,1996-11-28 12:00:00,12.5,85.5,1.5,1004.0,25.0,,,,D,2,False,False
1996-009,1996,9,BOB,,1996-11-28 18:00:00,1996-11-28 18:00:00,13.0,85.5,1.5,1004.0,25.0,,,,D,3,False,False
1996-009,1996,9,BOB,,1996-11-29 00:00:00,1996-11-29 00:00:00,13.0,85.5,1.5,1004.0,25.0,,,,D,4,False,False
1996-009,1996,9,BOB,,1996-11-29 03:00:00,1996-11-29 03:00:00,12.5,85.0,2.0,1002.0,30.0,,,,DD,5,False,False
1996-009,1996,9,BOB,,1996-11-29 06:00:00,1996-11-29 06:00:00,13.0,85.5,2.0,1002.0,30.0,,,,DD,6,False,False
1996-009,1996,9,BOB,,1996-11-29 12:00:00,1996-11-29 12:00:00,13.5,86.0,2.0,1002.0,30.0,,,,DD,7,False,False
1996-009,1996,9,BOB,,1996-11-29 18:00:00,1996-11-29 18:00:00,14.0,87.0,2.0,1002.0,30.0,,,,DD,8,False,False
1996-009,1996,9,BOB,,1996-11-30 00:00:00,1996-11-30 00:00:00,14.5,87.5,2.0,1002.0,30.0,,,,DD,9,False,False
1996-009,1996,9,BOB,,1996-11-30 03:00:00,1996-11-30 03:00:00,14.5,87.5,2.0,1002.0,30.0,,,,DD,10,False,False
1996-009,1996,9,BOB,,1996-11-30 06:00:00,1996-11-30 06:00:00,15.0,88.0,2.0,1002.0,30.0,,,,DD,11,False,False
1996-009,1996,9,BOB,,1996-11-30 12:00:00,1996-11-30 12:00:00,15.5,88.5,1.5,1004.0,25.0,,,,D,12,False,False
1996-009,1996,9,BOB,,1996-11-30 18:00:00,1996-11-30 18:00:00,15.0,89.0,1.5,1004.0,25.0,,,,D,13,False,False
1996-009,1996,9,BOB,,1996-12-01 00:00:00,1996-12-01 00:00:00,14.5,89.0,1.5,1004.0,25.0,,,,D,14,False,False
1996-009,1996,9,BOB,,1996-12-01 03:00:00,1996-12-01 03:00:00,14.5,89.0,1.5,1004.0,25.0,,,,D,15,False,False
1996-009,1996,9,BOB,,1996-12-01 06:00:00,1996-12-01 06:00:00,14.5,88.5,1.5,1004.0,25.0,,,,D,16,False,False
1996-009,1996,9,BOB,,1996-12-01 12:00:00,1996-12-01 12:00:00,14.5,88.5,2.0,1002.0,30.0,,,,DD,17,False,False
1996-009,1996,9,BOB,,1996-12-01 18:00:00,1996-12-01 18:00:00,14.5,88.0,2.0,1002.0,30.0,,,,DD,18,False,False
1996-009,1996,9,BOB,,1996-12-02 00:00:00,1996-12-02 00:00:00,14.0,87.0,2.5,996.0,35.0,,,,CS,19,False,False
1996-009,1996,9,BOB,,1996-12-02 03:00:00,1996-12-02 03:00:00,14.0,87.0,2.5,996.0,35.0,,,,CS,20,False,False
1996-009,1996,9,BOB,,1996-12-02 06:00:00,1996-12-02 06:00:00,14.0,87.0,2.5,994.0,35.0,,,,CS,21,False,False
1996-009,1996,9,BOB,,1996-12-02 12:00:00,1996-12-02 12:00:00,14.0,86.0,2.5,994.0,35.0,,,,CS,22,False,False
1996-009,1996,9,BOB,,1996-12-02 18:00:00,1996-12-02 18:00:00,14.0,85.5,2.5,994.0,35.0,,,,CS,23,False,False
1996-009,1996,9,BOB,,1996-12-03 00:00:00,1996-12-03 00:00:00,14.0,85.0,3.0,994.0,45.0,,,,CS,24,False,False
1996-009,1996,9,BOB,,1996-12-03 03:00:00,1996-12-03 03:00:00,14.0,84.5,3.5,992.0,55.0,,,,SCS,25,False,False
1996-009,1996,9,BOB,,1996-12-03 06:00:00,1996-12-03 06:00:00,14.3,84.0,3.5,992.0,55.0,,,,SCS,26,False,False
1996-009,1996,9,BOB,,1996-12-03 12:00:00,1996-12-03 12:00:00,14.5,83.5,4.0,988.0,65.0,,,,VSCS,27,False,False
1996-009,1996,9,BOB,,1996-12-03 18:00:00,1996-12-03 18:00:00,14.7,83.0,4.0,986.0,65.0,,,,VSCS,28,False,False
1996-009,1996,9,BOB,,1996-12-04 00:00:00,1996-12-04 00:00:00,14.7,83.0,4.0,986.0,65.0,,,,VSCS,29,False,False
1996-009,1996,9,BOB,,1996-12-04 03:00:00,1996-12-04 03:00:00,14.8,82.2,4.0,986.0,65.0,,,,VSCS,30,False,False
1996-009,1996,9,BOB,,1996-12-04 06:00:00,1996-12-04 06:00:00,15.1,82.0,4.0,986.0,65.0,,,,VSCS,31,False,False
1996-009,1996,9,BOB,,1996-12-04 12:00:00,1996-12-04 12:00:00,15.3,81.4,4.0,984.0,65.0,,,,VSCS,32,False,False
1996-009,1996,9,BOB,,1996-12-04 18:00:00,1996-12-04 18:00:00,15.5,81.4,4.0,990.0,65.0,,,,VSCS,33,False,False
1996-009,1996,9,BOB,,1996-12-05 00:00:00,1996-12-05 00:00:00,15.0,81.3,3.5,992.0,55.0,,,,SCS,34,False,False
1996-009,1996,9,BOB,,1996-12-05 03:00:00,1996-12-05 03:00:00,14.5,82.0,3.5,994.0,55.0,,,,SCS,35,False,False
1996-009,1996,9,BOB,,1996-12-05 06:00:00,1996-12-05 06:00:00,14.5,81.7,3.0,994.0,45.0,,,,CS,36,False,False
1996-009,1996,9,BOB,,1996-12-05 12:00:00,1996-12-05 12:00:00,14.3,81.7,3.0,994.0,45.0,,,,CS,37,False,False
1996-009,1996,9,BOB,,1996-12-05 18:00:00,1996-12-05 18:00:00,14.0,81.5,3.0,994.0,45.0,,,,CS,38,False,False
1996-009,1996,9,BOB,,1996-12-06 00:00:00,1996-12-06 00:00:00,13.7,81.2,3.0,994.0,45.0,,,,CS,39,False,False
1996-009,1996,9,BOB,,1996-12-06 03:00:00,1996-12-06 03:00:00,13.7,81.1,3.0,994.0,45.0,,,,CS,40,False,False
1996-009,1996,9,BOB,,1996-12-06 06:00:00,1996-12-06 06:00:00,13.5,80.7,3.0,994.0,45.0,,,,CS,41,False,False
1996-009,1996,9,BOB,,1996-12-06 12:00:00,1996-12-06 12:00:00,13.2,80.5,3.0,994.0,45.0,,,,CS,42,False,False
1996-009,1996,9,BOB,,1996-12-06 18:00:00,1996-12-06 18:00:00,12.0,80.0,,,,,,,CS,43,False,False
1997-001,1997,1,BOB,,1997-05-15 06:00:00,1997-05-15 06:00:00,6.5,90.5,1.5,1000.0,25.0,4.0,,,D,0,False,False
1997-001,1997,1,BOB,,1997-05-15 09:00:00,1997-05-15 09:00:00,7.0,90.5,1.5,1000.0,25.0,4.0,,,D,1,False,False
1997-001,1997,1,BOB,,1997-05-15 12:00:00,1997-05-15 12:00:00,7.5,90.5,2.0,1000.0,30.0,4.0,,,DD,2,False,False
1997-001,1997,1,BOB,,1997-05-15 18:00:00,1997-05-15 18:00:00,8.0,90.5,2.0,1002.0,30.0,5.0,,,DD,3,False,False
1997-001,1997,1,BOB,,1997-05-16 00:00:00,1997-05-16 00:00:00,8.5,90.5,2.0,1002.0,30.0,6.0,,,DD,4,False,False
1997-001,1997,1,BOB,,1997-05-16 03:00:00,1997-05-16 03:00:00,9.0,90.5,2.5,1001.0,35.0,7.0,,,CS,5,False,False
1997-001,1997,1,BOB,,1997-05-16 06:00:00,1997-05-16 06:00:00,9.2,90.5,2.5,1001.0,35.0,7.0,,,CS,6,False,False
1997-001,1997,1,BOB,,1997-05-16 09:00:00,1997-05-16 09:00:00,9.5,90.5,2.5,1001.0,35.0,7.0,,,CS,7,False,False
1997-001,1997,1,BOB,,1997-05-16 12:00:00,1997-05-16 12:00:00,10.0,91.0,2.5,999.0,35.0,7.0,,,CS,8,False,False
1997-001,1997,1,BOB,,1997-05-16 18:00:00,1997-05-16 18:00:00,10.5,91.3,2.5,999.0,35.0,7.0,,,CS,9,False,False
1997-001,1997,1,BOB,,1997-05-17 00:00:00,1997-05-17 00:00:00,11.0,91.4,2.5,998.0,35.0,8.0,,,CS,10,False,False
1997-001,1997,1,BOB,,1997-05-17 03:00:00,1997-05-17 03:00:00,12.0,91.5,2.5,998.0,35.0,8.0,,,CS,11,False,False
1997-001,1997,1,BOB,,1997-05-17 06:00:00,1997-05-17 06:00:00,13.0,91.5,3.0,992.0,45.0,12.0,,,CS,12,False,False
1997-001,1997,1,BOB,,1997-05-17 09:00:00,1997-05-17 09:00:00,13.5,91.5,3.5,986.0,55.0,16.0,,,SCS,13,False,False
1997-001,1997,1,BOB,,1997-05-17 12:00:00,1997-05-17 12:00:00,14.0,91.0,3.5,986.0,55.0,16.0,,,SCS,14,False,False
1997-001,1997,1,BOB,,1997-05-17 18:00:00,1997-05-17 18:00:00,15.0,91.0,3.5,986.0,55.0,16.0,,,SCS,15,False,False
1997-001,1997,1,BOB,,1997-05-18 00:00:00,1997-05-18 00:00:00,16.0,91.0,3.5,986.0,55.0,16.0,,,SCS,16,False,False
1997-001,1997,1,BOB,,1997-05-18 03:00:00,1997-05-18 03:00:00,16.5,90.5,4.0,980.0,65.0,22.0,,,VSCS,17,False,False
1997-001,1997,1,BOB,,1997-05-18 06:00:00,1997-05-18 06:00:00,17.0,90.5,4.0,980.0,65.0,22.0,,,VSCS,18,False,False
1997-001,1997,1,BOB,,1997-05-18 09:00:00,1997-05-18 09:00:00,17.5,90.5,4.0,980.0,65.0,22.0,,,VSCS,19,False,False
1997-001,1997,1,BOB,,1997-05-18 12:00:00,1997-05-18 12:00:00,18.0,90.5,4.0,980.0,65.0,22.0,,,VSCS,20,False,False
1997-001,1997,1,BOB,,1997-05-18 18:00:00,1997-05-18 18:00:00,19.3,90.3,4.5,974.0,77.0,30.0,,,VSCS,21,False,False
1997-001,1997,1,BOB,,1997-05-19 00:00:00,1997-05-19 00:00:00,20.0,90.8,5.0,968.0,90.0,42.0,,,ESCS,22,False,False
1997-001,1997,1,BOB,,1997-05-19 03:00:00,1997-05-19 03:00:00,20.3,91.2,5.0,964.0,90.0,42.0,,,ESCS,23,False,False
1997-001,1997,1,BOB,,1997-05-19 06:00:00,1997-05-19 06:00:00,20.3,91.3,5.0,964.0,90.0,42.0,,,ESCS,24,False,False
1997-001,1997,1,BOB,,1997-05-19 09:00:00,1997-05-19 09:00:00,21.6,91.5,5.0,964.0,90.0,42.0,,,ESCS,25,False,False
1997-001,1997,1,BOB,,1997-05-19 12:00:00,1997-05-19 12:00:00,22.1,91.8,5.0,964.0,90.0,42.0,,,ESCS,26,False,False
1997-002,1997,2,BOB,,1997-06-26 03:00:00,1997-06-26 03:00:00,21.0,89.5,1.5,990.0,25.0,4.0,,,D,0,False,False
1997-002,1997,2,BOB,,1997-06-26 06:00:00,1997-06-26 06:00:00,21.0,89.0,1.5,990.0,25.0,4.0,,,D,1,False,False
1997-002,1997,2,BOB,,1997-06-26 12:00:00,1997-06-26 12:00:00,21.5,88.5,2.0,986.0,30.0,5.0,,,DD,2,False,False
1997-002,1997,2,BOB,,1997-06-26 18:00:00,1997-06-26 18:00:00,21.5,88.5,2.0,986.0,30.0,6.0,,,DD,3,False,False
1997-002,1997,2,BOB,,1997-06-27 00:00:00,1997-06-27 00:00:00,22.0,88.0,2.0,985.0,30.0,6.0,,,DD,4,False,False
1997-002,1997,2,BOB,,1997-06-27 03:00:00,1997-06-27 03:00:00,22.5,87.5,,,,,,,DD,5,False,False
1997-002,1997,2,BOB,,1997-06-27 06:00:00,1997-06-27 06:00:00,22.5,87.0,,,,,,,DD,6,False,False
1997-002,1997,2,BOB,,1997-06-27 12:00:00,1997-06-27 12:00:00,23.0,86.5,,,,,,,DD,7,False,False
1997-002,1997,2,BOB,,1997-06-27 18:00:00,1997-06-27 18:00:00,23.0,86.0,,,,,,,DD,8,False,False
1997-002,1997,2,BOB,,1997-06-28 00:00:00,1997-06-28 00:00:00,23.0,86.0,,,,,,,DD,9,False,False
1997-002,1997,2,BOB,,1997-06-28 03:00:00,1997-06-28 03:00:00,23.5,86.0,,,,,,,DD,10,False,False
1997-002,1997,2,BOB,,1997-06-28 06:00:00,1997-06-28 06:00:00,24.0,85.5,,,,,,,DD,11,False,False
1997-002,1997,2,BOB,,1997-06-28 12:00:00,1997-06-28 12:00:00,24.0,86.0,,,,,,,DD,12,False,False
1997-002,1997,2,BOB,,1997-06-28 18:00:00,1997-06-28 18:00:00,24.0,86.0,,,,,,,DD,13,False,False
1997-002,1997,2,BOB,,1997-06-29 00:00:00,1997-06-29 00:00:00,24.5,85.5,,,,,,,DD,14,False,False
1997-002,1997,2,BOB,,1997-06-29 03:00:00,1997-06-29 03:00:00,24.5,85.5,,,,,,,DD,15,False,False
1997-002,1997,2,BOB,,1997-06-29 06:00:00,1997-06-29 06:00:00,25.0,85.5,,,,,,,DD,16,False,False
1997-002,1997,2,BOB,,1997-06-29 12:00:00,1997-06-29 12:00:00,25.5,85.5,,,,,,,DD,17,False,False
1997-002,1997,2,BOB,,1997-06-29 18:00:00,1997-06-29 18:00:00,26.0,85.0,,,,,,,D,18,False,False
1997-003,1997,3,BOB,,1997-07-29 03:00:00,1997-07-29 03:00:00,21.0,89.0,1.5,1006.0,25.0,4.0,,,D,0,False,False
1997-003,1997,3,BOB,,1997-07-29 06:00:00,1997-07-29 06:00:00,21.0,89.0,1.5,1006.0,25.0,4.0,,,D,1,False,False
1997-003,1997,3,BOB,,1997-07-29 12:00:00,1997-07-29 12:00:00,21.0,87.5,1.5,1006.0,25.0,4.0,,,D,2,False,False
1997-003,1997,3,BOB,,1997-07-29 18:00:00,1997-07-29 18:00:00,21.0,87.5,1.5,1006.0,25.0,4.0,,,D,3,False,False
1997-003,1997,3,BOB,,1997-07-30 00:00:00,1997-07-30 00:00:00,21.0,87.5,1.5,1004.0,25.0,6.0,,,D,4,False,False
1997-003,1997,3,BOB,,1997-07-30 03:00:00,1997-07-30 03:00:00,21.0,87.5,2.0,1002.0,30.0,6.0,,,DD,5,False,False
1997-003,1997,3,BOB,,1997-07-30 06:00:00,1997-07-30 06:00:00,21.0,87.0,2.0,1002.0,30.0,6.0,,,DD,6,False,False
1997-003,1997,3,BOB,,1997-07-30 12:00:00,1997-07-30 12:00:00,21.5,86.5,,,,,,,DD,7,False,False
1997-003,1997,3,BOB,,1997-07-30 18:00:00,1997-07-30 18:00:00,21.5,86.5,,,,,,,DD,8,False,False
1997-003,1997,3,BOB,,1997-07-31 00:00:00,1997-07-31 00:00:00,21.5,86.5,,,,,,,DD,9,False,False
1997-003,1997,3,BOB,,1997-07-31 03:00:00,1997-07-31 03:00:00,22.0,86.0,,,,,,,DD,10,False,False
1997-003,1997,3,BOB,,1997-07-31 06:00:00,1997-07-31 06:00:00,22.0,86.0,,,,,,,DD,11,False,False
1997-003,1997,3,BOB,,1997-07-31 12:00:00,1997-07-31 12:00:00,22.5,85.0,,,,,,,DD,12,False,False
1997-003,1997,3,BOB,,1997-07-31 18:00:00,1997-07-31 18:00:00,23.0,83.0,,,,,,,DD,13,False,False
1997-003,1997,3,BOB,,1997-08-01 00:00:00,1997-08-01 00:00:00,24.0,82.0,,,,,,,DD,14,False,False
1997-003,1997,3,BOB,,1997-08-01 03:00:00,1997-08-01 03:00:00,24.5,80.5,,,,,,,DD,15,False,False
1997-003,1997,3,BOB,,1997-08-01 06:00:00,1997-08-01 06:00:00,25.0,79.0,,,,,,,DD,16,False,False
1997-003,1997,3,BOB,,1997-08-01 12:00:00,1997-08-01 12:00:00,26.0,78.5,,,,,,,DD,17,False,False
1997-003,1997,3,BOB,,1997-08-02 00:00:00,1997-08-02 00:00:00,26.5,78.0,,,,,,,DD,18,False,False
1997-003,1997,3,BOB,,1997-08-02 03:00:00,1997-08-02 03:00:00,27.5,77.5,,,,,,,DD,19,False,False
1997-003,1997,3,BOB,,1997-08-02 06:00:00,1997-08-02 06:00:00,28.0,77.0,,,,,,,D,20,False,False
1997-004,1997,4,BOB,,1997-08-04 06:00:00,1997-08-04 06:00:00,20.0,91.0,1.5,988.0,25.0,4.0,,,D,0,False,False
1997-004,1997,4,BOB,,1997-08-04 09:00:00,1997-08-04 09:00:00,21.5,90.0,1.5,990.0,25.0,4.0,,,D,1,False,False
1997-004,1997,4,BOB,,1997-08-04 12:00:00,1997-08-04 12:00:00,21.0,89.5,1.5,990.0,25.0,4.0,,,D,2,False,False
1997-004,1997,4,BOB,,1997-08-04 18:00:00,1997-08-04 18:00:00,21.5,89.5,1.5,990.0,25.0,4.0,,,D,3,False,False
1997-004,1997,4,BOB,,1997-08-05 00:00:00,1997-08-05 00:00:00,21.5,89.0,1.5,988.0,25.0,,,,D,4,False,False
1997-004,1997,4,BOB,,1997-08-05 00:00:00,1997-08-05 00:00:00,23.5,84.0,,,,,,,DD,5,False,False
1997-004,1997,4,BOB,,1997-08-05 00:00:00,1997-08-05 00:00:00,24.0,81.5,,,,,,,DD,6,False,False
1997-004,1997,4,BOB,,1997-08-05 03:00:00,1997-08-05 03:00:00,22.0,88.0,2.0,896.0,30.0,,,,DD,7,False,False
1997-004,1997,4,BOB,,1997-08-05 03:00:00,1997-08-05 03:00:00,23.5,83.8,,,,,,,DD,8,False,False
1997-004,1997,4,BOB,,1997-08-05 03:00:00,1997-08-05 03:00:00,25.5,78.5,,,,,,,DD,9,False,False
1997-004,1997,4,BOB,,1997-08-05 06:00:00,1997-08-05 06:00:00,22.5,88.0,,,,,,,DD,10,False,False
1997-004,1997,4,BOB,,1997-08-05 06:00:00,1997-08-05 06:00:00,24.0,83.0,,,,,,,DD,11,False,False
1997-004,1997,4,BOB,,1997-08-05 06:00:00,1997-08-05 06:00:00,25.0,78.5,,,,,,,D,12,False,False
1997-004,1997,4,BOB,,1997-08-05 09:00:00,1997-08-05 09:00:00,22.5,88.0,,,,,,,DD,13,False,False
1997-004,1997,4,BOB,,1997-08-05 09:00:00,1997-08-05 09:00:00,24.0,82.5,,,,,,,DD,14,False,False
1997-004,1997,4,BOB,,1997-08-05 09:00:00,1997-08-05 09:00:00,25.5,76.5,,,,,,,D,15,False,False
1997-004,1997,4,BOB,,1997-08-05 12:00:00,1997-08-05 12:00:00,22.5,87.5,,,,,,,DD,16,False,False
1997-004,1997,4,BOB,,1997-08-05 12:00:00,1997-08-05 12:00:00,24.0,82.0,,,,,,,DD,17,False,False
1997-004,1997,4,BOB,,1997-08-05 12:00:00,1997-08-05 12:00:00,26.0,76.0,,,,,,,D,18,False,False
1997-004,1997,4,BOB,,1997-08-05 18:00:00,1997-08-05 18:00:00,23.0,85.0,,,,,,,DD,19,False,False
1997-004,1997,4,BOB,,1997-08-05 18:00:00,1997-08-05 18:00:00,24.0,81.5,,,,,,,DD,20,False,False
1997-004,1997,4,BOB,,1997-08-05 18:00:00,1997-08-05 18:00:00,26.5,74.0,,,,,,,D,21,False,False
1997-005,1997,5,BOB,,1997-08-20 03:00:00,1997-08-20 03:00:00,20.5,87.5,1.5,992.0,25.0,4.0,,,D,0,False,False
1997-005,1997,5,BOB,,1997-08-20 06:00:00,1997-08-20 06:00:00,20.5,87.0,2.0,990.0,30.0,6.0,,,DD,1,False,False
1997-005,1997,5,BOB,,1997-08-20 12:00:00,1997-08-20 12:00:00,20.5,86.5,,,,,,,DD,2,False,False
1997-005,1997,5,BOB,,1997-08-20 18:00:00,1997-08-20 18:00:00,21.0,85.5,,,,,,,DD,3,False,False
1997-005,1997,5,BOB,,1997-08-21 00:00:00,1997-08-21 00:00:00,21.0,85.0,,,,,,,DD,4,False,False
1997-005,1997,5,BOB,,1997-08-21 03:00:00,1997-08-21 03:00:00,21.0,84.5,,,,,,,DD,5,False,False
1997-005,1997,5,BOB,,1997-08-21 06:00:00,1997-08-21 06:00:00,21.0,84.0,,,,,,,DD,6,False,False
1997-005,1997,5,BOB,,1997-08-21 12:00:00,1997-08-21 12:00:00,21.0,83.0,,,,,,,DD,7,False,False
1997-005,1997,5,BOB,,1997-08-21 18:00:00,1997-08-21 18:00:00,21.5,82.0,,,,,,,DD,8,False,False
1997-005,1997,5,BOB,,1997-08-22 00:00:00,1997-08-22 00:00:00,21.5,81.0,,,,,,,DD,9,False,False
1997-005,1997,5,BOB,,1997-08-22 03:00:00,1997-08-22 03:00:00,21.5,81.0,,,,,,,DD,10,False,False
1997-005,1997,5,BOB,,1997-08-22 06:00:00,1997-08-22 06:00:00,21.5,80.5,,,,,,,DD,11,False,False
1997-005,1997,5,BOB,,1997-08-22 12:00:00,1997-08-22 12:00:00,22.0,79.5,,,,,,,DD,12,False,False
1997-005,1997,5,BOB,,1997-08-22 18:00:00,1997-08-22 18:00:00,22.5,79.0,,,,,,,DD,13,False,False
1997-005,1997,5,BOB,,1997-08-23 00:00:00,1997-08-23 00:00:00,23.0,78.5,,,,,,,DD,14,False,False
1997-005,1997,5,BOB,,1997-08-23 03:00:00,1997-08-23 03:00:00,23.0,78.0,,,,,,,DD,15,False,False
1997-005,1997,5,BOB,,1997-08-23 06:00:00,1997-08-23 06:00:00,23.0,77.5,,,,,,,DD,16,False,False
1997-005,1997,5,BOB,,1997-08-23 12:00:00,1997-08-23 12:00:00,23.5,77.0,,,,,,,DD,17,False,False
1997-005,1997,5,BOB,,1997-08-23 18:00:00,1997-08-23 18:00:00,24.0,77.0,,,,,,,DD,18,False,False
1997-005,1997,5,BOB,,1997-08-24 00:00:00,1997-08-24 00:00:00,24.5,77.0,,,,,,,DD,19,False,False
1997-005,1997,5,BOB,,1997-08-24 03:00:00,1997-08-24 03:00:00,24.5,76.5,,,,,,,DD,20,False,False
1997-005,1997,5,BOB,,1997-08-24 06:00:00,1997-08-24 06:00:00,24.5,76.5,,,,,,,DD,21,False,False
1997-005,1997,5,BOB,,1997-08-24 12:00:00,1997-08-24 12:00:00,25.0,76.0,,,,,,,DD,22,False,False
1997-005,1997,5,BOB,,1997-08-24 18:00:00,1997-08-24 18:00:00,25.5,75.5,,,,,,,DD,23,False,False
1997-005,1997,5,BOB,,1997-08-25 00:00:00,1997-08-25 00:00:00,26.0,75.0,,,,,,,DD,24,False,False
1997-005,1997,5,BOB,,1997-08-25 03:00:00,1997-08-25 03:00:00,26.0,75.0,,,,,,,DD,25,False,False
1997-005,1997,5,BOB,,1997-08-25 06:00:00,1997-08-25 06:00:00,26.0,75.0,,,,,,,DD,26,False,False
1997-005,1997,5,BOB,,1997-08-25 12:00:00,1997-08-25 12:00:00,26.5,74.5,,,,,,,DD,27,False,False
1997-005,1997,5,BOB,,1997-08-25 18:00:00,1997-08-25 18:00:00,27.0,74.5,,,,,,,DD,28,False,False
1997-005,1997,5,BOB,,1997-08-26 00:00:00,1997-08-26 00:00:00,27.0,74.0,,,,,,,DD,29,False,False
1997-005,1997,5,BOB,,1997-08-26 03:00:00,1997-08-26 03:00:00,27.0,74.0,,,,,,,DD,30,False,False
1997-005,1997,5,BOB,,1997-08-26 06:00:00,1997-08-26 06:00:00,27.0,74.0,,,,,,,DD,31,False,False
1997-005,1997,5,BOB,,1997-08-26 12:00:00,1997-08-26 12:00:00,27.5,74.0,,,,,,,DD,32,False,False
1997-005,1997,5,BOB,,1997-08-26 18:00:00,1997-08-26 18:00:00,29.0,74.0,,,,,,,D,33,False,False
1997-005,1997,5,BOB,,1997-08-27 03:00:00,1997-08-27 03:00:00,31.0,74.0,,,,,,,D,34,False,False
1997-005,1997,5,BOB,,1997-08-27 06:00:00,1997-08-27 06:00:00,31.0,74.0,,,,,,,D,35,False,False
1997-006,1997,6,BOB,,1997-08-28 03:00:00,1997-08-28 03:00:00,19.5,87.0,1.5,994.0,25.0,4.0,,,D,0,False,False
1997-006,1997,6,BOB,,1997-08-28 06:00:00,1997-08-28 06:00:00,19.5,86.0,1.5,994.0,25.0,4.0,,,D,1,False,False
1997-006,1997,6,BOB,,1997-08-28 09:00:00,1997-08-28 09:00:00,20.5,85.5,,,,,,,D,2,False,False
1997-006,1997,6,BOB,,1997-08-28 12:00:00,1997-08-28 12:00:00,21.5,85.0,,,,,,,D,3,False,False
1997-006,1997,6,BOB,,1997-08-28 18:00:00,1997-08-28 18:00:00,22.0,84.5,,,,,,,D,4,False,False
1997-006,1997,6,BOB,,1997-08-29 00:00:00,1997-08-29 00:00:00,22.5,84.5,,,,,,,D,5,False,False
1997-006,1997,6,BOB,,1997-08-29 03:00:00,1997-08-29 03:00:00,23.0,84.0,,,,,,,D,6,False,False
1997-006,1997,6,BOB,,1997-08-29 09:00:00,1997-08-29 09:00:00,23.0,84.0,,,,,,,D,7,False,False
1997-006,1997,6,BOB,,1997-08-29 12:00:00,1997-08-29 12:00:00,23.5,84.0,,,,,,,D,8,False,False
1997-006,1997,6,BOB,,1997-08-29 18:00:00,1997-08-29 18:00:00,23.5,84.0,,,,,,,D,9,False,False
1997-006,1997,6,BOB,,1997-08-30 00:00:00,1997-08-30 00:00:00,24.0,83.0,,,,,,,D,10,False,False
1997-006,1997,6,BOB,,1997-08-30 03:00:00,1997-08-30 03:00:00,24.0,83.5,,,,,,,D,11,False,False
1997-006,1997,6,BOB,,1997-08-30 06:00:00,1997-08-30 06:00:00,24.0,83.5,,,,,,,D,12,False,False
1997-007,1997,7,BOB,,1997-09-23 03:00:00,1997-09-23 03:00:00,15.5,82.5,1.5,1000.0,25.0,6.0,,,D,0,False,False
1997-007,1997,7,BOB,,1997-09-23 06:00:00,1997-09-23 06:00:00,16.0,82.5,1.5,1000.0,25.0,6.0,,,D,1,False,False
1997-007,1997,7,BOB,,1997-09-23 09:00:00,1997-09-23 09:00:00,16.0,82.5,1.5,1000.0,25.0,6.0,,,D,2,False,False
1997-007,1997,7,BOB,,1997-09-23 12:00:00,1997-09-23 12:00:00,16.0,82.5,2.0,998.0,30.0,6.0,,,DD,3,False,False
1997-007,1997,7,BOB,,1997-09-23 18:00:00,1997-09-23 18:00:00,16.0,82.5,2.0,998.0,30.0,6.0,,,DD,4,False,False
1997-007,1997,7,BOB,,1997-09-24 00:00:00,1997-09-24 00:00:00,16.5,82.5,2.0,998.0,30.0,6.0,,,DD,5,False,False
1997-007,1997,7,BOB,,1997-09-24 03:00:00,1997-09-24 03:00:00,16.5,82.5,2.0,998.0,30.0,6.0,,,DD,6,False,False
1997-007,1997,7,BOB,,1997-09-24 06:00:00,1997-09-24 06:00:00,16.5,82.5,2.0,998.0,30.0,6.0,,,DD,7,False,False
1997-007,1997,7,BOB,,1997-09-24 09:00:00,1997-09-24 09:00:00,16.5,82.7,2.5,996.0,35.0,8.0,,,CS,8,False,False
1997-007,1997,7,BOB,,1997-09-24 12:00:00,1997-09-24 12:00:00,16.7,82.9,2.5,996.0,35.0,8.0,,,CS,9,False,False
1997-007,1997,7,BOB,,1997-09-24 18:00:00,1997-09-24 18:00:00,16.7,82.9,2.5,996.0,35.0,8.0,,,CS,10,False,False
1997-007,1997,7,BOB,,1997-09-25 00:00:00,1997-09-25 00:00:00,17.3,83.6,2.5,994.0,35.0,8.0,,,CS,11,False,False
1997-007,1997,7,BOB,,1997-09-25 03:00:00,1997-09-25 03:00:00,17.3,83.7,2.5,994.0,35.0,8.0,,,CS,12,False,False
1997-007,1997,7,BOB,,1997-09-25 06:00:00,1997-09-25 06:00:00,17.7,84.0,2.5,994.0,35.0,8.0,,,CS,13,False,False
1997-007,1997,7,BOB,,1997-09-25 09:00:00,1997-09-25 09:00:00,18.0,84.5,2.5,994.0,35.0,8.0,,,CS,14,False,False
1997-007,1997,7,BOB,,1997-09-25 12:00:00,1997-09-25 12:00:00,18.0,85.0,2.5,994.0,35.0,8.0,,,CS,15,False,False
1997-007,1997,7,BOB,,1997-09-25 18:00:00,1997-09-25 18:00:00,19.5,87.0,2.5,994.0,35.0,8.0,,,CS,16,False,False
1997-007,1997,7,BOB,,1997-09-26 00:00:00,1997-09-26 00:00:00,19.5,87.5,2.5,994.0,35.0,8.0,,,CS,17,False,False
1997-007,1997,7,BOB,,1997-09-26 03:00:00,1997-09-26 03:00:00,20.0,87.5,2.5,994.0,35.0,8.0,,,CS,18,False,False
1997-007,1997,7,BOB,,1997-09-26 06:00:00,1997-09-26 06:00:00,20.5,88.5,2.5,992.0,40.0,8.0,,,CS,19,False,False
1997-007,1997,7,BOB,,1997-09-26 09:00:00,1997-09-26 09:00:00,21.0,88.5,3.0,990.0,45.0,10.0,,,CS,20,False,False
1997-007,1997,7,BOB,,1997-09-26 12:00:00,1997-09-26 12:00:00,21.5,89.5,3.0,988.0,45.0,12.0,,,CS,21,False,False
1997-007,1997,7,BOB,,1997-09-26 18:00:00,1997-09-26 18:00:00,22.0,91.0,3.5,984.0,55.0,16.0,,,SCS,22,False,False
1997-007,1997,7,BOB,,1997-09-27 00:00:00,1997-09-27 00:00:00,23.0,91.5,,,,,,,CS,23,False,False
1997-007,1997,7,BOB,,1997-09-27 03:00:00,1997-09-27 03:00:00,23.5,92.5,,,,,,,CS,24,False,False
1997-007,1997,7,BOB,,1997-09-27 06:00:00,1997-09-27 06:00:00,24.0,92.5,,,,,,,DD,25,False,False
1997-007,1997,7,BOB,,1997-09-27 12:00:00,1997-09-27 12:00:00,24.0,93.0,,,,,,,D,26,False,False
1997-008,1997,8,BOB,,1997-11-04 03:00:00,1997-11-04 03:00:00,12.5,98.0,2.5,1006.0,35.0,8.0,,,CS,0,False,False
1997-008,1997,8,BOB,,1997-11-04 06:00:00,1997-11-04 06:00:00,13.0,97.2,2.5,1006.0,35.0,8.0,,,CS,1,False,False
1997-008,1997,8,BOB,,1997-11-04 09:00:00,1997-11-04 09:00:00,13.0,97.0,2.5,1004.0,35.0,8.0,,,CS,2,False,False
1997-008,1997,8,BOB,,1997-11-04 12:00:00,1997-11-04 12:00:00,13.5,96.5,2.5,1004.0,35.0,8.0,,,CS,3,False,False
1997-008,1997,8,BOB,,1997-11-04 18:00:00,1997-11-04 18:00:00,14.0,96.0,2.5,1004.0,35.0,8.0,,,CS,4,False,False
1997-008,1997,8,BOB,,1997-11-05 00:00:00,1997-11-05 00:00:00,14.0,95.0,2.5,1004.0,35.0,8.0,,,CS,5,False,False
1997-008,1997,8,BOB,,1997-11-05 03:00:00,1997-11-05 03:00:00,14.0,95.0,2.5,1004.0,35.0,8.0,,,CS,6,False,False
1997-008,1997,8,BOB,,1997-11-05 06:00:00,1997-11-05 06:00:00,14.0,95.0,2.5,1004.0,35.0,8.0,,,CS,7,False,False
1997-008,1997,8,BOB,,1997-11-05 12:00:00,1997-11-05 12:00:00,14.5,94.0,2.5,1004.0,35.0,8.0,,,CS,8,False,False
1997-008,1997,8,BOB,,1997-11-05 18:00:00,1997-11-05 18:00:00,14.5,94.0,2.5,1004.0,35.0,8.0,,,CS,9,False,False
1997-008,1997,8,BOB,,1997-11-06 00:00:00,1997-11-06 00:00:00,14.5,93.5,2.5,1004.0,35.0,8.0,,,CS,10,False,False
1997-008,1997,8,BOB,,1997-11-06 03:00:00,1997-11-06 03:00:00,15.0,93.5,2.5,1004.0,35.0,8.0,,,CS,11,False,False
1997-008,1997,8,BOB,,1997-11-06 06:00:00,1997-11-06 06:00:00,15.0,93.0,2.5,1004.0,35.0,8.0,,,CS,12,False,False
1997-008,1997,8,BOB,,1997-11-06 09:00:00,1997-11-06 09:00:00,15.0,92.0,2.5,1004.0,35.0,8.0,,,CS,13,False,False
1997-008,1997,8,BOB,,1997-11-06 12:00:00,1997-11-06 12:00:00,15.0,92.0,2.5,1004.0,35.0,8.0,,,CS,14,False,False
1997-008,1997,8,BOB,,1997-11-06 18:00:00,1997-11-06 18:00:00,15.2,92.2,2.5,1004.0,35.0,8.0,,,CS,15,False,False
1997-008,1997,8,BOB,,1997-11-07 00:00:00,1997-11-07 00:00:00,15.5,92.2,2.5,1004.0,35.0,8.0,,,CS,16,False,False
1997-008,1997,8,BOB,,1997-11-07 03:00:00,1997-11-07 03:00:00,15.5,91.5,2.5,1004.0,35.0,8.0,,,CS,17,False,False
1997-008,1997,8,BOB,,1997-11-07 06:00:00,1997-11-07 06:00:00,15.5,91.5,2.5,1004.0,35.0,8.0,,,CS,18,False,False
1997-008,1997,8,BOB,,1997-11-07 09:00:00,1997-11-07 09:00:00,15.5,91.5,2.5,1004.0,35.0,8.0,,,CS,19,False,False
1997-008,1997,8,BOB,,1997-11-07 12:00:00,1997-11-07 12:00:00,15.5,91.5,2.5,1004.0,35.0,8.0,,,CS,20,False,False
1997-008,1997,8,BOB,,1997-11-07 18:00:00,1997-11-07 18:00:00,15.5,91.5,2.5,1004.0,35.0,8.0,,,CS,21,False,False
1997-008,1997,8,BOB,,1997-11-08 00:00:00,1997-11-08 00:00:00,15.5,91.5,2.5,1004.0,35.0,8.0,,,CS,22,False,False
1997-008,1997,8,BOB,,1997-11-08 03:00:00,1997-11-08 03:00:00,15.5,91.0,2.5,1006.0,35.0,8.0,,,CS,23,False,False
1997-008,1997,8,BOB,,1997-11-08 06:00:00,1997-11-08 06:00:00,15.5,90.5,2.5,1006.0,35.0,8.0,,,CS,24,False,False
1997-008,1997,8,BOB,,1997-11-08 09:00:00,1997-11-08 09:00:00,15.5,90.5,2.5,1006.0,35.0,7.0,,,CS,25,False,False
1997-008,1997,8,BOB,,1997-11-08 12:00:00,1997-11-08 12:00:00,15.5,90.5,2.5,1005.0,35.0,7.0,,,CS,26,False,False
1997-008,1997,8,BOB,,1997-11-08 18:00:00,1997-11-08 18:00:00,15.5,90.5,2.5,1005.0,35.0,7.0,,,CS,27,False,False
1997-008,1997,8,BOB,,1997-11-09 00:00:00,1997-11-09 00:00:00,15.5,90.5,2.5,1005.0,35.0,5.0,,,CS,28,False,False
1997-008,1997,8,BOB,,1997-11-09 03:00:00,1997-11-09 03:00:00,15.5,90.0,2.0,1007.0,30.0,5.0,,,DD,29,False,False
1997-008,1997,8,BOB,,1997-11-09 06:00:00,1997-11-09 06:00:00,15.5,90.0,2.0,1007.0,30.0,5.0,,,DD,30,False,False
1997-008,1997,8,BOB,,1997-11-09 09:00:00,1997-11-09 09:00:00,15.5,90.0,1.5,1007.0,30.0,5.0,,,D,31,False,False
1997-009,1997,9,ARB,,1997-11-10 18:00:00,1997-11-10 18:00:00,11.0,69.0,1.5,1006.0,25.0,4.0,,,D,0,False,False
1997-009,1997,9,ARB,,1997-11-11 00:00:00,1997-11-11 00:00:00,11.0,69.0,1.5,1007.0,25.0,5.0,,,D,1,False,False
1997-009,1997,9,ARB,,1997-11-11 03:00:00,1997-11-11 03:00:00,11.5,68.0,2.0,1007.0,30.0,5.0,,,DD,2,False,False
1997-009,1997,9,ARB,,1997-11-11 06:00:00,1997-11-11 06:00:00,12.0,66.0,2.0,1007.0,30.0,5.0,,,DD,3,False,False
1997-009,1997,9,ARB,,1997-11-11 12:00:00,1997-11-11 12:00:00,13.0,65.5,2.0,1005.0,30.0,5.0,,,DD,4,False,False
1997-009,1997,9,ARB,,1997-11-11 18:00:00,1997-11-11 18:00:00,13.0,65.5,2.0,1005.0,30.0,5.0,,,DD,5,False,False
1997-009,1997,9,ARB,,1997-11-12 00:00:00,1997-11-12 00:00:00,13.0,65.5,2.0,1005.0,30.0,5.0,,,DD,6,False,False
1997-009,1997,9,ARB,,1997-11-12 03:00:00,1997-11-12 03:00:00,13.5,66.0,2.0,1005.0,30.0,5.0,,,DD,7,False,False
1997-009,1997,9,ARB,,1997-11-12 06:00:00,1997-11-12 06:00:00,14.0,66.5,2.0,1005.0,30.0,5.0,,,DD,8,False,False
1997-009,1997,9,ARB,,1997-11-12 12:00:00,1997-11-12 12:00:00,14.0,64.5,2.0,1005.0,30.0,5.0,,,DD,9,False,False
1997-009,1997,9,ARB,,1997-11-12 18:00:00,1997-11-12 18:00:00,14.5,64.5,2.0,1005.0,30.0,5.0,,,DD,10,False,False
1997-009,1997,9,ARB,,1997-11-13 00:00:00,1997-11-13 00:00:00,14.5,63.5,2.0,1005.0,30.0,5.0,,,DD,11,False,False
1997-009,1997,9,ARB,,1997-11-13 03:00:00,1997-11-13 03:00:00,14.5,63.5,2.0,1005.0,30.0,5.0,,,DD,12,False,False
1997-009,1997,9,ARB,,1997-11-13 06:00:00,1997-11-13 06:00:00,14.5,63.0,2.0,1005.0,30.0,5.0,,,DD,13,False,False
1997-009,1997,9,ARB,,1997-11-13 09:00:00,1997-11-13 09:00:00,15.0,63.0,1.5,1006.0,25.0,4.0,,,D,14,False,False
1998-001,1998,1,BOB,,1998-05-17 12:00:00,1998-05-17 12:00:00,14.5,88.0,1.5,998.0,25.0,4.0,,,D,0,False,False
1998-001,1998,1,BOB,,1998-05-17 18:00:00,1998-05-17 18:00:00,15.0,88.5,1.5,998.0,25.0,4.0,,,D,1,False,False
1998-001,1998,1,BOB,,1998-05-18 00:00:00,1998-05-18 00:00:00,15.0,88.5,1.5,998.0,25.0,4.0,,,D,2,False,False
1998-001,1998,1,BOB,,1998-05-18 03:00:00,1998-05-18 03:00:00,15.5,88.5,1.5,998.0,25.0,4.0,,,D,3,False,False
1998-001,1998,1,BOB,,1998-05-18 06:00:00,1998-05-18 06:00:00,16.0,88.5,2.0,996.0,30.0,6.0,,,DD,4,False,False
1998-001,1998,1,BOB,,1998-05-18 09:00:00,1998-05-18 09:00:00,16.5,89.0,2.5,992.0,35.0,8.0,,,CS,5,False,False
1998-001,1998,1,BOB,,1998-05-18 12:00:00,1998-05-18 12:00:00,17.0,89.5,2.5,994.0,35.0,8.0,,,CS,6,False,False
1998-001,1998,1,BOB,,1998-05-18 18:00:00,1998-05-18 18:00:00,18.0,89.5,2.5,994.0,35.0,8.0,,,CS,7,False,False
1998-001,1998,1,BOB,,1998-05-19 00:00:00,1998-05-19 00:00:00,19.0,90.0,3.0,990.0,35.0,10.0,,,CS,8,False,False
1998-001,1998,1,BOB,,1998-05-19 03:00:00,1998-05-19 03:00:00,19.5,90.5,3.0,990.0,35.0,10.0,,,CS,9,False,False
1998-001,1998,1,BOB,,1998-05-19 06:00:00,1998-05-19 06:00:00,20.0,90.5,3.5,986.0,55.0,14.0,,,SCS,10,False,False
1998-001,1998,1,BOB,,1998-05-19 12:00:00,1998-05-19 12:00:00,20.5,90.5,3.5,976.0,55.0,14.0,,,SCS,11,False,False
1998-001,1998,1,BOB,,1998-05-19 18:00:00,1998-05-19 18:00:00,21.0,91.0,3.5,974.0,60.0,18.0,,,SCS,12,False,False
1998-001,1998,1,BOB,,1998-05-20 00:00:00,1998-05-20 00:00:00,21.5,91.5,3.5,972.0,60.0,18.0,,,SCS,13,False,False
1998-001,1998,1,BOB,,1998-05-20 03:00:00,1998-05-20 03:00:00,22.0,92.5,,,,,,,DD,14,False,False
1998-001,1998,1,BOB,,1998-05-20 12:00:00,1998-05-20 12:00:00,23.5,92.5,,,,,,,D,15,False,False
1998-002,1998,2,ARB,,1998-06-04 06:00:00,1998-06-04 06:00:00,10.5,69.5,1.5,1004.0,25.0,4.0,,,D,0,False,False
1998-002,1998,2,ARB,,1998-06-04 12:00:00,1998-06-04 12:00:00,11.0,69.0,2.0,1004.0,30.0,6.0,,,DD,1,False,False
1998-002,1998,2,ARB,,1998-06-05 03:00:00,1998-06-05 03:00:00,11.0,70.0,2.0,1004.0,30.0,6.0,,,DD,2,False,False
1998-002,1998,2,ARB,,1998-06-05 06:00:00,1998-06-05 06:00:00,11.5,70.5,2.0,1000.0,30.0,6.0,,,DD,3,False,False
1998-002,1998,2,ARB,,1998-06-05 09:00:00,1998-06-05 09:00:00,12.5,70.0,2.5,998.0,35.0,8.0,,,CS,4,False,False
1998-002,1998,2,ARB,,1998-06-05 12:00:00,1998-06-05 12:00:00,12.0,70.0,2.5,998.0,35.0,8.0,,,CS,5,False,False
1998-002,1998,2,ARB,,1998-06-05 18:00:00,1998-06-05 18:00:00,12.0,69.5,2.5,996.0,35.0,8.0,,,CS,6,False,False
1998-002,1998,2,ARB,,1998-06-06 00:00:00,1998-06-06 00:00:00,12.5,69.0,2.5,996.0,35.0,8.0,,,CS,7,False,False
1998-002,1998,2,ARB,,1998-06-06 03:00:00,1998-06-06 03:00:00,12.5,69.0,3.0,996.0,45.0,10.0,,,CS,8,False,False
1998-002,1998,2,ARB,,1998-06-06 06:00:00,1998-06-06 06:00:00,12.5,69.0,3.5,989.0,55.0,15.0,,,SCS,9,False,False
1998-002,1998,2,ARB,,1998-06-06 12:00:00,1998-06-06 12:00:00,13.0,69.0,3.5,987.0,55.0,15.0,,,SCS,10,False,False
1998-002,1998,2,ARB,,1998-06-06 18:00:00,1998-06-06 18:00:00,13.5,68.5,3.5,991.0,55.0,15.0,,,SCS,11,False,False
1998-002,1998,2,ARB,,1998-06-07 00:00:00,1998-06-07 00:00:00,14.0,68.0,3.5,989.0,55.0,15.0,,,SCS,12,False,False
1998-002,1998,2,ARB,,1998-06-07 03:00:00,1998-06-07 03:00:00,14.5,68.0,3.5,989.0,55.0,15.0,,,SCS,13,False,False
1998-002,1998,2,ARB,,1998-06-07 06:00:00,1998-06-07 06:00:00,15.0,68.0,3.5,989.0,55.0,15.0,,,SCS,14,False,False
1998-002,1998,2,ARB,,1998-06-07 09:00:00,1998-06-07 09:00:00,15.5,68.0,4.0,979.0,65.0,21.0,,,SCS,15,False,False
1998-002,1998,2,ARB,,1998-06-07 12:00:00,1998-06-07 12:00:00,16.0,68.0,4.5,970.0,80.0,30.0,,,VSCS,16,False,False
1998-002,1998,2,ARB,,1998-06-07 18:00:00,1998-06-07 18:00:00,16.5,68.0,4.5,970.0,80.0,30.0,,,VSCS,17,False,False
1998-002,1998,2,ARB,,1998-06-08 00:00:00,1998-06-08 00:00:00,17.5,68.0,4.5,970.0,80.0,30.0,,,VSCS,18,False,False
1998-002,1998,2,ARB,,1998-06-08 03:00:00,1998-06-08 03:00:00,18.0,67.5,4.5,970.0,80.0,30.0,,,VSCS,19,False,False
1998-002,1998,2,ARB,,1998-06-08 06:00:00,1998-06-08 06:00:00,18.5,68.0,5.0,970.0,90.0,40.0,,,ESCS,20,False,False
1998-002,1998,2,ARB,,1998-06-08 12:00:00,1998-06-08 12:00:00,19.5,68.0,5.0,958.0,90.0,40.0,,,ESCS,21,False,False
1998-002,1998,2,ARB,,1998-06-08 18:00:00,1998-06-08 18:00:00,20.5,68.5,5.0,958.0,90.0,40.0,,,ESCS,22,False,False
1998-002,1998,2,ARB,,1998-06-09 00:00:00,1998-06-09 00:00:00,21.5,69.0,5.0,958.0,90.0,40.0,,,ESCS,23,False,False
1998-002,1998,2,ARB,,1998-06-09 03:00:00,1998-06-09 03:00:00,22.0,69.5,,968.0,80.0,30.0,,,VSCS,24,False,False
1998-002,1998,2,ARB,,1998-06-09 06:00:00,1998-06-09 06:00:00,22.5,69.5,4.5,970.0,75.0,22.0,,,VSCS,25,False,False
1998-002,1998,2,ARB,,1998-06-09 12:00:00,1998-06-09 12:00:00,23.5,70.5,,982.0,55.0,12.0,,,SCS,26,False,False
1998-002,1998,2,ARB,,1998-06-09 18:00:00,1998-06-09 18:00:00,24.5,71.5,,990.0,40.0,8.0,,,CS,27,False,False
1998-002,1998,2,ARB,,1998-06-10 00:00:00,1998-06-10 00:00:00,26.0,73.0,,992.0,30.0,6.0,,,DD,28,False,False
1998-002,1998,2,ARB,,1998-06-10 03:00:00,1998-06-10 03:00:00,26.5,73.5,,994.0,30.0,5.0,,,DD,29,False,False
1998-002,1998,2,ARB,,1998-06-10 06:00:00,1998-06-10 06:00:00,27.0,74.0,,995.0,30.0,5.0,,,DD,30,False,False
1998-002,1998,2,ARB,,1998-06-10 09:00:00,1998-06-10 09:00:00,27.5,75.0,,996.0,25.0,3.0,,,D,31,False,False
1998-003,1998,3,BOB,,1998-06-13 15:00:00,1998-06-13 15:00:00,17.5,87.5,1.5,994.0,25.0,4.0,,,D,0,False,False
1998-003,1998,3,BOB,,1998-06-13 18:00:00,1998-06-13 18:00:00,17.5,86.0,2.0,995.0,30.0,5.0,,,DD,1,False,False
1998-003,1998,3,BOB,,1998-06-14 00:00:00,1998-06-14 00:00:00,17.5,85.0,2.0,995.0,30.0,5.0,,,DD,2,False,False
1998-003,1998,3,BOB,,1998-06-14 03:00:00,1998-06-14 03:00:00,17.5,84.5,2.0,995.0,30.0,5.0,,,DD,3,False,False
1998-003,1998,3,BOB,,1998-06-14 06:00:00,1998-06-14 06:00:00,17.5,83.5,2.0,995.0,30.0,5.0,,,DD,4,False,False
1998-003,1998,3,BOB,,1998-06-14 12:00:00,1998-06-14 12:00:00,17.5,83.0,2.0,992.0,30.0,6.0,,,DD,5,False,False
1998-003,1998,3,BOB,,1998-06-14 18:00:00,1998-06-14 18:00:00,18.5,81.5,,,,,,,D,6,False,False
1998-003,1998,3,BOB,,1998-06-15 00:00:00,1998-06-15 00:00:00,19.5,80.5,,,,,,,D,7,False,False
1998-003,1998,3,BOB,,1998-06-15 03:00:00,1998-06-15 03:00:00,20.0,80.0,,,,,,,,8,False,False
1998-004,1998,4,ARB,,1998-10-06 12:00:00,1998-10-06 12:00:00,14.0,69.0,1.5,1002.0,25.0,4.0,,,D,0,False,False
1998-004,1998,4,ARB,,1998-10-06 18:00:00,1998-10-06 18:00:00,14.0,69.0,1.5,1002.0,25.0,4.0,,,D,1,False,False
1998-004,1998,4,ARB,,1998-10-07 00:00:00,1998-10-07 00:00:00,14.0,69.0,1.5,1002.0,25.0,4.0,,,D,2,False,False
1998-004,1998,4,ARB,,1998-10-07 03:00:00,1998-10-07 03:00:00,14.0,69.0,1.5,1004.0,25.0,4.0,,,D,3,False,False
1998-004,1998,4,ARB,,1998-10-07 06:00:00,1998-10-07 06:00:00,14.0,68.0,1.5,1002.0,25.0,4.0,,,D,4,False,False
1998-004,1998,4,ARB,,1998-10-07 12:00:00,1998-10-07 12:00:00,14.0,68.0,1.5,1000.0,25.0,4.0,,,D,5,False,False
1998-004,1998,4,ARB,,1998-10-07 18:00:00,1998-10-07 18:00:00,14.0,67.5,1.5,1002.0,25.0,4.0,,,D,6,False,False
1998-004,1998,4,ARB,,1998-10-08 00:00:00,1998-10-08 00:00:00,14.0,67.0,2.0,1000.0,30.0,6.0,,,DD,7,False,False
1998-004,1998,4,ARB,,1998-10-08 03:00:00,1998-10-08 03:00:00,14.0,67.0,2.0,1002.0,30.0,6.0,,,DD,8,False,False
1998-004,1998,4,ARB,,1998-10-08 06:00:00,1998-10-08 06:00:00,14.0,67.0,2.0,1002.0,30.0,6.0,,,DD,9,False,False
1998-004,1998,4,ARB,,1998-10-08 12:00:00,1998-10-08 12:00:00,14.0,66.0,2.0,998.0,30.0,6.0,,,DD,10,False,False
1998-004,1998,4,ARB,,1998-10-08 18:00:00,1998-10-08 18:00:00,15.0,65.5,2.0,1002.0,30.0,6.0,,,DD,11,False,False
1998-004,1998,4,ARB,,1998-10-09 00:00:00,1998-10-09 00:00:00,15.0,64.5,2.0,1000.0,30.0,6.0,,,DD,12,False,False
1998-004,1998,4,ARB,,1998-10-09 03:00:00,1998-10-09 03:00:00,15.0,64.5,2.0,1002.0,30.0,6.0,,,DD,13,False,False
1998-004,1998,4,ARB,,1998-10-09 06:00:00,1998-10-09 06:00:00,15.0,64.0,2.0,1002.0,30.0,6.0,,,DD,14,False,False
1998-004,1998,4,ARB,,1998-10-09 12:00:00,1998-10-09 12:00:00,15.0,63.5,1.5,1004.0,25.0,4.0,,,D,15,False,False
1998-005,1998,5,ARB,,1998-10-11 12:00:00,1998-10-11 12:00:00,14.0,67.5,1.5,1002.0,25.0,4.0,,,D,0,False,False
1998-005,1998,5,ARB,,1998-10-11 18:00:00,1998-10-11 18:00:00,15.0,66.5,1.5,1002.0,25.0,4.0,,,D,1,False,False
1998-005,1998,5,ARB,,1998-10-12 00:00:00,1998-10-12 00:00:00,15.0,66.0,1.5,1000.0,25.0,4.0,,,D,2,False,False
1998-005,1998,5,ARB,,1998-10-12 03:00:00,1998-10-12 03:00:00,14.5,66.5,1.5,1000.0,25.0,4.0,,,D,3,False,False
1998-005,1998,5,ARB,,1998-10-12 06:00:00,1998-10-12 06:00:00,15.0,65.0,1.5,1000.0,25.0,4.0,,,D,4,False,False
1998-005,1998,5,ARB,,1998-10-12 09:00:00,1998-10-12 09:00:00,14.5,66.5,2.0,998.0,30.0,6.0,,,DD,5,False,False
1998-005,1998,5,ARB,,1998-10-12 12:00:00,1998-10-12 12:00:00,15.0,66.0,2.0,998.0,30.0,6.0,,,DD,6,False,False
1998-005,1998,5,ARB,,1998-10-12 18:00:00,1998-10-12 18:00:00,15.0,65.5,2.0,998.0,30.0,6.0,,,DD,7,False,False
1998-005,1998,5,ARB,,1998-10-13 00:00:00,1998-10-13 00:00:00,15.0,65.5,2.0,998.0,30.0,6.0,,,DD,8,False,False
1998-005,1998,5,ARB,,1998-10-13 03:00:00,1998-10-13 03:00:00,15.5,65.0,1.5,998.0,30.0,6.0,,,DD,9,False,False
1998-005,1998,5,ARB,,1998-10-13 06:00:00,1998-10-13 06:00:00,15.5,64.5,1.5,998.0,30.0,6.0,,,DD,10,False,False
1998-005,1998,5,ARB,,1998-10-13 12:00:00,1998-10-13 12:00:00,16.0,64.0,1.5,998.0,25.0,6.0,,,D,11,False,False
1998-005,1998,5,ARB,,1998-10-13 18:00:00,1998-10-13 18:00:00,16.0,64.0,1.5,1000.0,25.0,4.0,,,D,12,False,False
1998-005,1998,5,ARB,,1998-10-14 00:00:00,1998-10-14 00:00:00,16.5,63.5,1.5,1002.0,25.0,4.0,,,D,13,False,False
1998-005,1998,5,ARB,,1998-10-14 03:00:00,1998-10-14 03:00:00,17.0,63.0,1.5,1004.0,25.0,4.0,,,D,14,False,False
1998-005,1998,5,ARB,,1998-10-14 06:00:00,1998-10-14 06:00:00,17.0,62.5,1.5,1004.0,25.0,4.0,,,D,15,False,False
1998-005,1998,5,ARB,,1998-10-14 12:00:00,1998-10-14 12:00:00,17.5,62.0,1.5,1004.0,25.0,4.0,,,D,16,False,False
1998-005,1998,5,ARB,,1998-10-14 18:00:00,1998-10-14 18:00:00,16.5,61.0,1.5,1000.0,25.0,4.0,,,D,17,False,False
1998-005,1998,5,ARB,,1998-10-15 00:00:00,1998-10-15 00:00:00,16.5,62.5,1.5,1000.0,25.0,4.0,,,D,18,False,False
1998-005,1998,5,ARB,,1998-10-15 03:00:00,1998-10-15 03:00:00,16.0,63.0,1.5,1000.0,25.0,4.0,,,D,19,False,False
1998-005,1998,5,ARB,,1998-10-15 06:00:00,1998-10-15 06:00:00,16.0,63.5,1.5,998.0,25.0,4.0,,,D,20,False,False
1998-005,1998,5,ARB,,1998-10-15 12:00:00,1998-10-15 12:00:00,16.5,64.0,2.0,994.0,30.0,6.0,,,DD,21,False,False
1998-005,1998,5,ARB,,1998-10-15 18:00:00,1998-10-15 18:00:00,16.5,64.0,2.0,996.0,30.0,6.0,,,DD,22,False,False
1998-005,1998,5,ARB,,1998-10-16 00:00:00,1998-10-16 00:00:00,17.0,64.5,2.0,996.0,30.0,6.0,,,DD,23,False,False
1998-005,1998,5,ARB,,1998-10-16 03:00:00,1998-10-16 03:00:00,17.0,64.5,2.0,996.0,30.0,6.0,,,DD,24,False,False
1998-005,1998,5,ARB,,1998-10-16 06:00:00,1998-10-16 06:00:00,18.5,66.0,2.0,998.0,30.0,6.0,,,DD,25,False,False
1998-005,1998,5,ARB,,1998-10-16 12:00:00,1998-10-16 12:00:00,19.0,68.0,2.5,996.0,35.0,8.0,,,CS,26,False,False
1998-005,1998,5,ARB,,1998-10-16 18:00:00,1998-10-16 18:00:00,20.0,69.5,2.5,996.0,35.0,8.0,,,CS,27,False,False
1998-005,1998,5,ARB,,1998-10-17 00:00:00,1998-10-17 00:00:00,20.5,70.0,2.5,998.0,35.0,8.0,,,CS,28,False,False
1998-005,1998,5,ARB,,1998-10-17 03:00:00,1998-10-17 03:00:00,22.5,73.0,,,,,,,DD,29,False,False
1998-006,1998,6,BOB,,1998-10-13 12:00:00,1998-10-13 12:00:00,15.5,82.5,1.5,1000.0,25.0,4.0,,,D,0,False,False
1998-006,1998,6,BOB,,1998-10-13 18:00:00,1998-10-13 18:00:00,15.5,82.0,2.0,1000.0,30.0,6.0,,,DD,1,False,False
1998-006,1998,6,BOB,,1998-10-14 00:00:00,1998-10-14 00:00:00,15.5,82.0,2.0,1000.0,30.0,6.0,,,DD,2,False,False
1998-006,1998,6,BOB,,1998-10-14 03:00:00,1998-10-14 03:00:00,15.5,82.0,2.0,1000.0,30.0,6.0,,,DD,3,False,False
1998-006,1998,6,BOB,,1998-10-14 06:00:00,1998-10-14 06:00:00,15.5,82.0,2.0,1000.0,30.0,6.0,,,DD,4,False,False
1998-006,1998,6,BOB,,1998-10-14 12:00:00,1998-10-14 12:00:00,16.0,81.5,2.0,998.0,30.0,6.0,,,DD,5,False,False
1998-006,1998,6,BOB,,1998-10-14 18:00:00,1998-10-14 18:00:00,17.0,81.5,,,,4.0,,,D,6,False,False
1998-006,1998,6,BOB,,1998-10-15 00:00:00,1998-10-15 00:00:00,18.0,81.0,,,,4.0,,,D,7,False,False
1998-007,1998,7,BOB,,1998-10-26 09:00:00,1998-10-26 09:00:00,11.0,90.0,1.5,1002.0,25.0,4.0,,,D,0,False,False
1998-007,1998,7,BOB,,1998-10-26 12:00:00,1998-10-26 12:00:00,11.5,88.5,1.5,1002.0,25.0,4.0,,,D,1,False,False
1998-007,1998,7,BOB,,1998-10-26 18:00:00,1998-10-26 18:00:00,12.0,88.0,1.5,1004.0,25.0,4.0,,,D,2,False,False
1998-007,1998,7,BOB,,1998-10-27 00:00:00,1998-10-27 00:00:00,12.0,88.0,1.5,1004.0,25.0,4.0,,,D,3,False,False
1998-007,1998,7,BOB,,1998-10-27 03:00:00,1998-10-27 03:00:00,12.0,88.0,1.5,1004.0,25.0,4.0,,,D,4,False,False
1998-007,1998,7,BOB,,1998-10-27 06:00:00,1998-10-27 06:00:00,12.5,87.0,1.5,1004.0,25.0,4.0,,,D,5,False,False
1998-007,1998,7,BOB,,1998-10-27 12:00:00,1998-10-27 12:00:00,13.0,87.0,2.0,1002.0,30.0,6.0,,,DD,6,False,False
1998-007,1998,7,BOB,,1998-10-27 18:00:00,1998-10-27 18:00:00,13.0,86.0,2.0,1002.0,30.0,6.0,,,DD,7,False,False
1998-007,1998,7,BOB,,1998-10-28 00:00:00,1998-10-28 00:00:00,13.0,85.5,2.0,1002.0,30.0,6.0,,,DD,8,False,False
1998-007,1998,7,BOB,,1998-10-28 03:00:00,1998-10-28 03:00:00,13.0,85.0,2.0,1004.0,30.0,6.0,,,DD,9,False,False
1998-007,1998,7,BOB,,1998-10-28 06:00:00,1998-10-28 06:00:00,13.0,84.5,2.0,1004.0,30.0,6.0,,,DD,10,False,False
1998-007,1998,7,BOB,,1998-10-28 12:00:00,1998-10-28 12:00:00,13.0,84.0,2.0,1004.0,30.0,6.0,,,DD,11,False,False
1998-007,1998,7,BOB,,1998-10-28 18:00:00,1998-10-28 18:00:00,13.0,83.5,2.0,1004.0,30.0,6.0,,,DD,12,False,False
1998-007,1998,7,BOB,,1998-10-29 00:00:00,1998-10-29 00:00:00,13.0,83.0,2.0,1004.0,30.0,6.0,,,DD,13,False,False
1998-007,1998,7,BOB,,1998-10-29 03:00:00,1998-10-29 03:00:00,13.5,83.0,2.0,1004.0,30.0,6.0,,,DD,14,False,False
1998-007,1998,7,BOB,,1998-10-29 06:00:00,1998-10-29 06:00:00,13.8,83.0,2.0,1004.0,30.0,6.0,,,DD,15,False,False
1998-007,1998,7,BOB,,1998-10-29 09:00:00,1998-10-29 09:00:00,14.0,82.5,1.5,1004.0,25.0,4.0,,,D,16,False,False
1998-008,1998,8,BOB,,1998-11-13 12:00:00,1998-11-13 12:00:00,13.0,87.5,1.5,1004.0,25.0,4.0,,,D,0,False,False
1998-008,1998,8,BOB,,1998-11-14 03:00:00,1998-11-14 03:00:00,13.5,86.5,1.5,1002.0,30.0,6.0,,,DD,1,False,False
1998-008,1998,8,BOB,,1998-11-14 06:00:00,1998-11-14 06:00:00,14.0,86.0,2.0,1002.0,30.0,6.0,,,DD,2,False,False
1998-008,1998,8,BOB,,1998-11-14 09:00:00,1998-11-14 09:00:00,14.0,86.0,2.5,998.0,35.0,8.0,,,CS,3,False,False
1998-008,1998,8,BOB,,1998-11-14 12:00:00,1998-11-14 12:00:00,14.5,85.5,3.0,996.0,45.0,10.0,,,CS,4,False,False
1998-008,1998,8,BOB,,1998-11-14 18:00:00,1998-11-14 18:00:00,15.0,85.0,3.5,992.0,55.0,15.0,,,SCS,5,False,False
1998-008,1998,8,BOB,,1998-11-15 00:00:00,1998-11-15 00:00:00,15.5,84.5,3.5,992.0,55.0,15.0,,,SCS,6,False,False
1998-008,1998,8,BOB,,1998-11-15 03:00:00,1998-11-15 03:00:00,16.0,84.0,4.0,988.0,65.0,21.0,,,VSCS,7,False,False
1998-008,1998,8,BOB,,1998-11-15 06:00:00,1998-11-15 06:00:00,16.5,83.5,4.5,982.0,77.0,29.0,,,VSCS,8,False,False
1998-008,1998,8,BOB,,1998-11-15 09:00:00,1998-11-15 09:00:00,17.0,83.5,4.0,982.0,65.0,21.0,,,VSCS,9,False,False
1998-008,1998,8,BOB,,1998-11-15 12:00:00,1998-11-15 12:00:00,17.5,83.0,,,,,,,SCS,10,False,False
1998-008,1998,8,BOB,,1998-11-15 18:00:00,1998-11-15 18:00:00,19.5,82.0,,,,,,,CS,11,False,False
1998-008,1998,8,BOB,,1998-11-16 00:00:00,1998-11-16 00:00:00,20.0,82.0,,,,,,,CS,12,False,False
1998-008,1998,8,BOB,,1998-11-16 03:00:00,1998-11-16 03:00:00,20.5,82.0,,,,,,,DD,13,False,False
1998-008,1998,8,BOB,,1998-11-16 06:00:00,1998-11-16 06:00:00,21.0,83.0,,,,,,,D,14,False,False
1998-009,1998,9,BOB,,1998-11-19 03:00:00,1998-11-19 03:00:00,12.0,92.5,1.5,1002.0,25.0,4.0,,,D,0,False,False
1998-009,1998,9,BOB,,1998-11-19 06:00:00,1998-11-19 06:00:00,12.0,92.5,1.5,1002.0,25.0,4.0,,,D,1,False,False
1998-009,1998,9,BOB,,1998-11-19 12:00:00,1998-11-19 12:00:00,12.5,91.5,2.0,1000.0,30.0,6.0,,,DD,2,False,False
1998-009,1998,9,BOB,,1998-11-19 15:00:00,1998-11-19 15:00:00,12.5,91.5,2.0,1000.0,30.0,6.0,,,DD,3,False,False
1998-009,1998,9,BOB,,1998-11-19 18:00:00,1998-11-19 18:00:00,12.5,91.0,2.0,1002.0,30.0,6.0,,,DD,4,False,False
1998-009,1998,9,BOB,,1998-11-20 00:00:00,1998-11-20 00:00:00,14.0,89.0,2.0,1002.0,30.0,6.0,,,DD,5,False,False
1998-009,1998,9,BOB,,1998-11-20 03:00:00,1998-11-20 03:00:00,14.5,88.5,2.5,1000.0,35.0,8.0,,,CS,6,False,False
1998-009,1998,9,BOB,,1998-11-20 06:00:00,1998-11-20 06:00:00,15.0,88.0,2.5,998.0,35.0,10.0,,,CS,7,False,False
1998-009,1998,9,BOB,,1998-11-20 09:00:00,1998-11-20 09:00:00,15.5,88.0,2.5,996.0,35.0,10.0,,,CS,8,False,False
1998-009,1998,9,BOB,,1998-11-20 12:00:00,1998-11-20 12:00:00,15.5,88.0,3.0,996.0,45.0,10.0,,,CS,9,False,False
1998-009,1998,9,BOB,,1998-11-20 18:00:00,1998-11-20 18:00:00,16.0,88.0,3.0,996.0,45.0,10.0,,,CS,10,False,False
1998-009,1998,9,BOB,,1998-11-21 00:00:00,1998-11-21 00:00:00,16.5,87.5,3.0,996.0,45.0,10.0,,,CS,11,False,False
1998-009,1998,9,BOB,,1998-11-21 03:00:00,1998-11-21 03:00:00,17.0,87.5,3.0,992.0,45.0,16.0,,,CS,12,False,False
1998-009,1998,9,BOB,,1998-11-21 06:00:00,1998-11-21 06:00:00,17.5,87.5,3.5,992.0,55.0,16.0,,,SCS,13,False,False
1998-009,1998,9,BOB,,1998-11-21 09:00:00,1998-11-21 09:00:00,18.0,87.5,3.5,992.0,55.0,16.0,,,SCS,14,False,False
1998-009,1998,9,BOB,,1998-11-21 12:00:00,1998-11-21 12:00:00,19.0,87.5,4.0,984.0,65.0,24.0,,,VSCS,15,False,False
1998-009,1998,9,BOB,,1998-11-21 18:00:00,1998-11-21 18:00:00,19.5,87.5,4.0,984.0,65.0,24.0,,,VSCS,16,False,False
1998-009,1998,9,BOB,,1998-11-22 00:00:00,1998-11-22 00:00:00,20.5,88.0,4.0,984.0,65.0,24.0,,,VSCS,17,False,False
1998-009,1998,9,BOB,,1998-11-22 03:00:00,1998-11-22 03:00:00,21.5,88.5,3.5,990.0,60.0,18.0,,,SCS,18,False,False
1998-009,1998,9,BOB,,1998-11-22 06:00:00,1998-11-22 06:00:00,22.0,89.0,3.5,998.0,55.0,10.0,,,SCS,19,False,False
1998-009,1998,9,BOB,,1998-11-22 12:00:00,1998-11-22 12:00:00,22.5,90.0,,,,,,,DD,20,False,False
1998-009,1998,9,BOB,,1998-11-23 03:00:00,1998-11-23 03:00:00,23.0,90.5,,,,,,,D,21,False,False
1998-010,1998,10,ARB,,1998-12-13 00:00:00,1998-12-13 00:00:00,11.0,68.5,1.5,1004.0,25.0,4.0,,,D,0,False,False
1998-010,1998,10,ARB,,1998-12-13 03:00:00,1998-12-13 03:00:00,11.0,68.5,2.0,1002.0,30.0,6.0,,,DD,1,False,False
1998-010,1998,10,ARB,,1998-12-13 06:00:00,1998-12-13 06:00:00,11.2,68.3,2.0,1000.0,30.0,6.0,,,DD,2,False,False
1998-010,1998,10,ARB,,1998-12-13 09:00:00,1998-12-13 09:00:00,11.5,68.0,2.5,1000.0,35.0,8.0,,,CS,3,False,False
1998-010,1998,10,ARB,,1998-12-13 12:00:00,1998-12-13 12:00:00,12.0,67.5,2.5,1000.0,35.0,8.0,,,CS,4,False,False
1998-010,1998,10,ARB,,1998-12-13 18:00:00,1998-12-13 18:00:00,12.5,67.5,2.5,1000.0,35.0,8.0,,,CS,5,False,False
1998-010,1998,10,ARB,,1998-12-14 00:00:00,1998-12-14 00:00:00,12.5,67.5,2.5,1000.0,35.0,8.0,,,CS,6,False,False
1998-010,1998,10,ARB,,1998-12-14 03:00:00,1998-12-14 03:00:00,13.0,67.5,3.0,998.0,45.0,10.0,,,CS,7,False,False
1998-010,1998,10,ARB,,1998-12-14 06:00:00,1998-12-14 06:00:00,13.2,67.3,3.0,998.0,45.0,10.0,,,CS,8,False,False
1998-010,1998,10,ARB,,1998-12-14 09:00:00,1998-12-14 09:00:00,13.5,67.0,3.5,993.0,55.0,15.0,,,SCS,9,False,False
1998-010,1998,10,ARB,,1998-12-14 12:00:00,1998-12-14 12:00:00,14.0,67.0,3.5,993.0,55.0,15.0,,,SCS,10,False,False
1998-010,1998,10,ARB,,1998-12-14 18:00:00,1998-12-14 18:00:00,14.5,67.0,3.5,993.0,55.0,15.0,,,SCS,11,False,False
1998-010,1998,10,ARB,,1998-12-15 00:00:00,1998-12-15 00:00:00,15.0,67.0,3.5,993.0,55.0,15.0,,,SCS,12,False,False
1998-010,1998,10,ARB,,1998-12-15 03:00:00,1998-12-15 03:00:00,16.0,66.0,3.5,993.0,55.0,15.0,,,SCS,13,False,False
1998-010,1998,10,ARB,,1998-12-15 06:00:00,1998-12-15 06:00:00,16.5,65.5,3.5,993.0,55.0,15.0,,,SCS,14,False,False
1998-010,1998,10,ARB,,1998-12-15 09:00:00,1998-12-15 09:00:00,16.5,65.0,3.0,993.0,55.0,15.0,,,SCS,15,False,False
1998-010,1998,10,ARB,,1998-12-15 12:00:00,1998-12-15 12:00:00,17.0,64.4,3.0,993.0,55.0,15.0,,,SCS,16,False,False
1998-010,1998,10,ARB,,1998-12-15 18:00:00,1998-12-15 18:00:00,17.3,64.0,3.0,993.0,55.0,15.0,,,SCS,17,False,False
1998-010,1998,10,ARB,,1998-12-16 00:00:00,1998-12-16 00:00:00,17.5,63.5,3.0,993.0,55.0,15.0,,,SCS,18,False,False
1998-010,1998,10,ARB,,1998-12-16 03:00:00,1998-12-16 03:00:00,18.0,62.5,2.5,998.0,45.0,10.0,,,CS,19,False,False
1998-010,1998,10,ARB,,1998-12-16 06:00:00,1998-12-16 06:00:00,18.5,61.5,2.5,998.0,35.0,10.0,,,CS,20,False,False
1998-010,1998,10,ARB,,1998-12-16 09:00:00,1998-12-16 09:00:00,18.5,61.0,2.0,1002.0,30.0,6.0,,,DD,21,False,False
1998-010,1998,10,ARB,,1998-12-16 12:00:00,1998-12-16 12:00:00,19.0,60.0,1.5,1004.0,25.0,4.0,,,D,22,False,False
1998-010,1998,10,ARB,,1998-12-16 18:00:00,1998-12-16 18:00:00,19.5,59.5,1.5,,25.0,4.0,,,D,23,False,False
1998-010,1998,10,ARB,,1998-12-17 00:00:00,1998-12-17 00:00:00,19.5,59.0,1.5,,25.0,4.0,,,D,24,False,False
1998-010,1998,10,ARB,,1998-12-17 03:00:00,1998-12-17 03:00:00,19.5,59.0,1.5,,25.0,4.0,,,D,25,False,False
1999-001,1999,1,BOB,,1999-02-01 03:00:00,1999-02-01 03:00:00,9.0,89.0,1.5,1006.0,25.0,4.0,,,D,0,False,False
1999-001,1999,1,BOB,,1999-02-01 12:00:00,1999-02-01 12:00:00,9.0,88.0,1.5,1004.0,25.0,4.0,,,D,1,False,False
1999-001,1999,1,BOB,,1999-02-02 03:00:00,1999-02-02 03:00:00,9.5,86.0,1.5,1006.0,25.0,4.0,,,D,2,False,False
1999-001,1999,1,BOB,,1999-02-02 06:00:00,1999-02-02 06:00:00,9.5,85.5,2.0,1006.0,30.0,6.0,,,DD,3,False,False
1999-001,1999,1,BOB,,1999-02-02 09:00:00,1999-02-02 09:00:00,9.5,85.5,2.0,1006.0,30.0,6.0,,,DD,4,False,False
1999-001,1999,1,BOB,,1999-02-02 12:00:00,1999-02-02 12:00:00,10.0,85.0,2.0,1004.0,30.0,6.0,,,DD,5,False,False
1999-001,1999,1,BOB,,1999-02-02 18:00:00,1999-02-02 18:00:00,11.0,85.0,2.5,1002.0,35.0,10.0,,,CS,6,False,False
1999-001,1999,1,BOB,,1999-02-03 00:00:00,1999-02-03 00:00:00,11.5,86.0,3.0,998.0,50.0,12.0,,,CS,7,False,False
1999-001,1999,1,BOB,,1999-02-03 03:00:00,1999-02-03 03:00:00,11.5,86.0,3.0,998.0,50.0,12.0,,,CS,8,False,False
1999-001,1999,1,BOB,,1999-02-03 06:00:00,1999-02-03 06:00:00,12.0,86.0,2.5,1002.0,35.0,10.0,,,CS,9,False,False
1999-001,1999,1,BOB,,1999-02-03 09:00:00,1999-02-03 09:00:00,12.0,86.0,2.0,1002.0,30.0,8.0,,,DD,10,False,False
1999-001,1999,1,BOB,,1999-02-03 12:00:00,1999-02-03 12:00:00,12.0,86.5,1.5,1004.0,25.0,6.0,,,D,11,False,False
1999-001,1999,1,BOB,,1999-02-03 18:00:00,1999-02-03 18:00:00,12.0,86.5,1.5,1008.0,25.0,6.0,,,D,12,False,False
1999-002,1999,2,ARB,,1999-05-16 12:00:00,1999-05-16 12:00:00,12.5,72.0,1.5,1000.0,25.0,4.0,,,D,0,False,False
1999-002,1999,2,ARB,,1999-05-16 15:00:00,1999-05-16 15:00:00,12.7,71.8,1.5,1000.0,25.0,4.0,,,D,1,False,False
1999-002,1999,2,ARB,,1999-05-16 18:00:00,1999-05-16 18:00:00,12.9,71.6,2.0,1000.0,25.0,6.0,,,DD,2,False,False
1999-002,1999,2,ARB,,1999-05-16 21:00:00,1999-05-16 21:00:00,13.0,71.5,2.0,998.0,30.0,8.0,,,DD,3,False,False
1999-002,1999,2,ARB,,1999-05-17 00:00:00,1999-05-17 00:00:00,13.5,71.0,2.0,998.0,30.0,8.0,,,DD,4,False,False
1999-002,1999,2,ARB,,1999-05-17 03:00:00,1999-05-17 03:00:00,14.5,70.5,2.5,996.0,35.0,10.0,,,CS,5,False,False
1999-002,1999,2,ARB,,1999-05-17 06:00:00,1999-05-17 06:00:00,15.0,70.0,3.0,996.0,45.0,10.0,,,CS,6,False,False
1999-002,1999,2,ARB,,1999-05-17 09:00:00,1999-05-17 09:00:00,15.0,69.5,3.5,992.0,55.0,16.0,,,SCS,7,False,False
1999-002,1999,2,ARB,,1999-05-17 12:00:00,1999-05-17 12:00:00,15.0,69.5,4.0,984.0,64.0,20.0,,,VSCS,8,False,False
1999-002,1999,2,ARB,,1999-05-17 15:00:00,1999-05-17 15:00:00,15.5,69.0,4.0,984.0,64.0,20.0,,,VSCS,9,False,False
1999-002,1999,2,ARB,,1999-05-17 18:00:00,1999-05-17 18:00:00,16.0,68.5,4.0,984.0,64.0,20.0,,,VSCS,10,False,False
1999-002,1999,2,ARB,,1999-05-17 21:00:00,1999-05-17 21:00:00,16.0,68.5,4.0,980.0,64.0,26.0,,,VSCS,11,False,False
1999-002,1999,2,ARB,,1999-05-18 00:00:00,1999-05-18 00:00:00,16.5,68.5,4.5,976.0,80.0,30.0,,,VSCS,12,False,False
1999-002,1999,2,ARB,,1999-05-18 03:00:00,1999-05-18 03:00:00,17.0,67.5,4.5,976.0,80.0,30.0,,,VSCS,13,False,False
1999-002,1999,2,ARB,,1999-05-18 06:00:00,1999-05-18 06:00:00,18.0,67.5,5.0,964.0,90.0,40.0,,,ESCS,14,False,False
1999-002,1999,2,ARB,,1999-05-18 09:00:00,1999-05-18 09:00:00,17.8,67.6,5.0,964.0,90.0,40.0,,,ESCS,15,False,False
1999-002,1999,2,ARB,,1999-05-18 12:00:00,1999-05-18 12:00:00,18.5,67.5,5.5,950.0,105.0,52.0,,,ESCS,16,False,False
1999-002,1999,2,ARB,,1999-05-18 15:00:00,1999-05-18 15:00:00,18.5,67.5,5.5,948.0,105.0,52.0,,,ESCS,17,False,False
1999-002,1999,2,ARB,,1999-05-18 18:00:00,1999-05-18 18:00:00,19.0,67.5,5.5,948.0,105.0,54.0,,,ESCS,18,False,False
1999-002,1999,2,ARB,,1999-05-18 21:00:00,1999-05-18 21:00:00,20.0,67.5,5.5,948.0,105.0,54.0,,,ESCS,19,False,False
1999-002,1999,2,ARB,,1999-05-19 00:00:00,1999-05-19 00:00:00,20.5,67.5,5.5,948.0,105.0,54.0,,,ESCS,20,False,False
1999-002,1999,2,ARB,,1999-05-19 03:00:00,1999-05-19 03:00:00,21.0,67.5,5.5,948.0,105.0,54.0,,,ESCS,21,False,False
1999-002,1999,2,ARB,,1999-05-19 06:00:00,1999-05-19 06:00:00,21.0,67.5,5.5,948.0,105.0,54.0,,,ESCS,22,False,False
1999-002,1999,2,ARB,,1999-05-19 09:00:00,1999-05-19 09:00:00,21.0,67.5,5.5,948.0,105.0,54.0,,,ESCS,23,False,False
1999-002,1999,2,ARB,,1999-05-19 12:00:00,1999-05-19 12:00:00,21.5,67.5,5.5,946.0,105.0,54.0,,,ESCS,24,False,False
1999-002,1999,2,ARB,,1999-05-19 15:00:00,1999-05-19 15:00:00,22.0,67.5,5.5,946.0,105.0,54.0,,,ESCS,25,False,False
1999-002,1999,2,ARB,,1999-05-19 18:00:00,1999-05-19 18:00:00,22.5,67.5,5.5,946.0,105.0,54.0,,,ESCS,26,False,False
1999-002,1999,2,ARB,,1999-05-19 21:00:00,1999-05-19 21:00:00,23.0,67.5,5.5,946.0,105.0,54.0,,,ESCS,27,False,False
1999-002,1999,2,ARB,,1999-05-20 00:00:00,1999-05-20 00:00:00,23.3,67.5,5.5,946.0,105.0,56.0,,,ESCS,28,False,False
1999-002,1999,2,ARB,,1999-05-20 03:00:00,1999-05-20 03:00:00,23.5,68.5,5.5,946.0,105.0,54.0,,,ESCS,29,False,False
1999-002,1999,2,ARB,,1999-05-20 06:00:00,1999-05-20 06:00:00,23.7,68.5,5.5,946.0,105.0,52.0,,,ESCS,30,False,False
1999-002,1999,2,ARB,,1999-05-20 12:00:00,1999-05-20 12:00:00,24.5,68.0,,,,,,,VSCS,31,False,False
1999-002,1999,2,ARB,,1999-05-20 18:00:00,1999-05-20 18:00:00,24.7,68.7,,,,,,,VSCS,32,False,False
1999-002,1999,2,ARB,,1999-05-21 00:00:00,1999-05-21 00:00:00,25.0,69.0,,,,,,,SCS,33,False,False
1999-002,1999,2,ARB,,1999-05-21 03:00:00,1999-05-21 03:00:00,25.0,69.0,,,,,,,CS,34,False,False
1999-002,1999,2,ARB,,1999-05-21 06:00:00,1999-05-21 06:00:00,25.0,69.5,,,,,,,CS,35,False,False
1999-002,1999,2,ARB,,1999-05-21 12:00:00,1999-05-21 12:00:00,25.5,70.0,,,,,,,CS,36,False,False
1999-002,1999,2,ARB,,1999-05-21 18:00:00,1999-05-21 18:00:00,26.0,70.5,,,,,,,CS,37,False,False
1999-002,1999,2,ARB,,1999-05-22 00:00:00,1999-05-22 00:00:00,26.5,71.0,,,,,,,CS,38,False,False
1999-002,1999,2,ARB,,1999-05-22 03:00:00,1999-05-22 03:00:00,27.0,71.0,,,,,,,DD,39,False,False
1999-002,1999,2,ARB,,1999-05-22 06:00:00,1999-05-22 06:00:00,27.3,72.0,,,,,,,DD,40,False,False
1999-002,1999,2,ARB,,1999-05-22 12:00:00,1999-05-22 12:00:00,27.5,72.0,,,,,,,D,41,False,False
1999-003,1999,3,BOB,,1999-06-17 03:00:00,1999-06-17 03:00:00,18.5,86.0,1.5,990.0,25.0,6.0,,,D,0,False,False
1999-003,1999,3,BOB,,1999-06-17 06:00:00,1999-06-17 06:00:00,18.5,86.0,2.0,992.0,30.0,6.0,,,DD,1,False,False
1999-003,1999,3,BOB,,1999-06-17 12:00:00,1999-06-17 12:00:00,19.0,85.0,2.0,986.0,30.0,6.0,,,DD,2,False,False
1999-003,1999,3,BOB,,1999-06-17 18:00:00,1999-06-17 18:00:00,19.5,84.5,2.0,986.0,30.0,6.0,,,DD,3,False,False
1999-003,1999,3,BOB,,1999-06-18 00:00:00,1999-06-18 00:00:00,19.5,84.0,,,,,,,D,4,False,False
1999-003,1999,3,BOB,,1999-06-18 03:00:00,1999-06-18 03:00:00,20.5,82.0,,,,,,,D,5,False,False
1999-003,1999,3,BOB,,1999-06-18 06:00:00,1999-06-18 06:00:00,21.0,82.0,,,,,,,D,6,False,False
1999-003,1999,3,BOB,,1999-06-18 09:00:00,1999-06-18 09:00:00,21.0,79.0,,,,,,,D,7,False,False
1999-004,1999,4,BOB,,1999-07-27 03:00:00,1999-07-27 03:00:00,21.0,89.0,1.5,992.0,20.0,4.0,,,D,0,False,False
1999-004,1999,4,BOB,,1999-07-27 06:00:00,1999-07-27 06:00:00,21.0,88.5,1.5,992.0,20.0,4.0,,,D,1,False,False
1999-004,1999,4,BOB,,1999-07-27 12:00:00,1999-07-27 12:00:00,22.0,88.5,2.0,990.0,25.0,6.0,,,DD,2,False,False
1999-004,1999,4,BOB,,1999-07-27 18:00:00,1999-07-27 18:00:00,22.0,87.5,2.0,992.0,25.0,6.0,,,DD,3,False,False
1999-004,1999,4,BOB,,1999-07-28 00:00:00,1999-07-28 00:00:00,22.5,87.0,2.0,992.0,25.0,6.0,,,DD,4,False,False
1999-004,1999,4,BOB,,1999-07-28 03:00:00,1999-07-28 03:00:00,23.0,86.5,,,,,,,DD,5,False,False
1999-004,1999,4,BOB,,1999-07-28 06:00:00,1999-07-28 06:00:00,23.0,84.5,,,,,,,D,6,False,False
1999-004,1999,4,BOB,,1999-07-28 12:00:00,1999-07-28 12:00:00,23.5,84.5,,,,,,,D,7,False,False
1999-004,1999,4,BOB,,1999-07-28 18:00:00,1999-07-28 18:00:00,23.5,83.5,,,,,,,D,8,False,False
1999-004,1999,4,BOB,,1999-07-29 00:00:00,1999-07-29 00:00:00,24.0,82.0,,,,,,,D,9,False,False
1999-004,1999,4,BOB,,1999-07-29 03:00:00,1999-07-29 03:00:00,24.5,81.0,,,,,,,D,10,False,False
1999-004,1999,4,BOB,,1999-07-29 06:00:00,1999-07-29 06:00:00,25.0,80.0,,,,,,,D,11,False,False
1999-005,1999,5,BOB,,1999-08-06 12:00:00,1999-08-06 12:00:00,21.0,88.5,1.5,992.0,20.0,4.0,,,D,0,False,False
1999-005,1999,5,BOB,,1999-08-06 18:00:00,1999-08-06 18:00:00,21.0,88.5,1.5,992.0,20.0,4.0,,,D,1,False,False
1999-005,1999,5,BOB,,1999-08-07 03:00:00,1999-08-07 03:00:00,22.5,87.5,1.5,992.0,20.0,4.0,,,D,2,False,False
1999-005,1999,5,BOB,,1999-08-07 06:00:00,1999-08-07 06:00:00,22.5,86.5,1.5,992.0,20.0,4.0,,,D,3,False,False
1999-005,1999,5,BOB,,1999-08-07 12:00:00,1999-08-07 12:00:00,22.5,86.0,1.5,992.0,20.0,4.0,,,D,4,False,False
1999-005,1999,5,BOB,,1999-08-07 18:00:00,1999-08-07 18:00:00,22.5,86.0,1.5,992.0,20.0,4.0,,,D,5,False,False
1999-005,1999,5,BOB,,1999-08-08 03:00:00,1999-08-08 03:00:00,22.5,85.0,1.5,992.0,20.0,4.0,,,D,6,False,False
1999-005,1999,5,BOB,,1999-08-08 06:00:00,1999-08-08 06:00:00,22.5,84.0,1.5,992.0,20.0,4.0,,,D,7,False,False
1999-005,1999,5,BOB,,1999-08-08 12:00:00,1999-08-08 12:00:00,22.5,83.0,1.5,992.0,20.0,4.0,,,D,8,False,False
1999-005,1999,5,BOB,,1999-08-08 18:00:00,1999-08-08 18:00:00,22.5,83.0,1.5,992.0,20.0,4.0,,,D,9,False,False
1999-005,1999,5,BOB,,1999-08-09 00:00:00,1999-08-09 00:00:00,23.5,81.5,1.5,992.0,20.0,4.0,,,D,10,False,False
1999-006,1999,6,BOB,,1999-10-15 03:00:00,1999-10-15 03:00:00,13.5,92.5,1.5,1004.0,20.0,4.0,,,D,0,False,False
1999-006,1999,6,BOB,,1999-10-15 06:00:00,1999-10-15 06:00:00,14.0,91.5,1.5,1002.0,20.0,4.0,,,D,1,False,False
1999-006,1999,6,BOB,,1999-10-15 12:00:00,1999-10-15 12:00:00,15.0,90.0,1.5,1002.0,20.0,4.0,,,D,2,False,False
1999-006,1999,6,BOB,,1999-10-15 18:00:00,1999-10-15 18:00:00,15.2,89.5,1.5,1002.0,20.0,4.0,,,D,3,False,False
1999-006,1999,6,BOB,,1999-10-15 21:00:00,1999-10-15 21:00:00,15.3,89.0,2.0,1000.0,30.0,6.0,,,DD,4,False,False
1999-006,1999,6,BOB,,1999-10-16 00:00:00,1999-10-16 00:00:00,15.5,88.5,2.0,1000.0,30.0,8.0,,,DD,5,False,False
1999-006,1999,6,BOB,,1999-10-16 03:00:00,1999-10-16 03:00:00,16.0,88.5,2.5,998.0,35.0,10.0,,,CS,6,False,False
1999-006,1999,6,BOB,,1999-10-16 06:00:00,1999-10-16 06:00:00,16.5,88.0,2.5,998.0,35.0,10.0,,,CS,7,False,False
1999-006,1999,6,BOB,,1999-10-16 09:00:00,1999-10-16 09:00:00,17.0,87.5,3.0,996.0,45.0,12.0,,,CS,8,False,False
1999-006,1999,6,BOB,,1999-10-16 12:00:00,1999-10-16 12:00:00,17.5,86.5,3.0,994.0,45.0,12.0,,,CS,9,False,False
1999-006,1999,6,BOB,,1999-10-16 15:00:00,1999-10-16 15:00:00,17.6,86.0,3.5,992.0,55.0,16.0,,,SCS,10,False,False
1999-006,1999,6,BOB,,1999-10-16 18:00:00,1999-10-16 18:00:00,17.6,86.0,3.5,992.0,55.0,16.0,,,SCS,11,False,False
1999-006,1999,6,BOB,,1999-10-16 21:00:00,1999-10-16 21:00:00,17.7,86.0,3.5,992.0,55.0,16.0,,,SCS,12,False,False
1999-006,1999,6,BOB,,1999-10-17 00:00:00,1999-10-17 00:00:00,17.7,86.0,4.0,988.0,65.0,20.0,,,VSCS,13,False,False
1999-006,1999,6,BOB,,1999-10-17 03:00:00,1999-10-17 03:00:00,18.0,85.5,4.5,978.0,80.0,30.0,,,VSCS,14,False,False
1999-006,1999,6,BOB,,1999-10-17 06:00:00,1999-10-17 06:00:00,18.0,85.0,4.5,978.0,80.0,30.0,,,VSCS,15,False,False
1999-006,1999,6,BOB,,1999-10-17 09:00:00,1999-10-17 09:00:00,18.5,85.0,4.5,978.0,80.0,30.0,,,VSCS,16,False,False
1999-006,1999,6,BOB,,1999-10-17 12:00:00,1999-10-17 12:00:00,19.0,85.0,4.5,978.0,80.0,30.0,,,VSCS,17,False,False
1999-006,1999,6,BOB,,1999-10-17 15:00:00,1999-10-17 15:00:00,19.0,85.0,4.5,978.0,80.0,30.0,,,VSCS,18,False,False
1999-006,1999,6,BOB,,1999-10-17 18:00:00,1999-10-17 18:00:00,19.2,85.0,5.0,968.0,90.0,40.0,,,ESCS,19,False,False
1999-006,1999,6,BOB,,1999-10-18 00:00:00,1999-10-18 00:00:00,19.5,85.0,,,,,,,VSCS,20,False,False
1999-006,1999,6,BOB,,1999-10-18 03:00:00,1999-10-18 03:00:00,20.5,85.0,,,,,,,SCS,21,False,False
1999-006,1999,6,BOB,,1999-10-18 06:00:00,1999-10-18 06:00:00,20.5,85.0,,,,,,,SCS,22,False,False
1999-006,1999,6,BOB,,1999-10-18 09:00:00,1999-10-18 09:00:00,20.5,85.0,,,,,,,CS,23,False,False
1999-006,1999,6,BOB,,1999-10-18 12:00:00,1999-10-18 12:00:00,21.5,86.5,,,,,,,CS,24,False,False
1999-006,1999,6,BOB,,1999-10-18 15:00:00,1999-10-18 15:00:00,21.0,86.5,,,,,,,DD,25,False,False
1999-006,1999,6,BOB,,1999-10-18 18:00:00,1999-10-18 18:00:00,22.5,86.5,,,,,,,DD,26,False,False
1999-006,1999,6,BOB,,1999-10-18 21:00:00,1999-10-18 21:00:00,23.0,86.5,,,,,,,DD,27,False,False
1999-006,1999,6,BOB,,1999-10-19 00:00:00,1999-10-19 00:00:00,23.0,86.5,,,,,,,D,28,False,False
1999-006,1999,6,BOB,,1999-10-19 03:00:00,1999-10-19 03:00:00,23.5,86.5,,,,,,,D,29,False,False
1999-007,1999,7,BOB,,1999-10-25 06:00:00,1999-10-25 06:00:00,12.0,98.5,1.5,1004.0,25.0,2.0,,,D,0,False,False
1999-007,1999,7,BOB,,1999-10-25 09:00:00,1999-10-25 09:00:00,12.5,98.5,1.5,1004.0,25.0,2.0,,,D,1,False,False
1999-007,1999,7,BOB,,1999-10-25 12:00:00,1999-10-25 12:00:00,12.5,98.0,1.5,1002.0,25.0,4.0,,,D,2,False,False
1999-007,1999,7,BOB,,1999-10-25 18:00:00,1999-10-25 18:00:00,12.5,98.0,1.5,1002.0,25.0,4.0,,,D,3,False,False
1999-007,1999,7,BOB,,1999-10-26 00:00:00,1999-10-26 00:00:00,13.5,96.5,2.0,1002.0,30.0,4.0,,,DD,4,False,False
1999-007,1999,7,BOB,,1999-10-26 03:00:00,1999-10-26 03:00:00,13.5,95.5,2.0,1002.0,35.0,6.0,,,CS,5,False,False
1999-007,1999,7,BOB,,1999-10-26 06:00:00,1999-10-26 06:00:00,13.5,95.0,2.5,1002.0,35.0,6.0,,,CS,6,False,False
1999-007,1999,7,BOB,,1999-10-26 09:00:00,1999-10-26 09:00:00,14.0,94.5,2.5,1002.0,35.0,6.0,,,CS,7,False,False
1999-007,1999,7,BOB,,1999-10-26 12:00:00,1999-10-26 12:00:00,14.5,94.0,3.0,998.0,45.0,10.0,,,CS,8,False,False
1999-007,1999,7,BOB,,1999-10-26 15:00:00,1999-10-26 15:00:00,15.0,93.5,3.0,998.0,45.0,10.0,,,CS,9,False,False
1999-007,1999,7,BOB,,1999-10-26 18:00:00,1999-10-26 18:00:00,15.0,93.5,3.0,998.0,45.0,10.0,,,CS,10,False,False
1999-007,1999,7,BOB,,1999-10-26 21:00:00,1999-10-26 21:00:00,15.0,93.0,3.0,998.0,45.0,10.0,,,CS,11,False,False
1999-007,1999,7,BOB,,1999-10-27 00:00:00,1999-10-27 00:00:00,15.5,93.0,3.0,998.0,45.0,10.0,,,CS,12,False,False
1999-007,1999,7,BOB,,1999-10-27 03:00:00,1999-10-27 03:00:00,16.0,92.0,3.5,992.0,55.0,16.0,,,SCS,13,False,False
1999-007,1999,7,BOB,,1999-10-27 06:00:00,1999-10-27 06:00:00,16.5,91.5,3.5,992.0,55.0,16.0,,,SCS,14,False,False
1999-007,1999,7,BOB,,1999-10-27 09:00:00,1999-10-27 09:00:00,16.5,91.0,3.5,992.0,55.0,16.0,,,SCS,15,False,False
1999-007,1999,7,BOB,,1999-10-27 12:00:00,1999-10-27 12:00:00,17.0,90.5,3.5,992.0,55.0,16.0,,,SCS,16,False,False
1999-007,1999,7,BOB,,1999-10-27 15:00:00,1999-10-27 15:00:00,17.0,90.5,4.0,986.0,65.0,20.0,,,VSCS,17,False,False
1999-007,1999,7,BOB,,1999-10-27 18:00:00,1999-10-27 18:00:00,17.0,90.5,4.0,986.0,65.0,20.0,,,VSCS,18,False,False
1999-007,1999,7,BOB,,1999-10-27 21:00:00,1999-10-27 21:00:00,17.0,90.0,4.0,986.0,65.0,20.0,,,VSCS,19,False,False
1999-007,1999,7,BOB,,1999-10-28 00:00:00,1999-10-28 00:00:00,17.5,90.0,4.0,986.0,65.0,20.0,,,VSCS,20,False,False
1999-007,1999,7,BOB,,1999-10-28 03:00:00,1999-10-28 03:00:00,18.0,89.0,4.5,978.0,77.0,30.0,,,VSCS,21,False,False
1999-007,1999,7,BOB,,1999-10-28 06:00:00,1999-10-28 06:00:00,18.0,88.5,5.0,968.0,90.0,40.0,,,ESCS,22,False,False
1999-007,1999,7,BOB,,1999-10-28 09:00:00,1999-10-28 09:00:00,18.5,88.0,5.5,956.0,102.0,52.0,,,ESCS,23,False,False
1999-007,1999,7,BOB,,1999-10-28 12:00:00,1999-10-28 12:00:00,18.5,88.0,6.0,940.0,115.0,66.0,,,ESCS,24,False,False
1999-007,1999,7,BOB,,1999-10-28 15:00:00,1999-10-28 15:00:00,19.0,87.5,6.5,928.0,127.0,80.0,,,SuCS,25,False,False
1999-007,1999,7,BOB,,1999-10-28 18:00:00,1999-10-28 18:00:00,19.3,87.0,7.0,912.0,140.0,98.0,,,SuCS,26,False,False
1999-007,1999,7,BOB,,1999-10-28 21:00:00,1999-10-28 21:00:00,19.3,87.2,7.0,912.0,140.0,98.0,,,SuCS,27,False,False
1999-007,1999,7,BOB,,1999-10-29 00:00:00,1999-10-29 00:00:00,19.6,87.0,7.0,912.0,140.0,98.0,,,SuCS,28,False,False
1999-007,1999,7,BOB,,1999-10-29 03:00:00,1999-10-29 03:00:00,19.9,86.7,7.0,912.0,140.0,98.0,,,SuCS,29,False,False
1999-007,1999,7,BOB,,1999-10-29 06:00:00,1999-10-29 06:00:00,20.5,86.0,7.0,912.0,140.0,98.0,,,SuCS,30,False,False
1999-007,1999,7,BOB,,1999-10-29 12:00:00,1999-10-29 12:00:00,20.5,86.0,,,,,,,VSCS,31,False,False
1999-007,1999,7,BOB,,1999-10-29 18:00:00,1999-10-29 18:00:00,20.5,86.0,,,,,,,SCS,32,False,False
1999-007,1999,7,BOB,,1999-10-30 00:00:00,1999-10-30 00:00:00,20.5,86.0,,,,,,,SCS,33,False,False
1999-007,1999,7,BOB,,1999-10-30 03:00:00,1999-10-30 03:00:00,20.5,86.0,,,,,,,CS,34,False,False
1999-007,1999,7,BOB,,1999-10-30 06:00:00,1999-10-30 06:00:00,20.5,86.0,,,,,,,CS,35,False,False
1999-007,1999,7,BOB,,1999-10-30 12:00:00,1999-10-30 12:00:00,20.5,86.0,,,,,,,CS,36,False,False
1999-007,1999,7,BOB,,1999-10-30 18:00:00,1999-10-30 18:00:00,20.5,86.0,,,,,,,DD,37,False,False
1999-007,1999,7,BOB,,1999-10-31 00:00:00,1999-10-31 00:00:00,20.5,86.0,,,,,,,DD,38,False,False
1999-007,1999,7,BOB,,1999-10-31 03:00:00,1999-10-31 03:00:00,21.0,87.0,,,,,,,D,39,False,False
1999-008,1999,8,BOB,,1999-12-08 11:30:00,1999-12-08 11:30:00,10.5,87.5,1.5,998.0,25.0,2.0,,,D,0,False,False
1999-008,1999,8,BOB,,1999-12-08 15:00:00,1999-12-08 15:00:00,10.5,87.5,1.5,998.0,25.0,2.0,,,D,1,False,False
1999-008,1999,8,BOB,,1999-12-08 18:00:00,1999-12-08 18:00:00,10.5,87.0,1.5,998.0,25.0,2.0,,,D,2,False,False
1999-008,1999,8,BOB,,1999-12-08 21:00:00,1999-12-08 21:00:00,10.5,87.0,1.5,998.0,25.0,2.0,,,D,3,False,False
1999-008,1999,8,BOB,,1999-12-09 03:00:00,1999-12-09 03:00:00,10.5,85.5,1.5,998.0,25.0,2.0,,,D,4,False,False
1999-008,1999,8,BOB,,1999-12-09 06:00:00,1999-12-09 06:00:00,10.5,85.0,1.5,998.0,25.0,2.0,,,D,5,False,False
1999-008,1999,8,BOB,,1999-12-09 09:00:00,1999-12-09 09:00:00,10.5,85.0,1.5,998.0,25.0,2.0,,,D,6,False,False
1999-008,1999,8,BOB,,1999-12-09 12:00:00,1999-12-09 12:00:00,10.5,85.0,1.5,998.0,25.0,2.0,,,D,7,False,False
1999-008,1999,8,BOB,,1999-12-09 18:00:00,1999-12-09 18:00:00,10.5,85.0,1.5,998.0,25.0,2.0,,,D,8,False,False
1999-008,1999,8,BOB,,1999-12-09 21:00:00,1999-12-09 21:00:00,10.5,85.0,1.5,998.0,25.0,2.0,,,D,9,False,False
1999-008,1999,8,BOB,,1999-12-10 00:00:00,1999-12-10 00:00:00,11.0,84.5,1.5,998.0,25.0,2.0,,,D,10,False,False
1999-008,1999,8,BOB,,1999-12-10 03:00:00,1999-12-10 03:00:00,11.0,84.5,1.5,998.0,25.0,2.0,,,D,11,False,False
1999-008,1999,8,BOB,,1999-12-10 06:00:00,1999-12-10 06:00:00,11.0,84.0,1.5,998.0,25.0,2.0,,,D,12,False,False
1999-008,1999,8,BOB,,1999-12-10 09:00:00,1999-12-10 09:00:00,11.0,84.0,1.5,998.0,25.0,2.0,,,D,13,False,False
2000-001,2000,1,BOB,,2000-03-27 12:00:00,2000-03-27 12:00:00,7.5,90.0,1.5,1004.0,25.0,4.0,,,D,0,False,False
2000-001,2000,1,BOB,,2000-03-27 18:00:00,2000-03-27 18:00:00,8.5,89.0,1.5,1006.0,25.0,4.0,,,D,1,False,False
2000-001,2000,1,BOB,,2000-03-28 00:00:00,2000-03-28 00:00:00,9.5,89.0,1.5,1004.0,25.0,4.0,,,D,2,False,False
2000-001,2000,1,BOB,,2000-03-28 03:00:00,2000-03-28 03:00:00,10.0,88.5,1.5,1006.0,25.0,4.0,,,D,3,False,False
2000-001,2000,1,BOB,,2000-03-28 12:00:00,2000-03-28 12:00:00,12.0,88.0,1.5,1004.0,25.0,4.0,,,D,4,False,False
2000-001,2000,1,BOB,,2000-03-28 18:00:00,2000-03-28 18:00:00,12.0,88.0,1.5,1004.0,25.0,4.0,,,D,5,False,False
2000-001,2000,1,BOB,,2000-03-29 00:00:00,2000-03-29 00:00:00,12.5,88.0,1.5,1004.0,25.0,4.0,,,D,6,False,False
2000-001,2000,1,BOB,,2000-03-29 03:00:00,2000-03-29 03:00:00,13.0,88.0,2.0,1002.0,30.0,6.0,,,DD,7,False,False
2000-001,2000,1,BOB,,2000-03-29 06:00:00,2000-03-29 06:00:00,13.5,88.0,2.0,1002.0,30.0,6.0,,,DD,8,False,False
2000-001,2000,1,BOB,,2000-03-29 12:00:00,2000-03-29 12:00:00,14.0,88.5,2.5,998.0,35.0,8.0,,,CS,9,False,False
2000-001,2000,1,BOB,,2000-03-29 15:00:00,2000-03-29 15:00:00,14.5,89.0,2.5,1000.0,35.0,8.0,,,CS,10,False,False
2000-001,2000,1,BOB,,2000-03-29 18:00:00,2000-03-29 18:00:00,15.0,89.5,2.5,1000.0,35.0,8.0,,,CS,11,False,False
2000-001,2000,1,BOB,,2000-03-29 21:00:00,2000-03-29 21:00:00,15.0,89.5,3.0,1000.0,45.0,10.0,,,CS,12,False,False
2000-001,2000,1,BOB,,2000-03-30 00:00:00,2000-03-30 00:00:00,15.0,89.5,3.0,998.0,45.0,10.0,,,CS,13,False,False
2000-001,2000,1,BOB,,2000-03-30 03:00:00,2000-03-30 03:00:00,15.5,90.0,3.0,998.0,45.0,10.0,,,CS,14,False,False
2000-001,2000,1,BOB,,2000-03-30 06:00:00,2000-03-30 06:00:00,15.5,90.0,2.5,1000.0,35.0,8.0,,,CS,15,False,False
2000-001,2000,1,BOB,,2000-03-30 09:00:00,2000-03-30 09:00:00,15.0,90.0,2.0,1000.0,30.0,6.0,,,DD,16,False,False
2000-001,2000,1,BOB,,2000-03-30 12:00:00,2000-03-30 12:00:00,16.0,90.5,1.5,1002.0,25.0,4.0,,,D,17,False,False
2000-002,2000,2,BOB,,2000-08-23 03:00:00,2000-08-23 03:00:00,16.5,83.5,1.5,994.0,25.0,4.0,,,D,0,False,False
2000-002,2000,2,BOB,,2000-08-23 06:00:00,2000-08-23 06:00:00,16.5,83.0,1.5,996.0,25.0,4.0,,,D,1,False,False
2000-002,2000,2,BOB,,2000-08-23 12:00:00,2000-08-23 12:00:00,16.5,82.5,1.5,994.0,25.0,4.0,,,D,2,False,False
2000-002,2000,2,BOB,,2000-08-23 18:00:00,2000-08-23 18:00:00,17.5,82.0,1.5,996.0,25.0,4.0,,,D,3,False,False
2000-002,2000,2,BOB,,2000-08-24 00:00:00,2000-08-24 00:00:00,18.0,79.5,1.5,996.0,25.0,4.0,,,D,4,False,False
2000-003,2000,3,BOB,,2000-10-15 00:00:00,2000-10-15 00:00:00,14.5,88.5,1.5,1004.0,25.0,4.0,,,D,0,False,False
2000-003,2000,3,BOB,,2000-10-15 03:00:00,2000-10-15 03:00:00,14.5,88.5,1.5,1004.0,25.0,4.0,,,D,1,False,False
2000-003,2000,3,BOB,,2000-10-15 06:00:00,2000-10-15 06:00:00,14.5,88.0,1.5,1002.0,25.0,4.0,,,D,2,False,False
2000-003,2000,3,BOB,,2000-10-15 12:00:00,2000-10-15 12:00:00,14.5,87.0,1.5,1000.0,25.0,4.0,,,D,3,False,False
2000-003,2000,3,BOB,,2000-10-15 18:00:00,2000-10-15 18:00:00,14.5,86.5,2.0,1002.0,30.0,6.0,,,DD,4,False,False
2000-003,2000,3,BOB,,2000-10-16 00:00:00,2000-10-16 00:00:00,14.5,86.3,2.0,1000.0,30.0,6.0,,,DD,5,False,False
2000-003,2000,3,BOB,,2000-10-16 03:00:00,2000-10-16 03:00:00,14.5,86.0,2.0,1000.0,30.0,8.0,,,DD,6,False,False
2000-003,2000,3,BOB,,2000-10-16 06:00:00,2000-10-16 06:00:00,14.5,85.5,2.0,1000.0,30.0,8.0,,,DD,7,False,False
2000-003,2000,3,BOB,,2000-10-16 12:00:00,2000-10-16 12:00:00,14.5,85.0,2.0,998.0,30.0,8.0,,,DD,8,False,False
2000-003,2000,3,BOB,,2000-10-16 18:00:00,2000-10-16 18:00:00,14.0,85.0,2.0,1000.0,30.0,8.0,,,DD,9,False,False
2000-003,2000,3,BOB,,2000-10-17 00:00:00,2000-10-17 00:00:00,14.0,84.5,2.5,998.0,35.0,8.0,,,CS,10,False,False
2000-003,2000,3,BOB,,2000-10-17 03:00:00,2000-10-17 03:00:00,14.0,84.5,2.5,998.0,35.0,8.0,,,CS,11,False,False
2000-003,2000,3,BOB,,2000-10-17 06:00:00,2000-10-17 06:00:00,14.0,84.5,2.5,996.0,35.0,10.0,,,CS,12,False,False
2000-003,2000,3,BOB,,2000-10-17 09:00:00,2000-10-17 09:00:00,14.0,84.0,2.5,996.0,35.0,10.0,,,CS,13,False,False
2000-003,2000,3,BOB,,2000-10-17 12:00:00,2000-10-17 12:00:00,14.0,84.0,2.5,996.0,35.0,8.0,,,CS,14,False,False
2000-003,2000,3,BOB,,2000-10-17 15:00:00,2000-10-17 15:00:00,14.0,84.0,2.5,998.0,35.0,8.0,,,CS,15,False,False
2000-003,2000,3,BOB,,2000-10-17 18:00:00,2000-10-17 18:00:00,14.0,84.0,2.5,998.0,35.0,8.0,,,CS,16,False,False
2000-003,2000,3,BOB,,2000-10-17 21:00:00,2000-10-17 21:00:00,14.0,84.0,2.5,998.0,35.0,8.0,,,CS,17,False,False
2000-003,2000,3,BOB,,2000-10-18 00:00:00,2000-10-18 00:00:00,14.5,83.5,2.5,998.0,35.0,8.0,,,CS,18,False,False
2000-003,2000,3,BOB,,2000-10-18 03:00:00,2000-10-18 03:00:00,14.0,83.5,2.0,1000.0,30.0,6.0,,,DD,19,False,False
2000-003,2000,3,BOB,,2000-10-18 06:00:00,2000-10-18 06:00:00,14.0,83.5,2.0,1000.0,30.0,6.0,,,DD,20,False,False
2000-003,2000,3,BOB,,2000-10-18 12:00:00,2000-10-18 12:00:00,14.0,83.0,2.0,998.0,30.0,6.0,,,DD,21,False,False
2000-003,2000,3,BOB,,2000-10-18 18:00:00,2000-10-18 18:00:00,14.5,82.5,1.5,1000.0,25.0,4.0,,,D,22,False,False
2000-003,2000,3,BOB,,2000-10-19 03:00:00,2000-10-19 03:00:00,14.5,82.0,1.5,1004.0,25.0,4.0,,,D,23,False,False
2000-003,2000,3,BOB,,2000-10-19 06:00:00,2000-10-19 06:00:00,14.5,82.0,1.5,1004.0,25.0,4.0,,,D,24,False,False
2000-004,2000,4,BOB,,2000-10-25 09:00:00,2000-10-25 09:00:00,13.5,93.0,1.5,1002.0,25.0,4.0,,,D,0,False,False
2000-004,2000,4,BOB,,2000-10-25 12:00:00,2000-10-25 12:00:00,14.0,92.5,1.5,1002.0,25.0,4.0,,,D,1,False,False
2000-004,2000,4,BOB,,2000-10-25 18:00:00,2000-10-25 18:00:00,14.5,92.0,1.5,1002.0,25.0,4.0,,,D,2,False,False
2000-004,2000,4,BOB,,2000-10-26 00:00:00,2000-10-26 00:00:00,15.0,91.5,1.5,1002.0,25.0,4.0,,,D,3,False,False
2000-004,2000,4,BOB,,2000-10-26 03:00:00,2000-10-26 03:00:00,15.5,90.5,1.5,1004.0,25.0,4.0,,,D,4,False,False
2000-004,2000,4,BOB,,2000-10-26 06:00:00,2000-10-26 06:00:00,16.5,90.5,1.5,1002.0,25.0,4.0,,,D,5,False,False
2000-004,2000,4,BOB,,2000-10-26 12:00:00,2000-10-26 12:00:00,16.5,89.5,1.5,1002.0,25.0,4.0,,,D,6,False,False
2000-004,2000,4,BOB,,2000-10-26 18:00:00,2000-10-26 18:00:00,17.0,89.0,1.5,1004.0,25.0,4.0,,,D,7,False,False
2000-004,2000,4,BOB,,2000-10-27 00:00:00,2000-10-27 00:00:00,17.5,88.5,1.5,1002.0,25.0,4.0,,,D,8,False,False
2000-004,2000,4,BOB,,2000-10-27 03:00:00,2000-10-27 03:00:00,18.0,88.5,2.0,1002.0,30.0,6.0,,,DD,9,False,False
2000-004,2000,4,BOB,,2000-10-27 06:00:00,2000-10-27 06:00:00,18.5,88.5,2.0,1002.0,30.0,6.0,,,DD,10,False,False
2000-004,2000,4,BOB,,2000-10-27 12:00:00,2000-10-27 12:00:00,19.0,88.5,2.0,1000.0,30.0,6.0,,,DD,11,False,False
2000-004,2000,4,BOB,,2000-10-27 18:00:00,2000-10-27 18:00:00,20.5,88.5,2.5,998.0,35.0,8.0,,,CS,12,False,False
2000-004,2000,4,BOB,,2000-10-27 21:00:00,2000-10-27 21:00:00,21.0,88.5,2.5,998.0,35.0,8.0,,,CS,13,False,False
2000-004,2000,4,BOB,,2000-10-28 00:00:00,2000-10-28 00:00:00,21.5,89.0,2.5,998.0,35.0,8.0,,,CS,14,False,False
2000-004,2000,4,BOB,,2000-10-28 03:00:00,2000-10-28 03:00:00,22.5,89.0,,,30.0,6.0,,,DD,15,False,False
2000-004,2000,4,BOB,,2000-10-28 06:00:00,2000-10-28 06:00:00,23.0,89.5,,,30.0,6.0,,,DD,16,False,False
2000-004,2000,4,BOB,,2000-10-28 12:00:00,2000-10-28 12:00:00,23.5,90.5,,,25.0,4.0,,,D,17,False,False
2000-004,2000,4,BOB,,2000-10-28 18:00:00,2000-10-28 18:00:00,24.0,93.0,,,25.0,4.0,,,D,18,False,False
2000-004,2000,4,BOB,,2000-10-29 00:00:00,2000-10-29 00:00:00,24.0,94.0,,,25.0,4.0,,,D,19,False,False
2000-005,2000,5,BOB,,2000-11-26 03:00:00,2000-11-26 03:00:00,8.5,91.5,1.5,1004.0,25.0,4.0,,,D,0,False,False
2000-005,2000,5,BOB,,2000-11-26 06:00:00,2000-11-26 06:00:00,9.5,90.5,1.5,1004.0,25.0,4.0,,,D,1,False,False
2000-005,2000,5,BOB,,2000-11-26 09:00:00,2000-11-26 09:00:00,9.5,91.0,1.5,1004.0,25.0,4.0,,,D,2,False,False
2000-005,2000,5,BOB,,2000-11-26 12:00:00,2000-11-26 12:00:00,10.0,89.5,1.5,1004.0,25.0,4.0,,,D,3,False,False
2000-005,2000,5,BOB,,2000-11-26 15:00:00,2000-11-26 15:00:00,10.0,90.0,2.0,1004.0,30.0,6.0,,,DD,4,False,False
2000-005,2000,5,BOB,,2000-11-26 18:00:00,2000-11-26 18:00:00,10.0,90.0,2.0,1002.0,30.0,6.0,,,DD,5,False,False
2000-005,2000,5,BOB,,2000-11-27 00:00:00,2000-11-27 00:00:00,10.5,88.0,2.0,1002.0,30.0,6.0,,,DD,6,False,False
2000-005,2000,5,BOB,,2000-11-27 03:00:00,2000-11-27 03:00:00,11.0,87.5,2.0,1004.0,30.0,6.0,,,DD,7,False,False
2000-005,2000,5,BOB,,2000-11-27 06:00:00,2000-11-27 06:00:00,11.0,87.0,2.0,1002.0,30.0,8.0,,,DD,8,False,False
2000-005,2000,5,BOB,,2000-11-27 09:00:00,2000-11-27 09:00:00,11.0,86.5,2.5,998.0,35.0,10.0,,,CS,9,False,False
2000-005,2000,5,BOB,,2000-11-27 12:00:00,2000-11-27 12:00:00,11.0,86.0,3.0,998.0,45.0,10.0,,,CS,10,False,False
2000-005,2000,5,BOB,,2000-11-27 15:00:00,2000-11-27 15:00:00,11.0,85.5,3.0,998.0,45.0,10.0,,,CS,11,False,False
2000-005,2000,5,BOB,,2000-11-27 18:00:00,2000-11-27 18:00:00,11.0,85.0,3.0,998.0,45.0,10.0,,,CS,12,False,False
2000-005,2000,5,BOB,,2000-11-27 21:00:00,2000-11-27 21:00:00,11.0,84.5,3.0,998.0,45.0,10.0,,,CS,13,False,False
2000-005,2000,5,BOB,,2000-11-28 00:00:00,2000-11-28 00:00:00,11.5,84.0,3.5,992.0,55.0,15.0,,,SCS,14,False,False
2000-005,2000,5,BOB,,2000-11-28 03:00:00,2000-11-28 03:00:00,11.5,83.5,3.5,992.0,55.0,15.0,,,SCS,15,False,False
2000-005,2000,5,BOB,,2000-11-28 06:00:00,2000-11-28 06:00:00,11.5,83.0,4.0,986.0,65.0,20.0,,,VSCS,16,False,False
2000-005,2000,5,BOB,,2000-11-28 09:00:00,2000-11-28 09:00:00,11.5,82.5,4.0,986.0,65.0,20.0,,,VSCS,17,False,False
2000-005,2000,5,BOB,,2000-11-28 12:00:00,2000-11-28 12:00:00,11.5,82.0,4.5,978.0,77.0,30.0,,,VSCS,18,False,False
2000-005,2000,5,BOB,,2000-11-28 15:00:00,2000-11-28 15:00:00,11.5,81.8,5.0,968.0,90.0,40.0,,,ESCS,19,False,False
2000-005,2000,5,BOB,,2000-11-28 18:00:00,2000-11-28 18:00:00,11.5,81.5,5.5,958.0,102.0,52.0,,,ESCS,20,False,False
2000-005,2000,5,BOB,,2000-11-28 21:00:00,2000-11-28 21:00:00,11.5,81.2,5.5,958.0,102.0,52.0,,,ESCS,21,False,False
2000-005,2000,5,BOB,,2000-11-29 00:00:00,2000-11-29 00:00:00,11.5,81.0,5.0,968.0,90.0,40.0,,,ESCS,22,False,False
2000-005,2000,5,BOB,,2000-11-29 03:00:00,2000-11-29 03:00:00,11.5,80.5,5.0,966.0,90.0,40.0,,,ESCS,23,False,False
2000-005,2000,5,BOB,,2000-11-29 06:00:00,2000-11-29 06:00:00,11.5,80.5,4.5,976.0,77.0,30.0,,,VSCS,24,False,False
2000-005,2000,5,BOB,,2000-11-29 09:00:00,2000-11-29 09:00:00,11.5,80.0,4.5,976.0,77.0,30.0,,,VSCS,25,False,False
2000-005,2000,5,BOB,,2000-11-29 12:00:00,2000-11-29 12:00:00,11.5,80.0,,998.0,55.0,10.0,,,SCS,26,False,False
2000-005,2000,5,BOB,,2000-11-29 18:00:00,2000-11-29 18:00:00,11.0,78.5,,998.0,45.0,10.0,,,CS,27,False,False
2000-005,2000,5,BOB,,2000-11-30 03:00:00,2000-11-30 03:00:00,11.5,78.0,,1002.0,30.0,4.0,,,DD,28,False,False
2000-005,2000,5,BOB,,2000-11-30 06:00:00,2000-11-30 06:00:00,11.5,77.0,,1004.0,25.0,2.0,,,D,29,False,False
2000-006,2000,6,BOB,,2000-12-23 03:00:00,2000-12-23 03:00:00,8.0,86.0,1.5,1006.0,25.0,4.0,,,D,0,False,False
2000-006,2000,6,BOB,,2000-12-23 06:00:00,2000-12-23 06:00:00,8.0,86.0,1.5,1006.0,25.0,4.0,,,D,1,False,False
2000-006,2000,6,BOB,,2000-12-23 12:00:00,2000-12-23 12:00:00,8.0,85.0,1.5,1006.0,25.0,4.0,,,D,2,False,False
2000-006,2000,6,BOB,,2000-12-23 18:00:00,2000-12-23 18:00:00,8.0,84.5,1.5,1006.0,25.0,4.0,,,D,3,False,False
2000-006,2000,6,BOB,,2000-12-24 00:00:00,2000-12-24 00:00:00,8.0,84.0,2.0,1004.0,30.0,6.0,,,DD,4,False,False
2000-006,2000,6,BOB,,2000-12-24 03:00:00,2000-12-24 03:00:00,8.5,84.0,2.0,1004.0,30.0,6.0,,,DD,5,False,False
2000-006,2000,6,BOB,,2000-12-24 06:00:00,2000-12-24 06:00:00,8.5,84.0,2.0,1004.0,30.0,6.0,,,DD,6,False,False
2000-006,2000,6,BOB,,2000-12-24 12:00:00,2000-12-24 12:00:00,8.5,83.5,2.0,1004.0,30.0,6.0,,,DD,7,False,False
2000-006,2000,6,BOB,,2000-12-24 18:00:00,2000-12-24 18:00:00,8.5,83.5,2.0,1004.0,30.0,6.0,,,DD,8,False,False
2000-006,2000,6,BOB,,2000-12-25 00:00:00,2000-12-25 00:00:00,8.5,83.0,2.5,1004.0,30.0,6.0,,,DD,9,False,False
2000-006,2000,6,BOB,,2000-12-25 03:00:00,2000-12-25 03:00:00,8.5,83.0,2.5,1004.0,35.0,6.0,,,CS,10,False,False
2000-006,2000,6,BOB,,2000-12-25 06:00:00,2000-12-25 06:00:00,8.5,83.0,3.0,1000.0,45.0,10.0,,,CS,11,False,False
2000-006,2000,6,BOB,,2000-12-25 12:00:00,2000-12-25 12:00:00,8.5,83.0,3.5,994.0,55.0,16.0,,,SCS,12,False,False
2000-006,2000,6,BOB,,2000-12-25 18:00:00,2000-12-25 18:00:00,8.5,83.0,4.0,990.0,65.0,20.0,,,VSCS,13,False,False
2000-006,2000,6,BOB,,2000-12-26 00:00:00,2000-12-26 00:00:00,8.5,82.5,4.0,990.0,65.0,20.0,,,VSCS,14,False,False
2000-006,2000,6,BOB,,2000-12-26 03:00:00,2000-12-26 03:00:00,8.5,82.5,4.0,990.0,65.0,20.0,,,VSCS,15,False,False
2000-006,2000,6,BOB,,2000-12-26 06:00:00,2000-12-26 06:00:00,8.5,82.0,4.5,982.0,77.0,30.0,,,VSCS,16,False,False
2000-006,2000,6,BOB,,2000-12-26 09:00:00,2000-12-26 09:00:00,8.5,81.5,4.5,982.0,77.0,28.0,,,VSCS,17,False,False
2000-006,2000,6,BOB,,2000-12-26 12:00:00,2000-12-26 12:00:00,8.5,81.0,5.0,970.0,90.0,40.0,,,ESCS,18,False,False
2000-006,2000,6,BOB,,2000-12-26 15:00:00,2000-12-26 15:00:00,8.5,81.0,5.0,970.0,90.0,40.0,,,ESCS,19,False,False
2000-006,2000,6,BOB,,2000-12-26 18:00:00,2000-12-26 18:00:00,8.5,81.0,4.5,982.0,77.0,30.0,,,VSCS,20,False,False
2000-006,2000,6,BOB,,2000-12-26 21:00:00,2000-12-26 21:00:00,8.5,81.0,4.5,982.0,77.0,28.0,,,VSCS,21,False,False
2000-006,2000,6,BOB,,2000-12-27 00:00:00,2000-12-27 00:00:00,8.5,81.0,4.5,984.0,77.0,28.0,,,VSCS,22,False,False
2000-006,2000,6,BOB,,2000-12-27 03:00:00,2000-12-27 03:00:00,8.5,80.0,4.0,986.0,77.0,24.0,,,VSCS,23,False,False
2000-006,2000,6,BOB,,2000-12-27 06:00:00,2000-12-27 06:00:00,8.5,79.5,4.0,986.0,77.0,24.0,,,VSCS,24,False,False
2000-006,2000,6,BOB,,2000-12-27 09:00:00,2000-12-27 09:00:00,8.5,79.0,4.0,988.0,77.0,22.0,,,VSCS,25,False,False
2000-006,2000,6,BOB,,2000-12-27 12:00:00,2000-12-27 12:00:00,8.5,78.5,3.5,990.0,65.0,20.0,,,SCS,26,False,False
2000-006,2000,6,BOB,,2000-12-27 15:00:00,2000-12-27 15:00:00,8.5,78.5,3.5,996.0,55.0,16.0,,,SCS,27,False,False
2000-006,2000,6,BOB,,2000-12-27 18:00:00,2000-12-27 18:00:00,8.5,78.5,3.5,998.0,55.0,14.0,,,SCS,28,False,False
2000-006,2000,6,BOB,,2000-12-27 21:00:00,2000-12-27 21:00:00,8.5,78.0,3.0,1002.0,55.0,10.0,,,CS,29,False,False
2000-006,2000,6,BOB,,2000-12-28 00:00:00,2000-12-28 00:00:00,8.5,77.5,2.5,1004.0,35.0,8.0,,,CS,30,False,False
2000-006,2000,6,BOB,,2000-12-28 03:00:00,2000-12-28 03:00:00,8.5,77.5,2.5,1004.0,35.0,8.0,,,CS,31,False,False
2000-006,2000,6,BOB,,2000-12-28 06:00:00,2000-12-28 06:00:00,8.5,77.0,2.0,1004.0,30.0,6.0,,,DD,32,False,False
2000-006,2000,6,BOB,,2000-12-28 12:00:00,2000-12-28 12:00:00,9.0,76.5,1.5,1006.0,25.0,4.0,,,D,33,False,False
2000-006,2000,6,BOB,,2000-12-29 00:00:00,2000-12-29 00:00:00,9.0,75.5,1.0,1002.0,,,,,,34,False,False
2001-001,2001,1,ARB,,2001-05-21 12:00:00,2001-05-21 12:00:00,13.5,69.0,1.5,1000.0,25.0,4.0,,,D,0,False,False
2001-001,2001,1,ARB,,2001-05-21 18:00:00,2001-05-21 18:00:00,13.5,70.0,1.5,1000.0,25.0,4.0,,,D,1,False,False
2001-001,2001,1,ARB,,2001-05-21 21:00:00,2001-05-21 21:00:00,13.5,70.0,2.0,998.0,30.0,6.0,,,DD,2,False,False
2001-001,2001,1,ARB,,2001-05-22 00:00:00,2001-05-22 00:00:00,14.0,71.0,2.0,998.0,30.0,6.0,,,DD,3,False,False
2001-001,2001,1,ARB,,2001-05-22 03:00:00,2001-05-22 03:00:00,14.0,71.5,2.5,996.0,40.0,8.0,,,CS,4,False,False
2001-001,2001,1,ARB,,2001-05-22 06:00:00,2001-05-22 06:00:00,14.0,71.5,3.0,996.0,45.0,10.0,,,CS,5,False,False
2001-001,2001,1,ARB,,2001-05-22 09:00:00,2001-05-22 09:00:00,14.0,71.5,3.0,994.0,45.0,10.0,,,CS,6,False,False
2001-001,2001,1,ARB,,2001-05-22 12:00:00,2001-05-22 12:00:00,14.0,71.5,3.0,992.0,45.0,12.0,,,CS,7,False,False
2001-001,2001,1,ARB,,2001-05-22 15:00:00,2001-05-22 15:00:00,14.0,71.5,3.5,990.0,55.0,14.0,,,SCS,8,False,False
2001-001,2001,1,ARB,,2001-05-22 18:00:00,2001-05-22 18:00:00,14.0,71.5,3.5,988.0,55.0,16.0,,,SCS,9,False,False
2001-001,2001,1,ARB,,2001-05-22 21:00:00,2001-05-22 21:00:00,14.5,71.5,4.0,982.0,65.0,22.0,,,VSCS,10,False,False
2001-001,2001,1,ARB,,2001-05-23 00:00:00,2001-05-23 00:00:00,14.5,71.5,4.0,980.0,65.0,22.0,,,VSCS,11,False,False
2001-001,2001,1,ARB,,2001-05-23 03:00:00,2001-05-23 03:00:00,15.0,71.5,4.5,974.0,77.0,30.0,,,VSCS,12,False,False
2001-001,2001,1,ARB,,2001-05-23 06:00:00,2001-05-23 06:00:00,15.5,71.0,5.0,964.0,90.0,40.0,,,ESCS,13,False,False
2001-001,2001,1,ARB,,2001-05-23 09:00:00,2001-05-23 09:00:00,16.0,71.0,5.0,962.0,90.0,40.0,,,ESCS,14,False,False
2001-001,2001,1,ARB,,2001-05-23 12:00:00,2001-05-23 12:00:00,16.0,70.5,5.0,960.0,90.0,40.0,,,ESCS,15,False,False
2001-001,2001,1,ARB,,2001-05-23 15:00:00,2001-05-23 15:00:00,16.0,70.5,5.0,962.0,90.0,40.0,,,ESCS,16,False,False
2001-001,2001,1,ARB,,2001-05-23 18:00:00,2001-05-23 18:00:00,16.0,70.5,5.0,962.0,90.0,40.0,,,ESCS,17,False,False
2001-001,2001,1,ARB,,2001-05-23 21:00:00,2001-05-23 21:00:00,16.0,70.0,5.0,960.0,90.0,40.0,,,ESCS,18,False,False
2001-001,2001,1,ARB,,2001-05-24 00:00:00,2001-05-24 00:00:00,16.0,69.5,5.0,960.0,90.0,40.0,,,ESCS,19,False,False
2001-001,2001,1,ARB,,2001-05-24 03:00:00,2001-05-24 03:00:00,16.5,69.5,5.5,950.0,102.0,52.0,,,ESCS,20,False,False
2001-001,2001,1,ARB,,2001-05-24 06:00:00,2001-05-24 06:00:00,17.0,69.0,5.5,946.0,102.0,52.0,,,ESCS,21,False,False
2001-001,2001,1,ARB,,2001-05-24 09:00:00,2001-05-24 09:00:00,17.0,68.5,6.0,932.0,115.0,66.0,,,ESCS,22,False,False
2001-001,2001,1,ARB,,2001-05-24 12:00:00,2001-05-24 12:00:00,17.0,68.5,6.0,932.0,115.0,66.0,,,ESCS,23,False,False
2001-001,2001,1,ARB,,2001-05-24 15:00:00,2001-05-24 15:00:00,17.0,68.5,6.0,932.0,115.0,66.0,,,ESCS,24,False,False
2001-001,2001,1,ARB,,2001-05-24 18:00:00,2001-05-24 18:00:00,17.0,68.5,6.0,932.0,115.0,66.0,,,ESCS,25,False,False
2001-001,2001,1,ARB,,2001-05-24 21:00:00,2001-05-24 21:00:00,17.0,68.0,6.0,932.0,115.0,66.0,,,ESCS,26,False,False
2001-001,2001,1,ARB,,2001-05-25 00:00:00,2001-05-25 00:00:00,17.0,67.5,6.0,932.0,115.0,66.0,,,ESCS,27,False,False
2001-001,2001,1,ARB,,2001-05-25 03:00:00,2001-05-25 03:00:00,17.0,68.0,5.5,948.0,102.0,52.0,,,ESCS,28,False,False
2001-001,2001,1,ARB,,2001-05-25 06:00:00,2001-05-25 06:00:00,17.0,68.0,5.0,960.0,90.0,40.0,,,ESCS,29,False,False
2001-001,2001,1,ARB,,2001-05-25 09:00:00,2001-05-25 09:00:00,17.0,68.0,5.0,960.0,90.0,40.0,,,ESCS,30,False,False
2001-001,2001,1,ARB,,2001-05-25 12:00:00,2001-05-25 12:00:00,17.2,67.5,4.5,968.0,77.0,30.0,,,VSCS,31,False,False
2001-001,2001,1,ARB,,2001-05-25 15:00:00,2001-05-25 15:00:00,17.0,68.0,4.5,968.0,77.0,30.0,,,VSCS,32,False,False
2001-001,2001,1,ARB,,2001-05-25 18:00:00,2001-05-25 18:00:00,17.0,68.0,4.5,970.0,77.0,30.0,,,VSCS,33,False,False
2001-001,2001,1,ARB,,2001-05-25 21:00:00,2001-05-25 21:00:00,17.0,67.5,4.5,970.0,77.0,30.0,,,VSCS,34,False,False
2001-001,2001,1,ARB,,2001-05-26 00:00:00,2001-05-26 00:00:00,17.5,67.5,4.0,976.0,65.0,20.0,,,VSCS,35,False,False
2001-001,2001,1,ARB,,2001-05-26 03:00:00,2001-05-26 03:00:00,17.5,67.5,3.5,982.0,55.0,16.0,,,SCS,36,False,False
2001-001,2001,1,ARB,,2001-05-26 06:00:00,2001-05-26 06:00:00,17.5,67.5,3.5,984.0,55.0,16.0,,,SCS,37,False,False
2001-001,2001,1,ARB,,2001-05-26 09:00:00,2001-05-26 09:00:00,17.5,67.5,3.5,984.0,55.0,16.0,,,SCS,38,False,False
2001-001,2001,1,ARB,,2001-05-26 12:00:00,2001-05-26 12:00:00,17.5,67.5,3.5,982.0,55.0,16.0,,,SCS,39,False,False
2001-001,2001,1,ARB,,2001-05-26 15:00:00,2001-05-26 15:00:00,17.5,67.5,3.5,982.0,55.0,16.0,,,SCS,40,False,False
2001-001,2001,1,ARB,,2001-05-26 18:00:00,2001-05-26 18:00:00,17.5,67.5,3.5,982.0,55.0,16.0,,,SCS,41,False,False
2001-001,2001,1,ARB,,2001-05-26 21:00:00,2001-05-26 21:00:00,18.0,67.5,3.5,982.0,55.0,16.0,,,SCS,42,False,False
2001-001,2001,1,ARB,,2001-05-27 00:00:00,2001-05-27 00:00:00,18.0,67.5,3.5,984.0,55.0,16.0,,,SCS,43,False,False
2001-001,2001,1,ARB,,2001-05-27 03:00:00,2001-05-27 03:00:00,18.0,67.5,3.0,986.0,45.0,12.0,,,CS,44,False,False
2001-001,2001,1,ARB,,2001-05-27 06:00:00,2001-05-27 06:00:00,18.0,67.5,3.0,986.0,45.0,10.0,,,CS,45,False,False
2001-001,2001,1,ARB,,2001-05-27 09:00:00,2001-05-27 09:00:00,18.0,67.5,3.0,986.0,45.0,10.0,,,CS,46,False,False
2001-001,2001,1,ARB,,2001-05-27 12:00:00,2001-05-27 12:00:00,19.0,67.5,3.0,988.0,45.0,8.0,,,CS,47,False,False
2001-001,2001,1,ARB,,2001-05-27 15:00:00,2001-05-27 15:00:00,19.0,68.0,2.5,994.0,35.0,8.0,,,CS,48,False,False
2001-001,2001,1,ARB,,2001-05-27 18:00:00,2001-05-27 18:00:00,19.0,68.0,2.5,994.0,35.0,8.0,,,CS,49,False,False
2001-001,2001,1,ARB,,2001-05-27 21:00:00,2001-05-27 21:00:00,19.5,68.0,2.5,994.0,35.0,8.0,,,CS,50,False,False
2001-001,2001,1,ARB,,2001-05-28 00:00:00,2001-05-28 00:00:00,19.5,68.0,2.5,994.0,35.0,8.0,,,CS,51,False,False
2001-001,2001,1,ARB,,2001-05-28 03:00:00,2001-05-28 03:00:00,20.0,68.0,2.5,994.0,35.0,8.0,,,CS,52,False,False
2001-001,2001,1,ARB,,2001-05-28 06:00:00,2001-05-28 06:00:00,20.0,68.0,2.5,996.0,35.0,8.0,,,CS,53,False,False
2001-001,2001,1,ARB,,2001-05-28 09:00:00,2001-05-28 09:00:00,20.0,68.0,2.5,996.0,35.0,8.0,,,CS,54,False,False
2001-001,2001,1,ARB,,2001-05-28 12:00:00,2001-05-28 12:00:00,21.0,68.5,2.0,996.0,30.0,6.0,,,DD,55,False,False
2001-001,2001,1,ARB,,2001-05-28 15:00:00,2001-05-28 15:00:00,21.0,68.5,2.0,996.0,30.0,6.0,,,DD,56,False,False
2001-001,2001,1,ARB,,2001-05-28 18:00:00,2001-05-28 18:00:00,21.5,69.0,1.5,998.0,25.0,4.0,,,D,57,False,False
2001-001,2001,1,ARB,,2001-05-28 21:00:00,2001-05-28 21:00:00,21.5,69.0,1.5,998.0,25.0,4.0,,,D,58,False,False
2001-001,2001,1,ARB,,2001-05-29 00:00:00,2001-05-29 00:00:00,21.5,69.0,1.5,998.0,25.0,4.0,,,D,59,False,False
2001-002,2001,2,BOB,,2001-06-12 03:00:00,2001-06-12 03:00:00,19.5,87.0,1.5,990.0,25.0,4.0,,,D,0,False,False
2001-002,2001,2,BOB,,2001-06-12 12:00:00,2001-06-12 12:00:00,20.0,86.5,1.5,990.0,25.0,4.0,,,D,1,False,False
2001-002,2001,2,BOB,,2001-06-13 03:00:00,2001-06-13 03:00:00,21.0,85.5,1.5,994.0,25.0,4.0,,,D,2,False,False
2001-002,2001,2,BOB,,2001-06-13 09:00:00,2001-06-13 09:00:00,21.0,85.0,1.5,994.0,25.0,4.0,,,D,3,False,False
2001-002,2001,2,BOB,,2001-06-13 12:00:00,2001-06-13 12:00:00,21.5,84.5,,,,,,,,4,False,False
2001-003,2001,3,ARB,,2001-09-24 09:00:00,2001-09-24 09:00:00,17.0,69.5,1.5,1006.0,25.0,2.0,,,D,0,False,False
2001-003,2001,3,ARB,,2001-09-24 12:00:00,2001-09-24 12:00:00,17.0,69.5,1.5,1006.0,25.0,2.0,,,D,1,False,False
2001-003,2001,3,ARB,,2001-09-24 18:00:00,2001-09-24 18:00:00,17.0,69.0,2.0,1004.0,30.0,4.0,,,DD,2,False,False
2001-003,2001,3,ARB,,2001-09-25 00:00:00,2001-09-25 00:00:00,17.0,69.0,2.0,1004.0,30.0,4.0,,,DD,3,False,False
2001-003,2001,3,ARB,,2001-09-25 03:00:00,2001-09-25 03:00:00,17.0,68.5,2.0,1004.0,30.0,4.0,,,DD,4,False,False
2001-003,2001,3,ARB,,2001-09-25 06:00:00,2001-09-25 06:00:00,17.0,68.0,2.0,1000.0,30.0,4.0,,,DD,5,False,False
2001-003,2001,3,ARB,,2001-09-25 09:00:00,2001-09-25 09:00:00,17.0,68.0,2.0,1000.0,30.0,4.0,,,DD,6,False,False
2001-003,2001,3,ARB,,2001-09-25 12:00:00,2001-09-25 12:00:00,17.0,68.0,2.5,1000.0,35.0,6.0,,,CS,7,False,False
2001-003,2001,3,ARB,,2001-09-25 15:00:00,2001-09-25 15:00:00,17.0,68.0,2.5,1000.0,35.0,6.0,,,CS,8,False,False
2001-003,2001,3,ARB,,2001-09-25 18:00:00,2001-09-25 18:00:00,17.0,68.0,2.5,1000.0,35.0,6.0,,,CS,9,False,False
2001-003,2001,3,ARB,,2001-09-25 21:00:00,2001-09-25 21:00:00,17.0,69.0,2.5,1000.0,35.0,6.0,,,CS,10,False,False
2001-003,2001,3,ARB,,2001-09-26 00:00:00,2001-09-26 00:00:00,17.0,68.0,2.5,1000.0,35.0,6.0,,,CS,11,False,False
2001-003,2001,3,ARB,,2001-09-26 03:00:00,2001-09-26 03:00:00,18.0,67.5,2.5,1000.0,35.0,6.0,,,CS,12,False,False
2001-003,2001,3,ARB,,2001-09-26 06:00:00,2001-09-26 06:00:00,17.5,67.0,2.5,1000.0,35.0,6.0,,,CS,13,False,False
2001-003,2001,3,ARB,,2001-09-26 09:00:00,2001-09-26 09:00:00,18.0,66.5,2.5,1000.0,35.0,6.0,,,CS,14,False,False
2001-003,2001,3,ARB,,2001-09-26 12:00:00,2001-09-26 12:00:00,18.3,66.0,2.5,1000.0,35.0,6.0,,,CS,15,False,False
2001-003,2001,3,ARB,,2001-09-26 15:00:00,2001-09-26 15:00:00,18.5,66.0,2.5,1000.0,35.0,6.0,,,CS,16,False,False
2001-003,2001,3,ARB,,2001-09-26 18:00:00,2001-09-26 18:00:00,18.5,65.5,2.5,1000.0,35.0,6.0,,,CS,17,False,False
2001-003,2001,3,ARB,,2001-09-26 21:00:00,2001-09-26 21:00:00,18.5,65.5,2.5,1000.0,35.0,6.0,,,CS,18,False,False
2001-003,2001,3,ARB,,2001-09-27 00:00:00,2001-09-27 00:00:00,18.5,65.0,2.5,1000.0,35.0,6.0,,,CS,19,False,False
2001-003,2001,3,ARB,,2001-09-27 03:00:00,2001-09-27 03:00:00,18.5,64.0,2.5,1000.0,35.0,6.0,,,CS,20,False,False
2001-003,2001,3,ARB,,2001-09-27 06:00:00,2001-09-27 06:00:00,18.5,64.0,2.5,1004.0,35.0,6.0,,,CS,21,False,False
2001-003,2001,3,ARB,,2001-09-27 12:00:00,2001-09-27 12:00:00,18.5,63.5,2.0,1006.0,30.0,4.0,,,DD,22,False,False
2001-003,2001,3,ARB,,2001-09-27 18:00:00,2001-09-27 18:00:00,18.5,63.0,2.0,1006.0,30.0,4.0,,,DD,23,False,False
2001-003,2001,3,ARB,,2001-09-27 21:00:00,2001-09-27 21:00:00,18.5,62.5,1.5,1008.0,25.0,4.0,,,D,24,False,False
2001-004,2001,4,ARB,,2001-10-08 21:00:00,2001-10-08 21:00:00,18.3,71.0,1.5,1004.0,25.0,4.0,,,D,0,False,False
2001-004,2001,4,ARB,,2001-10-09 00:00:00,2001-10-09 00:00:00,18.5,70.5,1.5,1004.0,25.0,4.0,,,D,1,False,False
2001-004,2001,4,ARB,,2001-10-09 03:00:00,2001-10-09 03:00:00,18.5,70.0,2.0,1002.0,30.0,6.0,,,DD,2,False,False
2001-004,2001,4,ARB,,2001-10-09 06:00:00,2001-10-09 06:00:00,18.5,69.0,2.0,1000.0,30.0,6.0,,,DD,3,False,False
2001-004,2001,4,ARB,,2001-10-09 09:00:00,2001-10-09 09:00:00,19.0,68.5,2.5,998.0,35.0,6.0,,,CS,4,False,False
2001-004,2001,4,ARB,,2001-10-09 12:00:00,2001-10-09 12:00:00,19.0,68.0,2.5,998.0,30.0,6.0,,,CS,5,False,False
2001-004,2001,4,ARB,,2001-10-09 15:00:00,2001-10-09 15:00:00,19.0,68.0,2.5,998.0,35.0,6.0,,,CS,6,False,False
2001-004,2001,4,ARB,,2001-10-09 18:00:00,2001-10-09 18:00:00,19.0,67.5,2.5,998.0,35.0,6.0,,,CS,7,False,False
2001-004,2001,4,ARB,,2001-10-09 21:00:00,2001-10-09 21:00:00,19.0,67.5,2.5,998.0,35.0,6.0,,,CS,8,False,False
2001-004,2001,4,ARB,,2001-10-10 00:00:00,2001-10-10 00:00:00,19.0,67.5,2.5,998.0,35.0,6.0,,,CS,9,False,False
2001-004,2001,4,ARB,,2001-10-10 03:00:00,2001-10-10 03:00:00,19.0,67.5,2.0,1000.0,30.0,6.0,,,DD,10,False,False
2001-004,2001,4,ARB,,2001-10-10 06:00:00,2001-10-10 06:00:00,19.0,67.5,2.0,1000.0,30.0,6.0,,,DD,11,False,False
2001-004,2001,4,ARB,,2001-10-10 09:00:00,2001-10-10 09:00:00,19.0,67.5,2.0,1002.0,25.0,4.0,,,D,12,False,False
2001-005,2001,5,BOB,,2001-10-14 12:00:00,2001-10-14 12:00:00,13.5,84.0,1.5,1000.0,25.0,4.0,,,D,0,False,False
2001-005,2001,5,BOB,,2001-10-14 18:00:00,2001-10-14 18:00:00,13.5,83.0,1.5,1002.0,25.0,4.0,,,D,1,False,False
2001-005,2001,5,BOB,,2001-10-15 00:00:00,2001-10-15 00:00:00,13.5,83.0,1.5,1002.0,25.0,4.0,,,D,2,False,False
2001-005,2001,5,BOB,,2001-10-15 03:00:00,2001-10-15 03:00:00,13.5,82.5,1.5,1002.0,25.0,4.0,,,D,3,False,False
2001-005,2001,5,BOB,,2001-10-15 06:00:00,2001-10-15 06:00:00,13.5,82.0,1.5,1002.0,25.0,6.0,,,D,4,False,False
2001-005,2001,5,BOB,,2001-10-15 09:00:00,2001-10-15 09:00:00,13.5,81.5,2.0,1000.0,30.0,6.0,,,DD,5,False,False
2001-005,2001,5,BOB,,2001-10-15 12:00:00,2001-10-15 12:00:00,13.7,81.0,2.5,998.0,35.0,8.0,,,CS,6,False,False
2001-005,2001,5,BOB,,2001-10-15 15:00:00,2001-10-15 15:00:00,14.0,80.5,2.5,998.0,35.0,8.0,,,CS,7,False,False
2001-005,2001,5,BOB,,2001-10-15 18:00:00,2001-10-15 18:00:00,14.0,80.0,2.5,998.0,35.0,8.0,,,CS,8,False,False
2001-005,2001,5,BOB,,2001-10-15 21:00:00,2001-10-15 21:00:00,14.0,80.0,2.5,998.0,35.0,8.0,,,CS,9,False,False
2001-005,2001,5,BOB,,2001-10-16 00:00:00,2001-10-16 00:00:00,14.0,79.5,2.5,1000.0,35.0,8.0,,,CS,10,False,False
2001-005,2001,5,BOB,,2001-10-16 03:00:00,2001-10-16 03:00:00,14.0,79.5,,1000.0,35.0,8.0,,,CS,11,False,False
2001-005,2001,5,BOB,,2001-10-16 06:00:00,2001-10-16 06:00:00,14.0,79.5,,1000.0,35.0,8.0,,,CS,12,False,False
2001-005,2001,5,BOB,,2001-10-16 09:00:00,2001-10-16 09:00:00,14.5,79.5,,1000.0,35.0,8.0,,,CS,13,False,False
2001-005,2001,5,BOB,,2001-10-16 12:00:00,2001-10-16 12:00:00,14.5,79.5,,1002.0,30.0,6.0,,,DD,14,False,False
2001-005,2001,5,BOB,,2001-10-16 18:00:00,2001-10-16 18:00:00,15.0,79.0,,1004.0,25.0,4.0,,,D,15,False,False
2001-006,2001,6,BOB,,2001-11-11 03:00:00,2001-11-11 03:00:00,16.5,83.0,1.5,1004.0,25.0,4.0,,,D,0,False,False
2001-006,2001,6,BOB,,2001-11-11 06:00:00,2001-11-11 06:00:00,17.0,83.5,1.5,1006.0,25.0,4.0,,,D,1,False,False
2001-006,2001,6,BOB,,2001-11-11 12:00:00,2001-11-11 12:00:00,17.5,84.5,1.5,1004.0,25.0,4.0,,,D,2,False,False
2001-006,2001,6,BOB,,2001-11-11 18:00:00,2001-11-11 18:00:00,18.0,85.0,1.5,1004.0,25.0,4.0,,,D,3,False,False
2001-006,2001,6,BOB,,2001-11-12 00:00:00,2001-11-12 00:00:00,18.5,85.5,1.5,1004.0,25.0,4.0,,,D,4,False,False
2002-001,2002,1,ARB,,2002-05-06 03:00:00,2002-05-06 03:00:00,11.0,67.0,1.5,1002.0,25.0,4.0,,,D,0,False,False
2002-001,2002,1,ARB,,2002-05-06 06:00:00,2002-05-06 06:00:00,11.5,66.5,1.5,1002.0,25.0,4.0,,,D,1,False,False
2002-001,2002,1,ARB,,2002-05-06 12:00:00,2002-05-06 12:00:00,12.0,66.0,1.5,1000.0,25.0,4.0,,,D,2,False,False
2002-001,2002,1,ARB,,2002-05-06 18:00:00,2002-05-06 18:00:00,12.0,65.5,1.5,1000.0,25.0,4.0,,,D,3,False,False
2002-001,2002,1,ARB,,2002-05-07 00:00:00,2002-05-07 00:00:00,13.0,65.0,1.5,1000.0,25.0,4.0,,,D,4,False,False
2002-001,2002,1,ARB,,2002-05-07 03:00:00,2002-05-07 03:00:00,13.5,64.5,2.0,998.0,30.0,6.0,,,DD,5,False,False
2002-001,2002,1,ARB,,2002-05-07 06:00:00,2002-05-07 06:00:00,13.5,64.0,2.0,998.0,30.0,6.0,,,DD,6,False,False
2002-001,2002,1,ARB,,2002-05-07 12:00:00,2002-05-07 12:00:00,13.5,63.0,2.0,996.0,30.0,6.0,,,DD,7,False,False
2002-001,2002,1,ARB,,2002-05-07 18:00:00,2002-05-07 18:00:00,13.5,62.5,2.0,998.0,30.0,6.0,,,DD,8,False,False
2002-001,2002,1,ARB,,2002-05-08 00:00:00,2002-05-08 00:00:00,13.5,62.5,2.0,996.0,30.0,6.0,,,DD,9,False,False
2002-001,2002,1,ARB,,2002-05-08 03:00:00,2002-05-08 03:00:00,13.5,62.0,1.5,1002.0,25.0,4.0,,,D,10,False,False
2002-001,2002,1,ARB,,2002-05-08 06:00:00,2002-05-08 06:00:00,13.5,61.5,1.5,1002.0,25.0,4.0,,,D,11,False,False
2002-001,2002,1,ARB,,2002-05-08 12:00:00,2002-05-08 12:00:00,13.5,61.0,1.5,1000.0,25.0,4.0,,,D,12,False,False
2002-001,2002,1,ARB,,2002-05-08 18:00:00,2002-05-08 18:00:00,14.0,60.5,1.5,998.0,25.0,4.0,,,D,13,False,False
2002-001,2002,1,ARB,,2002-05-08 21:00:00,2002-05-08 21:00:00,14.0,60.0,1.5,998.0,25.0,4.0,,,D,14,False,False
2002-001,2002,1,ARB,,2002-05-09 00:00:00,2002-05-09 00:00:00,14.0,60.0,1.5,998.0,25.0,4.0,,,D,15,False,False
2002-001,2002,1,ARB,,2002-05-09 03:00:00,2002-05-09 03:00:00,14.0,59.5,2.0,998.0,30.0,6.0,,,DD,16,False,False
2002-001,2002,1,ARB,,2002-05-09 06:00:00,2002-05-09 06:00:00,14.5,58.5,2.5,998.0,35.0,8.0,,,CS,17,False,False
2002-001,2002,1,ARB,,2002-05-09 09:00:00,2002-05-09 09:00:00,14.5,58.0,2.5,996.0,35.0,8.0,,,CS,18,False,False
2002-001,2002,1,ARB,,2002-05-09 12:00:00,2002-05-09 12:00:00,15.0,57.0,2.5,994.0,35.0,8.0,,,CS,19,False,False
2002-001,2002,1,ARB,,2002-05-09 15:00:00,2002-05-09 15:00:00,15.0,56.5,2.5,994.0,35.0,8.0,,,CS,20,False,False
2002-001,2002,1,ARB,,2002-05-09 18:00:00,2002-05-09 18:00:00,15.5,56.0,2.5,996.0,35.0,8.0,,,CS,21,False,False
2002-001,2002,1,ARB,,2002-05-09 21:00:00,2002-05-09 21:00:00,15.5,55.0,2.5,998.0,35.0,8.0,,,CS,22,False,False
2002-001,2002,1,ARB,,2002-05-10 00:00:00,2002-05-10 00:00:00,16.0,54.5,2.5,998.0,35.0,8.0,,,CS,23,False,False
2002-001,2002,1,ARB,,2002-05-10 03:00:00,2002-05-10 03:00:00,16.0,54.0,2.5,998.0,35.0,8.0,,,CS,24,False,False
2002-001,2002,1,ARB,,2002-05-10 06:00:00,2002-05-10 06:00:00,16.5,54.0,2.5,998.0,35.0,8.0,,,CS,25,False,False
2002-002,2002,2,BOB,,2002-05-11 03:00:00,2002-05-11 03:00:00,12.0,96.0,1.5,1006.0,25.0,4.0,,,D,0,False,False
2002-002,2002,2,BOB,,2002-05-11 06:00:00,2002-05-11 06:00:00,13.0,96.5,1.5,1006.0,25.0,4.0,,,D,1,False,False
2002-002,2002,2,BOB,,2002-05-11 12:00:00,2002-05-11 12:00:00,14.5,96.5,2.0,1004.0,30.0,6.0,,,DD,2,False,False
2002-002,2002,2,BOB,,2002-05-11 18:00:00,2002-05-11 18:00:00,15.5,96.5,2.0,1004.0,30.0,6.0,,,DD,3,False,False
2002-002,2002,2,BOB,,2002-05-12 00:00:00,2002-05-12 00:00:00,16.0,96.5,2.0,1004.0,30.0,6.0,,,DD,4,False,False
2002-002,2002,2,BOB,,2002-05-12 03:00:00,2002-05-12 03:00:00,17.5,97.0,2.0,1004.0,30.0,6.0,,,DD,5,False,False
2002-003,2002,3,BOB,,2002-10-22 09:00:00,2002-10-22 09:00:00,13.5,81.5,1.5,1002.0,25.0,4.0,,,D,0,False,False
2002-003,2002,3,BOB,,2002-10-22 12:00:00,2002-10-22 12:00:00,13.5,81.5,1.5,1002.0,25.0,4.0,,,D,1,False,False
2002-003,2002,3,BOB,,2002-10-22 18:00:00,2002-10-22 18:00:00,14.0,81.5,1.5,1004.0,25.0,4.0,,,D,2,False,False
2002-003,2002,3,BOB,,2002-10-23 03:00:00,2002-10-23 03:00:00,14.0,81.5,1.5,1004.0,25.0,4.0,,,D,3,False,False
2002-003,2002,3,BOB,,2002-10-23 06:00:00,2002-10-23 06:00:00,14.0,81.5,1.5,1004.0,25.0,4.0,,,D,4,False,False
2002-003,2002,3,BOB,,2002-10-23 12:00:00,2002-10-23 12:00:00,14.0,81.5,1.5,1002.0,25.0,4.0,,,D,5,False,False
2002-003,2002,3,BOB,,2002-10-23 18:00:00,2002-10-23 18:00:00,14.0,81.5,1.5,1004.0,25.0,4.0,,,D,6,False,False
2002-004,2002,4,BOB,,2002-11-10 03:00:00,2002-11-10 03:00:00,12.0,82.5,1.5,1004.0,25.0,4.0,,,D,0,False,False
2002-004,2002,4,BOB,,2002-11-10 06:00:00,2002-11-10 06:00:00,12.0,82.5,1.5,1004.0,25.0,4.0,,,D,1,False,False
2002-004,2002,4,BOB,,2002-11-10 12:00:00,2002-11-10 12:00:00,12.0,82.5,2.0,1002.0,30.0,6.0,,,DD,2,False,False
2002-004,2002,4,BOB,,2002-11-10 18:00:00,2002-11-10 18:00:00,12.5,82.5,2.0,1004.0,30.0,6.0,,,DD,3,False,False
2002-004,2002,4,BOB,,2002-11-11 00:00:00,2002-11-11 00:00:00,13.5,82.5,2.0,1004.0,30.0,6.0,,,DD,4,False,False
2002-004,2002,4,BOB,,2002-11-11 03:00:00,2002-11-11 03:00:00,14.0,83.0,2.0,1004.0,30.0,6.0,,,DD,5,False,False
2002-004,2002,4,BOB,,2002-11-11 06:00:00,2002-11-11 06:00:00,14.5,83.5,2.0,1004.0,30.0,6.0,,,DD,6,False,False
2002-004,2002,4,BOB,,2002-11-11 09:00:00,2002-11-11 09:00:00,15.0,84.0,2.0,998.0,30.0,6.0,,,DD,7,False,False
2002-004,2002,4,BOB,,2002-11-11 12:00:00,2002-11-11 12:00:00,16.0,84.5,2.5,996.0,45.0,10.0,,,CS,8,False,False
2002-004,2002,4,BOB,,2002-11-11 15:00:00,2002-11-11 15:00:00,16.0,84.0,3.0,996.0,45.0,10.0,,,CS,9,False,False
2002-004,2002,4,BOB,,2002-11-11 18:00:00,2002-11-11 18:00:00,16.0,84.0,3.0,996.0,45.0,10.0,,,CS,10,False,False
2002-004,2002,4,BOB,,2002-11-11 21:00:00,2002-11-11 21:00:00,16.5,84.0,3.0,996.0,45.0,10.0,,,CS,11,False,False
2002-004,2002,4,BOB,,2002-11-12 00:00:00,2002-11-12 00:00:00,19.0,86.5,3.5,996.0,45.0,10.0,,,CS,12,False,False
2002-004,2002,4,BOB,,2002-11-12 03:00:00,2002-11-12 03:00:00,20.0,87.0,3.0,996.0,45.0,10.0,,,CS,13,False,False
2002-004,2002,4,BOB,,2002-11-12 06:00:00,2002-11-12 06:00:00,21.0,87.5,3.5,990.0,55.0,15.0,,,SCS,14,False,False
2002-004,2002,4,BOB,,2002-11-12 09:00:00,2002-11-12 09:00:00,22.5,88.5,,,,8.0,,,CS,15,False,False
2002-004,2002,4,BOB,,2002-11-12 12:00:00,2002-11-12 12:00:00,24.0,90.0,,,,6.0,,,DD,16,False,False
2002-004,2002,4,BOB,,2002-11-12 15:00:00,2002-11-12 15:00:00,25.0,91.5,,,,6.0,,,D,17,False,False
2002-005,2002,5,BOB,,2002-11-23 03:00:00,2002-11-23 03:00:00,10.0,87.0,1.5,1004.0,25.0,4.0,,,D,0,False,False
2002-005,2002,5,BOB,,2002-11-23 06:00:00,2002-11-23 06:00:00,10.5,87.0,1.5,1004.0,25.0,4.0,,,D,1,False,False
2002-005,2002,5,BOB,,2002-11-23 12:00:00,2002-11-23 12:00:00,12.0,87.0,1.5,1002.0,25.0,4.0,,,D,2,False,False
2002-005,2002,5,BOB,,2002-11-23 18:00:00,2002-11-23 18:00:00,12.5,87.0,2.0,1002.0,30.0,6.0,,,DD,3,False,False
2002-005,2002,5,BOB,,2002-11-23 21:00:00,2002-11-23 21:00:00,12.5,87.5,2.0,1002.0,30.0,6.0,,,DD,4,False,False
2002-005,2002,5,BOB,,2002-11-24 00:00:00,2002-11-24 00:00:00,13.0,87.5,2.0,1002.0,30.0,6.0,,,DD,5,False,False
2002-005,2002,5,BOB,,2002-11-24 03:00:00,2002-11-24 03:00:00,13.0,87.5,2.5,1002.0,35.0,8.0,,,CS,6,False,False
2002-005,2002,5,BOB,,2002-11-24 06:00:00,2002-11-24 06:00:00,13.5,87.5,2.5,1002.0,35.0,8.0,,,CS,7,False,False
2002-005,2002,5,BOB,,2002-11-24 09:00:00,2002-11-24 09:00:00,14.0,87.5,2.5,1000.0,35.0,8.0,,,CS,8,False,False
2002-005,2002,5,BOB,,2002-11-24 12:00:00,2002-11-24 12:00:00,15.0,88.0,2.5,1000.0,35.0,8.0,,,CS,9,False,False
2002-005,2002,5,BOB,,2002-11-24 15:00:00,2002-11-24 15:00:00,15.0,88.0,2.5,1000.0,35.0,8.0,,,CS,10,False,False
2002-005,2002,5,BOB,,2002-11-24 18:00:00,2002-11-24 18:00:00,15.0,88.0,2.5,1000.0,35.0,8.0,,,CS,11,False,False
2002-005,2002,5,BOB,,2002-11-25 00:00:00,2002-11-25 00:00:00,15.5,88.0,2.5,1002.0,35.0,8.0,,,CS,12,False,False
2002-005,2002,5,BOB,,2002-11-25 03:00:00,2002-11-25 03:00:00,15.5,88.0,2.5,1002.0,35.0,8.0,,,CS,13,False,False
2002-005,2002,5,BOB,,2002-11-25 06:00:00,2002-11-25 06:00:00,15.5,88.0,2.5,1002.0,35.0,8.0,,,CS,14,False,False
2002-005,2002,5,BOB,,2002-11-25 09:00:00,2002-11-25 09:00:00,15.5,88.0,2.5,1002.0,35.0,8.0,,,CS,15,False,False
2002-005,2002,5,BOB,,2002-11-25 12:00:00,2002-11-25 12:00:00,15.5,88.0,2.5,1000.0,35.0,8.0,,,CS,16,False,False
2002-005,2002,5,BOB,,2002-11-25 15:00:00,2002-11-25 15:00:00,15.5,88.0,2.5,1002.0,35.0,8.0,,,CS,17,False,False
2002-005,2002,5,BOB,,2002-11-25 18:00:00,2002-11-25 18:00:00,15.5,88.0,2.5,1002.0,35.0,6.0,,,CS,18,False,False
2002-005,2002,5,BOB,,2002-11-26 00:00:00,2002-11-26 00:00:00,16.0,88.0,2.5,1002.0,35.0,8.0,,,CS,19,False,False
2002-005,2002,5,BOB,,2002-11-26 03:00:00,2002-11-26 03:00:00,16.0,88.0,2.5,1002.0,35.0,8.0,,,CS,20,False,False
2002-005,2002,5,BOB,,2002-11-26 06:00:00,2002-11-26 06:00:00,16.0,88.0,2.5,1002.0,35.0,8.0,,,CS,21,False,False
2002-005,2002,5,BOB,,2002-11-26 09:00:00,2002-11-26 09:00:00,16.0,88.0,2.5,1000.0,35.0,8.0,,,CS,22,False,False
2002-005,2002,5,BOB,,2002-11-26 12:00:00,2002-11-26 12:00:00,16.5,88.5,2.5,1000.0,35.0,8.0,,,CS,23,False,False
2002-005,2002,5,BOB,,2002-11-26 15:00:00,2002-11-26 15:00:00,16.5,89.0,2.5,1002.0,35.0,8.0,,,CS,24,False,False
2002-005,2002,5,BOB,,2002-11-26 18:00:00,2002-11-26 18:00:00,16.5,89.5,2.5,1002.0,35.0,8.0,,,CS,25,False,False
2002-005,2002,5,BOB,,2002-11-26 21:00:00,2002-11-26 21:00:00,16.5,89.5,2.5,1002.0,35.0,8.0,,,CS,26,False,False
2002-005,2002,5,BOB,,2002-11-27 00:00:00,2002-11-27 00:00:00,16.5,90.0,2.5,1002.0,35.0,8.0,,,CS,27,False,False
2002-005,2002,5,BOB,,2002-11-27 03:00:00,2002-11-27 03:00:00,17.0,90.0,2.5,1004.0,35.0,8.0,,,CS,28,False,False
2002-005,2002,5,BOB,,2002-11-27 06:00:00,2002-11-27 06:00:00,17.0,90.5,2.5,1004.0,35.0,8.0,,,CS,29,False,False
2002-005,2002,5,BOB,,2002-11-27 12:00:00,2002-11-27 12:00:00,17.2,91.0,2.0,1006.0,30.0,6.0,,,DD,30,False,False
2002-005,2002,5,BOB,,2002-11-27 18:00:00,2002-11-27 18:00:00,17.5,91.0,1.5,1006.0,25.0,4.0,,,D,31,False,False
2002-005,2002,5,BOB,,2002-11-28 00:00:00,2002-11-28 00:00:00,17.5,91.0,1.5,1008.0,25.0,4.0,,,D,32,False,False
2002-005,2002,5,BOB,,2002-11-28 03:00:00,2002-11-28 03:00:00,17.5,91.5,1.5,1008.0,25.0,4.0,,,D,33,False,False
2002-005,2002,5,BOB,,2002-11-28 06:00:00,2002-11-28 06:00:00,17.5,91.5,1.5,1008.0,25.0,4.0,,,D,34,False,False
2002-005,2002,5,BOB,,2002-11-28 12:00:00,2002-11-28 12:00:00,18.0,92.0,1.5,1008.0,25.0,4.0,,,D,35,False,False
2002-006,2002,6,BOB,,2002-12-21 03:00:00,2002-12-21 03:00:00,4.0,77.0,1.5,1006.0,25.0,4.0,,,D,0,False,False
2002-006,2002,6,BOB,,2002-12-21 06:00:00,2002-12-21 06:00:00,4.5,77.5,1.5,1006.0,25.0,4.0,,,D,1,False,False
2002-006,2002,6,BOB,,2002-12-21 12:00:00,2002-12-21 12:00:00,4.5,78.0,1.5,1006.0,25.0,4.0,,,D,2,False,False
2002-006,2002,6,BOB,,2002-12-21 18:00:00,2002-12-21 18:00:00,4.5,78.0,1.5,1006.0,25.0,4.0,,,D,3,False,False
2002-006,2002,6,BOB,,2002-12-22 00:00:00,2002-12-22 00:00:00,4.5,78.3,1.5,1006.0,25.0,4.0,,,D,4,False,False
2002-006,2002,6,BOB,,2002-12-22 03:00:00,2002-12-22 03:00:00,4.5,78.5,1.5,1006.0,25.0,4.0,,,D,5,False,False
2002-006,2002,6,BOB,,2002-12-22 06:00:00,2002-12-22 06:00:00,4.5,79.0,1.5,1006.0,25.0,4.0,,,D,6,False,False
2002-006,2002,6,BOB,,2002-12-22 12:00:00,2002-12-22 12:00:00,4.5,79.5,1.5,1006.0,25.0,4.0,,,D,7,False,False
2002-006,2002,6,BOB,,2002-12-22 18:00:00,2002-12-22 18:00:00,4.5,80.0,1.5,1006.0,25.0,4.0,,,D,8,False,False
2002-006,2002,6,BOB,,2002-12-23 00:00:00,2002-12-23 00:00:00,4.5,80.5,1.5,1006.0,25.0,4.0,,,D,9,False,False
2002-006,2002,6,BOB,,2002-12-23 03:00:00,2002-12-23 03:00:00,4.5,80.5,1.5,1006.0,25.0,4.0,,,D,10,False,False
2002-006,2002,6,BOB,,2002-12-23 06:00:00,2002-12-23 06:00:00,4.5,80.5,1.5,1004.0,25.0,4.0,,,D,11,False,False
2002-006,2002,6,BOB,,2002-12-23 12:00:00,2002-12-23 12:00:00,5.0,81.0,1.5,1004.0,25.0,4.0,,,D,12,False,False
2002-006,2002,6,BOB,,2002-12-23 18:00:00,2002-12-23 18:00:00,5.0,81.0,2.0,1004.0,30.0,6.0,,,DD,13,False,False
2002-006,2002,6,BOB,,2002-12-24 00:00:00,2002-12-24 00:00:00,5.0,81.0,2.0,1004.0,30.0,6.0,,,DD,14,False,False
2002-006,2002,6,BOB,,2002-12-24 03:00:00,2002-12-24 03:00:00,5.5,81.5,2.5,1002.0,35.0,8.0,,,CS,15,False,False
2002-006,2002,6,BOB,,2002-12-24 06:00:00,2002-12-24 06:00:00,5.5,81.5,2.5,1002.0,35.0,8.0,,,CS,16,False,False
2002-006,2002,6,BOB,,2002-12-24 09:00:00,2002-12-24 09:00:00,6.0,82.0,2.5,1002.0,35.0,8.0,,,CS,17,False,False
2002-006,2002,6,BOB,,2002-12-24 12:00:00,2002-12-24 12:00:00,6.0,82.0,2.5,1000.0,35.0,8.0,,,CS,18,False,False
2002-006,2002,6,BOB,,2002-12-24 15:00:00,2002-12-24 15:00:00,6.5,82.5,2.5,1000.0,35.0,8.0,,,CS,19,False,False
2002-006,2002,6,BOB,,2002-12-24 18:00:00,2002-12-24 18:00:00,6.5,82.5,2.5,1002.0,35.0,8.0,,,CS,20,False,False
2002-006,2002,6,BOB,,2002-12-24 21:00:00,2002-12-24 21:00:00,6.5,82.5,2.5,1002.0,35.0,8.0,,,CS,21,False,False
2002-006,2002,6,BOB,,2002-12-25 00:00:00,2002-12-25 00:00:00,7.0,83.5,2.5,1002.0,35.0,8.0,,,CS,22,False,False
2002-006,2002,6,BOB,,2002-12-25 03:00:00,2002-12-25 03:00:00,7.0,83.5,2.0,1004.0,30.0,6.0,,,DD,23,False,False
2002-006,2002,6,BOB,,2002-12-25 06:00:00,2002-12-25 06:00:00,7.0,84.5,2.0,1004.0,30.0,6.0,,,DD,24,False,False
2002-006,2002,6,BOB,,2002-12-25 12:00:00,2002-12-25 12:00:00,7.5,86.0,1.5,1004.0,25.0,4.0,,,D,25,False,False
2002-006,2002,6,BOB,,2002-12-25 15:00:00,2002-12-25 15:00:00,7.5,86.0,1.5,1004.0,25.0,4.0,,,D,26,False,False
2003-001,2003,1,BOB,,2003-05-10 03:00:00,2003-05-10 03:00:00,6.0,90.5,1.5,1002.0,25.0,,,,D,0,False,False
2003-001,2003,1,BOB,,2003-05-10 06:00:00,2003-05-10 06:00:00,6.0,90.5,1.5,1002.0,25.0,,,,D,1,False,False
2003-001,2003,1,BOB,,2003-05-10 09:00:00,2003-05-10 09:00:00,7.0,90.5,1.5,1002.0,25.0,,,,D,2,False,False
2003-001,2003,1,BOB,,2003-05-10 12:00:00,2003-05-10 12:00:00,8.0,89.5,2.0,1002.0,30.0,4.0,,,DD,3,False,False
2003-001,2003,1,BOB,,2003-05-10 15:00:00,2003-05-10 15:00:00,8.0,89.5,2.0,1000.0,30.0,4.0,,,DD,4,False,False
2003-001,2003,1,BOB,,2003-05-10 18:00:00,2003-05-10 18:00:00,8.5,89.0,2.0,1000.0,30.0,4.0,,,DD,5,False,False
2003-001,2003,1,BOB,,2003-05-10 21:00:00,2003-05-10 21:00:00,8.5,89.0,2.0,1000.0,30.0,4.0,,,DD,6,False,False
2003-001,2003,1,BOB,,2003-05-11 00:00:00,2003-05-11 00:00:00,9.0,88.5,2.5,1000.0,35.0,6.0,,,CS,7,False,False
2003-001,2003,1,BOB,,2003-05-11 03:00:00,2003-05-11 03:00:00,9.5,87.5,2.5,998.0,35.0,6.0,,,CS,8,False,False
2003-001,2003,1,BOB,,2003-05-11 06:00:00,2003-05-11 06:00:00,10.0,87.0,2.5,998.0,35.0,6.0,,,CS,9,False,False
2003-001,2003,1,BOB,,2003-05-11 09:00:00,2003-05-11 09:00:00,10.0,87.0,3.0,998.0,45.0,10.0,,,CS,10,False,False
2003-001,2003,1,BOB,,2003-05-11 12:00:00,2003-05-11 12:00:00,10.5,86.5,3.5,990.0,55.0,14.0,,,SCS,11,False,False
2003-001,2003,1,BOB,,2003-05-11 15:00:00,2003-05-11 15:00:00,10.5,86.5,3.5,990.0,55.0,14.0,,,SCS,12,False,False
2003-001,2003,1,BOB,,2003-05-11 18:00:00,2003-05-11 18:00:00,11.0,86.0,3.5,990.0,55.0,14.0,,,SCS,13,False,False
2003-001,2003,1,BOB,,2003-05-11 21:00:00,2003-05-11 21:00:00,11.0,86.0,3.5,986.0,55.0,16.0,,,SCS,14,False,False
2003-001,2003,1,BOB,,2003-05-12 00:00:00,2003-05-12 00:00:00,11.0,86.0,3.5,986.0,55.0,16.0,,,SCS,15,False,False
2003-001,2003,1,BOB,,2003-05-12 03:00:00,2003-05-12 03:00:00,11.0,86.0,3.5,986.0,55.0,16.0,,,SCS,16,False,False
2003-001,2003,1,BOB,,2003-05-12 06:00:00,2003-05-12 06:00:00,11.0,86.0,3.5,986.0,55.0,16.0,,,SCS,17,False,False
2003-001,2003,1,BOB,,2003-05-12 09:00:00,2003-05-12 09:00:00,11.0,86.0,3.5,986.0,55.0,16.0,,,SCS,18,False,False
2003-001,2003,1,BOB,,2003-05-12 12:00:00,2003-05-12 12:00:00,11.5,85.5,3.5,986.0,55.0,16.0,,,SCS,19,False,False
2003-001,2003,1,BOB,,2003-05-12 15:00:00,2003-05-12 15:00:00,11.5,85.5,3.5,986.0,55.0,16.0,,,SCS,20,False,False
2003-001,2003,1,BOB,,2003-05-12 18:00:00,2003-05-12 18:00:00,11.5,85.5,4.0,982.0,65.0,20.0,,,VSCS,21,False,False
2003-001,2003,1,BOB,,2003-05-12 21:00:00,2003-05-12 21:00:00,11.5,85.5,4.0,982.0,65.0,20.0,,,VSCS,22,False,False
2003-001,2003,1,BOB,,2003-05-13 00:00:00,2003-05-13 00:00:00,11.5,85.5,4.0,982.0,65.0,20.0,,,VSCS,23,False,False
2003-001,2003,1,BOB,,2003-05-13 03:00:00,2003-05-13 03:00:00,12.0,85.0,4.0,982.0,65.0,20.0,,,VSCS,24,False,False
2003-001,2003,1,BOB,,2003-05-13 06:00:00,2003-05-13 06:00:00,12.5,85.0,4.5,980.0,75.0,28.0,,,VSCS,25,False,False
2003-001,2003,1,BOB,,2003-05-13 09:00:00,2003-05-13 09:00:00,12.5,85.0,4.5,980.0,75.0,28.0,,,VSCS,26,False,False
2003-001,2003,1,BOB,,2003-05-13 12:00:00,2003-05-13 12:00:00,12.5,85.0,4.0,982.0,65.0,20.0,,,VSCS,27,False,False
2003-001,2003,1,BOB,,2003-05-13 15:00:00,2003-05-13 15:00:00,12.5,85.0,4.0,982.0,65.0,20.0,,,VSCS,28,False,False
2003-001,2003,1,BOB,,2003-05-13 18:00:00,2003-05-13 18:00:00,13.0,85.0,4.0,982.0,65.0,20.0,,,VSCS,29,False,False
2003-001,2003,1,BOB,,2003-05-13 21:00:00,2003-05-13 21:00:00,13.0,85.0,4.0,982.0,65.0,20.0,,,VSCS,30,False,False
2003-001,2003,1,BOB,,2003-05-14 00:00:00,2003-05-14 00:00:00,13.5,85.0,4.0,980.0,65.0,22.0,,,VSCS,31,False,False
2003-001,2003,1,BOB,,2003-05-14 03:00:00,2003-05-14 03:00:00,14.0,85.0,4.0,982.0,65.0,20.0,,,VSCS,32,False,False
2003-001,2003,1,BOB,,2003-05-14 06:00:00,2003-05-14 06:00:00,14.0,85.0,3.5,986.0,55.0,16.0,,,SCS,33,False,False
2003-001,2003,1,BOB,,2003-05-14 09:00:00,2003-05-14 09:00:00,14.5,85.5,3.5,986.0,55.0,14.0,,,SCS,34,False,False
2003-001,2003,1,BOB,,2003-05-14 12:00:00,2003-05-14 12:00:00,14.5,85.5,3.0,990.0,45.0,10.0,,,CS,35,False,False
2003-001,2003,1,BOB,,2003-05-14 15:00:00,2003-05-14 15:00:00,14.5,85.5,2.5,990.0,35.0,6.0,,,CS,36,False,False
2003-001,2003,1,BOB,,2003-05-14 18:00:00,2003-05-14 18:00:00,14.5,85.5,2.5,994.0,35.0,6.0,,,CS,37,False,False
2003-001,2003,1,BOB,,2003-05-14 21:00:00,2003-05-14 21:00:00,14.5,86.0,2.5,994.0,35.0,6.0,,,CS,38,False,False
2003-001,2003,1,BOB,,2003-05-15 00:00:00,2003-05-15 00:00:00,14.5,86.0,2.5,992.0,35.0,6.0,,,CS,39,False,False
2003-001,2003,1,BOB,,2003-05-15 03:00:00,2003-05-15 03:00:00,14.5,86.0,2.5,994.0,35.0,6.0,,,CS,40,False,False
2003-001,2003,1,BOB,,2003-05-15 06:00:00,2003-05-15 06:00:00,14.5,86.0,2.5,994.0,35.0,6.0,,,CS,41,False,False
2003-001,2003,1,BOB,,2003-05-15 09:00:00,2003-05-15 09:00:00,14.5,86.0,2.5,994.0,35.0,6.0,,,CS,42,False,False
2003-001,2003,1,BOB,,2003-05-15 12:00:00,2003-05-15 12:00:00,14.5,86.0,2.5,994.0,35.0,6.0,,,CS,43,False,False
2003-001,2003,1,BOB,,2003-05-15 15:00:00,2003-05-15 15:00:00,14.5,86.0,2.5,994.0,35.0,6.0,,,CS,44,False,False
2003-001,2003,1,BOB,,2003-05-15 18:00:00,2003-05-15 18:00:00,14.5,86.0,2.5,994.0,35.0,6.0,,,CS,45,False,False
2003-001,2003,1,BOB,,2003-05-15 21:00:00,2003-05-15 21:00:00,14.5,86.0,2.5,994.0,35.0,6.0,,,CS,46,False,False
2003-001,2003,1,BOB,,2003-05-16 00:00:00,2003-05-16 00:00:00,14.5,86.0,2.5,994.0,35.0,6.0,,,CS,47,False,False
2003-001,2003,1,BOB,,2003-05-16 03:00:00,2003-05-16 03:00:00,14.5,86.5,2.5,996.0,35.0,6.0,,,CS,48,False,False
2003-001,2003,1,BOB,,2003-05-16 06:00:00,2003-05-16 06:00:00,14.5,86.5,2.5,996.0,35.0,6.0,,,CS,49,False,False
2003-001,2003,1,BOB,,2003-05-16 09:00:00,2003-05-16 09:00:00,14.5,86.5,2.5,996.0,35.0,6.0,,,CS,50,False,False
2003-001,2003,1,BOB,,2003-05-16 12:00:00,2003-05-16 12:00:00,14.5,87.0,2.0,996.0,30.0,4.0,,,DD,51,False,False
2003-001,2003,1,BOB,,2003-05-16 15:00:00,2003-05-16 15:00:00,14.5,87.0,2.0,996.0,30.0,4.0,,,DD,52,False,False
2003-001,2003,1,BOB,,2003-05-16 18:00:00,2003-05-16 18:00:00,14.5,87.0,2.0,996.0,30.0,4.0,,,DD,53,False,False
2003-001,2003,1,BOB,,2003-05-16 21:00:00,2003-05-16 21:00:00,14.5,87.0,2.0,996.0,30.0,4.0,,,DD,54,False,False
2003-001,2003,1,BOB,,2003-05-17 00:00:00,2003-05-17 00:00:00,14.5,87.0,2.0,996.0,30.0,4.0,,,DD,55,False,False
2003-001,2003,1,BOB,,2003-05-17 03:00:00,2003-05-17 03:00:00,14.5,87.5,2.0,998.0,30.0,4.0,,,DD,56,False,False
2003-001,2003,1,BOB,,2003-05-17 06:00:00,2003-05-17 06:00:00,14.5,87.5,2.0,998.0,30.0,4.0,,,DD,57,False,False
2003-001,2003,1,BOB,,2003-05-17 09:00:00,2003-05-17 09:00:00,14.5,87.5,2.0,998.0,30.0,4.0,,,DD,58,False,False
2003-001,2003,1,BOB,,2003-05-17 12:00:00,2003-05-17 12:00:00,14.5,88.0,2.0,998.0,30.0,4.0,,,DD,59,False,False
2003-001,2003,1,BOB,,2003-05-17 15:00:00,2003-05-17 15:00:00,14.5,88.5,2.0,998.0,30.0,4.0,,,DD,60,False,False
2003-001,2003,1,BOB,,2003-05-17 18:00:00,2003-05-17 18:00:00,14.5,89.0,2.0,998.0,30.0,4.0,,,DD,61,False,False
2003-001,2003,1,BOB,,2003-05-17 21:00:00,2003-05-17 21:00:00,14.5,89.5,2.0,998.0,30.0,4.0,,,DD,62,False,False
2003-001,2003,1,BOB,,2003-05-18 00:00:00,2003-05-18 00:00:00,14.5,90.0,2.0,1000.0,30.0,4.0,,,DD,63,False,False
2003-001,2003,1,BOB,,2003-05-18 03:00:00,2003-05-18 03:00:00,14.5,90.5,2.0,1000.0,30.0,4.0,,,DD,64,False,False
2003-001,2003,1,BOB,,2003-05-18 06:00:00,2003-05-18 06:00:00,14.5,90.5,2.0,1000.0,30.0,4.0,,,DD,65,False,False
2003-001,2003,1,BOB,,2003-05-18 09:00:00,2003-05-18 09:00:00,14.5,90.5,2.0,1000.0,30.0,4.0,,,DD,66,False,False
2003-001,2003,1,BOB,,2003-05-18 12:00:00,2003-05-18 12:00:00,14.5,91.0,2.0,998.0,30.0,4.0,,,DD,67,False,False
2003-001,2003,1,BOB,,2003-05-18 15:00:00,2003-05-18 15:00:00,14.5,91.0,2.0,998.0,30.0,4.0,,,DD,68,False,False
2003-001,2003,1,BOB,,2003-05-18 18:00:00,2003-05-18 18:00:00,15.0,91.5,2.0,998.0,30.0,4.0,,,DD,69,False,False
2003-001,2003,1,BOB,,2003-05-18 21:00:00,2003-05-18 21:00:00,15.5,91.5,2.0,998.0,30.0,4.0,,,DD,70,False,False
2003-001,2003,1,BOB,,2003-05-19 00:00:00,2003-05-19 00:00:00,16.0,92.0,2.0,998.0,30.0,4.0,,,DD,71,False,False
2003-001,2003,1,BOB,,2003-05-19 03:00:00,2003-05-19 03:00:00,16.5,92.5,2.0,998.0,30.0,4.0,,,DD,72,False,False
2003-001,2003,1,BOB,,2003-05-19 06:00:00,2003-05-19 06:00:00,17.5,93.0,2.5,996.0,35.0,6.0,,,CS,73,False,False
2003-001,2003,1,BOB,,2003-05-19 09:00:00,2003-05-19 09:00:00,18.0,93.0,2.5,994.0,35.0,6.0,,,CS,74,False,False
2003-001,2003,1,BOB,,2003-05-19 12:00:00,2003-05-19 12:00:00,18.5,93.5,2.5,994.0,35.0,6.0,,,CS,75,False,False
2003-001,2003,1,BOB,,2003-05-19 15:00:00,2003-05-19 15:00:00,19.0,93.5,2.5,994.0,35.0,6.0,,,CS,76,False,False
2003-001,2003,1,BOB,,2003-05-19 18:00:00,2003-05-19 18:00:00,19.5,94.0,2.5,994.0,45.0,6.0,,,CS,77,False,False
2003-001,2003,1,BOB,,2003-05-19 21:00:00,2003-05-19 21:00:00,20.0,94.5,,,,,,,CS,78,False,False
2003-002,2003,2,BOB,,2003-07-25 03:00:00,2003-07-25 03:00:00,21.0,89.0,1.5,992.0,25.0,2.0,,,D,0,False,False
2003-002,2003,2,BOB,,2003-07-25 12:00:00,2003-07-25 12:00:00,21.5,88.0,2.0,988.0,30.0,4.0,,,DD,1,False,False
2003-002,2003,2,BOB,,2003-07-26 03:00:00,2003-07-26 03:00:00,22.0,86.0,,990.0,30.0,4.0,,,DD,2,False,False
2003-002,2003,2,BOB,,2003-07-26 12:00:00,2003-07-26 12:00:00,22.0,84.0,,988.0,30.0,4.0,,,DD,3,False,False
2003-002,2003,2,BOB,,2003-07-27 03:00:00,2003-07-27 03:00:00,22.5,80.0,,992.0,25.0,2.0,,,D,4,False,False
2003-002,2003,2,BOB,,2003-07-27 12:00:00,2003-07-27 12:00:00,23.0,77.5,,992.0,25.0,2.0,,,D,5,False,False
2003-002,2003,2,BOB,,2003-07-28 03:00:00,2003-07-28 03:00:00,24.0,76.5,,994.0,25.0,2.0,,,D,6,False,False
2003-003,2003,3,BOB,,2003-08-27 12:00:00,2003-08-27 12:00:00,20.5,88.5,1.5,996.0,25.0,4.0,,,D,0,False,False
2003-003,2003,3,BOB,,2003-08-28 03:00:00,2003-08-28 03:00:00,21.0,85.5,,996.0,25.0,4.0,,,D,1,False,False
2003-003,2003,3,BOB,,2003-08-28 12:00:00,2003-08-28 12:00:00,21.0,85.5,,996.0,25.0,4.0,,,D,2,False,False
2003-004,2003,4,BOB,,2003-10-06 03:00:00,2003-10-06 03:00:00,16.5,84.0,1.5,998.0,25.0,4.0,,,D,0,False,False
2003-004,2003,4,BOB,,2003-10-06 09:00:00,2003-10-06 09:00:00,17.0,84.0,1.5,998.0,25.0,4.0,,,D,1,False,False
2003-004,2003,4,BOB,,2003-10-06 12:00:00,2003-10-06 12:00:00,17.5,84.0,1.5,998.0,25.0,4.0,,,D,2,False,False
2003-004,2003,4,BOB,,2003-10-07 03:00:00,2003-10-07 03:00:00,19.0,83.0,,998.0,25.0,4.0,,,D,3,False,False
2003-004,2003,4,BOB,,2003-10-07 12:00:00,2003-10-07 12:00:00,19.0,83.0,,998.0,25.0,4.0,,,D,4,False,False
2003-004,2003,4,BOB,,2003-10-08 03:00:00,2003-10-08 03:00:00,21.0,82.5,,998.0,25.0,4.0,,,D,5,False,False
2003-004,2003,4,BOB,,2003-10-08 12:00:00,2003-10-08 12:00:00,21.5,84.5,,1000.0,25.0,4.0,,,D,6,False,False
2003-004,2003,4,BOB,,2003-10-09 03:00:00,2003-10-09 03:00:00,23.5,86.0,,1000.0,25.0,4.0,,,D,7,False,False
2003-004,2003,4,BOB,,2003-10-09 12:00:00,2003-10-09 12:00:00,25.0,87.0,,1000.0,25.0,4.0,,,D,8,False,False
2003-005,2003,5,BOB,,2003-10-26 12:00:00,2003-10-26 12:00:00,13.5,93.5,1.5,1004.0,25.0,,,,D,0,False,False
2003-005,2003,5,BOB,,2003-10-27 03:00:00,2003-10-27 03:00:00,14.0,90.5,2.0,1004.0,30.0,4.0,,,DD,1,False,False
2003-005,2003,5,BOB,,2003-10-27 12:00:00,2003-10-27 12:00:00,14.5,89.0,2.0,1006.0,30.0,4.0,,,DD,2,False,False
2003-005,2003,5,BOB,,2003-10-28 03:00:00,2003-10-28 03:00:00,16.5,84.5,2.0,1004.0,30.0,4.0,,,DD,3,False,False
2003-005,2003,5,BOB,,2003-10-28 09:00:00,2003-10-28 09:00:00,17.8,83.5,1.5,1006.0,25.0,,,,D,4,False,False
2003-006,2003,6,ARB,,2003-11-12 03:00:00,2003-11-12 03:00:00,6.5,61.5,1.5,1002.0,25.0,2.0,,,D,0,False,False
2003-006,2003,6,ARB,,2003-11-12 12:00:00,2003-11-12 12:00:00,6.5,59.5,2.0,1000.0,30.0,4.0,,,DD,1,False,False
2003-006,2003,6,ARB,,2003-11-12 18:00:00,2003-11-12 18:00:00,6.5,59.0,2.0,998.0,35.0,6.0,,,CS,2,False,False
2003-006,2003,6,ARB,,2003-11-13 00:00:00,2003-11-13 00:00:00,6.5,58.0,2.5,998.0,35.0,6.0,,,CS,3,False,False
2003-006,2003,6,ARB,,2003-11-13 03:00:00,2003-11-13 03:00:00,6.5,58.0,2.5,998.0,35.0,6.0,,,CS,4,False,False
2003-006,2003,6,ARB,,2003-11-13 06:00:00,2003-11-13 06:00:00,6.5,58.0,3.5,994.0,55.0,14.0,,,SCS,5,False,False
2003-006,2003,6,ARB,,2003-11-13 09:00:00,2003-11-13 09:00:00,6.2,57.7,3.5,990.0,55.0,14.0,,,SCS,6,False,False
2003-006,2003,6,ARB,,2003-11-13 12:00:00,2003-11-13 12:00:00,6.0,57.5,3.5,990.0,55.0,14.0,,,SCS,7,False,False
2003-006,2003,6,ARB,,2003-11-13 15:00:00,2003-11-13 15:00:00,6.0,57.0,3.5,990.0,55.0,14.0,,,SCS,8,False,False
2003-006,2003,6,ARB,,2003-11-13 18:00:00,2003-11-13 18:00:00,6.0,57.0,3.5,990.0,55.0,14.0,,,SCS,9,False,False
2003-006,2003,6,ARB,,2003-11-13 21:00:00,2003-11-13 21:00:00,6.0,57.0,3.5,990.0,55.0,14.0,,,SCS,10,False,False
2003-006,2003,6,ARB,,2003-11-14 00:00:00,2003-11-14 00:00:00,6.0,56.5,3.5,990.0,55.0,14.0,,,SCS,11,False,False
2003-006,2003,6,ARB,,2003-11-14 03:00:00,2003-11-14 03:00:00,6.0,56.5,3.5,990.0,55.0,14.0,,,SCS,12,False,False
2003-006,2003,6,ARB,,2003-11-14 06:00:00,2003-11-14 06:00:00,5.5,55.5,3.5,990.0,55.0,14.0,,,SCS,13,False,False
2003-006,2003,6,ARB,,2003-11-14 09:00:00,2003-11-14 09:00:00,5.5,55.0,3.5,990.0,55.0,14.0,,,SCS,14,False,False
2003-006,2003,6,ARB,,2003-11-14 12:00:00,2003-11-14 12:00:00,5.5,54.5,2.5,994.0,45.0,6.0,,,CS,15,False,False
2003-006,2003,6,ARB,,2003-11-14 15:00:00,2003-11-14 15:00:00,5.5,54.5,2.5,994.0,35.0,6.0,,,CS,16,False,False
2003-006,2003,6,ARB,,2003-11-14 18:00:00,2003-11-14 18:00:00,5.5,52.0,2.5,996.0,30.0,4.0,,,DD,17,False,False
2003-006,2003,6,ARB,,2003-11-14 21:00:00,2003-11-14 21:00:00,5.5,51.5,2.5,996.0,30.0,4.0,,,DD,18,False,False
2003-006,2003,6,ARB,,2003-11-15 00:00:00,2003-11-15 00:00:00,5.5,51.0,2.0,998.0,30.0,4.0,,,DD,19,False,False
2003-006,2003,6,ARB,,2003-11-15 03:00:00,2003-11-15 03:00:00,5.5,51.0,1.5,1000.0,25.0,2.0,,,D,20,False,False
2003-006,2003,6,ARB,,2003-11-15 12:00:00,2003-11-15 12:00:00,5.5,50.5,1.5,1000.0,25.0,2.0,,,D,21,False,False
2003-007,2003,7,BOB,,2003-12-11 12:00:00,2003-12-11 12:00:00,4.5,90.5,1.5,1004.0,25.0,2.0,,,D,0,False,False
2003-007,2003,7,BOB,,2003-12-12 03:00:00,2003-12-12 03:00:00,6.0,89.0,1.5,1006.0,25.0,2.0,,,D,1,False,False
2003-007,2003,7,BOB,,2003-12-12 12:00:00,2003-12-12 12:00:00,7.5,88.0,1.5,1004.0,25.0,2.0,,,D,2,False,False
2003-007,2003,7,BOB,,2003-12-13 03:00:00,2003-12-13 03:00:00,9.0,87.5,2.0,1004.0,30.0,4.0,,,DD,3,False,False
2003-007,2003,7,BOB,,2003-12-13 12:00:00,2003-12-13 12:00:00,9.5,87.0,2.5,1002.0,35.0,6.0,,,CS,4,False,False
2003-007,2003,7,BOB,,2003-12-13 15:00:00,2003-12-13 15:00:00,10.0,87.0,2.5,1002.0,35.0,6.0,,,CS,5,False,False
2003-007,2003,7,BOB,,2003-12-13 18:00:00,2003-12-13 18:00:00,10.0,87.0,2.5,1002.0,35.0,6.0,,,CS,6,False,False
2003-007,2003,7,BOB,,2003-12-13 21:00:00,2003-12-13 21:00:00,10.5,86.5,2.5,1000.0,35.0,6.0,,,CS,7,False,False
2003-007,2003,7,BOB,,2003-12-14 00:00:00,2003-12-14 00:00:00,10.5,86.0,2.5,998.0,35.0,6.0,,,CS,8,False,False
2003-007,2003,7,BOB,,2003-12-14 03:00:00,2003-12-14 03:00:00,11.0,85.0,3.0,998.0,45.0,10.0,,,CS,9,False,False
2003-007,2003,7,BOB,,2003-12-14 06:00:00,2003-12-14 06:00:00,11.0,85.0,3.0,996.0,45.0,10.0,,,CS,10,False,False
2003-007,2003,7,BOB,,2003-12-14 09:00:00,2003-12-14 09:00:00,11.5,84.5,3.0,994.0,45.0,10.0,,,CS,11,False,False
2003-007,2003,7,BOB,,2003-12-14 12:00:00,2003-12-14 12:00:00,12.0,83.5,3.5,992.0,55.0,14.0,,,SCS,12,False,False
2003-007,2003,7,BOB,,2003-12-14 15:00:00,2003-12-14 15:00:00,12.5,83.0,3.5,992.0,55.0,14.0,,,SCS,13,False,False
2003-007,2003,7,BOB,,2003-12-14 18:00:00,2003-12-14 18:00:00,12.8,82.5,3.5,992.0,55.0,14.0,,,SCS,14,False,False
2003-007,2003,7,BOB,,2003-12-14 21:00:00,2003-12-14 21:00:00,13.4,82.2,3.5,992.0,55.0,14.0,,,SCS,15,False,False
2003-007,2003,7,BOB,,2003-12-15 00:00:00,2003-12-15 00:00:00,13.8,81.7,3.5,992.0,55.0,14.0,,,SCS,16,False,False
2003-007,2003,7,BOB,,2003-12-15 03:00:00,2003-12-15 03:00:00,14.0,81.5,3.5,992.0,55.0,14.0,,,SCS,17,False,False
2003-007,2003,7,BOB,,2003-12-15 06:00:00,2003-12-15 06:00:00,14.3,81.5,3.5,992.0,55.0,14.0,,,SCS,18,False,False
2003-007,2003,7,BOB,,2003-12-15 09:00:00,2003-12-15 09:00:00,15.0,81.0,3.5,992.0,55.0,14.0,,,SCS,19,False,False
2003-007,2003,7,BOB,,2003-12-15 12:00:00,2003-12-15 12:00:00,15.5,81.0,3.5,990.0,55.0,14.0,,,SCS,20,False,False
2003-007,2003,7,BOB,,2003-12-15 15:00:00,2003-12-15 15:00:00,15.8,81.0,3.5,992.0,55.0,14.0,,,SCS,21,False,False
2003-007,2003,7,BOB,,2003-12-15 18:00:00,2003-12-15 18:00:00,16.0,81.0,3.5,992.0,55.0,14.0,,,SCS,22,False,False
2003-007,2003,7,BOB,,2003-12-15 21:00:00,2003-12-15 21:00:00,16.5,81.0,,,,,,,CS,23,False,False
2003-007,2003,7,BOB,,2003-12-16 00:00:00,2003-12-16 00:00:00,17.0,81.0,,,,,,,CS,24,False,False
2003-007,2003,7,BOB,,2003-12-16 03:00:00,2003-12-16 03:00:00,17.0,81.0,,,,,,,DD,25,False,False
2003-007,2003,7,BOB,,2003-12-16 06:00:00,2003-12-16 06:00:00,17.5,81.5,,,,,,,D,26,False,False
2003-007,2003,7,BOB,,2003-12-16 12:00:00,2003-12-16 12:00:00,17.5,81.5,,,,,,,D,27,False,False
2004-001,2004,1,ARB,,2004-05-05 03:00:00,2004-05-05 03:00:00,11.5,73.5,1.5,1002.0,25.0,,,,D,0,False,False
2004-001,2004,1,ARB,,2004-05-05 06:00:00,2004-05-05 06:00:00,11.5,73.5,2.0,1000.0,30.0,4.0,,,DD,1,False,False
2004-001,2004,1,ARB,,2004-05-05 09:00:00,2004-05-05 09:00:00,11.5,73.5,2.0,1000.0,30.0,4.0,,,DD,2,False,False
2004-001,2004,1,ARB,,2004-05-05 12:00:00,2004-05-05 12:00:00,11.5,73.5,2.5,994.0,35.0,6.0,,,CS,3,False,False
2004-001,2004,1,ARB,,2004-05-05 15:00:00,2004-05-05 15:00:00,11.5,73.0,2.5,994.0,35.0,6.0,,,CS,4,False,False
2004-001,2004,1,ARB,,2004-05-05 18:00:00,2004-05-05 18:00:00,11.5,73.0,2.5,994.0,35.0,6.0,,,CS,5,False,False
2004-001,2004,1,ARB,,2004-05-05 21:00:00,2004-05-05 21:00:00,11.5,73.0,2.5,992.0,35.0,6.0,,,CS,6,False,False
2004-001,2004,1,ARB,,2004-05-06 00:00:00,2004-05-06 00:00:00,11.5,73.0,2.5,992.0,35.0,6.0,,,CS,7,False,False
2004-001,2004,1,ARB,,2004-05-06 03:00:00,2004-05-06 03:00:00,11.5,73.0,3.0,992.0,45.0,10.0,,,CS,8,False,False
2004-001,2004,1,ARB,,2004-05-06 06:00:00,2004-05-06 06:00:00,11.5,73.0,3.0,992.0,45.0,10.0,,,CS,9,False,False
2004-001,2004,1,ARB,,2004-05-06 09:00:00,2004-05-06 09:00:00,11.5,73.0,3.0,990.0,45.0,10.0,,,CS,10,False,False
2004-001,2004,1,ARB,,2004-05-06 12:00:00,2004-05-06 12:00:00,11.5,73.0,3.0,988.0,45.0,10.0,,,CS,11,False,False
2004-001,2004,1,ARB,,2004-05-06 15:00:00,2004-05-06 15:00:00,11.5,73.0,3.0,990.0,45.0,10.0,,,CS,12,False,False
2004-001,2004,1,ARB,,2004-05-06 18:00:00,2004-05-06 18:00:00,11.5,73.0,3.0,990.0,45.0,10.0,,,CS,13,False,False
2004-001,2004,1,ARB,,2004-05-06 21:00:00,2004-05-06 21:00:00,11.5,73.0,3.0,990.0,45.0,10.0,,,CS,14,False,False
2004-001,2004,1,ARB,,2004-05-07 00:00:00,2004-05-07 00:00:00,11.5,73.0,3.0,990.0,45.0,10.0,,,CS,15,False,False
2004-001,2004,1,ARB,,2004-05-07 03:00:00,2004-05-07 03:00:00,12.5,72.0,3.5,988.0,55.0,14.0,,,SCS,16,False,False
2004-001,2004,1,ARB,,2004-05-07 06:00:00,2004-05-07 06:00:00,13.0,71.5,3.5,986.0,55.0,14.0,,,SCS,17,False,False
2004-001,2004,1,ARB,,2004-05-07 09:00:00,2004-05-07 09:00:00,13.0,71.5,3.5,986.0,55.0,14.0,,,SCS,18,False,False
2004-001,2004,1,ARB,,2004-05-07 12:00:00,2004-05-07 12:00:00,13.0,71.5,3.5,984.0,55.0,14.0,,,SCS,19,False,False
2004-001,2004,1,ARB,,2004-05-07 15:00:00,2004-05-07 15:00:00,13.0,71.5,3.5,986.0,55.0,14.0,,,SCS,20,False,False
2004-001,2004,1,ARB,,2004-05-07 18:00:00,2004-05-07 18:00:00,13.0,71.5,3.5,986.0,55.0,14.0,,,SCS,21,False,False
2004-001,2004,1,ARB,,2004-05-07 21:00:00,2004-05-07 21:00:00,13.0,71.5,3.5,986.0,55.0,14.0,,,SCS,22,False,False
2004-001,2004,1,ARB,,2004-05-08 00:00:00,2004-05-08 00:00:00,13.5,71.0,3.5,986.0,55.0,14.0,,,SCS,23,False,False
2004-001,2004,1,ARB,,2004-05-08 03:00:00,2004-05-08 03:00:00,13.5,71.0,3.5,986.0,55.0,14.0,,,SCS,24,False,False
2004-001,2004,1,ARB,,2004-05-08 06:00:00,2004-05-08 06:00:00,13.5,71.0,3.5,986.0,55.0,14.0,,,SCS,25,False,False
2004-001,2004,1,ARB,,2004-05-08 09:00:00,2004-05-08 09:00:00,13.5,71.0,3.5,986.0,55.0,14.0,,,SCS,26,False,False
2004-001,2004,1,ARB,,2004-05-08 12:00:00,2004-05-08 12:00:00,13.5,71.0,3.0,988.0,45.0,10.0,,,CS,27,False,False
2004-001,2004,1,ARB,,2004-05-08 15:00:00,2004-05-08 15:00:00,13.5,71.0,3.0,990.0,45.0,10.0,,,CS,28,False,False
2004-001,2004,1,ARB,,2004-05-08 18:00:00,2004-05-08 18:00:00,14.0,71.0,3.0,990.0,45.0,10.0,,,CS,29,False,False
2004-001,2004,1,ARB,,2004-05-08 21:00:00,2004-05-08 21:00:00,14.5,70.5,3.0,992.0,45.0,10.0,,,CS,30,False,False
2004-001,2004,1,ARB,,2004-05-09 00:00:00,2004-05-09 00:00:00,14.5,70.5,3.0,992.0,45.0,10.0,,,CS,31,False,False
2004-001,2004,1,ARB,,2004-05-09 03:00:00,2004-05-09 03:00:00,15.0,70.5,3.0,992.0,45.0,10.0,,,CS,32,False,False
2004-001,2004,1,ARB,,2004-05-09 06:00:00,2004-05-09 06:00:00,15.5,70.0,3.0,992.0,45.0,10.0,,,CS,33,False,False
2004-001,2004,1,ARB,,2004-05-09 09:00:00,2004-05-09 09:00:00,16.0,70.0,3.0,990.0,45.0,10.0,,,CS,34,False,False
2004-001,2004,1,ARB,,2004-05-09 12:00:00,2004-05-09 12:00:00,16.5,70.0,3.0,990.0,45.0,10.0,,,CS,35,False,False
2004-001,2004,1,ARB,,2004-05-09 15:00:00,2004-05-09 15:00:00,17.0,70.0,3.0,990.0,45.0,10.0,,,CS,36,False,False
2004-001,2004,1,ARB,,2004-05-09 18:00:00,2004-05-09 18:00:00,17.5,70.0,3.0,990.0,45.0,10.0,,,CS,37,False,False
2004-001,2004,1,ARB,,2004-05-09 21:00:00,2004-05-09 21:00:00,18.0,70.0,3.0,992.0,45.0,10.0,,,CS,38,False,False
2004-001,2004,1,ARB,,2004-05-10 00:00:00,2004-05-10 00:00:00,18.5,70.0,2.5,996.0,35.0,6.0,,,CS,39,False,False
2004-001,2004,1,ARB,,2004-05-10 03:00:00,2004-05-10 03:00:00,19.0,70.0,2.5,998.0,35.0,6.0,,,CS,40,False,False
2004-001,2004,1,ARB,,2004-05-10 06:00:00,2004-05-10 06:00:00,19.0,70.0,2.0,1000.0,30.0,4.0,,,DD,41,False,False
2004-001,2004,1,ARB,,2004-05-10 09:00:00,2004-05-10 09:00:00,19.5,70.0,1.5,1002.0,25.0,3.0,,,D,42,False,False
2004-002,2004,2,BOB,,2004-05-16 09:00:00,2004-05-16 09:00:00,17.0,91.5,1.5,1000.0,25.0,3.0,,,D,0,False,False
2004-002,2004,2,BOB,,2004-05-16 12:00:00,2004-05-16 12:00:00,17.5,91.0,1.5,1000.0,25.0,3.0,,,D,1,False,False
2004-002,2004,2,BOB,,2004-05-16 18:00:00,2004-05-16 18:00:00,17.5,91.0,2.0,998.0,30.0,4.0,,,DD,2,False,False
2004-002,2004,2,BOB,,2004-05-16 21:00:00,2004-05-16 21:00:00,18.0,90.5,2.0,998.0,30.0,4.0,,,DD,3,False,False
2004-002,2004,2,BOB,,2004-05-17 00:00:00,2004-05-17 00:00:00,18.5,90.5,2.0,998.0,30.0,4.0,,,DD,4,False,False
2004-002,2004,2,BOB,,2004-05-17 03:00:00,2004-05-17 03:00:00,18.5,90.0,2.5,998.0,35.0,6.0,,,CS,5,False,False
2004-002,2004,2,BOB,,2004-05-17 06:00:00,2004-05-17 06:00:00,18.5,90.0,2.5,998.0,35.0,6.0,,,CS,6,False,False
2004-002,2004,2,BOB,,2004-05-17 09:00:00,2004-05-17 09:00:00,18.5,89.5,3.0,988.0,45.0,10.0,,,CS,7,False,False
2004-002,2004,2,BOB,,2004-05-17 12:00:00,2004-05-17 12:00:00,18.5,89.0,3.0,988.0,45.0,10.0,,,CS,8,False,False
2004-002,2004,2,BOB,,2004-05-17 15:00:00,2004-05-17 15:00:00,18.5,89.0,3.0,988.0,45.0,10.0,,,CS,9,False,False
2004-002,2004,2,BOB,,2004-05-17 18:00:00,2004-05-17 18:00:00,18.5,89.0,3.0,986.0,45.0,10.0,,,CS,10,False,False
2004-002,2004,2,BOB,,2004-05-17 21:00:00,2004-05-17 21:00:00,19.0,88.5,3.0,986.0,45.0,10.0,,,CS,11,False,False
2004-002,2004,2,BOB,,2004-05-18 00:00:00,2004-05-18 00:00:00,19.0,88.5,3.0,986.0,45.0,10.0,,,CS,12,False,False
2004-002,2004,2,BOB,,2004-05-18 03:00:00,2004-05-18 03:00:00,19.0,88.5,3.0,986.0,45.0,10.0,,,CS,13,False,False
2004-002,2004,2,BOB,,2004-05-18 06:00:00,2004-05-18 06:00:00,19.0,88.5,3.5,982.0,55.0,14.0,,,SCS,14,False,False
2004-002,2004,2,BOB,,2004-05-18 09:00:00,2004-05-18 09:00:00,19.0,89.5,3.5,980.0,55.0,14.0,,,SCS,15,False,False
2004-002,2004,2,BOB,,2004-05-18 12:00:00,2004-05-18 12:00:00,19.0,90.0,3.5,980.0,55.0,14.0,,,SCS,16,False,False
2004-002,2004,2,BOB,,2004-05-18 15:00:00,2004-05-18 15:00:00,19.0,90.0,4.0,974.0,65.0,20.0,,,VSCS,17,False,False
2004-002,2004,2,BOB,,2004-05-18 18:00:00,2004-05-18 18:00:00,19.5,90.5,4.0,974.0,65.0,20.0,,,VSCS,18,False,False
2004-002,2004,2,BOB,,2004-05-18 21:00:00,2004-05-18 21:00:00,19.0,91.0,4.0,972.0,65.0,20.0,,,VSCS,19,False,False
2004-002,2004,2,BOB,,2004-05-19 00:00:00,2004-05-19 00:00:00,20.0,91.5,4.5,962.0,77.0,28.0,,,VSCS,20,False,False
2004-002,2004,2,BOB,,2004-05-19 03:00:00,2004-05-19 03:00:00,20.5,92.0,5.0,952.0,90.0,40.0,,,ESCS,21,False,False
2004-003,2004,3,ARB,,2004-06-10 03:00:00,2004-06-10 03:00:00,17.5,67.5,1.5,996.0,25.0,3.0,,,D,0,False,False
2004-003,2004,3,ARB,,2004-06-10 06:00:00,2004-06-10 06:00:00,17.5,67.5,1.5,996.0,25.0,3.0,,,D,1,False,False
2004-003,2004,3,ARB,,2004-06-10 09:00:00,2004-06-10 09:00:00,17.5,66.5,2.0,996.0,30.0,4.0,,,DD,2,False,False
2004-003,2004,3,ARB,,2004-06-10 12:00:00,2004-06-10 12:00:00,17.5,66.5,2.0,996.0,30.0,4.0,,,DD,3,False,False
2004-003,2004,3,ARB,,2004-06-10 15:00:00,2004-06-10 15:00:00,17.5,66.5,2.0,996.0,30.0,4.0,,,DD,4,False,False
2004-003,2004,3,ARB,,2004-06-10 18:00:00,2004-06-10 18:00:00,17.5,66.5,2.0,996.0,30.0,4.0,,,DD,5,False,False
2004-003,2004,3,ARB,,2004-06-10 21:00:00,2004-06-10 21:00:00,17.5,66.0,2.0,996.0,30.0,4.0,,,DD,6,False,False
2004-003,2004,3,ARB,,2004-06-11 00:00:00,2004-06-11 00:00:00,18.0,66.0,2.0,996.0,30.0,4.0,,,DD,7,False,False
2004-003,2004,3,ARB,,2004-06-11 03:00:00,2004-06-11 03:00:00,18.0,66.0,2.0,996.0,30.0,4.0,,,DD,8,False,False
2004-003,2004,3,ARB,,2004-06-11 06:00:00,2004-06-11 06:00:00,18.0,66.0,2.0,994.0,30.0,4.0,,,DD,9,False,False
2004-003,2004,3,ARB,,2004-06-11 09:00:00,2004-06-11 09:00:00,18.0,66.0,2.0,994.0,30.0,4.0,,,DD,10,False,False
2004-003,2004,3,ARB,,2004-06-11 12:00:00,2004-06-11 12:00:00,18.0,66.0,2.0,992.0,30.0,4.0,,,DD,11,False,False
2004-003,2004,3,ARB,,2004-06-11 15:00:00,2004-06-11 15:00:00,18.0,66.0,2.0,992.0,30.0,4.0,,,DD,12,False,False
2004-003,2004,3,ARB,,2004-06-11 18:00:00,2004-06-11 18:00:00,18.0,66.0,2.0,994.0,30.0,4.0,,,DD,13,False,False
2004-003,2004,3,ARB,,2004-06-11 21:00:00,2004-06-11 21:00:00,18.0,66.0,2.0,994.0,30.0,4.0,,,DD,14,False,False
2004-003,2004,3,ARB,,2004-06-12 00:00:00,2004-06-12 00:00:00,18.0,66.0,2.0,994.0,30.0,4.0,,,DD,15,False,False
2004-003,2004,3,ARB,,2004-06-12 03:00:00,2004-06-12 03:00:00,18.0,66.0,2.0,996.0,30.0,4.0,,,DD,16,False,False
2004-003,2004,3,ARB,,2004-06-12 06:00:00,2004-06-12 06:00:00,18.0,66.0,2.0,996.0,30.0,4.0,,,DD,17,False,False
2004-003,2004,3,ARB,,2004-06-12 09:00:00,2004-06-12 09:00:00,18.0,66.0,2.0,996.0,30.0,4.0,,,DD,18,False,False
2004-003,2004,3,ARB,,2004-06-12 12:00:00,2004-06-12 12:00:00,18.0,65.5,1.5,996.0,25.0,3.0,,,D,19,False,False
2004-003,2004,3,ARB,,2004-06-13 03:00:00,2004-06-13 03:00:00,18.0,65.0,1.5,996.0,25.0,3.0,,,D,20,False,False
2004-004,2004,4,BOB,,2004-06-11 03:00:00,2004-06-11 03:00:00,15.5,90.0,1.5,998.0,25.0,3.0,,,D,0,False,False
2004-004,2004,4,BOB,,2004-06-11 06:00:00,2004-06-11 06:00:00,15.5,90.0,1.5,998.0,25.0,3.0,,,D,1,False,False
2004-004,2004,4,BOB,,2004-06-11 09:00:00,2004-06-11 09:00:00,15.5,89.5,1.5,998.0,25.0,3.0,,,D,2,False,False
2004-004,2004,4,BOB,,2004-06-11 12:00:00,2004-06-11 12:00:00,15.5,89.0,1.5,998.0,25.0,3.0,,,D,3,False,False
2004-004,2004,4,BOB,,2004-06-11 15:00:00,2004-06-11 15:00:00,15.5,89.0,1.5,998.0,25.0,3.0,,,D,4,False,False
2004-004,2004,4,BOB,,2004-06-11 18:00:00,2004-06-11 18:00:00,15.5,89.0,1.5,998.0,25.0,3.0,,,D,5,False,False
2004-004,2004,4,BOB,,2004-06-11 21:00:00,2004-06-11 21:00:00,15.5,89.0,1.5,998.0,25.0,3.0,,,D,6,False,False
2004-004,2004,4,BOB,,2004-06-12 00:00:00,2004-06-12 00:00:00,16.0,88.0,1.5,998.0,25.0,3.0,,,D,7,False,False
2004-004,2004,4,BOB,,2004-06-12 03:00:00,2004-06-12 03:00:00,17.5,87.0,2.0,996.0,30.0,4.0,,,DD,8,False,False
2004-004,2004,4,BOB,,2004-06-12 06:00:00,2004-06-12 06:00:00,17.5,87.0,2.0,996.0,30.0,4.0,,,DD,9,False,False
2004-004,2004,4,BOB,,2004-06-12 09:00:00,2004-06-12 09:00:00,17.5,86.5,2.0,996.0,30.0,4.0,,,DD,10,False,False
2004-004,2004,4,BOB,,2004-06-12 12:00:00,2004-06-12 12:00:00,18.0,86.0,2.0,994.0,30.0,4.0,,,DD,11,False,False
2004-004,2004,4,BOB,,2004-06-12 15:00:00,2004-06-12 15:00:00,18.0,86.0,2.0,994.0,30.0,4.0,,,DD,12,False,False
2004-004,2004,4,BOB,,2004-06-12 18:00:00,2004-06-12 18:00:00,18.5,85.5,2.0,994.0,30.0,4.0,,,DD,13,False,False
2004-004,2004,4,BOB,,2004-06-12 21:00:00,2004-06-12 21:00:00,19.0,85.5,2.0,994.0,30.0,4.0,,,DD,14,False,False
2004-004,2004,4,BOB,,2004-06-13 00:00:00,2004-06-13 00:00:00,19.5,85.5,2.0,992.0,30.0,6.0,,,DD,15,False,False
2004-004,2004,4,BOB,,2004-06-13 03:00:00,2004-06-13 03:00:00,19.5,85.5,2.0,992.0,30.0,6.0,,,DD,16,False,False
2004-004,2004,4,BOB,,2004-06-13 06:00:00,2004-06-13 06:00:00,19.5,85.5,,992.0,30.0,4.0,,,DD,17,False,False
2004-004,2004,4,BOB,,2004-06-13 09:00:00,2004-06-13 09:00:00,20.0,85.5,,992.0,30.0,4.0,,,DD,18,False,False
2004-004,2004,4,BOB,,2004-06-13 12:00:00,2004-06-13 12:00:00,20.5,85.5,,992.0,30.0,4.0,,,DD,19,False,False
2004-004,2004,4,BOB,,2004-06-14 03:00:00,2004-06-14 03:00:00,21.5,84.0,,992.0,30.0,4.0,,,DD,20,False,False
2004-004,2004,4,BOB,,2004-06-14 09:00:00,2004-06-14 09:00:00,22.0,83.0,,990.0,25.0,3.0,,,D,21,False,False
2004-005,2004,5,LAND,,2004-09-12 03:00:00,2004-09-12 03:00:00,22.5,88.5,,996.0,25.0,4.0,,,D,0,False,False
2004-005,2004,5,LAND,,2004-09-12 12:00:00,2004-09-12 12:00:00,23.0,88.5,,998.0,25.0,4.0,,,D,1,False,False
2004-005,2004,5,LAND,,2004-09-13 03:00:00,2004-09-13 03:00:00,23.0,88.0,,1000.0,25.0,4.0,,,D,2,False,False
2004-005,2004,5,LAND,,2004-09-13 12:00:00,2004-09-13 12:00:00,23.0,88.0,,998.0,25.0,6.0,,,D,3,False,False
2004-005,2004,5,LAND,,2004-09-14 03:00:00,2004-09-14 03:00:00,22.5,88.0,,998.0,25.0,4.0,,,D,4,False,False
2004-005,2004,5,LAND,,2004-09-14 12:00:00,2004-09-14 12:00:00,22.5,88.0,,1000.0,25.0,4.0,,,D,5,False,False
2004-005,2004,5,LAND,,2004-09-15 03:00:00,2004-09-15 03:00:00,22.5,88.0,,1002.0,25.0,4.0,,,D,6,False,False
2004-005,2004,5,LAND,,2004-09-15 12:00:00,2004-09-15 12:00:00,22.5,88.0,,998.0,25.0,4.0,,,D,7,False,False
2004-006,2004,6,ARB,ONIL,2004-09-30 09:00:00,2004-09-30 09:00:00,16.0,69.0,1.5,1006.0,25.0,3.0,,,D,0,False,False
2004-006,2004,6,ARB,ONIL,2004-09-30 12:00:00,2004-09-30 12:00:00,16.5,68.5,2.0,1004.0,30.0,4.0,,,DD,1,False,False
2004-006,2004,6,ARB,ONIL,2004-09-30 15:00:00,2004-09-30 15:00:00,17.0,68.0,2.0,1004.0,30.0,4.0,,,DD,2,False,False
2004-006,2004,6,ARB,ONIL,2004-09-30 18:00:00,2004-09-30 18:00:00,17.5,68.0,2.0,1006.0,30.0,4.0,,,DD,3,False,False
2004-006,2004,6,ARB,ONIL,2004-09-30 21:00:00,2004-09-30 21:00:00,18.0,67.5,2.0,1006.0,30.0,4.0,,,DD,4,False,False
2004-006,2004,6,ARB,ONIL,2004-10-01 00:00:00,2004-10-01 00:00:00,18.5,67.0,2.0,1006.0,30.0,4.0,,,DD,5,False,False
2004-006,2004,6,ARB,ONIL,2004-10-01 03:00:00,2004-10-01 03:00:00,19.0,67.0,2.0,1006.0,30.0,4.0,,,DD,6,False,False
2004-006,2004,6,ARB,ONIL,2004-10-01 06:00:00,2004-10-01 06:00:00,19.0,67.0,2.0,1006.0,30.0,4.0,,,DD,7,False,False
2004-006,2004,6,ARB,ONIL,2004-10-01 09:00:00,2004-10-01 09:00:00,19.5,66.5,2.5,1002.0,35.0,6.0,,,CS,8,False,False
2004-006,2004,6,ARB,ONIL,2004-10-01 12:00:00,2004-10-01 12:00:00,20.0,66.5,2.5,1000.0,35.0,6.0,,,CS,9,False,False
2004-006,2004,6,ARB,ONIL,2004-10-01 15:00:00,2004-10-01 15:00:00,20.0,66.5,2.5,1000.0,35.0,6.0,,,CS,10,False,False
2004-006,2004,6,ARB,ONIL,2004-10-01 18:00:00,2004-10-01 18:00:00,20.0,66.5,2.5,1002.0,35.0,6.0,,,CS,11,False,False
2004-006,2004,6,ARB,ONIL,2004-10-01 21:00:00,2004-10-01 21:00:00,20.0,66.5,2.5,1002.0,35.0,6.0,,,CS,12,False,False
2004-006,2004,6,ARB,ONIL,2004-10-02 00:00:00,2004-10-02 00:00:00,21.0,66.5,2.5,1002.0,35.0,6.0,,,CS,13,False,False
2004-006,2004,6,ARB,ONIL,2004-10-02 03:00:00,2004-10-02 03:00:00,21.0,66.5,2.5,1000.0,35.0,8.0,,,CS,14,False,False
2004-006,2004,6,ARB,ONIL,2004-10-02 06:00:00,2004-10-02 06:00:00,21.5,67.0,3.0,996.0,45.0,12.0,,,CS,15,False,False
2004-006,2004,6,ARB,ONIL,2004-10-02 09:00:00,2004-10-02 09:00:00,21.5,67.0,3.5,990.0,55.0,16.0,,,SCS,16,False,False
2004-006,2004,6,ARB,ONIL,2004-10-02 12:00:00,2004-10-02 12:00:00,22.0,67.5,3.5,990.0,55.0,16.0,,,SCS,17,False,False
2004-006,2004,6,ARB,ONIL,2004-10-02 15:00:00,2004-10-02 15:00:00,22.0,67.5,3.5,990.0,55.0,16.0,,,SCS,18,False,False
2004-006,2004,6,ARB,ONIL,2004-10-02 18:00:00,2004-10-02 18:00:00,22.5,68.0,3.5,992.0,55.0,16.0,,,SCS,19,False,False
2004-006,2004,6,ARB,ONIL,2004-10-02 21:00:00,2004-10-02 21:00:00,22.5,68.5,3.5,992.0,55.0,16.0,,,SCS,20,False,False
2004-006,2004,6,ARB,ONIL,2004-10-03 00:00:00,2004-10-03 00:00:00,23.0,68.5,2.5,998.0,35.0,10.0,,,CS,21,False,False
2004-006,2004,6,ARB,ONIL,2004-10-03 03:00:00,2004-10-03 03:00:00,23.0,68.5,2.0,1002.0,30.0,6.0,,,DD,22,False,False
2004-006,2004,6,ARB,ONIL,2004-10-03 06:00:00,2004-10-03 06:00:00,23.0,68.5,2.0,1004.0,30.0,4.0,,,DD,23,False,False
2004-006,2004,6,ARB,ONIL,2004-10-03 09:00:00,2004-10-03 09:00:00,23.0,68.5,2.0,1002.0,30.0,4.0,,,DD,24,False,False
2004-006,2004,6,ARB,ONIL,2004-10-03 12:00:00,2004-10-03 12:00:00,23.0,68.5,1.5,1000.0,25.0,3.0,,,D,25,False,False
2004-006,2004,6,ARB,ONIL,2004-10-03 15:00:00,2004-10-03 15:00:00,23.0,68.5,1.5,1002.0,25.0,3.0,,,D,26,False,False
2004-006,2004,6,ARB,ONIL,2004-10-03 18:00:00,2004-10-03 18:00:00,23.0,68.5,1.5,1002.0,25.0,3.0,,,D,27,False,False
2004-007,2004,7,BOB,,2004-10-02 03:00:00,2004-10-02 03:00:00,11.5,87.0,1.5,1006.0,25.0,3.0,,,D,0,False,False
2004-007,2004,7,BOB,,2004-10-02 06:00:00,2004-10-02 06:00:00,12.0,86.5,1.5,1006.0,25.0,3.0,,,D,1,False,False
2004-007,2004,7,BOB,,2004-10-02 09:00:00,2004-10-02 09:00:00,12.5,86.0,1.5,1004.0,25.0,4.0,,,D,2,False,False
2004-007,2004,7,BOB,,2004-10-02 12:00:00,2004-10-02 12:00:00,12.5,86.0,1.5,1002.0,25.0,4.0,,,D,3,False,False
2004-007,2004,7,BOB,,2004-10-02 15:00:00,2004-10-02 15:00:00,13.0,85.5,1.5,1004.0,25.0,4.0,,,D,4,False,False
2004-007,2004,7,BOB,,2004-10-02 18:00:00,2004-10-02 18:00:00,13.0,85.5,1.5,1006.0,25.0,4.0,,,D,5,False,False
2004-007,2004,7,BOB,,2004-10-02 21:00:00,2004-10-02 21:00:00,13.0,85.5,1.5,1006.0,25.0,4.0,,,D,6,False,False
2004-007,2004,7,BOB,,2004-10-03 00:00:00,2004-10-03 00:00:00,13.5,85.0,1.5,1006.0,25.0,4.0,,,D,7,False,False
2004-007,2004,7,BOB,,2004-10-03 03:00:00,2004-10-03 03:00:00,14.5,84.5,1.5,1006.0,25.0,4.0,,,D,8,False,False
2004-007,2004,7,BOB,,2004-10-03 06:00:00,2004-10-03 06:00:00,14.5,84.5,1.5,1006.0,25.0,4.0,,,D,9,False,False
2004-007,2004,7,BOB,,2004-10-03 09:00:00,2004-10-03 09:00:00,15.0,84.0,1.5,1006.0,25.0,4.0,,,D,10,False,False
2004-007,2004,7,BOB,,2004-10-03 12:00:00,2004-10-03 12:00:00,15.5,83.5,1.5,1006.0,25.0,4.0,,,D,11,False,False
2004-007,2004,7,BOB,,2004-10-03 15:00:00,2004-10-03 15:00:00,15.5,83.5,1.5,1006.0,25.0,4.0,,,D,12,False,False
2004-007,2004,7,BOB,,2004-10-03 18:00:00,2004-10-03 18:00:00,16.5,83.0,1.5,1006.0,25.0,4.0,,,D,13,False,False
2004-007,2004,7,BOB,,2004-10-03 21:00:00,2004-10-03 21:00:00,17.0,83.0,1.5,1006.0,25.0,4.0,,,D,14,False,False
2004-007,2004,7,BOB,,2004-10-04 00:00:00,2004-10-04 00:00:00,17.5,82.5,1.5,1006.0,25.0,4.0,,,D,15,False,False
2004-007,2004,7,BOB,,2004-10-04 03:00:00,2004-10-04 03:00:00,18.0,84.0,1.5,1006.0,25.0,4.0,,,D,16,False,False
2004-008,2004,8,LAND,,2004-10-07 03:00:00,2004-10-07 03:00:00,22.5,87.0,,1006.0,25.0,3.0,,,D,0,False,False
2004-008,2004,8,LAND,,2004-10-07 12:00:00,2004-10-07 12:00:00,23.5,88.0,,1004.0,25.0,3.0,,,D,1,False,False
2004-008,2004,8,LAND,,2004-10-08 03:00:00,2004-10-08 03:00:00,24.0,90.0,,1004.0,25.0,3.0,,,D,2,False,False
2004-009,2004,9,ARB,,2004-11-02 12:00:00,2004-11-02 12:00:00,12.0,67.0,1.5,1006.0,25.0,3.0,,,D,0,False,False
2004-009,2004,9,ARB,,2004-11-03 03:00:00,2004-11-03 03:00:00,13.0,67.0,1.5,1006.0,25.0,3.0,,,D,1,False,False
2004-009,2004,9,ARB,,2004-11-03 12:00:00,2004-11-03 12:00:00,13.5,67.0,1.5,1006.0,25.0,3.0,,,D,2,False,False
2004-009,2004,9,ARB,,2004-11-04 03:00:00,2004-11-04 03:00:00,13.5,67.0,1.5,1006.0,25.0,3.0,,,D,3,False,False
2004-009,2004,9,ARB,,2004-11-04 12:00:00,2004-11-04 12:00:00,14.0,67.0,1.5,1006.0,25.0,3.0,,,D,4,False,False
2004-009,2004,9,ARB,,2004-11-05 03:00:00,2004-11-05 03:00:00,14.0,67.0,2.0,1004.0,30.0,4.0,,,DD,5,False,False
2004-009,2004,9,ARB,,2004-11-05 12:00:00,2004-11-05 12:00:00,15.0,66.0,2.0,1004.0,30.0,4.0,,,DD,6,False,False
2004-009,2004,9,ARB,,2004-11-06 03:00:00,2004-11-06 03:00:00,15.0,63.0,2.0,1006.0,30.0,4.0,,,DD,7,False,False
2004-009,2004,9,ARB,,2004-11-06 09:00:00,2004-11-06 09:00:00,15.0,61.5,1.5,1006.0,25.0,3.0,,,D,8,False,False
2004-009,2004,9,ARB,,2004-11-06 12:00:00,2004-11-06 12:00:00,15.0,61.0,1.5,1006.0,25.0,3.0,,,D,9,False,False
2004-009,2004,9,ARB,,2004-11-07 03:00:00,2004-11-07 03:00:00,14.5,58.5,1.5,1006.0,25.0,3.0,,,D,10,False,False
2004-009,2004,9,ARB,,2004-11-07 09:00:00,2004-11-07 09:00:00,14.0,57.0,1.5,1008.0,25.0,3.0,,,D,11,False,False
2004-009,2004,9,ARB,,2004-11-07 12:00:00,2004-11-07 12:00:00,13.5,56.5,1.5,1010.0,25.0,3.0,,,D,12,False,False
2004-010,2004,10,ARB,AGNI,2004-11-29 03:00:00,2004-11-29 03:00:00,1.5,66.0,1.5,1006.0,25.0,3.0,,,D,0,False,False
2004-010,2004,10,ARB,AGNI,2004-11-29 06:00:00,2004-11-29 06:00:00,2.0,65.5,1.5,1006.0,25.0,3.0,,,D,1,False,False
2004-010,2004,10,ARB,AGNI,2004-11-29 09:00:00,2004-11-29 09:00:00,2.5,65.0,1.5,1006.0,25.0,4.0,,,D,2,False,False
2004-010,2004,10,ARB,AGNI,2004-11-29 12:00:00,2004-11-29 12:00:00,3.0,64.5,2.5,1004.0,35.0,6.0,,,CS,3,False,False
2004-010,2004,10,ARB,AGNI,2004-11-29 15:00:00,2004-11-29 15:00:00,3.5,64.0,2.5,1004.0,35.0,6.0,,,CS,4,False,False
2004-010,2004,10,ARB,AGNI,2004-11-29 18:00:00,2004-11-29 18:00:00,3.5,64.0,2.5,1004.0,35.0,6.0,,,CS,5,False,False
2004-010,2004,10,ARB,AGNI,2004-11-29 21:00:00,2004-11-29 21:00:00,3.5,63.5,2.5,1004.0,35.0,6.0,,,CS,6,False,False
2004-010,2004,10,ARB,AGNI,2004-11-30 00:00:00,2004-11-30 00:00:00,4.5,63.0,2.5,1004.0,35.0,6.0,,,CS,7,False,False
2004-010,2004,10,ARB,AGNI,2004-11-30 03:00:00,2004-11-30 03:00:00,5.0,62.5,3.0,998.0,45.0,10.0,,,CS,8,False,False
2004-010,2004,10,ARB,AGNI,2004-11-30 06:00:00,2004-11-30 06:00:00,5.5,61.5,3.5,994.0,55.0,14.0,,,SCS,9,False,False
2004-010,2004,10,ARB,AGNI,2004-11-30 09:00:00,2004-11-30 09:00:00,6.0,61.0,3.5,994.0,55.0,14.0,,,SCS,10,False,False
2004-010,2004,10,ARB,AGNI,2004-11-30 12:00:00,2004-11-30 12:00:00,6.0,60.5,3.5,994.0,55.0,14.0,,,SCS,11,False,False
2004-010,2004,10,ARB,AGNI,2004-11-30 15:00:00,2004-11-30 15:00:00,6.0,60.5,3.5,994.0,55.0,14.0,,,SCS,12,False,False
2004-010,2004,10,ARB,AGNI,2004-11-30 18:00:00,2004-11-30 18:00:00,6.0,60.0,3.0,998.0,45.0,10.0,,,CS,13,False,False
2004-010,2004,10,ARB,AGNI,2004-11-30 21:00:00,2004-11-30 21:00:00,6.5,60.0,3.0,1000.0,45.0,10.0,,,CS,14,False,False
2004-010,2004,10,ARB,AGNI,2004-12-01 00:00:00,2004-12-01 00:00:00,7.0,59.5,2.5,1002.0,35.0,8.0,,,CS,15,False,False
2004-010,2004,10,ARB,AGNI,2004-12-01 03:00:00,2004-12-01 03:00:00,7.0,59.5,2.5,1002.0,35.0,8.0,,,CS,16,False,False
2004-010,2004,10,ARB,AGNI,2004-12-01 06:00:00,2004-12-01 06:00:00,7.0,59.5,2.5,1002.0,35.0,8.0,,,CS,17,False,False
2004-010,2004,10,ARB,AGNI,2004-12-01 09:00:00,2004-12-01 09:00:00,7.5,58.5,2.0,1004.0,30.0,4.0,,,DD,18,False,False
2004-010,2004,10,ARB,AGNI,2004-12-01 12:00:00,2004-12-01 12:00:00,7.5,58.5,1.5,1006.0,25.0,4.0,,,DD,19,False,False
2004-010,2004,10,ARB,AGNI,2004-12-02 03:00:00,2004-12-02 03:00:00,8.0,56.5,1.5,1006.0,25.0,3.0,,,D,20,False,False
2004-010,2004,10,ARB,AGNI,2004-12-02 12:00:00,2004-12-02 12:00:00,8.0,55.0,1.5,1006.0,25.0,3.0,,,D,21,False,False
2005-001,2005,1,BOB,HIBARU,2005-01-13 12:00:00,2005-01-13 12:00:00,5.5,87.0,1.5,1006.0,25.0,4.0,,,D,0,False,False
2005-001,2005,1,BOB,HIBARU,2005-01-14 03:00:00,2005-01-14 03:00:00,5.5,87.0,2.0,1004.0,30.0,4.0,,,DD,1,False,False
2005-001,2005,1,BOB,HIBARU,2005-01-14 12:00:00,2005-01-14 12:00:00,5.5,87.0,2.0,1004.0,30.0,4.0,,,DD,2,False,False
2005-001,2005,1,BOB,HIBARU,2005-01-15 03:00:00,2005-01-15 03:00:00,5.5,87.0,2.5,1002.0,35.0,6.0,,,CS,3,False,False
2005-001,2005,1,BOB,HIBARU,2005-01-15 06:00:00,2005-01-15 06:00:00,5.5,87.0,2.5,1000.0,35.0,6.0,,,CS,4,False,False
2005-001,2005,1,BOB,HIBARU,2005-01-15 09:00:00,2005-01-15 09:00:00,5.5,87.0,2.5,1000.0,35.0,6.0,,,CS,5,False,False
2005-001,2005,1,BOB,HIBARU,2005-01-15 12:00:00,2005-01-15 12:00:00,5.5,87.0,2.5,1000.0,35.0,6.0,,,CS,6,False,False
2005-001,2005,1,BOB,HIBARU,2005-01-15 15:00:00,2005-01-15 15:00:00,5.5,87.0,2.5,1002.0,35.0,6.0,,,CS,7,False,False
2005-001,2005,1,BOB,HIBARU,2005-01-15 18:00:00,2005-01-15 18:00:00,5.5,87.0,2.5,1002.0,35.0,6.0,,,CS,8,False,False
2005-001,2005,1,BOB,HIBARU,2005-01-15 21:00:00,2005-01-15 21:00:00,5.5,87.0,2.5,1002.0,35.0,6.0,,,CS,9,False,False
2005-001,2005,1,BOB,HIBARU,2005-01-16 00:00:00,2005-01-16 00:00:00,5.5,87.0,2.5,1004.0,35.0,6.0,,,CS,10,False,False
2005-001,2005,1,BOB,HIBARU,2005-01-16 03:00:00,2005-01-16 03:00:00,5.5,86.5,2.5,1004.0,35.0,6.0,,,CS,11,False,False
2005-001,2005,1,BOB,HIBARU,2005-01-16 06:00:00,2005-01-16 06:00:00,5.5,86.5,2.5,1004.0,35.0,6.0,,,CS,12,False,False
2005-001,2005,1,BOB,HIBARU,2005-01-16 09:00:00,2005-01-16 09:00:00,5.5,86.5,2.5,1002.0,35.0,6.0,,,CS,13,False,False
2005-001,2005,1,BOB,HIBARU,2005-01-16 12:00:00,2005-01-16 12:00:00,5.5,86.5,2.5,1002.0,35.0,6.0,,,CS,14,False,False
2005-001,2005,1,BOB,HIBARU,2005-01-16 15:00:00,2005-01-16 15:00:00,5.5,86.5,2.5,1002.0,35.0,6.0,,,CS,15,False,False
2005-001,2005,1,BOB,HIBARU,2005-01-16 18:00:00,2005-01-16 18:00:00,5.5,86.5,2.5,1004.0,35.0,6.0,,,CS,16,False,False
2005-001,2005,1,BOB,HIBARU,2005-01-16 21:00:00,2005-01-16 21:00:00,5.5,86.5,2.5,1004.0,35.0,6.0,,,CS,17,False,False
2005-001,2005,1,BOB,HIBARU,2005-01-17 00:00:00,2005-01-17 00:00:00,5.5,86.0,2.0,1004.0,30.0,4.0,,,DD,18,False,False
2005-001,2005,1,BOB,HIBARU,2005-01-17 03:00:00,2005-01-17 03:00:00,5.0,86.0,2.0,1004.0,30.0,4.0,,,DD,19,False,False
2005-001,2005,1,BOB,HIBARU,2005-01-17 06:00:00,2005-01-17 06:00:00,5.0,86.0,2.0,1004.0,30.0,4.0,,,DD,20,False,False
2005-001,2005,1,BOB,HIBARU,2005-01-17 09:00:00,2005-01-17 09:00:00,5.0,86.0,1.5,1004.0,25.0,4.0,,,D,21,False,False
2005-001,2005,1,BOB,HIBARU,2005-01-17 12:00:00,2005-01-17 12:00:00,5.0,86.0,1.5,1006.0,25.0,4.0,,,D,22,False,False
2005-002,2005,2,ARB,,2005-06-21 03:00:00,2005-06-21 03:00:00,21.5,68.5,1.5,992.0,25.0,4.0,,,D,0,False,False
2005-002,2005,2,ARB,,2005-06-21 12:00:00,2005-06-21 12:00:00,22.0,68.0,1.5,994.0,25.0,4.0,,,D,1,False,False
2005-002,2005,2,ARB,,2005-06-22 03:00:00,2005-06-22 03:00:00,22.0,68.0,1.5,994.0,25.0,4.0,,,D,2,False,False
2005-002,2005,2,ARB,,2005-06-22 12:00:00,2005-06-22 12:00:00,22.0,67.0,1.5,992.0,25.0,4.0,,,D,3,False,False
2005-003,2005,3,LAND,,2005-06-27 12:00:00,2005-06-27 12:00:00,21.5,88.0,,990.0,25.0,4.0,,,D,0,False,False
2005-003,2005,3,LAND,,2005-06-28 03:00:00,2005-06-28 03:00:00,23.0,86.0,,990.0,25.0,4.0,,,D,1,False,False
2005-003,2005,3,LAND,,2005-06-28 12:00:00,2005-06-28 12:00:00,23.0,86.0,,990.0,25.0,4.0,,,D,2,False,False
2005-003,2005,3,LAND,,2005-06-29 03:00:00,2005-06-29 03:00:00,23.0,86.0,,990.0,25.0,4.0,,,D,3,False,False
2005-003,2005,3,LAND,,2005-06-29 12:00:00,2005-06-29 12:00:00,23.5,85.5,,990.0,25.0,4.0,,,D,4,False,False
2005-003,2005,3,LAND,,2005-06-30 03:00:00,2005-06-30 03:00:00,24.0,84.0,,990.0,25.0,4.0,,,D,5,False,False
2005-003,2005,3,LAND,,2005-06-30 12:00:00,2005-06-30 12:00:00,24.0,82.0,,990.0,25.0,4.0,,,D,6,False,False
2005-003,2005,3,LAND,,2005-07-01 03:00:00,2005-07-01 03:00:00,24.5,80.5,,990.0,25.0,4.0,,,D,7,False,False
2005-003,2005,3,LAND,,2005-07-01 12:00:00,2005-07-01 12:00:00,24.5,80.5,,990.0,25.0,4.0,,,D,8,False,False
2005-003,2005,3,LAND,,2005-07-02 03:00:00,2005-07-02 03:00:00,24.5,80.5,,990.0,25.0,4.0,,,D,9,False,False
2005-003,2005,3,LAND,,2005-07-02 12:00:00,2005-07-02 12:00:00,24.5,80.5,,990.0,25.0,4.0,,,D,10,False,False
2005-003,2005,3,LAND,,2005-07-03 03:00:00,2005-07-03 03:00:00,24.5,80.5,,990.0,25.0,4.0,,,D,11,False,False
2005-003,2005,3,LAND,,2005-07-03 12:00:00,2005-07-03 12:00:00,24.5,80.5,,990.0,25.0,4.0,,,D,12,False,False
2005-003,2005,3,LAND,,2005-07-04 03:00:00,2005-07-04 03:00:00,25.0,79.5,,990.0,25.0,4.0,,,D,13,False,False
2005-003,2005,3,LAND,,2005-07-04 12:00:00,2005-07-04 12:00:00,25.0,79.5,,990.0,25.0,4.0,,,D,14,False,False
2005-003,2005,3,LAND,,2005-07-05 03:00:00,2005-07-05 03:00:00,26.0,80.0,,990.0,25.0,4.0,,,D,15,False,False
2005-003,2005,3,LAND,,2005-07-05 12:00:00,2005-07-05 12:00:00,26.0,80.0,,990.0,25.0,4.0,,,D,16,False,False
2005-004,2005,4,BOB,,2005-07-29 03:00:00,2005-07-29 03:00:00,21.5,87.5,1.5,992.0,25.0,4.0,,,D,0,False,False
2005-004,2005,4,BOB,,2005-07-29 12:00:00,2005-07-29 12:00:00,21.5,87.5,1.5,990.0,25.0,4.0,,,D,1,False,False
2005-004,2005,4,BOB,,2005-07-30 03:00:00,2005-07-30 03:00:00,21.5,87.5,2.0,990.0,30.0,5.0,,,DD,2,False,False
2005-004,2005,4,BOB,,2005-07-30 12:00:00,2005-07-30 12:00:00,21.5,85.5,2.0,988.0,30.0,5.0,,,DD,3,False,False
2005-004,2005,4,BOB,,2005-07-31 03:00:00,2005-07-31 03:00:00,21.5,85.5,2.0,990.0,30.0,5.0,,,DD,4,False,False
2005-004,2005,4,BOB,,2005-07-31 12:00:00,2005-07-31 12:00:00,22.0,82.5,2.0,990.0,30.0,5.0,,,DD,5,False,False
2005-005,2005,5,BOB,,2005-09-12 03:00:00,2005-09-12 03:00:00,20.0,88.0,1.5,992.0,25.0,4.0,,,D,0,False,False
2005-005,2005,5,BOB,,2005-09-12 12:00:00,2005-09-12 12:00:00,21.0,85.0,1.5,992.0,25.0,4.0,,,D,1,False,False
2005-005,2005,5,BOB,,2005-09-13 03:00:00,2005-09-13 03:00:00,21.5,84.0,1.5,992.0,25.0,4.0,,,D,2,False,False
2005-005,2005,5,BOB,,2005-09-13 12:00:00,2005-09-13 12:00:00,22.0,82.5,1.5,992.0,25.0,4.0,,,D,3,False,False
2005-005,2005,5,BOB,,2005-09-14 03:00:00,2005-09-14 03:00:00,23.0,80.0,1.5,996.0,25.0,4.0,,,D,4,False,False
2005-005,2005,5,BOB,,2005-09-14 12:00:00,2005-09-14 12:00:00,23.0,80.0,1.5,998.0,25.0,4.0,,,D,5,False,False
2005-005,2005,5,BOB,,2005-09-15 03:00:00,2005-09-15 03:00:00,24.5,78.5,1.5,1000.0,25.0,4.0,,,D,6,False,False
2005-005,2005,5,BOB,,2005-09-15 12:00:00,2005-09-15 12:00:00,25.5,78.0,1.5,996.0,25.0,4.0,,,D,7,False,False
2005-005,2005,5,BOB,,2005-09-16 03:00:00,2005-09-16 03:00:00,27.0,78.0,1.5,996.0,25.0,4.0,,,D,8,False,False
2005-005,2005,5,BOB,,2005-09-16 12:00:00,2005-09-16 12:00:00,28.0,78.0,1.5,996.0,25.0,4.0,,,D,9,False,False
2005-006,2005,6,ARB,,2005-09-14 03:00:00,2005-09-14 03:00:00,20.0,68.5,1.5,996.0,25.0,4.0,,,D,0,False,False
2005-006,2005,6,ARB,,2005-09-14 12:00:00,2005-09-14 12:00:00,20.5,68.0,1.5,996.0,25.0,4.0,,,D,1,False,False
2005-006,2005,6,ARB,,2005-09-15 03:00:00,2005-09-15 03:00:00,20.5,68.0,1.5,996.0,25.0,4.0,,,D,2,False,False
2005-006,2005,6,ARB,,2005-09-15 12:00:00,2005-09-15 12:00:00,20.5,68.0,1.5,996.0,25.0,4.0,,,D,3,False,False
2005-006,2005,6,ARB,,2005-09-16 03:00:00,2005-09-16 03:00:00,21.5,67.5,1.5,996.0,25.0,4.0,,,D,4,False,False
2005-006,2005,6,ARB,,2005-09-16 12:00:00,2005-09-16 12:00:00,21.5,69.0,1.5,996.0,25.0,4.0,,,D,5,False,False
2005-007,2005,7,BOB,PYARR,2005-09-17 03:00:00,2005-09-17 03:00:00,20.0,90.5,1.5,1000.0,25.0,4.0,,,D,0,False,False
2005-007,2005,7,BOB,PYARR,2005-09-17 12:00:00,2005-09-17 12:00:00,20.5,90.0,1.5,998.0,25.0,4.0,,,D,1,False,False
2005-007,2005,7,BOB,PYARR,2005-09-18 03:00:00,2005-09-18 03:00:00,20.5,87.5,2.0,996.0,30.0,5.0,,,DD,2,False,False
2005-007,2005,7,BOB,PYARR,2005-09-18 06:00:00,2005-09-18 06:00:00,20.0,87.5,2.0,996.0,30.0,5.0,,,DD,3,False,False
2005-007,2005,7,BOB,PYARR,2005-09-18 09:00:00,2005-09-18 09:00:00,19.5,87.0,2.0,996.0,30.0,5.0,,,DD,4,False,False
2005-007,2005,7,BOB,PYARR,2005-09-18 12:00:00,2005-09-18 12:00:00,19.5,86.5,2.5,994.0,35.0,6.0,,,CS,5,False,False
2005-007,2005,7,BOB,PYARR,2005-09-18 15:00:00,2005-09-18 15:00:00,19.5,86.5,2.5,992.0,35.0,6.0,,,CS,6,False,False
2005-007,2005,7,BOB,PYARR,2005-09-18 18:00:00,2005-09-18 18:00:00,19.0,85.5,2.5,990.0,35.0,6.0,,,CS,7,False,False
2005-007,2005,7,BOB,PYARR,2005-09-18 21:00:00,2005-09-18 21:00:00,18.5,84.5,2.5,988.0,35.0,6.0,,,CS,8,False,False
2005-007,2005,7,BOB,PYARR,2005-09-19 00:00:00,2005-09-19 00:00:00,18.5,84.5,2.5,988.0,35.0,6.0,,,CS,9,False,False
2005-007,2005,7,BOB,PYARR,2005-09-19 03:00:00,2005-09-19 03:00:00,18.5,84.0,2.5,988.0,35.0,6.0,,,CS,10,False,False
2005-007,2005,7,BOB,PYARR,2005-09-19 06:00:00,2005-09-19 06:00:00,18.5,83.5,,988.0,35.0,6.0,,,CS,11,False,False
2005-007,2005,7,BOB,PYARR,2005-09-19 09:00:00,2005-09-19 09:00:00,18.5,83.5,,988.0,35.0,6.0,,,CS,12,False,False
2005-007,2005,7,BOB,PYARR,2005-09-19 12:00:00,2005-09-19 12:00:00,18.5,83.5,,988.0,35.0,6.0,,,CS,13,False,False
2005-007,2005,7,BOB,PYARR,2005-09-19 15:00:00,2005-09-19 15:00:00,18.5,83.5,,988.0,35.0,6.0,,,CS,14,False,False
2005-007,2005,7,BOB,PYARR,2005-09-19 18:00:00,2005-09-19 18:00:00,18.5,83.0,,988.0,35.0,6.0,,,CS,15,False,False
2005-007,2005,7,BOB,PYARR,2005-09-19 21:00:00,2005-09-19 21:00:00,18.5,83.0,,1000.0,30.0,5.0,,,DD,16,False,False
2005-007,2005,7,BOB,PYARR,2005-09-20 00:00:00,2005-09-20 00:00:00,19.0,82.5,,1002.0,30.0,5.0,,,DD,17,False,False
2005-007,2005,7,BOB,PYARR,2005-09-20 03:00:00,2005-09-20 03:00:00,19.0,82.5,,1002.0,30.0,5.0,,,DD,18,False,False
2005-007,2005,7,BOB,PYARR,2005-09-20 06:00:00,2005-09-20 06:00:00,19.0,82.5,,1002.0,30.0,5.0,,,DD,19,False,False
2005-007,2005,7,BOB,PYARR,2005-09-20 09:00:00,2005-09-20 09:00:00,19.0,81.5,,1002.0,30.0,5.0,,,DD,20,False,False
2005-007,2005,7,BOB,PYARR,2005-09-20 12:00:00,2005-09-20 12:00:00,19.0,80.5,,1004.0,25.0,4.0,,,D,21,False,False
2005-007,2005,7,BOB,PYARR,2005-09-21 03:00:00,2005-09-21 03:00:00,19.5,79.5,,1004.0,25.0,4.0,,,D,22,False,False
2005-007,2005,7,BOB,PYARR,2005-09-21 12:00:00,2005-09-21 12:00:00,21.0,76.0,,1004.0,25.0,4.0,,,D,23,False,False
2005-008,2005,8,BOB,,2005-10-26 03:00:00,2005-10-26 03:00:00,12.0,84.5,1.5,1004.0,25.0,4.0,,,D,0,False,False
2005-008,2005,8,BOB,,2005-10-26 06:00:00,2005-10-26 06:00:00,12.0,84.5,1.5,1004.0,25.0,4.0,,,D,1,False,False
2005-008,2005,8,BOB,,2005-10-26 09:00:00,2005-10-26 09:00:00,12.0,84.0,1.5,1004.0,25.0,4.0,,,D,2,False,False
2005-008,2005,8,BOB,,2005-10-26 12:00:00,2005-10-26 12:00:00,12.5,84.0,1.5,1004.0,25.0,4.0,,,D,3,False,False
2005-008,2005,8,BOB,,2005-10-26 15:00:00,2005-10-26 15:00:00,12.5,84.0,1.5,1004.0,25.0,4.0,,,D,4,False,False
2005-008,2005,8,BOB,,2005-10-26 18:00:00,2005-10-26 18:00:00,12.5,84.0,2.0,1004.0,30.0,5.0,,,DD,5,False,False
2005-008,2005,8,BOB,,2005-10-26 21:00:00,2005-10-26 21:00:00,12.5,84.0,2.0,1004.0,30.0,5.0,,,DD,6,False,False
2005-008,2005,8,BOB,,2005-10-27 00:00:00,2005-10-27 00:00:00,12.5,84.0,2.0,1002.0,30.0,5.0,,,DD,7,False,False
2005-008,2005,8,BOB,,2005-10-27 03:00:00,2005-10-27 03:00:00,13.0,82.5,2.0,1002.0,30.0,5.0,,,DD,8,False,False
2005-008,2005,8,BOB,,2005-10-27 06:00:00,2005-10-27 06:00:00,13.0,81.5,2.0,998.0,30.0,5.0,,,DD,9,False,False
2005-008,2005,8,BOB,,2005-10-27 09:00:00,2005-10-27 09:00:00,13.0,81.5,2.0,998.0,30.0,5.0,,,DD,10,False,False
2005-008,2005,8,BOB,,2005-10-27 12:00:00,2005-10-27 12:00:00,13.5,81.5,2.0,998.0,30.0,5.0,,,DD,11,False,False
2005-008,2005,8,BOB,,2005-10-27 15:00:00,2005-10-27 15:00:00,14.0,81.5,2.0,998.0,30.0,5.0,,,DD,12,False,False
2005-008,2005,8,BOB,,2005-10-27 18:00:00,2005-10-27 18:00:00,14.0,81.5,2.0,998.0,30.0,5.0,,,DD,13,False,False
2005-008,2005,8,BOB,,2005-10-27 21:00:00,2005-10-27 21:00:00,15.0,81.0,2.0,998.0,30.0,5.0,,,DD,14,False,False
2005-008,2005,8,BOB,,2005-10-28 00:00:00,2005-10-28 00:00:00,15.0,81.0,2.0,998.0,30.0,5.0,,,DD,15,False,False
2005-008,2005,8,BOB,,2005-10-28 03:00:00,2005-10-28 03:00:00,15.5,80.0,2.0,998.0,30.0,5.0,,,DD,16,False,False
2005-008,2005,8,BOB,,2005-10-28 06:00:00,2005-10-28 06:00:00,15.5,80.0,2.0,998.0,30.0,5.0,,,DD,17,False,False
2005-008,2005,8,BOB,,2005-10-28 09:00:00,2005-10-28 09:00:00,15.5,80.0,1.5,1000.0,25.0,4.0,,,D,18,False,False
2005-008,2005,8,BOB,,2005-10-28 12:00:00,2005-10-28 12:00:00,15.5,79.8,1.5,1000.0,25.0,4.0,,,D,19,False,False
2005-008,2005,8,BOB,,2005-10-29 03:00:00,2005-10-29 03:00:00,15.5,79.5,1.5,1002.0,25.0,4.0,,,D,20,False,False
2005-009,2005,9,BOB,,2005-11-20 03:00:00,2005-11-20 03:00:00,8.0,84.5,1.5,1002.0,25.0,4.0,,,D,0,False,False
2005-009,2005,9,BOB,,2005-11-20 06:00:00,2005-11-20 06:00:00,8.0,84.5,1.5,1002.0,25.0,4.0,,,D,1,False,False
2005-009,2005,9,BOB,,2005-11-20 09:00:00,2005-11-20 09:00:00,8.0,84.5,1.5,1002.0,25.0,4.0,,,D,2,False,False
2005-009,2005,9,BOB,,2005-11-20 12:00:00,2005-11-20 12:00:00,8.0,84.0,1.5,1002.0,25.0,4.0,,,D,3,False,False
2005-009,2005,9,BOB,,2005-11-20 15:00:00,2005-11-20 15:00:00,8.0,84.0,1.5,1002.0,25.0,4.0,,,D,4,False,False
2005-009,2005,9,BOB,,2005-11-20 18:00:00,2005-11-20 18:00:00,8.0,84.0,1.5,1002.0,25.0,4.0,,,D,5,False,False
2005-009,2005,9,BOB,,2005-11-20 21:00:00,2005-11-20 21:00:00,8.0,84.0,1.5,1002.0,25.0,4.0,,,D,6,False,False
2005-009,2005,9,BOB,,2005-11-21 00:00:00,2005-11-21 00:00:00,8.0,84.0,1.5,1002.0,25.0,4.0,,,D,7,False,False
2005-009,2005,9,BOB,,2005-11-21 03:00:00,2005-11-21 03:00:00,8.5,83.0,1.5,1002.0,25.0,4.0,,,D,8,False,False
2005-009,2005,9,BOB,,2005-11-21 06:00:00,2005-11-21 06:00:00,8.5,83.0,1.5,1002.0,25.0,4.0,,,D,9,False,False
2005-009,2005,9,BOB,,2005-11-21 09:00:00,2005-11-21 09:00:00,9.0,82.0,1.5,1002.0,25.0,4.0,,,D,10,False,False
2005-009,2005,9,BOB,,2005-11-21 12:00:00,2005-11-21 12:00:00,9.0,81.5,1.5,1002.0,25.0,4.0,,,D,11,False,False
2005-009,2005,9,BOB,,2005-11-21 15:00:00,2005-11-21 15:00:00,9.0,81.5,1.5,1002.0,25.0,4.0,,,D,12,False,False
2005-009,2005,9,BOB,,2005-11-21 18:00:00,2005-11-21 18:00:00,9.0,81.0,1.5,1002.0,25.0,4.0,,,D,13,False,False
2005-009,2005,9,BOB,,2005-11-21 21:00:00,2005-11-21 21:00:00,9.0,81.0,1.5,1002.0,25.0,4.0,,,D,14,False,False
2005-009,2005,9,BOB,,2005-11-22 00:00:00,2005-11-22 00:00:00,9.0,80.5,1.5,1002.0,25.0,4.0,,,D,15,False,False
2005-009,2005,9,BOB,,2005-11-22 03:00:00,2005-11-22 03:00:00,9.0,80.0,1.5,1002.0,25.0,4.0,,,D,16,False,False
2005-009,2005,9,BOB,,2005-11-22 06:00:00,2005-11-22 06:00:00,9.0,79.5,1.5,1002.0,25.0,4.0,,,D,17,False,False
2005-009,2005,9,BOB,,2005-11-22 09:00:00,2005-11-22 09:00:00,9.5,79.5,1.5,1002.0,25.0,4.0,,,D,18,False,False
2005-010,2005,10,BOB,BAAZ,2005-11-28 03:00:00,2005-11-28 03:00:00,10.5,90.5,1.5,1006.0,25.0,4.0,,,D,0,False,False
2005-010,2005,10,BOB,BAAZ,2005-11-28 06:00:00,2005-11-28 06:00:00,10.5,90.0,2.0,1004.0,30.0,5.0,,,DD,1,False,False
2005-010,2005,10,BOB,BAAZ,2005-11-28 09:00:00,2005-11-28 09:00:00,10.5,89.0,2.0,1004.0,30.0,5.0,,,DD,2,False,False
2005-010,2005,10,BOB,BAAZ,2005-11-28 12:00:00,2005-11-28 12:00:00,10.5,88.5,2.0,1004.0,30.0,5.0,,,DD,3,False,False
2005-010,2005,10,BOB,BAAZ,2005-11-28 15:00:00,2005-11-28 15:00:00,10.5,88.0,2.0,1004.0,30.0,5.0,,,DD,4,False,False
2005-010,2005,10,BOB,BAAZ,2005-11-28 18:00:00,2005-11-28 18:00:00,10.5,88.0,2.5,1004.0,35.0,6.0,,,CS,5,False,False
2005-010,2005,10,BOB,BAAZ,2005-11-28 21:00:00,2005-11-28 21:00:00,10.5,88.0,2.5,1004.0,35.0,6.0,,,CS,6,False,False
2005-010,2005,10,BOB,BAAZ,2005-11-29 00:00:00,2005-11-29 00:00:00,10.5,87.5,2.5,1002.0,35.0,6.0,,,CS,7,False,False
2005-010,2005,10,BOB,BAAZ,2005-11-29 03:00:00,2005-11-29 03:00:00,10.5,87.0,3.0,1002.0,45.0,8.0,,,CS,8,False,False
2005-010,2005,10,BOB,BAAZ,2005-11-29 06:00:00,2005-11-29 06:00:00,11.0,86.0,3.0,998.0,45.0,10.0,,,CS,9,False,False
2005-010,2005,10,BOB,BAAZ,2005-11-29 09:00:00,2005-11-29 09:00:00,11.5,85.0,3.0,998.0,45.0,10.0,,,CS,10,False,False
2005-010,2005,10,BOB,BAAZ,2005-11-29 12:00:00,2005-11-29 12:00:00,12.0,84.0,3.0,998.0,45.0,10.0,,,CS,11,False,False
2005-010,2005,10,BOB,BAAZ,2005-11-29 15:00:00,2005-11-29 15:00:00,12.0,84.0,3.0,998.0,45.0,10.0,,,CS,12,False,False
2005-010,2005,10,BOB,BAAZ,2005-11-29 18:00:00,2005-11-29 18:00:00,12.0,84.0,3.0,998.0,45.0,10.0,,,CS,13,False,False
2005-010,2005,10,BOB,BAAZ,2005-11-29 21:00:00,2005-11-29 21:00:00,12.0,84.0,3.0,998.0,45.0,10.0,,,CS,14,False,False
2005-010,2005,10,BOB,BAAZ,2005-11-30 00:00:00,2005-11-30 00:00:00,12.0,84.0,3.0,998.0,45.0,10.0,,,CS,15,False,False
2005-010,2005,10,BOB,BAAZ,2005-11-30 03:00:00,2005-11-30 03:00:00,12.0,84.0,3.0,998.0,45.0,10.0,,,CS,16,False,False
2005-010,2005,10,BOB,BAAZ,2005-11-30 06:00:00,2005-11-30 06:00:00,12.5,84.0,2.5,998.0,35.0,8.0,,,CS,17,False,False
2005-010,2005,10,BOB,BAAZ,2005-11-30 09:00:00,2005-11-30 09:00:00,12.5,84.0,2.5,998.0,35.0,6.0,,,CS,18,False,False
2005-010,2005,10,BOB,BAAZ,2005-11-30 12:00:00,2005-11-30 12:00:00,12.5,84.0,2.5,998.0,35.0,6.0,,,CS,19,False,False
2005-010,2005,10,BOB,BAAZ,2005-11-30 15:00:00,2005-11-30 15:00:00,12.5,84.0,2.5,998.0,35.0,6.0,,,CS,20,False,False
2005-010,2005,10,BOB,BAAZ,2005-11-30 18:00:00,2005-11-30 18:00:00,12.5,84.0,2.5,998.0,35.0,6.0,,,CS,21,False,False
2005-010,2005,10,BOB,BAAZ,2005-11-30 21:00:00,2005-11-30 21:00:00,12.5,84.0,2.5,998.0,35.0,6.0,,,CS,22,False,False
2005-010,2005,10,BOB,BAAZ,2005-12-01 00:00:00,2005-12-01 00:00:00,12.5,84.0,2.5,998.0,35.0,6.0,,,CS,23,False,False
2005-010,2005,10,BOB,BAAZ,2005-12-01 03:00:00,2005-12-01 03:00:00,12.5,84.0,2.5,998.0,35.0,6.0,,,CS,24,False,False
2005-010,2005,10,BOB,BAAZ,2005-12-01 06:00:00,2005-12-01 06:00:00,12.5,83.5,2.5,998.0,35.0,6.0,,,CS,25,False,False
2005-010,2005,10,BOB,BAAZ,2005-12-01 09:00:00,2005-12-01 09:00:00,12.5,83.5,2.5,998.0,35.0,6.0,,,CS,26,False,False
2005-010,2005,10,BOB,BAAZ,2005-12-01 12:00:00,2005-12-01 12:00:00,12.5,83.5,2.0,998.0,30.0,5.0,,,DD,27,False,False
2005-010,2005,10,BOB,BAAZ,2005-12-01 15:00:00,2005-12-01 15:00:00,12.5,83.5,2.0,998.0,30.0,5.0,,,DD,28,False,False
2005-010,2005,10,BOB,BAAZ,2005-12-01 18:00:00,2005-12-01 18:00:00,13.0,83.0,2.0,998.0,30.0,5.0,,,DD,29,False,False
2005-010,2005,10,BOB,BAAZ,2005-12-01 21:00:00,2005-12-01 21:00:00,13.0,83.0,2.0,998.0,30.0,5.0,,,DD,30,False,False
2005-010,2005,10,BOB,BAAZ,2005-12-02 00:00:00,2005-12-02 00:00:00,13.0,82.5,1.5,1002.0,25.0,4.0,,,D,31,False,False
2005-010,2005,10,BOB,BAAZ,2005-12-02 03:00:00,2005-12-02 03:00:00,13.0,82.5,1.5,1004.0,25.0,4.0,,,D,32,False,False
2005-011,2005,11,BOB,FANOOS,2005-12-06 03:00:00,2005-12-06 03:00:00,10.5,89.5,1.5,1006.0,25.0,4.0,,,D,0,False,False
2005-011,2005,11,BOB,FANOOS,2005-12-06 06:00:00,2005-12-06 06:00:00,10.5,89.5,1.5,1004.0,25.0,4.0,,,D,1,False,False
2005-011,2005,11,BOB,FANOOS,2005-12-06 09:00:00,2005-12-06 09:00:00,11.0,89.0,2.0,1004.0,30.0,5.0,,,DD,2,False,False
2005-011,2005,11,BOB,FANOOS,2005-12-06 12:00:00,2005-12-06 12:00:00,11.0,89.0,2.0,1004.0,30.0,5.0,,,DD,3,False,False
2005-011,2005,11,BOB,FANOOS,2005-12-06 15:00:00,2005-12-06 15:00:00,11.0,89.0,2.0,1004.0,30.0,5.0,,,DD,4,False,False
2005-011,2005,11,BOB,FANOOS,2005-12-06 18:00:00,2005-12-06 18:00:00,11.0,88.5,2.0,1004.0,30.0,5.0,,,DD,5,False,False
2005-011,2005,11,BOB,FANOOS,2005-12-06 21:00:00,2005-12-06 21:00:00,11.0,88.5,2.0,1004.0,30.0,5.0,,,DD,6,False,False
2005-011,2005,11,BOB,FANOOS,2005-12-07 00:00:00,2005-12-07 00:00:00,11.0,88.5,2.0,1002.0,30.0,5.0,,,DD,7,False,False
2005-011,2005,11,BOB,FANOOS,2005-12-07 03:00:00,2005-12-07 03:00:00,11.0,87.5,2.5,1000.0,35.0,6.0,,,CS,8,False,False
2005-011,2005,11,BOB,FANOOS,2005-12-07 06:00:00,2005-12-07 06:00:00,11.0,87.0,3.0,1000.0,40.0,8.0,,,CS,9,False,False
2005-011,2005,11,BOB,FANOOS,2005-12-07 09:00:00,2005-12-07 09:00:00,11.0,86.5,3.0,998.0,45.0,10.0,,,CS,10,False,False
2005-011,2005,11,BOB,FANOOS,2005-12-07 12:00:00,2005-12-07 12:00:00,11.0,86.5,3.0,998.0,45.0,10.0,,,CS,11,False,False
2005-011,2005,11,BOB,FANOOS,2005-12-07 15:00:00,2005-12-07 15:00:00,11.0,86.5,3.0,998.0,45.0,10.0,,,CS,12,False,False
2005-011,2005,11,BOB,FANOOS,2005-12-07 18:00:00,2005-12-07 18:00:00,11.0,86.0,3.0,998.0,45.0,10.0,,,CS,13,False,False
2005-011,2005,11,BOB,FANOOS,2005-12-07 21:00:00,2005-12-07 21:00:00,11.0,86.0,3.0,998.0,45.0,10.0,,,CS,14,False,False
2005-011,2005,11,BOB,FANOOS,2005-12-08 00:00:00,2005-12-08 00:00:00,11.0,86.0,3.0,998.0,45.0,10.0,,,CS,15,False,False
2005-011,2005,11,BOB,FANOOS,2005-12-08 03:00:00,2005-12-08 03:00:00,10.5,86.0,3.0,998.0,45.0,10.0,,,CS,16,False,False
2005-011,2005,11,BOB,FANOOS,2005-12-08 06:00:00,2005-12-08 06:00:00,10.5,85.5,3.0,998.0,45.0,10.0,,,CS,17,False,False
2005-011,2005,11,BOB,FANOOS,2005-12-08 09:00:00,2005-12-08 09:00:00,10.5,85.0,3.0,998.0,45.0,10.0,,,CS,18,False,False
2005-011,2005,11,BOB,FANOOS,2005-12-08 12:00:00,2005-12-08 12:00:00,10.5,84.5,3.0,998.0,45.0,10.0,,,CS,19,False,False
2005-011,2005,11,BOB,FANOOS,2005-12-08 15:00:00,2005-12-08 15:00:00,10.5,84.5,3.0,998.0,45.0,10.0,,,CS,20,False,False
2005-011,2005,11,BOB,FANOOS,2005-12-08 18:00:00,2005-12-08 18:00:00,10.5,84.0,3.0,998.0,45.0,10.0,,,CS,21,False,False
2005-011,2005,11,BOB,FANOOS,2005-12-08 21:00:00,2005-12-08 21:00:00,10.5,84.0,3.0,998.0,45.0,10.0,,,CS,22,False,False
2005-011,2005,11,BOB,FANOOS,2005-12-09 00:00:00,2005-12-09 00:00:00,10.5,83.5,3.0,998.0,45.0,10.0,,,CS,23,False,False
2005-011,2005,11,BOB,FANOOS,2005-12-09 03:00:00,2005-12-09 03:00:00,10.5,83.0,3.0,998.0,45.0,10.0,,,CS,24,False,False
2005-011,2005,11,BOB,FANOOS,2005-12-09 06:00:00,2005-12-09 06:00:00,10.5,83.0,3.0,998.0,45.0,10.0,,,CS,25,False,False
2005-011,2005,11,BOB,FANOOS,2005-12-09 09:00:00,2005-12-09 09:00:00,10.5,82.5,3.0,998.0,45.0,10.0,,,CS,26,False,False
2005-011,2005,11,BOB,FANOOS,2005-12-09 12:00:00,2005-12-09 12:00:00,10.5,82.0,3.0,998.0,45.0,10.0,,,CS,27,False,False
2005-011,2005,11,BOB,FANOOS,2005-12-09 15:00:00,2005-12-09 15:00:00,10.5,81.5,3.0,998.0,45.0,10.0,,,CS,28,False,False
2005-011,2005,11,BOB,FANOOS,2005-12-09 18:00:00,2005-12-09 18:00:00,10.5,81.5,2.5,1000.0,35.0,6.0,,,CS,29,False,False
2005-011,2005,11,BOB,FANOOS,2005-12-09 21:00:00,2005-12-09 21:00:00,10.5,81.0,2.5,1000.0,35.0,6.0,,,CS,30,False,False
2005-011,2005,11,BOB,FANOOS,2005-12-10 03:00:00,2005-12-10 03:00:00,10.4,79.8,,1001.0,30.0,5.0,,,DD,31,False,False
2005-011,2005,11,BOB,FANOOS,2005-12-10 06:00:00,2005-12-10 06:00:00,10.5,79.5,,1002.0,25.0,4.0,,,D,32,False,False
2005-011,2005,11,BOB,FANOOS,2005-12-10 09:00:00,2005-12-10 09:00:00,10.5,79.5,,1003.0,20.0,3.0,,,D,33,False,False
2005-011,2005,11,BOB,FANOOS,2005-12-10 12:00:00,2005-12-10 12:00:00,10.5,79.5,,1003.0,20.0,3.0,,,D,34,False,False
2005-012,2005,12,BOB,,2005-12-15 12:00:00,2005-12-15 12:00:00,8.0,87.0,1.5,1006.0,25.0,4.0,,,D,0,False,False
2005-012,2005,12,BOB,,2005-12-15 15:00:00,2005-12-15 15:00:00,8.0,87.0,1.5,1004.0,25.0,4.0,,,D,1,False,False
2005-012,2005,12,BOB,,2005-12-15 18:00:00,2005-12-15 18:00:00,8.0,87.0,1.5,1004.0,25.0,4.0,,,D,2,False,False
2005-012,2005,12,BOB,,2005-12-15 21:00:00,2005-12-15 21:00:00,8.0,87.0,1.5,1004.0,25.0,4.0,,,D,3,False,False
2005-012,2005,12,BOB,,2005-12-16 00:00:00,2005-12-16 00:00:00,8.0,87.0,1.5,1004.0,25.0,4.0,,,D,4,False,False
2005-012,2005,12,BOB,,2005-12-16 03:00:00,2005-12-16 03:00:00,8.0,85.0,1.5,1002.0,25.0,4.0,,,D,5,False,False
2005-012,2005,12,BOB,,2005-12-16 06:00:00,2005-12-16 06:00:00,8.0,85.0,1.5,1002.0,25.0,4.0,,,D,6,False,False
2005-012,2005,12,BOB,,2005-12-16 09:00:00,2005-12-16 09:00:00,8.0,84.5,1.5,1002.0,25.0,4.0,,,D,7,False,False
2005-012,2005,12,BOB,,2005-12-16 12:00:00,2005-12-16 12:00:00,8.0,84.5,1.5,1002.0,25.0,4.0,,,D,8,False,False
2005-012,2005,12,BOB,,2005-12-16 15:00:00,2005-12-16 15:00:00,8.0,84.5,1.5,1002.0,25.0,4.0,,,D,9,False,False
2005-012,2005,12,BOB,,2005-12-16 18:00:00,2005-12-16 18:00:00,8.0,84.5,1.5,1002.0,25.0,4.0,,,D,10,False,False
2005-012,2005,12,BOB,,2005-12-16 21:00:00,2005-12-16 21:00:00,8.0,84.5,1.5,1002.0,25.0,4.0,,,D,11,False,False
2005-012,2005,12,BOB,,2005-12-17 00:00:00,2005-12-17 00:00:00,8.0,84.0,1.5,1002.0,25.0,4.0,,,D,12,False,False
2005-012,2005,12,BOB,,2005-12-17 03:00:00,2005-12-17 03:00:00,8.0,84.0,2.0,1000.0,30.0,5.0,,,DD,13,False,False
2005-012,2005,12,BOB,,2005-12-17 06:00:00,2005-12-17 06:00:00,8.0,84.0,2.0,1000.0,30.0,5.0,,,DD,14,False,False
2005-012,2005,12,BOB,,2005-12-17 09:00:00,2005-12-17 09:00:00,8.5,83.5,2.0,1000.0,30.0,5.0,,,DD,15,False,False
2005-012,2005,12,BOB,,2005-12-17 12:00:00,2005-12-17 12:00:00,8.5,83.5,2.0,1000.0,30.0,5.0,,,DD,16,False,False
2005-012,2005,12,BOB,,2005-12-17 15:00:00,2005-12-17 15:00:00,8.5,83.5,2.0,1000.0,30.0,5.0,,,DD,17,False,False
2005-012,2005,12,BOB,,2005-12-17 18:00:00,2005-12-17 18:00:00,9.0,83.0,2.0,1000.0,30.0,5.0,,,DD,18,False,False
2005-012,2005,12,BOB,,2005-12-17 21:00:00,2005-12-17 21:00:00,9.0,83.0,2.0,1000.0,30.0,5.0,,,DD,19,False,False
2005-012,2005,12,BOB,,2005-12-18 00:00:00,2005-12-18 00:00:00,9.5,83.0,2.0,1000.0,30.0,5.0,,,DD,20,False,False
2005-012,2005,12,BOB,,2005-12-18 03:00:00,2005-12-18 03:00:00,10.0,83.0,2.0,1000.0,30.0,5.0,,,DD,21,False,False
2005-012,2005,12,BOB,,2005-12-18 06:00:00,2005-12-18 06:00:00,10.0,83.0,2.0,1000.0,30.0,5.0,,,DD,22,False,False
2005-012,2005,12,BOB,,2005-12-18 09:00:00,2005-12-18 09:00:00,10.5,82.5,2.0,1000.0,30.0,5.0,,,DD,23,False,False
2005-012,2005,12,BOB,,2005-12-18 12:00:00,2005-12-18 12:00:00,10.5,82.5,2.0,1000.0,30.0,5.0,,,DD,24,False,False
2005-012,2005,12,BOB,,2005-12-18 15:00:00,2005-12-18 15:00:00,10.5,82.5,2.0,1000.0,30.0,5.0,,,DD,25,False,False
2005-012,2005,12,BOB,,2005-12-18 18:00:00,2005-12-18 18:00:00,11.0,82.5,2.0,1000.0,30.0,5.0,,,DD,26,False,False
2005-012,2005,12,BOB,,2005-12-18 21:00:00,2005-12-18 21:00:00,11.0,82.5,2.0,1000.0,30.0,5.0,,,DD,27,False,False
2005-012,2005,12,BOB,,2005-12-19 00:00:00,2005-12-19 00:00:00,11.0,82.5,2.0,1000.0,30.0,5.0,,,DD,28,False,False
2005-012,2005,12,BOB,,2005-12-19 03:00:00,2005-12-19 03:00:00,11.0,82.5,2.0,1000.0,30.0,5.0,,,DD,29,False,False
2005-012,2005,12,BOB,,2005-12-19 06:00:00,2005-12-19 06:00:00,11.0,82.5,2.0,1000.0,30.0,5.0,,,DD,30,False,False
2005-012,2005,12,BOB,,2005-12-19 09:00:00,2005-12-19 09:00:00,11.0,82.5,2.0,1000.0,30.0,5.0,,,DD,31,False,False
2005-012,2005,12,BOB,,2005-12-19 12:00:00,2005-12-19 12:00:00,11.0,82.5,2.0,1000.0,30.0,5.0,,,DD,32,False,False
2005-012,2005,12,BOB,,2005-12-19 15:00:00,2005-12-19 15:00:00,11.5,82.5,2.0,1000.0,30.0,5.0,,,DD,33,False,False
2005-012,2005,12,BOB,,2005-12-19 18:00:00,2005-12-19 18:00:00,11.5,82.5,2.0,1000.0,30.0,5.0,,,DD,34,False,False
2005-012,2005,12,BOB,,2005-12-19 21:00:00,2005-12-19 21:00:00,11.5,82.5,2.0,1000.0,30.0,5.0,,,DD,35,False,False
2005-012,2005,12,BOB,,2005-12-20 00:00:00,2005-12-20 00:00:00,11.5,83.0,2.0,1000.0,30.0,5.0,,,DD,36,False,False
2005-012,2005,12,BOB,,2005-12-20 03:00:00,2005-12-20 03:00:00,11.5,83.5,2.0,1000.0,30.0,5.0,,,DD,37,False,False
2005-012,2005,12,BOB,,2005-12-20 06:00:00,2005-12-20 06:00:00,11.5,84.0,1.5,1002.0,25.0,4.0,,,D,38,False,False
2005-012,2005,12,BOB,,2005-12-20 09:00:00,2005-12-20 09:00:00,12.0,84.5,1.5,1002.0,25.0,4.0,,,D,39,False,False
2005-012,2005,12,BOB,,2005-12-20 12:00:00,2005-12-20 12:00:00,12.0,84.5,1.5,1002.0,25.0,4.0,,,D,40,False,False
2005-012,2005,12,BOB,,2005-12-20 15:00:00,2005-12-20 15:00:00,12.0,84.5,1.5,1002.0,25.0,4.0,,,D,41,False,False
2005-012,2005,12,BOB,,2005-12-20 18:00:00,2005-12-20 18:00:00,12.0,84.5,1.5,1002.0,25.0,4.0,,,D,42,False,False
2005-012,2005,12,BOB,,2005-12-20 21:00:00,2005-12-20 21:00:00,12.0,84.5,1.5,1002.0,25.0,4.0,,,D,43,False,False
2005-012,2005,12,BOB,,2005-12-21 00:00:00,2005-12-21 00:00:00,12.0,84.5,1.5,1002.0,25.0,4.0,,,D,44,False,False
2005-012,2005,12,BOB,,2005-12-21 03:00:00,2005-12-21 03:00:00,12.0,84.5,1.5,1002.0,25.0,4.0,,,D,45,False,False
2005-012,2005,12,BOB,,2005-12-21 06:00:00,2005-12-21 06:00:00,12.0,84.5,1.5,1002.0,25.0,4.0,,,D,46,False,False
2005-012,2005,12,BOB,,2005-12-21 09:00:00,2005-12-21 09:00:00,12.0,84.5,1.5,1002.0,25.0,4.0,,,D,47,False,False
2005-012,2005,12,BOB,,2005-12-21 12:00:00,2005-12-21 12:00:00,12.0,84.5,1.5,1002.0,25.0,4.0,,,D,48,False,False
2005-012,2005,12,BOB,,2005-12-21 15:00:00,2005-12-21 15:00:00,12.0,84.5,1.5,1002.0,25.0,4.0,,,D,49,False,False
2005-012,2005,12,BOB,,2005-12-21 18:00:00,2005-12-21 18:00:00,12.0,84.5,1.5,1002.0,25.0,4.0,,,D,50,False,False
2005-012,2005,12,BOB,,2005-12-21 21:00:00,2005-12-21 21:00:00,12.0,84.5,1.5,1002.0,25.0,4.0,,,D,51,False,False
2005-012,2005,12,BOB,,2005-12-22 00:00:00,2005-12-22 00:00:00,12.0,84.5,1.5,1002.0,25.0,4.0,,,D,52,False,False
2006-001,2006,1,ARB,,2006-01-13 12:00:00,2006-01-13 12:00:00,5.0,77.0,1.5,1006.0,25.0,4.0,,,D,0,False,False
2006-001,2006,1,ARB,,2006-01-14 00:00:00,2006-01-14 00:00:00,5.0,76.0,1.5,1006.0,25.0,4.0,,,D,1,False,False
2006-001,2006,1,ARB,,2006-01-14 03:00:00,2006-01-14 03:00:00,5.0,75.5,2.0,1006.0,30.0,4.0,,,DD,2,False,False
2006-001,2006,1,ARB,,2006-01-14 06:00:00,2006-01-14 06:00:00,7.0,74.0,2.0,1006.0,30.0,4.0,,,DD,3,False,False
2006-001,2006,1,ARB,,2006-01-14 09:00:00,2006-01-14 09:00:00,7.0,73.5,2.0,1004.0,30.0,4.0,,,DD,4,False,False
2006-001,2006,1,ARB,,2006-01-14 12:00:00,2006-01-14 12:00:00,7.0,73.0,2.0,1004.0,25.0,4.0,,,D,5,False,False
2006-001,2006,1,ARB,,2006-01-14 15:00:00,2006-01-14 15:00:00,7.0,72.5,1.5,1004.0,25.0,4.0,,,D,6,False,False
2006-001,2006,1,ARB,,2006-01-14 18:00:00,2006-01-14 18:00:00,7.0,72.5,1.5,1004.0,25.0,4.0,,,D,7,False,False
2006-001,2006,1,ARB,,2006-01-14 21:00:00,2006-01-14 21:00:00,7.0,72.0,1.5,1006.0,25.0,4.0,,,D,8,False,False
2006-002,2006,2,BOB,MALA,2006-04-25 03:00:00,2006-04-25 03:00:00,9.5,90.5,1.5,996.0,25.0,4.0,,,D,0,False,False
2006-002,2006,2,BOB,MALA,2006-04-25 06:00:00,2006-04-25 06:00:00,9.5,90.5,1.5,996.0,25.0,4.0,,,D,1,False,False
2006-002,2006,2,BOB,MALA,2006-04-25 09:00:00,2006-04-25 09:00:00,9.5,90.0,2.0,996.0,30.0,4.0,,,DD,2,False,False
2006-002,2006,2,BOB,MALA,2006-04-25 12:00:00,2006-04-25 12:00:00,10.0,89.5,2.5,996.0,35.0,5.0,,,CS,3,False,False
2006-002,2006,2,BOB,MALA,2006-04-25 15:00:00,2006-04-25 15:00:00,10.0,89.5,2.5,996.0,35.0,5.0,,,CS,4,False,False
2006-002,2006,2,BOB,MALA,2006-04-25 18:00:00,2006-04-25 18:00:00,10.0,89.5,2.5,996.0,35.0,5.0,,,CS,5,False,False
2006-002,2006,2,BOB,MALA,2006-04-25 21:00:00,2006-04-25 21:00:00,10.0,89.5,2.5,996.0,35.0,5.0,,,CS,6,False,False
2006-002,2006,2,BOB,MALA,2006-04-26 00:00:00,2006-04-26 00:00:00,10.5,89.0,3.0,994.0,45.0,6.0,,,CS,7,False,False
2006-002,2006,2,BOB,MALA,2006-04-26 03:00:00,2006-04-26 03:00:00,10.5,89.0,3.0,994.0,45.0,6.0,,,CS,8,False,False
2006-002,2006,2,BOB,MALA,2006-04-26 06:00:00,2006-04-26 06:00:00,11.0,89.0,3.0,994.0,45.0,6.0,,,CS,9,False,False
2006-002,2006,2,BOB,MALA,2006-04-26 09:00:00,2006-04-26 09:00:00,11.0,89.5,3.0,994.0,45.0,6.0,,,CS,10,False,False
2006-002,2006,2,BOB,MALA,2006-04-26 12:00:00,2006-04-26 12:00:00,11.5,90.0,3.0,994.0,45.0,6.0,,,CS,11,False,False
2006-002,2006,2,BOB,MALA,2006-04-26 15:00:00,2006-04-26 15:00:00,12.0,90.5,3.0,994.0,45.0,6.0,,,CS,12,False,False
2006-002,2006,2,BOB,MALA,2006-04-26 18:00:00,2006-04-26 18:00:00,12.0,90.5,3.0,994.0,45.0,6.0,,,CS,13,False,False
2006-002,2006,2,BOB,MALA,2006-04-26 21:00:00,2006-04-26 21:00:00,12.0,90.5,3.0,994.0,45.0,6.0,,,CS,14,False,False
2006-002,2006,2,BOB,MALA,2006-04-27 00:00:00,2006-04-27 00:00:00,12.0,90.5,3.0,994.0,45.0,6.0,,,CS,15,False,False
2006-002,2006,2,BOB,MALA,2006-04-27 03:00:00,2006-04-27 03:00:00,12.5,90.5,3.5,990.0,55.0,8.0,,,SCS,16,False,False
2006-002,2006,2,BOB,MALA,2006-04-27 06:00:00,2006-04-27 06:00:00,12.5,90.5,3.5,990.0,55.0,10.0,,,SCS,17,False,False
2006-002,2006,2,BOB,MALA,2006-04-27 09:00:00,2006-04-27 09:00:00,12.5,90.5,3.5,990.0,55.0,10.0,,,SCS,18,False,False
2006-002,2006,2,BOB,MALA,2006-04-27 12:00:00,2006-04-27 12:00:00,13.0,90.5,4.0,984.0,65.0,14.0,,,VSCS,19,False,False
2006-002,2006,2,BOB,MALA,2006-04-27 15:00:00,2006-04-27 15:00:00,13.0,90.5,4.0,984.0,65.0,20.0,,,VSCS,20,False,False
2006-002,2006,2,BOB,MALA,2006-04-27 18:00:00,2006-04-27 18:00:00,13.0,90.5,4.0,984.0,65.0,22.0,,,VSCS,21,False,False
2006-002,2006,2,BOB,MALA,2006-04-27 21:00:00,2006-04-27 21:00:00,13.5,90.5,4.0,984.0,65.0,22.0,,,VSCS,22,False,False
2006-002,2006,2,BOB,MALA,2006-04-28 00:00:00,2006-04-28 00:00:00,14.0,91.0,4.0,984.0,65.0,22.0,,,VSCS,23,False,False
2006-002,2006,2,BOB,MALA,2006-04-28 03:00:00,2006-04-28 03:00:00,14.5,91.5,4.5,976.0,80.0,30.0,,,VSCS,24,False,False
2006-002,2006,2,BOB,MALA,2006-04-28 06:00:00,2006-04-28 06:00:00,15.0,92.0,5.0,964.0,90.0,40.0,,,ESCS,25,False,False
2006-002,2006,2,BOB,MALA,2006-04-28 09:00:00,2006-04-28 09:00:00,15.3,92.3,5.5,954.0,100.0,52.0,,,ESCS,26,False,False
2006-002,2006,2,BOB,MALA,2006-04-28 12:00:00,2006-04-28 12:00:00,15.5,92.5,5.5,954.0,100.0,52.0,,,ESCS,27,False,False
2006-002,2006,2,BOB,MALA,2006-04-28 15:00:00,2006-04-28 15:00:00,16.0,93.0,5.5,954.0,100.0,52.0,,,ESCS,28,False,False
2006-002,2006,2,BOB,MALA,2006-04-28 18:00:00,2006-04-28 18:00:00,16.0,93.0,5.5,954.0,100.0,52.0,,,ESCS,29,False,False
2006-002,2006,2,BOB,MALA,2006-04-28 21:00:00,2006-04-28 21:00:00,16.5,93.5,5.5,954.0,100.0,52.0,,,ESCS,30,False,False
2006-002,2006,2,BOB,MALA,2006-04-29 00:00:00,2006-04-29 00:00:00,16.5,93.5,5.5,954.0,100.0,52.0,,,ESCS,31,False,False
2006-002,2006,2,BOB,MALA,2006-04-29 03:00:00,2006-04-29 03:00:00,17.0,94.0,5.5,954.0,100.0,52.0,,,ESCS,32,False,False
2006-002,2006,2,BOB,MALA,2006-04-29 06:00:00,2006-04-29 06:00:00,17.5,94.5,5.0,966.0,90.0,40.0,,,ESCS,33,False,False
2006-002,2006,2,BOB,MALA,2006-04-29 09:00:00,2006-04-29 09:00:00,18.0,95.0,,,,,,,SCS,34,False,False
2006-002,2006,2,BOB,MALA,2006-04-29 12:00:00,2006-04-29 12:00:00,18.5,95.5,,,,,,,SCS,35,False,False
2006-002,2006,2,BOB,MALA,2006-04-29 15:00:00,2006-04-29 15:00:00,18.5,95.5,,,,,,,SCS,36,False,False
2006-002,2006,2,BOB,MALA,2006-04-29 18:00:00,2006-04-29 18:00:00,19.0,96.0,,,,,,,CS,37,False,False
2006-003,2006,3,BOB,,2006-07-02 00:00:00,2006-07-02 00:00:00,20.0,89.5,1.5,990.0,25.0,4.0,,,D,0,False,False
2006-003,2006,3,BOB,,2006-07-02 03:00:00,2006-07-02 03:00:00,20.5,89.0,2.0,988.0,30.0,5.0,,,DD,1,False,False
2006-003,2006,3,BOB,,2006-07-02 06:00:00,2006-07-02 06:00:00,20.5,89.0,2.0,988.0,30.0,5.0,,,DD,2,False,False
2006-003,2006,3,BOB,,2006-07-02 09:00:00,2006-07-02 09:00:00,20.5,88.5,2.0,988.0,30.0,5.0,,,DD,3,False,False
2006-003,2006,3,BOB,,2006-07-02 12:00:00,2006-07-02 12:00:00,20.5,88.0,2.0,988.0,30.0,5.0,,,DD,4,False,False
2006-003,2006,3,BOB,,2006-07-02 15:00:00,2006-07-02 15:00:00,20.5,87.0,2.0,982.0,30.0,5.0,,,DD,5,False,False
2006-003,2006,3,BOB,,2006-07-02 18:00:00,2006-07-02 18:00:00,20.5,86.0,,982.0,30.0,5.0,,,DD,6,False,False
2006-003,2006,3,BOB,,2006-07-02 21:00:00,2006-07-02 21:00:00,20.5,86.0,,982.0,30.0,5.0,,,DD,7,False,False
2006-003,2006,3,BOB,,2006-07-03 00:00:00,2006-07-03 00:00:00,20.5,85.5,,982.0,30.0,5.0,,,DD,8,False,False
2006-003,2006,3,BOB,,2006-07-03 03:00:00,2006-07-03 03:00:00,20.5,85.5,,982.0,30.0,5.0,,,DD,9,False,False
2006-003,2006,3,BOB,,2006-07-03 06:00:00,2006-07-03 06:00:00,20.5,85.5,,982.0,30.0,5.0,,,DD,10,False,False
2006-003,2006,3,BOB,,2006-07-03 09:00:00,2006-07-03 09:00:00,21.0,84.5,,982.0,30.0,5.0,,,DD,11,False,False
2006-003,2006,3,BOB,,2006-07-03 12:00:00,2006-07-03 12:00:00,21.0,84.0,,982.0,30.0,5.0,,,DD,12,False,False
2006-003,2006,3,BOB,,2006-07-03 15:00:00,2006-07-03 15:00:00,21.0,83.5,,982.0,30.0,5.0,,,DD,13,False,False
2006-003,2006,3,BOB,,2006-07-03 18:00:00,2006-07-03 18:00:00,21.0,83.0,,982.0,30.0,5.0,,,DD,14,False,False
2006-003,2006,3,BOB,,2006-07-03 21:00:00,2006-07-03 21:00:00,21.0,82.5,,982.0,30.0,5.0,,,DD,15,False,False
2006-003,2006,3,BOB,,2006-07-04 00:00:00,2006-07-04 00:00:00,21.0,82.0,,982.0,30.0,5.0,,,DD,16,False,False
2006-003,2006,3,BOB,,2006-07-04 03:00:00,2006-07-04 03:00:00,21.5,81.5,,984.0,30.0,5.0,,,DD,17,False,False
2006-003,2006,3,BOB,,2006-07-04 06:00:00,2006-07-04 06:00:00,21.5,81.0,,986.0,30.0,5.0,,,DD,18,False,False
2006-003,2006,3,BOB,,2006-07-04 09:00:00,2006-07-04 09:00:00,21.5,80.0,,988.0,25.0,4.0,,,D,19,False,False
2006-003,2006,3,BOB,,2006-07-04 12:00:00,2006-07-04 12:00:00,21.5,79.5,,990.0,25.0,4.0,,,D,20,False,False
2006-003,2006,3,BOB,,2006-07-04 15:00:00,2006-07-04 15:00:00,21.5,79.0,,990.0,25.0,4.0,,,D,21,False,False
2006-003,2006,3,BOB,,2006-07-04 18:00:00,2006-07-04 18:00:00,21.5,78.5,,990.0,25.0,4.0,,,D,22,False,False
2006-003,2006,3,BOB,,2006-07-04 21:00:00,2006-07-04 21:00:00,21.5,78.0,,990.0,25.0,4.0,,,D,23,False,False
2006-003,2006,3,BOB,,2006-07-05 00:00:00,2006-07-05 00:00:00,21.5,78.0,,990.0,25.0,4.0,,,D,24,False,False
2006-003,2006,3,BOB,,2006-07-05 03:00:00,2006-07-05 03:00:00,22.0,77.5,,990.0,25.0,4.0,,,D,25,False,False
2006-003,2006,3,BOB,,2006-07-05 06:00:00,2006-07-05 06:00:00,22.0,77.5,,990.0,25.0,4.0,,,D,26,False,False
2006-004,2006,4,BOB,,2006-08-02 03:00:00,2006-08-02 03:00:00,20.5,87.5,1.5,990.0,25.0,4.0,,,D,0,False,False
2006-004,2006,4,BOB,,2006-08-02 06:00:00,2006-08-02 06:00:00,20.5,87.5,1.5,990.0,25.0,4.0,,,D,1,False,False
2006-004,2006,4,BOB,,2006-08-02 09:00:00,2006-08-02 09:00:00,20.0,87.0,2.0,988.0,30.0,5.0,,,DD,2,False,False
2006-004,2006,4,BOB,,2006-08-02 12:00:00,2006-08-02 12:00:00,20.0,86.5,2.0,986.0,30.0,5.0,,,DD,3,False,False
2006-004,2006,4,BOB,,2006-08-02 15:00:00,2006-08-02 15:00:00,20.0,86.5,2.0,986.0,30.0,5.0,,,DD,4,False,False
2006-004,2006,4,BOB,,2006-08-02 18:00:00,2006-08-02 18:00:00,20.0,86.0,2.0,986.0,30.0,5.0,,,DD,5,False,False
2006-004,2006,4,BOB,,2006-08-02 21:00:00,2006-08-02 21:00:00,20.0,85.5,2.0,986.0,30.0,5.0,,,DD,6,False,False
2006-004,2006,4,BOB,,2006-08-03 03:00:00,2006-08-03 03:00:00,19.5,85.0,,986.0,30.0,5.0,,,DD,7,False,False
2006-004,2006,4,BOB,,2006-08-03 06:00:00,2006-08-03 06:00:00,19.5,85.0,,986.0,30.0,5.0,,,DD,8,False,False
2006-004,2006,4,BOB,,2006-08-03 09:00:00,2006-08-03 09:00:00,19.5,84.5,,986.0,30.0,5.0,,,DD,9,False,False
2006-004,2006,4,BOB,,2006-08-03 12:00:00,2006-08-03 12:00:00,19.5,84.0,,986.0,30.0,5.0,,,DD,10,False,False
2006-004,2006,4,BOB,,2006-08-03 15:00:00,2006-08-03 15:00:00,19.5,84.0,,986.0,30.0,5.0,,,DD,11,False,False
2006-004,2006,4,BOB,,2006-08-03 18:00:00,2006-08-03 18:00:00,19.5,83.5,,986.0,30.0,5.0,,,DD,12,False,False
2006-004,2006,4,BOB,,2006-08-03 21:00:00,2006-08-03 21:00:00,19.5,83.0,,986.0,30.0,5.0,,,DD,13,False,False
2006-004,2006,4,BOB,,2006-08-04 00:00:00,2006-08-04 00:00:00,19.5,83.0,,986.0,30.0,5.0,,,DD,14,False,False
2006-004,2006,4,BOB,,2006-08-04 03:00:00,2006-08-04 03:00:00,20.0,82.5,,986.0,30.0,5.0,,,DD,15,False,False
2006-004,2006,4,BOB,,2006-08-04 06:00:00,2006-08-04 06:00:00,20.0,82.5,,986.0,30.0,5.0,,,DD,16,False,False
2006-004,2006,4,BOB,,2006-08-04 09:00:00,2006-08-04 09:00:00,20.5,82.0,,990.0,25.0,4.0,,,D,17,False,False
2006-004,2006,4,BOB,,2006-08-04 12:00:00,2006-08-04 12:00:00,21.0,81.0,,990.0,25.0,4.0,,,D,18,False,False
2006-004,2006,4,BOB,,2006-08-04 15:00:00,2006-08-04 15:00:00,21.0,81.0,,990.0,25.0,4.0,,,D,19,False,False
2006-004,2006,4,BOB,,2006-08-04 18:00:00,2006-08-04 18:00:00,21.0,81.0,,990.0,25.0,4.0,,,D,20,False,False
2006-004,2006,4,BOB,,2006-08-04 21:00:00,2006-08-04 21:00:00,21.0,81.0,,990.0,25.0,4.0,,,D,21,False,False
2006-004,2006,4,BOB,,2006-08-05 00:00:00,2006-08-05 00:00:00,21.0,80.5,,990.0,25.0,4.0,,,D,22,False,False
2006-004,2006,4,BOB,,2006-08-05 03:00:00,2006-08-05 03:00:00,21.0,80.0,,990.0,25.0,4.0,,,D,23,False,False
2006-004,2006,4,BOB,,2006-08-05 06:00:00,2006-08-05 06:00:00,21.0,79.5,,990.0,25.0,4.0,,,D,24,False,False
2006-004,2006,4,BOB,,2006-08-05 09:00:00,2006-08-05 09:00:00,21.0,79.5,,990.0,25.0,4.0,,,D,25,False,False
2006-005,2006,5,BOB,,2006-08-12 03:00:00,2006-08-12 03:00:00,21.0,88.0,1.5,992.0,25.0,4.0,,,D,0,False,False
2006-005,2006,5,BOB,,2006-08-12 06:00:00,2006-08-12 06:00:00,21.0,88.0,1.5,992.0,25.0,4.0,,,D,1,False,False
2006-005,2006,5,BOB,,2006-08-12 09:00:00,2006-08-12 09:00:00,21.0,87.5,1.5,992.0,25.0,4.0,,,D,2,False,False
2006-005,2006,5,BOB,,2006-08-12 12:00:00,2006-08-12 12:00:00,21.0,87.5,1.5,992.0,25.0,4.0,,,D,3,False,False
2006-005,2006,5,BOB,,2006-08-12 15:00:00,2006-08-12 15:00:00,22.0,86.5,,992.0,25.0,4.0,,,D,4,False,False
2006-005,2006,5,BOB,,2006-08-12 18:00:00,2006-08-12 18:00:00,22.0,85.0,,992.0,25.0,4.0,,,D,5,False,False
2006-005,2006,5,BOB,,2006-08-12 21:00:00,2006-08-12 21:00:00,22.0,83.5,,992.0,25.0,4.0,,,D,6,False,False
2006-005,2006,5,BOB,,2006-08-13 00:00:00,2006-08-13 00:00:00,22.0,82.5,,992.0,25.0,4.0,,,D,7,False,False
2006-006,2006,6,BOB,,2006-08-16 03:00:00,2006-08-16 03:00:00,20.5,88.0,1.5,990.0,25.0,4.0,,,D,0,False,False
2006-006,2006,6,BOB,,2006-08-16 06:00:00,2006-08-16 06:00:00,20.5,87.5,1.5,990.0,25.0,4.0,,,D,1,False,False
2006-006,2006,6,BOB,,2006-08-16 09:00:00,2006-08-16 09:00:00,20.5,87.5,1.5,990.0,25.0,4.0,,,D,2,False,False
2006-006,2006,6,BOB,,2006-08-16 12:00:00,2006-08-16 12:00:00,20.5,87.0,1.5,990.0,25.0,4.0,,,D,3,False,False
2006-006,2006,6,BOB,,2006-08-16 15:00:00,2006-08-16 15:00:00,20.5,86.5,,988.0,25.0,4.0,,,D,4,False,False
2006-006,2006,6,BOB,,2006-08-16 18:00:00,2006-08-16 18:00:00,20.5,86.0,,988.0,25.0,4.0,,,D,5,False,False
2006-006,2006,6,BOB,,2006-08-16 21:00:00,2006-08-16 21:00:00,21.0,85.0,,988.0,25.0,4.0,,,D,6,False,False
2006-006,2006,6,BOB,,2006-08-17 00:00:00,2006-08-17 00:00:00,21.5,84.5,,988.0,25.0,4.0,,,D,7,False,False
2006-006,2006,6,BOB,,2006-08-17 03:00:00,2006-08-17 03:00:00,22.0,83.5,,988.0,25.0,4.0,,,D,8,False,False
2006-006,2006,6,BOB,,2006-08-17 06:00:00,2006-08-17 06:00:00,22.0,83.5,,988.0,25.0,4.0,,,D,9,False,False
2006-006,2006,6,BOB,,2006-08-17 09:00:00,2006-08-17 09:00:00,22.5,83.0,,988.0,25.0,4.0,,,D,10,False,False
2006-006,2006,6,BOB,,2006-08-17 12:00:00,2006-08-17 12:00:00,22.5,81.0,,988.0,25.0,4.0,,,D,11,False,False
2006-006,2006,6,BOB,,2006-08-17 15:00:00,2006-08-17 15:00:00,22.5,81.0,,988.0,25.0,4.0,,,D,12,False,False
2006-006,2006,6,BOB,,2006-08-17 18:00:00,2006-08-17 18:00:00,22.5,80.5,,988.0,25.0,4.0,,,D,13,False,False
2006-006,2006,6,BOB,,2006-08-17 21:00:00,2006-08-17 21:00:00,22.5,80.0,,988.0,25.0,4.0,,,D,14,False,False
2006-006,2006,6,BOB,,2006-08-18 00:00:00,2006-08-18 00:00:00,22.5,79.0,,990.0,25.0,4.0,,,D,15,False,False
2006-006,2006,6,BOB,,2006-08-18 03:00:00,2006-08-18 03:00:00,23.0,78.0,,992.0,25.0,4.0,,,D,16,False,False
2006-006,2006,6,BOB,,2006-08-18 06:00:00,2006-08-18 06:00:00,23.0,77.5,,994.0,25.0,4.0,,,D,17,False,False
2006-006,2006,6,BOB,,2006-08-18 09:00:00,2006-08-18 09:00:00,23.5,77.0,,994.0,25.0,4.0,,,D,18,False,False
2006-007,2006,7,BOB,,2006-08-29 03:00:00,2006-08-29 03:00:00,20.5,87.5,1.5,992.0,25.0,4.0,,,D,0,False,False
2006-007,2006,7,BOB,,2006-08-29 06:00:00,2006-08-29 06:00:00,20.5,86.5,1.5,992.0,25.0,4.0,,,D,1,False,False
2006-007,2006,7,BOB,,2006-08-29 09:00:00,2006-08-29 09:00:00,21.0,85.0,1.5,990.0,25.0,4.0,,,D,2,False,False
2006-007,2006,7,BOB,,2006-08-29 12:00:00,2006-08-29 12:00:00,21.0,84.5,,990.0,25.0,4.0,,,D,3,False,False
2006-007,2006,7,BOB,,2006-08-29 15:00:00,2006-08-29 15:00:00,21.0,84.5,,990.0,25.0,4.0,,,D,4,False,False
2006-007,2006,7,BOB,,2006-08-29 18:00:00,2006-08-29 18:00:00,21.0,84.0,,990.0,25.0,4.0,,,D,5,False,False
2006-007,2006,7,BOB,,2006-08-29 21:00:00,2006-08-29 21:00:00,21.0,83.5,,990.0,25.0,4.0,,,D,6,False,False
2006-007,2006,7,BOB,,2006-08-30 00:00:00,2006-08-30 00:00:00,21.0,83.0,,992.0,25.0,4.0,,,D,7,False,False
2006-007,2006,7,BOB,,2006-08-30 03:00:00,2006-08-30 03:00:00,22.0,83.0,,992.0,25.0,4.0,,,D,8,False,False
2006-007,2006,7,BOB,,2006-08-30 06:00:00,2006-08-30 06:00:00,22.5,82.5,,992.0,25.0,4.0,,,D,9,False,False
2006-007,2006,7,BOB,,2006-08-30 09:00:00,2006-08-30 09:00:00,22.5,81.5,,992.0,25.0,4.0,,,D,10,False,False
2006-007,2006,7,BOB,,2006-08-30 12:00:00,2006-08-30 12:00:00,22.5,81.0,,992.0,25.0,4.0,,,D,11,False,False
2006-007,2006,7,BOB,,2006-08-30 15:00:00,2006-08-30 15:00:00,22.5,81.0,,992.0,25.0,4.0,,,D,12,False,False
2006-007,2006,7,BOB,,2006-08-30 18:00:00,2006-08-30 18:00:00,22.5,81.0,,992.0,25.0,4.0,,,D,13,False,False
2006-007,2006,7,BOB,,2006-08-30 21:00:00,2006-08-30 21:00:00,22.5,80.5,,992.0,25.0,4.0,,,D,14,False,False
2006-007,2006,7,BOB,,2006-08-31 00:00:00,2006-08-31 00:00:00,23.0,80.0,,994.0,25.0,4.0,,,D,15,False,False
2006-007,2006,7,BOB,,2006-08-31 03:00:00,2006-08-31 03:00:00,23.5,79.0,,994.0,25.0,4.0,,,D,16,False,False
2006-007,2006,7,BOB,,2006-08-31 06:00:00,2006-08-31 06:00:00,24.0,78.0,,994.0,25.0,4.0,,,D,17,False,False
2006-007,2006,7,BOB,,2006-08-31 09:00:00,2006-08-31 09:00:00,24.0,78.0,,994.0,25.0,4.0,,,D,18,False,False
2006-007,2006,7,BOB,,2006-08-31 12:00:00,2006-08-31 12:00:00,24.0,78.0,,994.0,25.0,4.0,,,D,19,False,False
2006-007,2006,7,BOB,,2006-08-31 15:00:00,2006-08-31 15:00:00,24.0,78.0,,994.0,25.0,4.0,,,D,20,False,False
2006-007,2006,7,BOB,,2006-08-31 18:00:00,2006-08-31 18:00:00,24.5,77.5,,994.0,25.0,4.0,,,D,21,False,False
2006-007,2006,7,BOB,,2006-08-31 21:00:00,2006-08-31 21:00:00,25.0,77.0,,994.0,25.0,4.0,,,D,22,False,False
2006-007,2006,7,BOB,,2006-09-01 00:00:00,2006-09-01 00:00:00,25.5,77.0,,994.0,25.0,4.0,,,D,23,False,False
2006-007,2006,7,BOB,,2006-09-01 03:00:00,2006-09-01 03:00:00,26.0,76.5,,994.0,25.0,4.0,,,D,24,False,False
2006-007,2006,7,BOB,,2006-09-01 06:00:00,2006-09-01 06:00:00,26.0,76.5,,994.0,25.0,4.0,,,D,25,False,False
2006-008,2006,8,BOB,,2006-09-03 03:00:00,2006-09-03 03:00:00,20.0,90.0,1.5,994.0,25.0,4.0,,,D,0,False,False
2006-008,2006,8,BOB,,2006-09-03 06:00:00,2006-09-03 06:00:00,20.5,89.5,1.5,994.0,25.0,4.0,,,D,1,False,False
2006-008,2006,8,BOB,,2006-09-03 09:00:00,2006-09-03 09:00:00,20.6,89.0,1.5,994.0,25.0,4.0,,,D,2,False,False
2006-008,2006,8,BOB,,2006-09-03 12:00:00,2006-09-03 12:00:00,20.5,88.5,1.5,992.0,25.0,4.0,,,D,3,False,False
2006-008,2006,8,BOB,,2006-09-03 15:00:00,2006-09-03 15:00:00,20.5,88.0,1.5,992.0,25.0,4.0,,,D,4,False,False
2006-008,2006,8,BOB,,2006-09-03 18:00:00,2006-09-03 18:00:00,20.5,87.5,1.5,992.0,25.0,4.0,,,D,5,False,False
2006-008,2006,8,BOB,,2006-09-03 21:00:00,2006-09-03 21:00:00,20.5,87.5,1.5,992.0,25.0,4.0,,,D,6,False,False
2006-008,2006,8,BOB,,2006-09-04 00:00:00,2006-09-04 00:00:00,21.0,87.0,1.5,992.0,25.0,4.0,,,D,7,False,False
2006-008,2006,8,BOB,,2006-09-04 03:00:00,2006-09-04 03:00:00,21.0,86.5,,992.0,25.0,4.0,,,D,8,False,False
2006-008,2006,8,BOB,,2006-09-04 06:00:00,2006-09-04 06:00:00,21.5,85.5,,992.0,25.0,4.0,,,D,9,False,False
2006-008,2006,8,BOB,,2006-09-04 09:00:00,2006-09-04 09:00:00,21.5,85.0,,992.0,25.0,4.0,,,D,10,False,False
2006-008,2006,8,BOB,,2006-09-04 12:00:00,2006-09-04 12:00:00,22.0,84.5,,992.0,25.0,4.0,,,D,11,False,False
2006-008,2006,8,BOB,,2006-09-04 15:00:00,2006-09-04 15:00:00,22.0,84.5,,992.0,25.0,4.0,,,D,12,False,False
2006-008,2006,8,BOB,,2006-09-04 18:00:00,2006-09-04 18:00:00,22.0,84.5,,992.0,25.0,4.0,,,D,13,False,False
2006-008,2006,8,BOB,,2006-09-04 21:00:00,2006-09-04 21:00:00,22.0,84.5,,994.0,25.0,4.0,,,D,14,False,False
2006-009,2006,9,LAND,,2006-09-21 03:00:00,2006-09-21 03:00:00,23.0,86.5,,996.0,25.0,4.0,,,D,0,False,False
2006-009,2006,9,LAND,,2006-09-21 06:00:00,2006-09-21 06:00:00,23.0,86.5,,996.0,25.0,4.0,,,D,1,False,False
2006-009,2006,9,LAND,,2006-09-21 09:00:00,2006-09-21 09:00:00,23.0,86.5,,996.0,25.0,4.0,,,D,2,False,False
2006-009,2006,9,LAND,,2006-09-21 12:00:00,2006-09-21 12:00:00,23.0,86.5,,996.0,25.0,4.0,,,D,3,False,False
2006-009,2006,9,LAND,,2006-09-21 15:00:00,2006-09-21 15:00:00,23.0,86.5,,996.0,25.0,4.0,,,D,4,False,False
2006-009,2006,9,LAND,,2006-09-21 18:00:00,2006-09-21 18:00:00,23.0,86.5,,996.0,25.0,4.0,,,D,5,False,False
2006-009,2006,9,LAND,,2006-09-21 21:00:00,2006-09-21 21:00:00,23.0,86.5,,996.0,25.0,4.0,,,D,6,False,False
2006-009,2006,9,LAND,,2006-09-22 00:00:00,2006-09-22 00:00:00,23.5,86.0,,996.0,25.0,4.0,,,D,7,False,False
2006-009,2006,9,LAND,,2006-09-22 03:00:00,2006-09-22 03:00:00,23.5,86.0,,996.0,25.0,4.0,,,D,8,False,False
2006-009,2006,9,LAND,,2006-09-22 06:00:00,2006-09-22 06:00:00,23.5,86.0,,996.0,25.0,4.0,,,D,9,False,False
2006-009,2006,9,LAND,,2006-09-22 09:00:00,2006-09-22 09:00:00,23.5,86.0,,996.0,25.0,4.0,,,D,10,False,False
2006-009,2006,9,LAND,,2006-09-22 12:00:00,2006-09-22 12:00:00,23.5,86.0,,996.0,25.0,4.0,,,D,11,False,False
2006-009,2006,9,LAND,,2006-09-22 15:00:00,2006-09-22 15:00:00,23.5,86.0,,996.0,25.0,4.0,,,D,12,False,False
2006-009,2006,9,LAND,,2006-09-22 18:00:00,2006-09-22 18:00:00,23.5,86.0,,996.0,25.0,4.0,,,D,13,False,False
2006-009,2006,9,LAND,,2006-09-22 21:00:00,2006-09-22 21:00:00,23.5,86.0,,996.0,25.0,4.0,,,D,14,False,False
2006-009,2006,9,LAND,,2006-09-23 00:00:00,2006-09-23 00:00:00,23.5,86.0,,996.0,25.0,4.0,,,D,15,False,False
2006-009,2006,9,LAND,,2006-09-23 03:00:00,2006-09-23 03:00:00,23.5,85.5,,996.0,25.0,4.0,,,D,16,False,False
2006-009,2006,9,LAND,,2006-09-23 06:00:00,2006-09-23 06:00:00,23.5,85.5,,996.0,25.0,4.0,,,D,17,False,False
2006-009,2006,9,LAND,,2006-09-23 09:00:00,2006-09-23 09:00:00,23.5,85.5,,996.0,25.0,4.0,,,D,18,False,False
2006-009,2006,9,LAND,,2006-09-23 12:00:00,2006-09-23 12:00:00,23.5,85.5,,996.0,25.0,4.0,,,D,19,False,False
2006-009,2006,9,LAND,,2006-09-23 15:00:00,2006-09-23 15:00:00,23.5,85.5,,996.0,25.0,4.0,,,D,20,False,False
2006-009,2006,9,LAND,,2006-09-23 18:00:00,2006-09-23 18:00:00,23.5,85.5,,996.0,25.0,4.0,,,D,21,False,False
2006-009,2006,9,LAND,,2006-09-23 21:00:00,2006-09-23 21:00:00,23.5,85.5,,996.0,25.0,4.0,,,D,22,False,False
2006-009,2006,9,LAND,,2006-09-24 00:00:00,2006-09-24 00:00:00,23.5,85.5,,996.0,25.0,4.0,,,D,23,False,False
2006-010,2006,10,ARB,MUKDA,2006-09-21 03:00:00,2006-09-21 03:00:00,19.5,66.0,1.5,1004.0,25.0,4.0,,,D,0,False,False
2006-010,2006,10,ARB,MUKDA,2006-09-21 06:00:00,2006-09-21 06:00:00,19.5,66.0,2.0,1002.0,30.0,5.0,,,DD,1,False,False
2006-010,2006,10,ARB,MUKDA,2006-09-21 09:00:00,2006-09-21 09:00:00,19.5,66.0,2.0,1000.0,30.0,5.0,,,DD,2,False,False
2006-010,2006,10,ARB,MUKDA,2006-09-21 12:00:00,2006-09-21 12:00:00,19.5,66.0,2.0,1000.0,30.0,5.0,,,DD,3,False,False
2006-010,2006,10,ARB,MUKDA,2006-09-21 15:00:00,2006-09-21 15:00:00,19.5,66.0,2.0,1000.0,30.0,5.0,,,DD,4,False,False
2006-010,2006,10,ARB,MUKDA,2006-09-21 18:00:00,2006-09-21 18:00:00,19.5,66.0,2.0,1000.0,30.0,5.0,,,DD,5,False,False
2006-010,2006,10,ARB,MUKDA,2006-09-21 21:00:00,2006-09-21 21:00:00,19.5,66.0,2.0,998.0,30.0,5.0,,,DD,6,False,False
2006-010,2006,10,ARB,MUKDA,2006-09-22 00:00:00,2006-09-22 00:00:00,20.0,66.0,2.5,996.0,40.0,6.0,,,CS,7,False,False
2006-010,2006,10,ARB,MUKDA,2006-09-22 03:00:00,2006-09-22 03:00:00,20.0,66.0,3.0,994.0,45.0,6.0,,,CS,8,False,False
2006-010,2006,10,ARB,MUKDA,2006-09-22 06:00:00,2006-09-22 06:00:00,20.0,66.0,3.0,994.0,45.0,6.0,,,CS,9,False,False
2006-010,2006,10,ARB,MUKDA,2006-09-22 09:00:00,2006-09-22 09:00:00,20.0,66.0,3.0,994.0,45.0,8.0,,,CS,10,False,False
2006-010,2006,10,ARB,MUKDA,2006-09-22 12:00:00,2006-09-22 12:00:00,20.5,66.5,3.0,994.0,45.0,10.0,,,SCS,11,False,False
2006-010,2006,10,ARB,MUKDA,2006-09-22 15:00:00,2006-09-22 15:00:00,20.5,66.5,3.0,992.0,45.0,10.0,,,SCS,12,False,False
2006-010,2006,10,ARB,MUKDA,2006-09-22 18:00:00,2006-09-22 18:00:00,20.5,66.5,3.0,990.0,45.0,10.0,,,SCS,13,False,False
2006-010,2006,10,ARB,MUKDA,2006-09-22 21:00:00,2006-09-22 21:00:00,20.5,66.5,3.0,988.0,45.0,10.0,,,SCS,14,False,False
2006-010,2006,10,ARB,MUKDA,2006-09-23 00:00:00,2006-09-23 00:00:00,21.0,67.0,3.0,988.0,45.0,10.0,,,SCS,15,False,False
2006-010,2006,10,ARB,MUKDA,2006-09-23 03:00:00,2006-09-23 03:00:00,21.0,67.0,3.0,988.0,45.0,10.0,,,SCS,16,False,False
2006-010,2006,10,ARB,MUKDA,2006-09-23 06:00:00,2006-09-23 06:00:00,21.0,67.0,3.0,988.0,45.0,10.0,,,SCS,17,False,False
2006-010,2006,10,ARB,MUKDA,2006-09-23 09:00:00,2006-09-23 09:00:00,21.0,67.0,3.0,988.0,45.0,10.0,,,SCS,18,False,False
2006-010,2006,10,ARB,MUKDA,2006-09-23 12:00:00,2006-09-23 12:00:00,21.0,67.0,3.0,988.0,50.0,10.0,,,SCS,19,False,False
2006-010,2006,10,ARB,MUKDA,2006-09-23 15:00:00,2006-09-23 15:00:00,21.0,67.0,3.5,990.0,55.0,15.0,,,SCS,20,False,False
2006-010,2006,10,ARB,MUKDA,2006-09-23 18:00:00,2006-09-23 18:00:00,21.0,67.0,3.5,992.0,50.0,15.0,,,SCS,21,False,False
2006-010,2006,10,ARB,MUKDA,2006-09-23 21:00:00,2006-09-23 21:00:00,21.0,67.0,3.0,994.0,45.0,10.0,,,CS,22,False,False
2006-010,2006,10,ARB,MUKDA,2006-09-24 00:00:00,2006-09-24 00:00:00,21.0,67.0,3.0,994.0,40.0,10.0,,,CS,23,False,False
2006-010,2006,10,ARB,MUKDA,2006-09-24 03:00:00,2006-09-24 03:00:00,21.0,67.0,2.0,996.0,35.0,8.0,,,CS,24,False,False
2006-010,2006,10,ARB,MUKDA,2006-09-24 06:00:00,2006-09-24 06:00:00,21.0,67.0,2.0,1000.0,30.0,5.0,,,DD,25,False,False
2006-010,2006,10,ARB,MUKDA,2006-09-24 09:00:00,2006-09-24 09:00:00,21.0,67.0,2.0,1002.0,30.0,5.0,,,DD,26,False,False
2006-010,2006,10,ARB,MUKDA,2006-09-24 12:00:00,2006-09-24 12:00:00,21.0,67.0,1.5,1004.0,25.0,4.0,,,D,27,False,False
2006-011,2006,11,BOB,,2006-09-28 09:00:00,2006-09-28 09:00:00,18.0,89.0,1.5,1002.0,25.0,4.0,,,D,0,False,False
2006-011,2006,11,BOB,,2006-09-28 12:00:00,2006-09-28 12:00:00,18.5,88.5,1.5,1002.0,25.0,4.0,,,D,1,False,False
2006-011,2006,11,BOB,,2006-09-28 15:00:00,2006-09-28 15:00:00,18.5,88.0,1.5,1002.0,25.0,4.0,,,D,2,False,False
2006-011,2006,11,BOB,,2006-09-28 18:00:00,2006-09-28 18:00:00,18.5,87.5,1.5,1002.0,25.0,4.0,,,D,3,False,False
2006-011,2006,11,BOB,,2006-09-28 21:00:00,2006-09-28 21:00:00,19.0,87.0,1.5,1002.0,25.0,4.0,,,D,4,False,False
2006-011,2006,11,BOB,,2006-09-29 00:00:00,2006-09-29 00:00:00,19.0,86.5,1.5,1002.0,25.0,4.0,,,D,5,False,False
2006-011,2006,11,BOB,,2006-09-29 03:00:00,2006-09-29 03:00:00,19.0,86.0,1.5,1002.0,25.0,4.0,,,D,6,False,False
2006-011,2006,11,BOB,,2006-09-29 06:00:00,2006-09-29 06:00:00,19.0,85.5,1.5,1002.0,25.0,4.0,,,D,7,False,False
2006-011,2006,11,BOB,,2006-09-29 09:00:00,2006-09-29 09:00:00,19.0,85.0,1.5,1002.0,25.0,4.0,,,D,8,False,False
2006-011,2006,11,BOB,,2006-09-29 12:00:00,2006-09-29 12:00:00,19.0,84.5,,1002.0,25.0,4.0,,,D,9,False,False
2006-011,2006,11,BOB,,2006-09-29 15:00:00,2006-09-29 15:00:00,19.0,84.5,,1002.0,25.0,4.0,,,D,10,False,False
2006-011,2006,11,BOB,,2006-09-29 18:00:00,2006-09-29 18:00:00,19.0,84.5,,1002.0,25.0,4.0,,,D,11,False,False
2006-011,2006,11,BOB,,2006-09-29 21:00:00,2006-09-29 21:00:00,19.0,84.0,,1002.0,25.0,4.0,,,D,12,False,False
2006-011,2006,11,BOB,,2006-09-30 00:00:00,2006-09-30 00:00:00,19.5,83.5,,1002.0,25.0,4.0,,,D,13,False,False
2006-012,2006,12,BOB,OGNI,2006-10-29 00:00:00,2006-10-29 00:00:00,14.0,80.5,1.5,1002.0,25.0,4.0,,,D,0,False,False
2006-012,2006,12,BOB,OGNI,2006-10-29 03:00:00,2006-10-29 03:00:00,14.5,80.5,1.5,1002.0,25.0,4.0,,,D,1,False,False
2006-012,2006,12,BOB,OGNI,2006-10-29 06:00:00,2006-10-29 06:00:00,14.5,80.5,1.5,1002.0,25.0,4.0,,,D,2,False,False
2006-012,2006,12,BOB,OGNI,2006-10-29 09:00:00,2006-10-29 09:00:00,15.0,80.5,2.0,1000.0,30.0,5.0,,,DD,3,False,False
2006-012,2006,12,BOB,OGNI,2006-10-29 12:00:00,2006-10-29 12:00:00,15.0,80.5,2.5,998.0,35.0,6.0,,,CS,4,False,False
2006-012,2006,12,BOB,OGNI,2006-10-29 15:00:00,2006-10-29 15:00:00,15.0,80.5,2.5,998.0,35.0,6.0,,,CS,5,False,False
2006-012,2006,12,BOB,OGNI,2006-10-29 18:00:00,2006-10-29 18:00:00,15.5,80.5,2.5,998.0,35.0,6.0,,,CS,6,False,False
2006-012,2006,12,BOB,OGNI,2006-10-29 21:00:00,2006-10-29 21:00:00,15.5,80.5,2.5,998.0,35.0,6.0,,,CS,7,False,False
2006-012,2006,12,BOB,OGNI,2006-10-30 00:00:00,2006-10-30 00:00:00,15.5,80.5,2.5,998.0,35.0,6.0,,,CS,8,False,False
2006-012,2006,12,BOB,OGNI,2006-10-30 03:00:00,2006-10-30 03:00:00,15.6,80.3,2.5,1000.0,35.0,6.0,,,CS,9,False,False
2006-012,2006,12,BOB,OGNI,2006-10-30 06:00:00,2006-10-30 06:00:00,15.7,80.3,2.0,1002.0,30.0,5.0,,,DD,10,False,False
2006-012,2006,12,BOB,OGNI,2006-10-30 09:00:00,2006-10-30 09:00:00,15.8,80.3,,1004.0,25.0,4.0,,,D,11,False,False
2007-001,2007,1,BOB,,2007-05-03 12:00:00,2007-05-03 12:00:00,13.5,93.0,1.5,998.0,25.0,4.0,,,D,0,False,False
2007-001,2007,1,BOB,,2007-05-03 15:00:00,2007-05-03 15:00:00,13.5,93.0,1.5,998.0,25.0,4.0,,,D,1,False,False
2007-001,2007,1,BOB,,2007-05-03 18:00:00,2007-05-03 18:00:00,13.5,93.5,1.5,998.0,25.0,4.0,,,D,2,False,False
2007-001,2007,1,BOB,,2007-05-03 21:00:00,2007-05-03 21:00:00,14.0,93.5,1.5,1000.0,25.0,4.0,,,D,3,False,False
2007-001,2007,1,BOB,,2007-05-04 00:00:00,2007-05-04 00:00:00,14.0,93.5,1.5,1000.0,25.0,4.0,,,D,4,False,False
2007-001,2007,1,BOB,,2007-05-04 03:00:00,2007-05-04 03:00:00,14.5,93.5,1.5,998.0,25.0,4.0,,,D,5,False,False
2007-001,2007,1,BOB,,2007-05-04 06:00:00,2007-05-04 06:00:00,15.0,93.5,1.5,998.0,25.0,4.0,,,D,6,False,False
2007-001,2007,1,BOB,,2007-05-04 09:00:00,2007-05-04 09:00:00,15.0,93.5,1.5,998.0,25.0,4.0,,,D,7,False,False
2007-001,2007,1,BOB,,2007-05-04 12:00:00,2007-05-04 12:00:00,15.5,93.5,1.5,998.0,25.0,4.0,,,D,8,False,False
2007-001,2007,1,BOB,,2007-05-04 15:00:00,2007-05-04 15:00:00,15.5,93.5,1.5,998.0,25.0,4.0,,,D,9,False,False
2007-001,2007,1,BOB,,2007-05-04 18:00:00,2007-05-04 18:00:00,15.5,93.5,1.5,998.0,25.0,4.0,,,D,10,False,False
2007-001,2007,1,BOB,,2007-05-04 21:00:00,2007-05-04 21:00:00,16.0,94.0,1.5,1000.0,25.0,4.0,,,D,11,False,False
2007-002,2007,2,BOB,AKASH,2007-05-13 03:00:00,2007-05-13 03:00:00,15.0,90.5,1.5,998.0,25.0,4.0,,,D,0,False,False
2007-002,2007,2,BOB,AKASH,2007-05-13 06:00:00,2007-05-13 06:00:00,15.0,90.5,1.5,998.0,25.0,4.0,,,D,1,False,False
2007-002,2007,2,BOB,AKASH,2007-05-13 09:00:00,2007-05-13 09:00:00,15.0,90.5,1.5,996.0,25.0,4.0,,,D,2,False,False
2007-002,2007,2,BOB,AKASH,2007-05-13 12:00:00,2007-05-13 12:00:00,15.5,90.5,1.5,996.0,25.0,4.0,,,D,3,False,False
2007-002,2007,2,BOB,AKASH,2007-05-13 15:00:00,2007-05-13 15:00:00,15.5,90.5,1.5,996.0,25.0,4.0,,,D,4,False,False
2007-002,2007,2,BOB,AKASH,2007-05-13 18:00:00,2007-05-13 18:00:00,15.5,90.5,1.5,996.0,25.0,4.0,,,D,5,False,False
2007-002,2007,2,BOB,AKASH,2007-05-13 21:00:00,2007-05-13 21:00:00,16.0,90.5,2.0,994.0,30.0,6.0,,,DD,6,False,False
2007-002,2007,2,BOB,AKASH,2007-05-14 00:00:00,2007-05-14 00:00:00,16.0,90.5,2.0,994.0,30.0,6.0,,,DD,7,False,False
2007-002,2007,2,BOB,AKASH,2007-05-14 03:00:00,2007-05-14 03:00:00,16.5,91.0,2.5,990.0,35.0,8.0,,,CS,8,False,False
2007-002,2007,2,BOB,AKASH,2007-05-14 06:00:00,2007-05-14 06:00:00,17.0,91.0,3.0,988.0,45.0,10.0,,,CS,9,False,False
2007-002,2007,2,BOB,AKASH,2007-05-14 09:00:00,2007-05-14 09:00:00,18.0,91.5,3.0,988.0,45.0,10.0,,,CS,10,False,False
2007-002,2007,2,BOB,AKASH,2007-05-14 12:00:00,2007-05-14 12:00:00,19.0,91.5,3.0,988.0,45.0,10.0,,,CS,11,False,False
2007-002,2007,2,BOB,AKASH,2007-05-14 15:00:00,2007-05-14 15:00:00,19.5,91.5,3.0,988.0,45.0,10.0,,,CS,12,False,False
2007-002,2007,2,BOB,AKASH,2007-05-14 18:00:00,2007-05-14 18:00:00,20.0,92.0,3.0,988.0,45.0,10.0,,,CS,13,False,False
2007-002,2007,2,BOB,AKASH,2007-05-14 21:00:00,2007-05-14 21:00:00,21.0,92.0,3.0,988.0,45.0,10.0,,,CS,14,False,False
2007-003,2007,3,ARB,GONU,2007-06-01 18:00:00,2007-06-01 18:00:00,15.0,68.0,1.5,1002.0,25.0,4.0,,,D,0,False,False
2007-003,2007,3,ARB,GONU,2007-06-01 21:00:00,2007-06-01 21:00:00,15.0,68.0,1.5,1002.0,25.0,4.0,,,D,1,False,False
2007-003,2007,3,ARB,GONU,2007-06-02 00:00:00,2007-06-02 00:00:00,15.0,68.0,1.5,1002.0,25.0,4.0,,,D,2,False,False
2007-003,2007,3,ARB,GONU,2007-06-02 03:00:00,2007-06-02 03:00:00,15.0,67.5,2.0,1000.0,30.0,5.0,,,DD,3,False,False
2007-003,2007,3,ARB,GONU,2007-06-02 09:00:00,2007-06-02 09:00:00,15.0,67.0,2.5,998.0,35.0,8.0,,,CS,4,False,False
2007-003,2007,3,ARB,GONU,2007-06-02 12:00:00,2007-06-02 12:00:00,15.0,67.0,3.0,992.0,45.0,10.0,,,CS,5,False,False
2007-003,2007,3,ARB,GONU,2007-06-02 15:00:00,2007-06-02 15:00:00,15.0,67.0,3.0,992.0,45.0,10.0,,,CS,6,False,False
2007-003,2007,3,ARB,GONU,2007-06-02 18:00:00,2007-06-02 18:00:00,15.0,67.0,3.0,992.0,45.0,10.0,,,CS,7,False,False
2007-003,2007,3,ARB,GONU,2007-06-02 21:00:00,2007-06-02 21:00:00,15.0,66.5,3.0,992.0,45.0,10.0,,,CS,8,False,False
2007-003,2007,3,ARB,GONU,2007-06-03 00:00:00,2007-06-03 00:00:00,15.5,66.5,3.5,988.0,55.0,16.0,,,SCS,9,False,False
2007-003,2007,3,ARB,GONU,2007-06-03 03:00:00,2007-06-03 03:00:00,15.5,66.5,3.5,988.0,55.0,16.0,,,SCS,10,False,False
2007-003,2007,3,ARB,GONU,2007-06-03 06:00:00,2007-06-03 06:00:00,16.0,66.5,3.5,988.0,55.0,16.0,,,SCS,11,False,False
2007-003,2007,3,ARB,GONU,2007-06-03 09:00:00,2007-06-03 09:00:00,16.5,66.5,3.5,988.0,55.0,16.0,,,SCS,12,False,False
2007-003,2007,3,ARB,GONU,2007-06-03 12:00:00,2007-06-03 12:00:00,17.5,66.5,3.5,988.0,55.0,16.0,,,SCS,13,False,False
2007-003,2007,3,ARB,GONU,2007-06-03 15:00:00,2007-06-03 15:00:00,17.5,66.5,3.5,988.0,55.0,16.0,,,SCS,14,False,False
2007-003,2007,3,ARB,GONU,2007-06-03 18:00:00,2007-06-03 18:00:00,18.0,66.0,4.0,980.0,65.0,22.0,,,VSCS,15,False,False
2007-003,2007,3,ARB,GONU,2007-06-03 21:00:00,2007-06-03 21:00:00,18.0,66.0,4.0,980.0,65.0,22.0,,,VSCS,16,False,False
2007-003,2007,3,ARB,GONU,2007-06-04 00:00:00,2007-06-04 00:00:00,18.5,65.0,4.5,974.0,77.0,30.0,,,VSCS,17,False,False
2007-003,2007,3,ARB,GONU,2007-06-04 03:00:00,2007-06-04 03:00:00,18.5,65.0,5.0,960.0,90.0,40.0,,,ESCS,18,False,False
2007-003,2007,3,ARB,GONU,2007-06-04 06:00:00,2007-06-04 06:00:00,19.0,64.5,5.5,952.0,102.0,52.0,,,ESCS,19,False,False
2007-003,2007,3,ARB,GONU,2007-06-04 09:00:00,2007-06-04 09:00:00,19.5,64.52,6.0,934.0,115.0,66.0,,,ESCS,20,False,False
2007-003,2007,3,ARB,GONU,2007-06-04 12:00:00,2007-06-04 12:00:00,20.0,64.0,6.0,934.0,115.0,66.0,,,ESCS,21,False,False
2007-003,2007,3,ARB,GONU,2007-06-04 15:00:00,2007-06-04 15:00:00,20.0,64.0,6.5,920.0,127.0,80.0,,,SuCS,22,False,False
2007-003,2007,3,ARB,GONU,2007-06-04 18:00:00,2007-06-04 18:00:00,20.5,63.5,6.5,920.0,127.0,80.0,,,SuCS,23,False,False
2007-003,2007,3,ARB,GONU,2007-06-04 21:00:00,2007-06-04 21:00:00,20.5,63.5,6.0,935.0,115.0,66.0,,,ESCS,24,False,False
2007-003,2007,3,ARB,GONU,2007-06-05 00:00:00,2007-06-05 00:00:00,20.5,63.0,6.0,936.0,115.0,66.0,,,ESCS,25,False,False
2007-003,2007,3,ARB,GONU,2007-06-05 03:00:00,2007-06-05 03:00:00,21.0,62.0,6.0,936.0,115.0,66.0,,,ESCS,26,False,False
2007-003,2007,3,ARB,GONU,2007-06-05 06:00:00,2007-06-05 06:00:00,21.5,61.5,5.5,950.0,102.0,52.0,,,ESCS,27,False,False
2007-003,2007,3,ARB,GONU,2007-06-05 09:00:00,2007-06-05 09:00:00,21.5,61.0,5.5,950.0,102.0,52.0,,,ESCS,28,False,False
2007-003,2007,3,ARB,GONU,2007-06-05 12:00:00,2007-06-05 12:00:00,21.5,61.0,5.0,960.0,90.0,40.0,,,ESCS,29,False,False
2007-003,2007,3,ARB,GONU,2007-06-05 15:00:00,2007-06-05 15:00:00,22.0,61.0,4.5,970.0,77.0,30.0,,,VSCS,30,False,False
2007-003,2007,3,ARB,GONU,2007-06-05 18:00:00,2007-06-05 18:00:00,22.0,60.5,4.5,970.0,77.0,30.0,,,VSCS,31,False,False
2007-003,2007,3,ARB,GONU,2007-06-05 21:00:00,2007-06-05 21:00:00,22.5,60.5,4.5,970.0,77.0,30.0,,,VSCS,32,False,False
2007-003,2007,3,ARB,GONU,2007-06-06 00:00:00,2007-06-06 00:00:00,22.5,59.5,4.5,970.0,77.0,30.0,,,VSCS,33,False,False
2007-003,2007,3,ARB,GONU,2007-06-06 03:00:00,2007-06-06 03:00:00,23.0,59.0,4.5,970.0,77.0,30.0,,,VSCS,34,False,False
2007-003,2007,3,ARB,GONU,2007-06-06 06:00:00,2007-06-06 06:00:00,23.5,59.5,4.5,970.0,77.0,30.0,,,VSCS,35,False,False
2007-003,2007,3,ARB,GONU,2007-06-06 09:00:00,2007-06-06 09:00:00,23.5,59.5,4.5,970.0,77.0,30.0,,,VSCS,36,False,False
2007-003,2007,3,ARB,GONU,2007-06-06 12:00:00,2007-06-06 12:00:00,24.0,59.0,4.5,970.0,77.0,30.0,,,VSCS,37,False,False
2007-003,2007,3,ARB,GONU,2007-06-06 15:00:00,2007-06-06 15:00:00,24.0,59.0,4.5,970.0,77.0,30.0,,,VSCS,38,False,False
2007-003,2007,3,ARB,GONU,2007-06-06 18:00:00,2007-06-06 18:00:00,24.5,59.0,4.0,978.0,65.0,22.0,,,VSCS,39,False,False
2007-003,2007,3,ARB,GONU,2007-06-06 21:00:00,2007-06-06 21:00:00,25.0,59.0,3.5,984.0,55.0,16.0,,,SCS,40,False,False
2007-003,2007,3,ARB,GONU,2007-06-07 00:00:00,2007-06-07 00:00:00,25.0,59.0,3.0,988.0,45.0,10.0,,,CS,41,False,False
2007-003,2007,3,ARB,GONU,2007-06-07 03:00:00,2007-06-07 03:00:00,25.5,58.5,3.0,988.0,45.0,10.0,,,CS,42,False,False
2007-004,2007,4,BOB,,2007-06-21 03:00:00,2007-06-21 03:00:00,15.5,86.0,1.5,994.0,25.0,4.0,,,D,0,False,False
2007-004,2007,4,BOB,,2007-06-21 06:00:00,2007-06-21 06:00:00,15.5,85.0,1.5,992.0,25.0,4.0,,,D,1,False,False
2007-004,2007,4,BOB,,2007-06-21 09:00:00,2007-06-21 09:00:00,16.0,84.5,1.5,990.0,25.0,4.0,,,D,2,False,False
2007-004,2007,4,BOB,,2007-06-21 12:00:00,2007-06-21 12:00:00,16.0,84.0,2.0,988.0,30.0,5.0,,,DD,3,False,False
2007-004,2007,4,BOB,,2007-06-21 15:00:00,2007-06-21 15:00:00,16.0,83.5,2.0,988.0,30.0,5.0,,,DD,4,False,False
2007-004,2007,4,BOB,,2007-06-21 18:00:00,2007-06-21 18:00:00,16.0,83.0,2.0,988.0,30.0,5.0,,,DD,5,False,False
2007-004,2007,4,BOB,,2007-06-21 21:00:00,2007-06-21 21:00:00,16.5,82.5,2.0,988.0,30.0,5.0,,,DD,6,False,False
2007-004,2007,4,BOB,,2007-06-22 00:00:00,2007-06-22 00:00:00,16.5,82.0,2.0,988.0,30.0,5.0,,,DD,7,False,False
2007-004,2007,4,BOB,,2007-06-22 03:00:00,2007-06-22 03:00:00,16.5,81.0,,990.0,30.0,5.0,,,DD,8,False,False
2007-004,2007,4,BOB,,2007-06-22 06:00:00,2007-06-22 06:00:00,16.5,80.0,,990.0,30.0,5.0,,,DD,9,False,False
2007-004,2007,4,BOB,,2007-06-22 09:00:00,2007-06-22 09:00:00,16.5,79.0,,988.0,30.0,5.0,,,DD,10,False,False
2007-004,2007,4,BOB,,2007-06-22 12:00:00,2007-06-22 12:00:00,17.0,78.5,,988.0,30.0,5.0,,,DD,11,False,False
2007-004,2007,4,BOB,,2007-06-22 15:00:00,2007-06-22 15:00:00,17.0,78.0,,990.0,30.0,5.0,,,DD,12,False,False
2007-004,2007,4,BOB,,2007-06-22 18:00:00,2007-06-22 18:00:00,17.0,77.5,,992.0,30.0,5.0,,,DD,13,False,False
2007-004,2007,4,BOB,,2007-06-22 21:00:00,2007-06-22 21:00:00,17.5,77.0,,992.0,30.0,5.0,,,DD,14,False,False
2007-004,2007,4,BOB,,2007-06-23 00:00:00,2007-06-23 00:00:00,17.5,77.0,,992.0,30.0,5.0,,,DD,15,False,False
2007-004,2007,4,BOB,,2007-06-23 03:00:00,2007-06-23 03:00:00,18.0,76.0,,992.0,25.0,4.0,,,D,16,False,False
2007-004,2007,4,BOB,,2007-06-23 06:00:00,2007-06-23 06:00:00,18.5,75.0,,990.0,25.0,4.0,,,D,17,False,False
2007-004,2007,4,BOB,,2007-06-23 09:00:00,2007-06-23 09:00:00,19.0,74.0,,990.0,25.0,4.0,,,D,18,False,False
2007-005,2007,5,ARB,YEMYIN,2007-06-25 03:00:00,2007-06-25 03:00:00,23.5,67.5,1.5,992.0,25.0,4.0,,,D,0,False,False
2007-005,2007,5,ARB,YEMYIN,2007-06-25 06:00:00,2007-06-25 06:00:00,23.5,67.5,1.5,992.0,25.0,4.0,,,D,1,False,False
2007-005,2007,5,ARB,YEMYIN,2007-06-25 09:00:00,2007-06-25 09:00:00,23.5,67.0,1.5,990.0,25.0,4.0,,,D,2,False,False
2007-005,2007,5,ARB,YEMYIN,2007-06-25 12:00:00,2007-06-25 12:00:00,23.5,66.5,2.0,988.0,30.0,5.0,,,DD,3,False,False
2007-005,2007,5,ARB,YEMYIN,2007-06-25 15:00:00,2007-06-25 15:00:00,23.5,66.5,2.0,988.0,30.0,5.0,,,DD,4,False,False
2007-005,2007,5,ARB,YEMYIN,2007-06-25 18:00:00,2007-06-25 18:00:00,23.5,66.0,2.0,988.0,30.0,5.0,,,DD,5,False,False
2007-005,2007,5,ARB,YEMYIN,2007-06-25 21:00:00,2007-06-25 21:00:00,23.5,66.0,2.5,986.0,35.0,6.0,,,CS,6,False,False
2007-005,2007,5,ARB,YEMYIN,2007-06-26 00:00:00,2007-06-26 00:00:00,24.0,65.0,2.5,988.0,35.0,6.0,,,CS,7,False,False
2007-006,2007,6,BOB,,2007-06-28 00:00:00,2007-06-28 00:00:00,18.5,87.0,1.5,988.0,25.0,4.0,,,D,0,False,False
2007-006,2007,6,BOB,,2007-06-28 03:00:00,2007-06-28 03:00:00,18.5,87.0,2.0,986.0,30.0,5.0,,,DD,1,False,False
2007-006,2007,6,BOB,,2007-06-28 06:00:00,2007-06-28 06:00:00,18.5,87.0,2.0,986.0,30.0,5.0,,,DD,2,False,False
2007-006,2007,6,BOB,,2007-06-28 09:00:00,2007-06-28 09:00:00,19.0,86.5,2.0,986.0,30.0,5.0,,,DD,3,False,False
2007-006,2007,6,BOB,,2007-06-28 12:00:00,2007-06-28 12:00:00,19.0,86.0,2.0,986.0,30.0,5.0,,,DD,4,False,False
2007-006,2007,6,BOB,,2007-06-28 15:00:00,2007-06-28 15:00:00,19.0,86.0,2.0,986.0,30.0,5.0,,,DD,5,False,False
2007-006,2007,6,BOB,,2007-06-28 18:00:00,2007-06-28 18:00:00,19.0,86.0,2.0,986.0,30.0,5.0,,,DD,6,False,False
2007-006,2007,6,BOB,,2007-06-28 21:00:00,2007-06-28 21:00:00,19.5,86.0,2.0,986.0,30.0,5.0,,,DD,7,False,False
2007-006,2007,6,BOB,,2007-06-29 00:00:00,2007-06-29 00:00:00,19.5,86.0,2.0,986.0,30.0,5.0,,,DD,8,False,False
2007-006,2007,6,BOB,,2007-06-29 03:00:00,2007-06-29 03:00:00,20.0,86.0,,988.0,30.0,5.0,,,DD,9,False,False
2007-006,2007,6,BOB,,2007-06-29 06:00:00,2007-06-29 06:00:00,20.5,85.5,,988.0,30.0,5.0,,,DD,10,False,False
2007-006,2007,6,BOB,,2007-06-29 09:00:00,2007-06-29 09:00:00,20.5,85.0,,988.0,30.0,5.0,,,DD,11,False,False
2007-006,2007,6,BOB,,2007-06-29 12:00:00,2007-06-29 12:00:00,20.5,84.5,,988.0,30.0,5.0,,,DD,12,False,False
2007-006,2007,6,BOB,,2007-06-29 15:00:00,2007-06-29 15:00:00,20.5,84.0,,988.0,30.0,5.0,,,DD,13,False,False
2007-006,2007,6,BOB,,2007-06-29 18:00:00,2007-06-29 18:00:00,20.5,83.0,,988.0,30.0,5.0,,,DD,14,False,False
2007-006,2007,6,BOB,,2007-06-29 21:00:00,2007-06-29 21:00:00,21.0,82.0,,990.0,30.0,5.0,,,DD,15,False,False
2007-006,2007,6,BOB,,2007-06-30 00:00:00,2007-06-30 00:00:00,21.5,81.5,,990.0,30.0,5.0,,,DD,16,False,False
2007-006,2007,6,BOB,,2007-06-30 03:00:00,2007-06-30 03:00:00,22.0,81.0,,992.0,25.0,4.0,,,D,17,False,False
2007-006,2007,6,BOB,,2007-06-30 06:00:00,2007-06-30 06:00:00,22.0,81.0,,992.0,25.0,4.0,,,D,18,False,False
2007-006,2007,6,BOB,,2007-06-30 09:00:00,2007-06-30 09:00:00,22.5,81.0,,992.0,25.0,4.0,,,D,19,False,False
2007-006,2007,6,BOB,,2007-06-30 12:00:00,2007-06-30 12:00:00,22.5,80.5,,992.0,25.0,4.0,,,D,20,False,False
2007-007,2007,7,BOB,,2007-05-07 00:00:00,2007-07-05 00:00:00,23.0,89.5,,992.0,25.0,4.0,,,D,0,False,True
2007-007,2007,7,BOB,,2007-05-07 03:00:00,2007-07-05 03:00:00,23.0,88.0,,992.0,25.0,4.0,,,D,1,False,True
2007-007,2007,7,BOB,,2007-05-07 06:00:00,2007-07-05 06:00:00,23.0,88.0,,988.0,25.0,4.0,,,D,2,False,True
2007-007,2007,7,BOB,,2007-05-07 09:00:00,2007-07-05 09:00:00,23.0,88.0,,988.0,25.0,4.0,,,D,3,False,True
2007-007,2007,7,BOB,,2007-05-07 12:00:00,2007-07-05 12:00:00,23.0,88.0,,988.0,30.0,5.0,,,DD,4,False,True
2007-007,2007,7,BOB,,2007-05-07 15:00:00,2007-07-05 15:00:00,23.0,88.0,,988.0,30.0,5.0,,,DD,5,False,True
2007-007,2007,7,BOB,,2007-05-07 18:00:00,2007-07-05 18:00:00,23.0,88.0,,988.0,30.0,5.0,,,DD,6,False,True
2007-007,2007,7,BOB,,2007-05-07 21:00:00,2007-07-05 21:00:00,23.0,88.0,,988.0,30.0,5.0,,,DD,7,False,True
2007-007,2007,7,BOB,,2007-06-07 00:00:00,2007-07-06 00:00:00,23.0,88.0,,988.0,30.0,5.0,,,DD,8,False,True
2007-007,2007,7,BOB,,2007-06-07 03:00:00,2007-07-06 03:00:00,23.0,87.0,,988.0,30.0,5.0,,,DD,9,False,True
2007-007,2007,7,BOB,,2007-06-07 06:00:00,2007-07-06 06:00:00,23.0,87.0,,988.0,30.0,5.0,,,DD,10,False,True
2007-007,2007,7,BOB,,2007-06-07 09:00:00,2007-07-06 09:00:00,23.0,87.0,,988.0,30.0,5.0,,,DD,11,False,True
2007-007,2007,7,BOB,,2007-06-07 12:00:00,2007-07-06 12:00:00,23.0,86.0,,988.0,30.0,5.0,,,DD,12,False,True
2007-007,2007,7,BOB,,2007-06-07 15:00:00,2007-07-06 15:00:00,23.0,86.0,,988.0,30.0,5.0,,,DD,13,False,True
2007-007,2007,7,BOB,,2007-06-07 18:00:00,2007-07-06 18:00:00,23.0,86.0,,988.0,30.0,5.0,,,DD,14,False,True
2007-007,2007,7,BOB,,2007-06-07 21:00:00,2007-07-06 21:00:00,23.0,86.0,,988.0,30.0,5.0,,,DD,15,False,True
2007-007,2007,7,BOB,,2007-07-04 03:00:00,2007-07-04 03:00:00,22.0,89.5,1.5,990.0,25.0,4.0,,,D,16,False,False
2007-007,2007,7,BOB,,2007-07-04 06:00:00,2007-07-04 06:00:00,22.0,89.5,1.5,990.0,25.0,4.0,,,D,17,False,False
2007-007,2007,7,BOB,,2007-07-04 09:00:00,2007-07-04 09:00:00,22.0,89.5,1.5,992.0,25.0,4.0,,,D,18,False,False
2007-007,2007,7,BOB,,2007-07-04 12:00:00,2007-07-04 12:00:00,23.0,89.5,,990.0,25.0,4.0,,,D,19,False,False
2007-007,2007,7,BOB,,2007-07-04 15:00:00,2007-07-04 15:00:00,23.0,89.5,,992.0,25.0,4.0,,,D,20,False,False
2007-007,2007,7,BOB,,2007-07-04 18:00:00,2007-07-04 18:00:00,23.0,89.5,,990.0,25.0,4.0,,,D,21,False,False
2007-007,2007,7,BOB,,2007-07-04 21:00:00,2007-07-04 21:00:00,23.0,89.5,,992.0,25.0,4.0,,,D,22,False,False
2007-007,2007,7,BOB,,2007-07-07 00:00:00,2007-07-07 00:00:00,23.0,86.0,,988.0,30.0,5.0,,,DD,23,False,False
2007-007,2007,7,BOB,,2007-07-07 03:00:00,2007-07-07 03:00:00,23.5,83.5,,990.0,25.0,4.0,,,D,24,False,False
2007-007,2007,7,BOB,,2007-07-07 06:00:00,2007-07-07 06:00:00,23.5,83.5,,990.0,25.0,4.0,,,D,25,False,False
2007-007,2007,7,BOB,,2007-07-07 09:00:00,2007-07-07 09:00:00,23.5,83.5,,990.0,25.0,4.0,,,D,26,False,False
2007-007,2007,7,BOB,,2007-07-07 12:00:00,2007-07-07 12:00:00,23.5,82.0,,990.0,25.0,4.0,,,D,27,False,False
2007-007,2007,7,BOB,,2007-07-07 15:00:00,2007-07-07 15:00:00,23.5,82.0,,990.0,25.0,4.0,,,D,28,False,False
2007-007,2007,7,BOB,,2007-07-07 18:00:00,2007-07-07 18:00:00,23.5,82.0,,990.0,25.0,4.0,,,D,29,False,False
2007-007,2007,7,BOB,,2007-07-07 21:00:00,2007-07-07 21:00:00,23.5,82.0,,990.0,25.0,4.0,,,D,30,False,False
2007-007,2007,7,BOB,,2007-08-07 00:00:00,2007-07-08 00:00:00,23.5,82.0,,990.0,25.0,4.0,,,D,31,False,True
2007-007,2007,7,BOB,,2007-08-07 03:00:00,2007-07-08 03:00:00,23.5,79.0,,990.0,25.0,4.0,,,D,32,False,True
2007-007,2007,7,BOB,,2007-08-07 06:00:00,2007-07-08 06:00:00,23.5,79.0,,990.0,25.0,4.0,,,D,33,False,True
2007-007,2007,7,BOB,,2007-08-07 09:00:00,2007-07-08 09:00:00,23.5,79.0,,990.0,25.0,4.0,,,D,34,False,True
2007-007,2007,7,BOB,,2007-08-07 12:00:00,2007-07-08 12:00:00,24.0,78.0,,990.0,25.0,4.0,,,D,35,False,True
2007-007,2007,7,BOB,,2007-08-07 15:00:00,2007-07-08 15:00:00,24.0,78.0,,990.0,25.0,4.0,,,D,36,False,True
2007-007,2007,7,BOB,,2007-08-07 18:00:00,2007-07-08 18:00:00,24.0,78.0,,990.0,25.0,4.0,,,D,37,False,True
2007-007,2007,7,BOB,,2007-08-07 21:00:00,2007-07-08 21:00:00,24.0,78.0,,990.0,25.0,4.0,,,D,38,False,True
2007-007,2007,7,BOB,,2007-09-07 00:00:00,2007-07-09 00:00:00,24.0,78.0,,990.0,25.0,4.0,,,D,39,False,True
2007-007,2007,7,BOB,,2007-09-07 03:00:00,2007-07-09 03:00:00,25.0,78.0,,990.0,25.0,4.0,,,D,40,False,True
2007-007,2007,7,BOB,,2007-09-07 06:00:00,2007-07-09 06:00:00,25.0,78.0,,990.0,25.0,4.0,,,D,41,False,True
2007-007,2007,7,BOB,,2007-09-07 09:00:00,2007-07-09 09:00:00,25.0,78.0,,990.0,25.0,4.0,,,D,42,False,True
2007-008,2007,8,BOB,,2007-05-08 00:00:00,2007-08-05 00:00:00,20.0,88.5,1.5,992.0,25.0,4.0,,,D,0,False,True
2007-008,2007,8,BOB,,2007-05-08 03:00:00,2007-08-05 03:00:00,20.0,88.5,1.5,992.0,25.0,4.0,,,D,1,False,True
2007-008,2007,8,BOB,,2007-05-08 06:00:00,2007-08-05 06:00:00,20.0,88.5,1.5,992.0,25.0,4.0,,,D,2,False,True
2007-008,2007,8,BOB,,2007-05-08 09:00:00,2007-08-05 09:00:00,20.0,88.5,1.5,990.0,25.0,4.0,,,D,3,False,True
2007-008,2007,8,BOB,,2007-05-08 12:00:00,2007-08-05 12:00:00,20.0,88.0,1.5,990.0,25.0,4.0,,,D,4,False,True
2007-008,2007,8,BOB,,2007-05-08 15:00:00,2007-08-05 15:00:00,20.0,88.5,1.5,990.0,25.0,4.0,,,D,5,False,True
2007-008,2007,8,BOB,,2007-05-08 18:00:00,2007-08-05 18:00:00,20.0,87.5,2.0,988.0,30.0,5.0,,,DD,6,False,True
2007-008,2007,8,BOB,,2007-05-08 21:00:00,2007-08-05 21:00:00,20.5,87.5,2.0,984.0,30.0,5.0,,,DD,7,False,True
2007-008,2007,8,BOB,,2007-06-08 00:00:00,2007-08-06 00:00:00,20.5,87.0,2.0,988.0,30.0,5.0,,,DD,8,False,True
2007-008,2007,8,BOB,,2007-06-08 03:00:00,2007-08-06 03:00:00,20.5,86.0,,990.0,30.0,5.0,,,DD,9,False,True
2007-008,2007,8,BOB,,2007-06-08 06:00:00,2007-08-06 06:00:00,20.5,85.0,,992.0,30.0,5.0,,,DD,10,False,True
2007-008,2007,8,BOB,,2007-06-08 09:00:00,2007-08-06 09:00:00,20.5,84.5,,990.0,30.0,5.0,,,DD,11,False,True
2007-008,2007,8,BOB,,2007-06-08 12:00:00,2007-08-06 12:00:00,20.5,84.5,,990.0,30.0,5.0,,,DD,12,False,True
2007-008,2007,8,BOB,,2007-06-08 15:00:00,2007-08-06 15:00:00,20.5,84.5,,992.0,30.0,5.0,,,DD,13,False,True
2007-008,2007,8,BOB,,2007-06-08 18:00:00,2007-08-06 18:00:00,20.5,84.0,,992.0,30.0,5.0,,,DD,14,False,True
2007-008,2007,8,BOB,,2007-06-08 21:00:00,2007-08-06 21:00:00,20.5,83.0,,990.0,30.0,5.0,,,DD,15,False,True
2007-008,2007,8,BOB,,2007-07-08 00:00:00,2007-08-07 00:00:00,21.0,82.5,,990.0,30.0,5.0,,,DD,16,False,True
2007-008,2007,8,BOB,,2007-07-08 03:00:00,2007-08-07 03:00:00,21.0,82.0,,992.0,25.0,4.0,,,D,17,False,True
2007-008,2007,8,BOB,,2007-07-08 06:00:00,2007-08-07 06:00:00,22.0,81.0,,992.0,25.0,4.0,,,D,18,False,True
2007-008,2007,8,BOB,,2007-07-08 09:00:00,2007-08-07 09:00:00,22.5,80.5,,992.0,25.0,4.0,,,D,19,False,True
2007-009,2007,11,ARB,,2007-01-11 00:00:00,2007-11-01 00:00:00,13.5,61.5,2.0,1002.0,30.0,5.0,,,DD,0,False,True
2007-009,2007,11,ARB,,2007-01-11 03:00:00,2007-11-01 03:00:00,14.0,60.5,2.0,1002.0,30.0,5.0,,,DD,1,False,True
2007-009,2007,11,ARB,,2007-01-11 06:00:00,2007-11-01 06:00:00,14.0,60.0,2.0,1002.0,30.0,5.0,,,DD,2,False,True
2007-009,2007,11,ARB,,2007-01-11 09:00:00,2007-11-01 09:00:00,14.0,59.5,2.0,1002.0,30.0,5.0,,,DD,3,False,True
2007-009,2007,11,ARB,,2007-01-11 12:00:00,2007-11-01 12:00:00,14.5,58.5,2.0,1002.0,30.0,5.0,,,DD,4,False,True
2007-009,2007,11,ARB,,2007-01-11 15:00:00,2007-11-01 15:00:00,14.5,58.0,2.0,1002.0,30.0,5.0,,,DD,5,False,True
2007-009,2007,11,ARB,,2007-01-11 18:00:00,2007-11-01 18:00:00,14.5,57.5,2.0,1002.0,30.0,5.0,,,DD,6,False,True
2007-009,2007,11,ARB,,2007-01-11 21:00:00,2007-11-01 21:00:00,14.5,57.0,2.0,1002.0,30.0,5.0,,,DD,7,False,True
2007-009,2007,11,ARB,,2007-02-11 00:00:00,2007-11-02 00:00:00,14.5,57.0,2.0,1002.0,30.0,5.0,,,DD,8,False,True
2007-009,2007,11,ARB,,2007-02-11 03:00:00,2007-11-02 03:00:00,14.5,56.5,1.5,1004.0,25.0,4.0,,,D,9,False,True
2007-009,2007,11,ARB,,2007-02-11 06:00:00,2007-11-02 06:00:00,14.5,56.5,1.5,1004.0,25.0,4.0,,,D,10,False,True
2007-009,2007,11,ARB,,2007-02-11 09:00:00,2007-11-02 09:00:00,15.0,56.0,1.5,1004.0,25.0,4.0,,,D,11,False,True
2007-009,2007,11,ARB,,2007-10-27 18:00:00,2007-10-27 18:00:00,10.5,66.5,1.5,1006.0,25.0,4.0,,,D,12,False,False
2007-009,2007,11,ARB,,2007-10-27 21:00:00,2007-10-27 21:00:00,10.5,66.5,1.5,1006.0,25.0,4.0,,,D,13,False,False
2007-009,2007,11,ARB,,2007-10-28 00:00:00,2007-10-28 00:00:00,10.5,66.5,1.5,1006.0,25.0,4.0,,,D,14,False,False
2007-009,2007,11,ARB,,2007-10-28 03:00:00,2007-10-28 03:00:00,10.5,66.5,2.0,1004.0,30.0,5.0,,,DD,15,False,False
2007-009,2007,11,ARB,,2007-10-28 09:00:00,2007-10-28 09:00:00,11.5,66.0,2.0,1004.0,30.0,5.0,,,DD,16,False,False
2007-009,2007,11,ARB,,2007-10-28 12:00:00,2007-10-28 12:00:00,11.5,66.0,2.0,1004.0,30.0,5.0,,,DD,17,False,False
2007-009,2007,11,ARB,,2007-10-28 15:00:00,2007-10-28 15:00:00,11.5,66.0,2.0,1004.0,30.0,5.0,,,DD,18,False,False
2007-009,2007,11,ARB,,2007-10-28 18:00:00,2007-10-28 18:00:00,11.5,66.0,2.0,1004.0,30.0,5.0,,,DD,19,False,False
2007-009,2007,11,ARB,,2007-10-28 21:00:00,2007-10-28 21:00:00,11.5,66.0,2.0,1004.0,30.0,5.0,,,DD,20,False,False
2007-009,2007,11,ARB,,2007-10-29 00:00:00,2007-10-29 00:00:00,11.5,65.5,2.0,1004.0,30.0,5.0,,,DD,21,False,False
2007-009,2007,11,ARB,,2007-10-29 03:00:00,2007-10-29 03:00:00,11.5,65.5,2.0,1002.0,30.0,5.0,,,DD,22,False,False
2007-009,2007,11,ARB,,2007-10-29 06:00:00,2007-10-29 06:00:00,11.5,65.5,2.0,1002.0,30.0,5.0,,,DD,23,False,False
2007-009,2007,11,ARB,,2007-10-29 09:00:00,2007-10-29 09:00:00,11.5,65.5,2.0,1002.0,30.0,5.0,,,DD,24,False,False
2007-009,2007,11,ARB,,2007-10-29 12:00:00,2007-10-29 12:00:00,11.5,65.5,2.0,1002.0,30.0,5.0,,,DD,25,False,False
2007-009,2007,11,ARB,,2007-10-29 15:00:00,2007-10-29 15:00:00,11.5,65.5,2.0,1002.0,30.0,5.0,,,DD,26,False,False
2007-009,2007,11,ARB,,2007-10-29 18:00:00,2007-10-29 18:00:00,11.5,65.5,2.0,1002.0,30.0,5.0,,,DD,27,False,False
2007-009,2007,11,ARB,,2007-10-29 21:00:00,2007-10-29 21:00:00,11.5,65.5,2.0,1002.0,30.0,5.0,,,DD,28,False,False
2007-009,2007,11,ARB,,2007-10-30 00:00:00,2007-10-30 00:00:00,11.5,65.5,2.0,1002.0,30.0,5.0,,,DD,29,False,False
2007-009,2007,11,ARB,,2007-10-30 03:00:00,2007-10-30 03:00:00,11.5,65.5,2.0,1002.0,30.0,5.0,,,DD,30,False,False
2007-009,2007,11,ARB,,2007-10-30 06:00:00,2007-10-30 06:00:00,11.5,65.5,2.0,1002.0,30.0,5.0,,,DD,31,False,False
2007-009,2007,11,ARB,,2007-10-30 09:00:00,2007-10-30 09:00:00,11.5,65.5,2.0,1002.0,30.0,5.0,,,DD,32,False,False
2007-009,2007,11,ARB,,2007-10-30 12:00:00,2007-10-30 12:00:00,11.5,65.0,2.0,1002.0,30.0,5.0,,,DD,33,False,False
2007-009,2007,11,ARB,,2007-10-30 15:00:00,2007-10-30 15:00:00,11.5,64.5,2.0,1002.0,30.0,5.0,,,DD,34,False,False
2007-009,2007,11,ARB,,2007-10-30 18:00:00,2007-10-30 18:00:00,11.5,64.5,2.0,1002.0,30.0,5.0,,,DD,35,False,False
2007-009,2007,11,ARB,,2007-10-30 21:00:00,2007-10-30 21:00:00,11.5,64.5,2.0,1002.0,30.0,5.0,,,DD,36,False,False
2007-009,2007,11,ARB,,2007-10-31 00:00:00,2007-10-31 00:00:00,11.5,64.5,2.0,1000.0,30.0,5.0,,,DD,37,False,False
2007-009,2007,11,ARB,,2007-10-31 03:00:00,2007-10-31 03:00:00,11.5,64.0,2.0,1000.0,30.0,5.0,,,DD,38,False,False
2007-009,2007,11,ARB,,2007-10-31 06:00:00,2007-10-31 06:00:00,11.5,64.0,2.0,1000.0,30.0,5.0,,,DD,39,False,False
2007-009,2007,11,ARB,,2007-10-31 09:00:00,2007-10-31 09:00:00,11.5,63.5,2.0,1002.0,30.0,5.0,,,DD,40,False,False
2007-009,2007,11,ARB,,2007-10-31 12:00:00,2007-10-31 12:00:00,12.0,63.0,2.0,1002.0,30.0,5.0,,,DD,41,False,False
2007-009,2007,11,ARB,,2007-10-31 15:00:00,2007-10-31 15:00:00,12.0,63.0,2.0,1002.0,30.0,5.0,,,DD,42,False,False
2007-009,2007,11,ARB,,2007-10-31 18:00:00,2007-10-31 18:00:00,12.5,62.5,2.0,1002.0,30.0,5.0,,,DD,43,False,False
2007-009,2007,11,ARB,,2007-10-31 21:00:00,2007-10-31 21:00:00,12.0,62.0,2.0,1002.0,30.0,5.0,,,DD,44,False,False
2007-010,2007,9,BOB,SIDR,2007-11-11 09:00:00,2007-11-11 09:00:00,10.0,92.0,1.5,1004.0,25.0,4.0,,,D,0,False,False
2007-010,2007,9,BOB,SIDR,2007-11-11 12:00:00,2007-11-11 12:00:00,10.0,92.0,1.5,1004.0,25.0,4.0,,,D,1,False,False
2007-010,2007,9,BOB,SIDR,2007-11-11 15:00:00,2007-11-11 15:00:00,10.0,92.0,1.5,1004.0,25.0,4.0,,,D,2,False,False
2007-010,2007,9,BOB,SIDR,2007-11-11 18:00:00,2007-11-11 18:00:00,10.5,91.5,2.0,1002.0,30.0,5.0,,,DD,3,False,False
2007-010,2007,9,BOB,SIDR,2007-11-11 21:00:00,2007-11-11 21:00:00,10.5,91.5,2.0,1002.0,30.0,5.0,,,DD,4,False,False
2007-010,2007,9,BOB,SIDR,2007-11-13 00:00:00,2007-11-13 00:00:00,12.0,89.5,5.0,968.0,90.0,40.0,,,ESCS,5,False,False
2007-010,2007,9,BOB,SIDR,2007-11-13 03:00:00,2007-11-13 03:00:00,12.0,89.5,5.0,968.0,90.0,40.0,,,ESCS,6,False,False
2007-010,2007,9,BOB,SIDR,2007-11-13 06:00:00,2007-11-13 06:00:00,12.0,89.5,5.0,968.0,90.0,40.0,,,ESCS,7,False,False
2007-010,2007,9,BOB,SIDR,2007-11-13 09:00:00,2007-11-13 09:00:00,13.0,89.5,5.0,964.0,90.0,40.0,,,ESCS,8,False,False
2007-010,2007,9,BOB,SIDR,2007-11-13 12:00:00,2007-11-13 12:00:00,13.0,89.5,5.0,964.0,90.0,40.0,,,ESCS,9,False,False
2007-010,2007,9,BOB,SIDR,2007-11-13 15:00:00,2007-11-13 15:00:00,13.0,89.5,5.0,964.0,90.0,40.0,,,ESCS,10,False,False
2007-010,2007,9,BOB,SIDR,2007-11-13 18:00:00,2007-11-13 18:00:00,13.5,89.5,5.0,964.0,90.0,40.0,,,ESCS,11,False,False
2007-010,2007,9,BOB,SIDR,2007-11-13 21:00:00,2007-11-13 21:00:00,14.0,89.5,5.0,964.0,90.0,40.0,,,ESCS,12,False,False
2007-010,2007,9,BOB,SIDR,2007-11-14 00:00:00,2007-11-14 00:00:00,14.5,89.5,5.0,964.0,90.0,40.0,,,ESCS,13,False,False
2007-010,2007,9,BOB,SIDR,2007-11-14 03:00:00,2007-11-14 03:00:00,14.5,89.5,5.0,964.0,90.0,40.0,,,ESCS,14,False,False
2007-010,2007,9,BOB,SIDR,2007-11-14 06:00:00,2007-11-14 06:00:00,15.0,89.5,5.0,964.0,90.0,40.0,,,ESCS,15,False,False
2007-010,2007,9,BOB,SIDR,2007-11-14 09:00:00,2007-11-14 09:00:00,15.5,89.5,5.0,964.0,90.0,40.0,,,ESCS,16,False,False
2007-010,2007,9,BOB,SIDR,2007-11-14 12:00:00,2007-11-14 12:00:00,16.0,89.0,5.0,964.0,90.0,40.0,,,ESCS,17,False,False
2007-010,2007,9,BOB,SIDR,2007-11-14 15:00:00,2007-11-14 15:00:00,16.0,89.0,5.0,964.0,90.0,40.0,,,ESCS,18,False,False
2007-010,2007,9,BOB,SIDR,2007-11-14 18:00:00,2007-11-14 18:00:00,16.5,89.0,5.5,956.0,105.0,55.0,,,ESCS,19,False,False
2007-010,2007,9,BOB,SIDR,2007-11-14 21:00:00,2007-11-14 21:00:00,17.0,89.0,5.5,956.0,105.0,55.0,,,ESCS,20,False,False
2007-010,2007,9,BOB,SIDR,2007-11-15 00:00:00,2007-11-15 00:00:00,17.5,89.0,5.5,956.0,105.0,55.0,,,ESCS,21,False,False
2007-010,2007,9,BOB,SIDR,2007-11-15 03:00:00,2007-11-15 03:00:00,18.0,89.0,6.0,944.0,115.0,66.0,,,ESCS,22,False,False
2007-010,2007,9,BOB,SIDR,2007-11-15 06:00:00,2007-11-15 06:00:00,19.5,89.0,6.0,944.0,115.0,66.0,,,ESCS,23,False,False
2007-010,2007,9,BOB,SIDR,2007-11-15 09:00:00,2007-11-15 09:00:00,20.0,89.0,6.0,944.0,115.0,66.0,,,ESCS,24,False,False
2007-010,2007,9,BOB,SIDR,2007-11-15 12:00:00,2007-11-15 12:00:00,21.0,89.0,6.0,944.0,115.0,66.0,,,ESCS,25,False,False
2007-010,2007,9,BOB,SIDR,2007-11-15 15:00:00,2007-11-15 15:00:00,21.5,89.5,6.0,944.0,115.0,66.0,,,ESCS,26,False,False
2007-010,2007,9,BOB,SIDR,2007-11-15 18:00:00,2007-11-15 18:00:00,22.5,90.5,4.5,980.0,80.0,30.0,,,VSCS,27,False,False
2007-010,2007,9,BOB,SIDR,2007-11-15 21:00:00,2007-11-15 21:00:00,23.5,91.0,3.0,996.0,45.0,12.0,,,CS,28,False,False
2007-010,2007,9,BOB,SIDR,2007-11-16 00:00:00,2007-11-16 00:00:00,23.5,91.0,2.5,1000.0,35.0,7.0,,,CS,29,False,False
2007-010,2007,9,BOB,SIDR,2007-11-16 03:00:00,2007-11-16 03:00:00,24.5,91.5,1.5,1002.0,25.0,4.0,,,D,30,False,False
2007-010,2007,9,BOB,SIDR,2007-12-11 00:00:00,2007-11-12 00:00:00,10.5,91.5,2.0,1002.0,30.0,5.0,,,DD,31,False,True
2007-010,2007,9,BOB,SIDR,2007-12-11 03:00:00,2007-11-12 03:00:00,10.5,91.0,2.5,1002.0,35.0,6.0,,,CS,32,False,True
2007-010,2007,9,BOB,SIDR,2007-12-11 06:00:00,2007-11-12 06:00:00,11.0,90.5,3.0,998.0,40.0,10.0,,,CS,33,False,True
2007-010,2007,9,BOB,SIDR,2007-12-11 09:00:00,2007-11-12 09:00:00,11.0,90.5,3.0,996.0,45.0,12.0,,,CS,34,False,True
2007-010,2007,9,BOB,SIDR,2007-12-11 12:00:00,2007-11-12 12:00:00,11.5,90.0,3.5,992.0,55.0,16.0,,,SCS,35,False,True
2007-010,2007,9,BOB,SIDR,2007-12-11 15:00:00,2007-11-12 15:00:00,11.5,90.0,3.5,992.0,55.0,16.0,,,SCS,36,False,True
2007-010,2007,9,BOB,SIDR,2007-12-11 18:00:00,2007-11-12 18:00:00,11.5,90.0,4.0,986.0,65.0,20.0,,,VSCS,37,False,True
2007-010,2007,9,BOB,SIDR,2007-12-11 21:00:00,2007-11-12 21:00:00,11.5,90.0,4.5,980.0,80.0,29.0,,,VSCS,38,False,True
2008-001,2008,1,BOB,NARGIS,2008-01-05 00:00:00,2008-05-01 00:00:00,15.5,88.0,4.0,980.0,65.0,20.0,,,VSCS,0,False,True
2008-001,2008,1,BOB,NARGIS,2008-01-05 03:00:00,2008-05-01 03:00:00,15.5,89.0,4.0,980.0,65.0,20.0,,,VSCS,1,False,True
2008-001,2008,1,BOB,NARGIS,2008-01-05 06:00:00,2008-05-01 06:00:00,16.0,89.5,4.0,980.0,65.0,20.0,,,VSCS,2,False,True
2008-001,2008,1,BOB,NARGIS,2008-01-05 09:00:00,2008-05-01 09:00:00,16.0,90.0,4.0,980.0,65.0,20.0,,,VSCS,3,False,True
2008-001,2008,1,BOB,NARGIS,2008-01-05 12:00:00,2008-05-01 12:00:00,16.0,90.5,4.0,980.0,65.0,20.0,,,VSCS,4,False,True
2008-001,2008,1,BOB,NARGIS,2008-01-05 15:00:00,2008-05-01 15:00:00,16.0,91.0,4.0,980.0,65.0,20.0,,,VSCS,5,False,True
2008-001,2008,1,BOB,NARGIS,2008-01-05 18:00:00,2008-05-01 18:00:00,16.0,91.5,4.0,980.0,65.0,20.0,,,VSCS,6,False,True
2008-001,2008,1,BOB,NARGIS,2008-01-05 21:00:00,2008-05-01 21:00:00,16.0,92.0,4.0,980.0,65.0,20.0,,,VSCS,7,False,True
2008-001,2008,1,BOB,NARGIS,2008-02-05 00:00:00,2008-05-02 00:00:00,16.0,92.5,4.5,972.0,77.0,28.0,,,VSCS,8,False,True
2008-001,2008,1,BOB,NARGIS,2008-02-05 03:00:00,2008-05-02 03:00:00,16.0,93.0,4.5,972.0,77.0,28.0,,,VSCS,9,False,True
2008-001,2008,1,BOB,NARGIS,2008-02-05 06:00:00,2008-05-02 06:00:00,16.0,93.5,5.0,962.0,90.0,40.0,,,ESCS,10,False,True
2008-001,2008,1,BOB,NARGIS,2008-02-05 09:00:00,2008-05-02 09:00:00,16.0,94.0,5.0,962.0,90.0,40.0,,,ESCS,11,False,True
2008-001,2008,1,BOB,NARGIS,2008-02-05 12:00:00,2008-05-02 12:00:00,16.0,94.3,5.0,962.0,90.0,40.0,,,ESCS,12,False,True
2008-001,2008,1,BOB,NARGIS,2008-02-05 15:00:00,2008-05-02 15:00:00,16.0,95.0,,964.0,90.0,40.0,,,ESCS,13,False,True
2008-001,2008,1,BOB,NARGIS,2008-02-05 18:00:00,2008-05-02 18:00:00,16.5,95.5,,974.0,80.0,30.0,,,VSCS,14,False,True
2008-001,2008,1,BOB,NARGIS,2008-02-05 21:00:00,2008-05-02 21:00:00,16.5,95.5,,986.0,60.0,18.0,,,SCS,15,False,True
2008-001,2008,1,BOB,NARGIS,2008-03-05 00:00:00,2008-05-03 00:00:00,16.5,95.5,,990.0,50.0,14.0,,,SCS,16,False,True
2008-001,2008,1,BOB,NARGIS,2008-03-05 03:00:00,2008-05-03 03:00:00,17.0,96.0,,992.0,50.0,12.0,,,SCS,17,False,True
2008-001,2008,1,BOB,NARGIS,2008-03-05 06:00:00,2008-05-03 06:00:00,17.5,96.5,,994.0,45.0,10.0,,,CS,18,False,True
2008-001,2008,1,BOB,NARGIS,2008-03-05 09:00:00,2008-05-03 09:00:00,18.0,97.0,,998.0,35.0,6.0,,,CS,19,False,True
2008-001,2008,1,BOB,NARGIS,2008-04-27 03:00:00,2008-04-27 03:00:00,12.0,87.0,1.5,1000.0,25.0,3.0,,,D,20,False,False
2008-001,2008,1,BOB,NARGIS,2008-04-27 06:00:00,2008-04-27 06:00:00,12.0,87.0,1.5,998.0,25.0,3.0,,,D,21,False,False
2008-001,2008,1,BOB,NARGIS,2008-04-27 09:00:00,2008-04-27 09:00:00,12.0,86.5,1.5,998.0,25.0,3.0,,,D,22,False,False
2008-001,2008,1,BOB,NARGIS,2008-04-27 12:00:00,2008-04-27 12:00:00,12.0,86.5,2.0,998.0,30.0,4.0,,,DD,23,False,False
2008-001,2008,1,BOB,NARGIS,2008-04-27 15:00:00,2008-04-27 15:00:00,12.0,86.5,2.0,994.0,30.0,4.0,,,DD,24,False,False
2008-001,2008,1,BOB,NARGIS,2008-04-27 18:00:00,2008-04-27 18:00:00,12.5,86.0,2.0,994.0,30.0,4.0,,,DD,25,False,False
2008-001,2008,1,BOB,NARGIS,2008-04-27 21:00:00,2008-04-27 21:00:00,13.0,85.5,2.0,994.0,30.0,4.0,,,DD,26,False,False
2008-001,2008,1,BOB,NARGIS,2008-04-28 00:00:00,2008-04-28 00:00:00,13.0,85.5,2.5,994.0,35.0,6.0,,,CS,27,False,False
2008-001,2008,1,BOB,NARGIS,2008-04-28 03:00:00,2008-04-28 03:00:00,13.0,85.5,2.5,994.0,40.0,8.0,,,CS,28,False,False
2008-001,2008,1,BOB,NARGIS,2008-04-28 06:00:00,2008-04-28 06:00:00,13.0,85.5,3.0,990.0,45.0,10.0,,,CS,29,False,False
2008-001,2008,1,BOB,NARGIS,2008-04-28 09:00:00,2008-04-28 09:00:00,13.0,85.5,3.5,986.0,55.0,14.0,,,SCS,30,False,False
2008-001,2008,1,BOB,NARGIS,2008-04-28 12:00:00,2008-04-28 12:00:00,13.0,85.5,3.5,986.0,55.0,14.0,,,SCS,31,False,False
2008-001,2008,1,BOB,NARGIS,2008-04-28 15:00:00,2008-04-28 15:00:00,13.0,85.5,3.5,986.0,55.0,14.0,,,SCS,32,False,False
2008-001,2008,1,BOB,NARGIS,2008-04-28 18:00:00,2008-04-28 18:00:00,13.0,85.5,3.5,986.0,55.0,14.0,,,SCS,33,False,False
2008-001,2008,1,BOB,NARGIS,2008-04-28 21:00:00,2008-04-28 21:00:00,13.0,85.5,3.5,986.0,55.0,14.0,,,SCS,34,False,False
2008-001,2008,1,BOB,NARGIS,2008-04-29 00:00:00,2008-04-29 00:00:00,13.0,85.5,3.5,986.0,55.0,14.0,,,SCS,35,False,False
2008-001,2008,1,BOB,NARGIS,2008-04-29 03:00:00,2008-04-29 03:00:00,13.5,85.5,4.0,980.0,65.0,20.0,,,VSCS,36,False,False
2008-001,2008,1,BOB,NARGIS,2008-04-29 06:00:00,2008-04-29 06:00:00,13.5,85.5,4.0,980.0,65.0,20.0,,,VSCS,37,False,False
2008-001,2008,1,BOB,NARGIS,2008-04-29 09:00:00,2008-04-29 09:00:00,13.5,85.5,4.0,980.0,65.0,20.0,,,VSCS,38,False,False
2008-001,2008,1,BOB,NARGIS,2008-04-29 12:00:00,2008-04-29 12:00:00,14.0,85.5,4.0,980.0,65.0,20.0,,,VSCS,39,False,False
2008-001,2008,1,BOB,NARGIS,2008-04-29 15:00:00,2008-04-29 15:00:00,14.0,85.5,4.0,980.0,65.0,20.0,,,VSCS,40,False,False
2008-001,2008,1,BOB,NARGIS,2008-04-29 18:00:00,2008-04-29 18:00:00,14.0,85.5,4.0,980.0,65.0,20.0,,,VSCS,41,False,False
2008-001,2008,1,BOB,NARGIS,2008-04-29 21:00:00,2008-04-29 21:00:00,14.0,86.0,4.0,980.0,65.0,20.0,,,VSCS,42,False,False
2008-001,2008,1,BOB,NARGIS,2008-04-30 00:00:00,2008-04-30 00:00:00,14.0,86.0,4.0,980.0,65.0,20.0,,,VSCS,43,False,False
2008-001,2008,1,BOB,NARGIS,2008-04-30 03:00:00,2008-04-30 03:00:00,14.5,86.5,4.0,980.0,65.0,20.0,,,VSCS,44,False,False
2008-001,2008,1,BOB,NARGIS,2008-04-30 06:00:00,2008-04-30 06:00:00,14.5,86.5,4.0,980.0,65.0,20.0,,,VSCS,45,False,False
2008-001,2008,1,BOB,NARGIS,2008-04-30 09:00:00,2008-04-30 09:00:00,14.5,87.0,4.0,980.0,65.0,20.0,,,VSCS,46,False,False
2008-001,2008,1,BOB,NARGIS,2008-04-30 12:00:00,2008-04-30 12:00:00,14.5,87.0,4.0,980.0,65.0,20.0,,,VSCS,47,False,False
2008-001,2008,1,BOB,NARGIS,2008-04-30 15:00:00,2008-04-30 15:00:00,15.0,87.5,4.0,980.0,65.0,20.0,,,VSCS,48,False,False
2008-001,2008,1,BOB,NARGIS,2008-04-30 18:00:00,2008-04-30 18:00:00,15.0,87.5,4.0,980.0,65.0,20.0,,,VSCS,49,False,False
2008-001,2008,1,BOB,NARGIS,2008-04-30 21:00:00,2008-04-30 21:00:00,15.0,87.5,4.0,980.0,65.0,20.0,,,VSCS,50,False,False
2008-002,2008,2,ARB,,2008-05-06 00:00:00,2008-06-05 00:00:00,15.5,66.0,1.5,1000.0,25.0,4.0,,,D,0,False,True
2008-002,2008,2,ARB,,2008-05-06 03:00:00,2008-06-05 03:00:00,16.0,66.0,1.5,1000.0,25.0,4.0,,,D,1,False,True
2008-002,2008,2,ARB,,2008-05-06 06:00:00,2008-06-05 06:00:00,16.5,65.5,1.5,1000.0,25.0,4.0,,,D,2,False,True
2008-002,2008,2,ARB,,2008-05-06 09:00:00,2008-06-05 09:00:00,17.0,65.0,1.5,1000.0,25.0,4.0,,,D,3,False,True
2008-002,2008,2,ARB,,2008-05-06 12:00:00,2008-06-05 12:00:00,18.0,64.5,1.5,996.0,25.0,4.0,,,D,4,False,True
2008-002,2008,2,ARB,,2008-05-06 15:00:00,2008-06-05 15:00:00,18.5,64.5,1.5,996.0,25.0,4.0,,,D,5,False,True
2008-002,2008,2,ARB,,2008-05-06 18:00:00,2008-06-05 18:00:00,19.0,64.0,1.5,996.0,25.0,4.0,,,D,6,False,True
2008-002,2008,2,ARB,,2008-05-06 21:00:00,2008-06-05 21:00:00,19.5,63.5,1.5,996.0,25.0,4.0,,,D,7,False,True
2008-002,2008,2,ARB,,2008-06-06 00:00:00,2008-06-06 00:00:00,19.5,63.0,1.5,996.0,25.0,4.0,,,D,8,False,False
2008-002,2008,2,ARB,,2008-06-06 03:00:00,2008-06-06 03:00:00,19.5,62.0,1.5,995.0,25.0,4.0,,,D,9,False,False
2008-002,2008,2,ARB,,2008-06-06 06:00:00,2008-06-06 06:00:00,20.0,62.0,1.5,995.0,25.0,4.0,,,D,10,False,False
2008-002,2008,2,ARB,,2008-06-06 09:00:00,2008-06-06 09:00:00,20.0,61.5,1.5,995.0,25.0,4.0,,,D,11,False,False
2008-002,2008,2,ARB,,2008-06-06 12:00:00,2008-06-06 12:00:00,20.0,61.5,1.5,994.0,25.0,4.0,,,D,12,False,False
2008-002,2008,2,ARB,,2008-06-06 15:00:00,2008-06-06 15:00:00,20.0,61.5,1.5,996.0,25.0,4.0,,,D,13,False,False
2008-002,2008,2,ARB,,2008-06-06 18:00:00,2008-06-06 18:00:00,20.0,61.0,1.5,996.0,25.0,4.0,,,D,14,False,False
2008-002,2008,2,ARB,,2008-06-06 21:00:00,2008-06-06 21:00:00,20.0,61.0,2.0,996.0,25.0,4.0,,,D,15,False,False
2008-003,2008,3,BOB,,2008-06-16 03:00:00,2008-06-16 03:00:00,21.5,90.0,1.5,992.0,25.0,4.0,,,D,0,False,False
2008-003,2008,3,BOB,,2008-06-16 09:00:00,2008-06-16 09:00:00,21.5,89.5,1.5,988.0,25.0,4.0,,,D,1,False,False
2008-003,2008,3,BOB,,2008-06-16 12:00:00,2008-06-16 12:00:00,22.0,89.5,1.5,988.0,25.0,4.0,,,D,2,False,False
2008-003,2008,3,BOB,,2008-06-17 03:00:00,2008-06-17 03:00:00,23.0,88.5,1.5,990.0,25.0,4.0,,,D,3,False,False
2008-003,2008,3,BOB,,2008-06-17 09:00:00,2008-06-17 09:00:00,23.0,88.0,1.5,990.0,25.0,4.0,,,D,4,False,False
2008-003,2008,3,BOB,,2008-06-17 12:00:00,2008-06-17 12:00:00,23.0,88.0,1.5,990.0,25.0,4.0,,,D,5,False,False
2008-003,2008,3,BOB,,2008-06-18 03:00:00,2008-06-18 03:00:00,24.0,87.0,1.5,992.0,20.0,3.0,,,D,6,False,False
2008-004,2008,4,LAND,,2008-09-08 12:00:00,2008-08-09 12:00:00,20.0,86.0,,988.0,25.0,4.0,,,D,0,False,True
2008-004,2008,4,LAND,,2008-10-08 03:00:00,2008-08-10 03:00:00,21.5,85.5,,990.0,25.0,4.0,,,D,1,False,True
2008-004,2008,4,LAND,,2008-10-08 09:00:00,2008-08-10 09:00:00,22.5,85.2,,990.0,25.0,4.0,,,D,2,False,True
2008-005,2008,5,BOB,,2008-09-15 12:00:00,2008-09-15 12:00:00,19.5,88.5,1.5,996.0,25.0,4.0,,,D,0,False,False
2008-005,2008,5,BOB,,2008-09-15 15:00:00,2008-09-15 15:00:00,19.5,88.5,1.5,996.0,25.0,4.0,,,D,1,False,False
2008-005,2008,5,BOB,,2008-09-15 18:00:00,2008-09-15 18:00:00,19.5,88.0,1.5,986.0,25.0,4.0,,,D,2,False,False
2008-005,2008,5,BOB,,2008-09-16 03:00:00,2008-09-16 03:00:00,19.5,88.0,1.5,994.0,25.0,4.0,,,D,3,False,False
2008-005,2008,5,BOB,,2008-09-16 06:00:00,2008-09-16 06:00:00,20.0,87.5,2.0,994.0,30.0,5.0,,,DD,4,False,False
2008-005,2008,5,BOB,,2008-09-16 09:00:00,2008-09-16 09:00:00,20.5,87.0,2.0,990.0,30.0,5.0,,,DD,5,False,False
2008-005,2008,5,BOB,,2008-09-16 12:00:00,2008-09-16 12:00:00,20.5,87.0,2.0,986.0,30.0,5.0,,,DD,6,False,False
2008-005,2008,5,BOB,,2008-09-16 15:00:00,2008-09-16 15:00:00,21.0,87.0,2.0,986.0,30.0,5.0,,,DD,7,False,False
2008-005,2008,5,BOB,,2008-09-16 18:00:00,2008-09-16 18:00:00,21.0,86.5,,988.0,30.0,5.0,,,DD,8,False,False
2008-005,2008,5,BOB,,2008-09-17 00:00:00,2008-09-17 00:00:00,21.0,86.0,,992.0,30.0,5.0,,,DD,9,False,False
2008-005,2008,5,BOB,,2008-09-17 03:00:00,2008-09-17 03:00:00,21.5,85.5,,992.0,30.0,5.0,,,DD,10,False,False
2008-005,2008,5,BOB,,2008-09-17 09:00:00,2008-09-17 09:00:00,22.0,84.5,,992.0,30.0,5.0,,,DD,11,False,False
2008-005,2008,5,BOB,,2008-09-17 12:00:00,2008-09-17 12:00:00,22.0,84.5,,992.0,30.0,5.0,,,DD,12,False,False
2008-005,2008,5,BOB,,2008-09-18 03:00:00,2008-09-18 03:00:00,22.5,82.5,,996.0,30.0,5.0,,,DD,13,False,False
2008-005,2008,5,BOB,,2008-09-18 09:00:00,2008-09-18 09:00:00,23.0,82.0,,996.0,25.0,4.0,,,D,14,False,False
2008-005,2008,5,BOB,,2008-09-18 12:00:00,2008-09-18 12:00:00,23.0,82.0,,996.0,25.0,4.0,,,D,15,False,False
2008-005,2008,5,BOB,,2008-09-19 03:00:00,2008-09-19 03:00:00,24.5,80.5,,996.0,25.0,4.0,,,D,16,False,False
2008-005,2008,5,BOB,,2008-09-19 09:00:00,2008-09-19 09:00:00,26.0,80.0,,996.0,25.0,4.0,,,D,17,False,False
2008-006,2008,6,ARB,,2008-10-19 09:00:00,2008-10-19 09:00:00,9.0,60.0,1.5,1004.0,25.0,4.0,,,D,0,False,False
2008-006,2008,6,ARB,,2008-10-19 12:00:00,2008-10-19 12:00:00,9.0,59.5,1.5,1004.0,25.0,4.0,,,D,1,False,False
2008-006,2008,6,ARB,,2008-10-20 03:00:00,2008-10-20 03:00:00,10.0,57.5,1.5,1004.0,25.0,4.0,,,D,2,False,False
2008-006,2008,6,ARB,,2008-10-20 12:00:00,2008-10-20 12:00:00,10.0,56.5,1.5,1002.0,25.0,4.0,,,D,3,False,False
2008-006,2008,6,ARB,,2008-10-21 03:00:00,2008-10-21 03:00:00,10.5,54.5,2.0,1000.0,30.0,5.0,,,DD,4,False,False
2008-006,2008,6,ARB,,2008-10-21 12:00:00,2008-10-21 12:00:00,11.0,54.0,2.0,1000.0,30.0,5.0,,,DD,5,False,False
2008-006,2008,6,ARB,,2008-10-22 03:00:00,2008-10-22 03:00:00,13.0,53.0,1.5,1002.0,25.0,4.0,,,D,6,False,False
2008-006,2008,6,ARB,,2008-10-22 12:00:00,2008-10-22 12:00:00,13.5,52.5,1.5,1002.0,25.0,4.0,,,D,7,False,False
2008-007,2008,7,BOB,RASHMI,2008-10-25 03:00:00,2008-10-25 03:00:00,16.5,86.5,1.5,1004.0,25.0,3.0,,,D,0,False,False
2008-007,2008,7,BOB,RASHMI,2008-10-25 09:00:00,2008-10-25 09:00:00,17.0,87.0,1.5,1002.0,25.0,3.0,,,D,1,False,False
2008-007,2008,7,BOB,RASHMI,2008-10-25 12:00:00,2008-10-25 12:00:00,17.5,87.0,1.5,1002.0,25.0,3.0,,,D,2,False,False
2008-007,2008,7,BOB,RASHMI,2008-10-25 18:00:00,2008-10-25 18:00:00,18.0,87.0,1.5,1002.0,25.0,3.0,,,D,3,False,False
2008-007,2008,7,BOB,RASHMI,2008-10-26 00:00:00,2008-10-26 00:00:00,18.0,87.0,2.0,1000.0,30.0,5.0,,,DD,4,False,False
2008-007,2008,7,BOB,RASHMI,2008-10-26 03:00:00,2008-10-26 03:00:00,18.5,87.5,2.0,1000.0,30.0,5.0,,,DD,5,False,False
2008-007,2008,7,BOB,RASHMI,2008-10-26 09:00:00,2008-10-26 09:00:00,18.5,87.5,2.0,1000.0,30.0,5.0,,,DD,6,False,False
2008-007,2008,7,BOB,RASHMI,2008-10-26 12:00:00,2008-10-26 12:00:00,19.5,88.0,2.5,996.0,35.0,6.0,,,CS,7,False,False
2008-007,2008,7,BOB,RASHMI,2008-10-26 15:00:00,2008-10-26 15:00:00,20.5,88.5,2.5,996.0,40.0,8.0,,,CS,8,False,False
2008-007,2008,7,BOB,RASHMI,2008-10-26 18:00:00,2008-10-26 18:00:00,21.0,89.0,2.5,994.0,40.0,10.0,,,CS,9,False,False
2008-007,2008,7,BOB,RASHMI,2008-10-26 21:00:00,2008-10-26 21:00:00,21.5,89.5,3.0,984.0,45.0,14.0,,,CS,10,False,False
2008-007,2008,7,BOB,RASHMI,2008-10-27 00:00:00,2008-10-27 00:00:00,22.5,,,992.0,35.0,6.0,,,CS,11,False,False
2008-007,2008,7,BOB,RASHMI,2008-10-27 03:00:00,2008-10-27 03:00:00,23.0,,,1002.0,30.0,5.0,,,DD,12,False,False
2008-008,2008,8,BOB,KHAIMUK,2008-11-13 12:00:00,2008-11-13 12:00:00,11.5,85.5,1.5,1002.0,25.0,3.0,,,D,0,False,False
2008-008,2008,8,BOB,KHAIMUK,2008-11-13 18:00:00,2008-11-13 18:00:00,12.0,85.0,1.5,1002.0,25.0,3.0,,,D,1,False,False
2008-008,2008,8,BOB,KHAIMUK,2008-11-14 00:00:00,2008-11-14 00:00:00,12.0,85.0,1.5,1002.0,25.0,3.0,,,D,2,False,False
2008-008,2008,8,BOB,KHAIMUK,2008-11-14 03:00:00,2008-11-14 03:00:00,12.5,85.0,2.0,1000.0,30.0,5.0,,,DD,3,False,False
2008-008,2008,8,BOB,KHAIMUK,2008-11-14 06:00:00,2008-11-14 06:00:00,13.0,85.0,2.0,1000.0,30.0,5.0,,,DD,4,False,False
2008-008,2008,8,BOB,KHAIMUK,2008-11-14 09:00:00,2008-11-14 09:00:00,13.5,84.5,2.0,1000.0,30.0,5.0,,,DD,5,False,False
2008-008,2008,8,BOB,KHAIMUK,2008-11-14 12:00:00,2008-11-14 12:00:00,14.0,84.0,2.5,998.0,35.0,6.0,,,CS,6,False,False
2008-008,2008,8,BOB,KHAIMUK,2008-11-14 15:00:00,2008-11-14 15:00:00,14.5,83.5,2.5,996.0,35.0,6.0,,,CS,7,False,False
2008-008,2008,8,BOB,KHAIMUK,2008-11-14 18:00:00,2008-11-14 18:00:00,14.5,83.5,2.5,996.0,35.0,6.0,,,CS,8,False,False
2008-008,2008,8,BOB,KHAIMUK,2008-11-14 21:00:00,2008-11-14 21:00:00,14.5,83.0,2.5,994.0,40.0,8.0,,,CS,9,False,False
2008-008,2008,8,BOB,KHAIMUK,2008-11-15 00:00:00,2008-11-15 00:00:00,14.5,83.0,2.5,994.0,40.0,8.0,,,CS,10,False,False
2008-008,2008,8,BOB,KHAIMUK,2008-11-15 03:00:00,2008-11-15 03:00:00,14.5,82.5,2.5,996.0,35.0,6.0,,,CS,11,False,False
2008-008,2008,8,BOB,KHAIMUK,2008-11-15 06:00:00,2008-11-15 06:00:00,14.5,82.5,2.0,996.0,30.0,5.0,,,DD,12,False,False
2008-008,2008,8,BOB,KHAIMUK,2008-11-15 09:00:00,2008-11-15 09:00:00,14.5,82.0,2.0,996.0,30.0,5.0,,,DD,13,False,False
2008-008,2008,8,BOB,KHAIMUK,2008-11-15 12:00:00,2008-11-15 12:00:00,14.5,81.5,2.0,996.0,30.0,5.0,,,DD,14,False,False
2008-008,2008,8,BOB,KHAIMUK,2008-11-15 15:00:00,2008-11-15 15:00:00,14.5,81.0,2.0,996.0,30.0,5.0,,,DD,15,False,False
2008-008,2008,8,BOB,KHAIMUK,2008-11-15 18:00:00,2008-11-15 18:00:00,15.0,80.5,2.0,996.0,30.0,5.0,,,DD,16,False,False
2008-008,2008,8,BOB,KHAIMUK,2008-11-15 21:00:00,2008-11-15 21:00:00,15.2,80.2,2.0,996.0,30.0,5.0,,,DD,17,False,False
2008-008,2008,8,BOB,KHAIMUK,2008-11-16 00:00:00,2008-11-16 00:00:00,15.5,79.5,,998.0,30.0,5.0,,,DD,18,False,False
2008-008,2008,8,BOB,KHAIMUK,2008-11-16 03:00:00,2008-11-16 03:00:00,15.5,78.5,,1004.0,25.0,3.0,,,D,19,False,False
2008-009,2008,9,BOB,NISHA,2008-11-25 09:00:00,2008-11-25 09:00:00,8.5,81.0,1.5,1001.0,25.0,4.0,,,D,0,False,False
2008-009,2008,9,BOB,NISHA,2008-11-25 12:00:00,2008-11-25 12:00:00,8.5,81.0,2.0,1001.0,30.0,5.0,,,DD,1,False,False
2008-009,2008,9,BOB,NISHA,2008-11-25 15:00:00,2008-11-25 15:00:00,9.0,81.0,2.0,1001.0,30.0,5.0,,,DD,2,False,False
2008-009,2008,9,BOB,NISHA,2008-11-25 18:00:00,2008-11-25 18:00:00,9.5,80.5,2.0,1002.0,30.0,5.0,,,DD,3,False,False
2008-009,2008,9,BOB,NISHA,2008-11-25 21:00:00,2008-11-25 21:00:00,10.0,80.0,2.0,1002.0,30.0,5.0,,,DD,4,False,False
2008-009,2008,9,BOB,NISHA,2008-11-26 00:00:00,2008-11-26 00:00:00,10.0,80.0,2.0,1000.0,30.0,6.0,,,DD,5,False,False
2008-009,2008,9,BOB,NISHA,2008-11-26 03:00:00,2008-11-26 03:00:00,10.5,80.0,2.5,1000.0,40.0,8.0,,,CS,6,False,False
2008-009,2008,9,BOB,NISHA,2008-11-26 06:00:00,2008-11-26 06:00:00,10.5,80.0,2.5,1000.0,40.0,8.0,,,CS,7,False,False
2008-009,2008,9,BOB,NISHA,2008-11-26 09:00:00,2008-11-26 09:00:00,10.5,80.0,3.0,996.0,45.0,10.0,,,CS,8,False,False
2008-009,2008,9,BOB,NISHA,2008-11-26 12:00:00,2008-11-26 12:00:00,10.8,80.0,3.0,996.0,45.0,10.0,,,CS,9,False,False
2008-009,2008,9,BOB,NISHA,2008-11-26 15:00:00,2008-11-26 15:00:00,11.0,80.0,3.0,998.0,45.0,10.0,,,CS,10,False,False
2008-009,2008,9,BOB,NISHA,2008-11-26 18:00:00,2008-11-26 18:00:00,11.0,80.0,3.0,998.0,45.0,10.0,,,CS,11,False,False
2008-009,2008,9,BOB,NISHA,2008-11-26 21:00:00,2008-11-26 21:00:00,11.0,80.0,3.0,996.0,45.0,10.0,,,CS,12,False,False
2008-009,2008,9,BOB,NISHA,2008-11-27 00:00:00,2008-11-27 00:00:00,11.3,79.9,3.0,996.0,45.0,10.0,,,CS,13,False,False
2008-009,2008,9,BOB,NISHA,2008-11-27 03:00:00,2008-11-27 03:00:00,11.5,79.5,,1000.0,40.0,8.0,,,CS,14,False,False
2008-009,2008,9,BOB,NISHA,2008-11-27 09:00:00,2008-11-27 09:00:00,12.0,79.0,,1000.0,30.0,5.0,,,DD,15,False,False
2008-009,2008,9,BOB,NISHA,2008-11-27 12:00:00,2008-11-27 12:00:00,12.0,78.5,,1000.0,20.0,3.0,,,D,16,False,False
2008-010,2008,10,BOB,,2008-04-12 03:00:00,2008-12-04 03:00:00,6.5,90.0,1.5,1006.0,25.0,4.0,,,D,0,False,True
2008-010,2008,10,BOB,,2008-04-12 09:00:00,2008-12-04 09:00:00,7.0,89.5,1.5,1006.0,25.0,4.0,,,D,1,False,True
2008-010,2008,10,BOB,,2008-04-12 12:00:00,2008-12-04 12:00:00,7.0,89.5,1.5,1006.0,25.0,4.0,,,D,2,False,True
2008-010,2008,10,BOB,,2008-04-12 18:00:00,2008-12-04 18:00:00,7.0,89.0,1.5,1006.0,25.0,4.0,,,D,3,False,True
2008-010,2008,10,BOB,,2008-05-12 00:00:00,2008-12-05 00:00:00,7.5,88.5,2.0,1004.0,30.0,5.0,,,DD,4,False,True
2008-010,2008,10,BOB,,2008-05-12 03:00:00,2008-12-05 03:00:00,7.5,88.5,2.0,1004.0,30.0,5.0,,,DD,5,False,True
2008-010,2008,10,BOB,,2008-05-12 09:00:00,2008-12-05 09:00:00,8.0,88.0,2.0,1004.0,30.0,5.0,,,DD,6,False,True
2008-010,2008,10,BOB,,2008-05-12 12:00:00,2008-12-05 12:00:00,8.5,87.5,2.0,1004.0,30.0,5.0,,,DD,7,False,True
2008-010,2008,10,BOB,,2008-05-12 18:00:00,2008-12-05 18:00:00,8.5,87.0,2.0,1004.0,30.0,5.0,,,DD,8,False,True
2008-010,2008,10,BOB,,2008-06-12 03:00:00,2008-12-06 03:00:00,8.5,85.0,2.0,1006.0,30.0,5.0,,,DD,9,False,True
2008-010,2008,10,BOB,,2008-06-12 09:00:00,2008-12-06 09:00:00,8.5,84.5,2.0,1006.0,30.0,5.0,,,DD,10,False,True
2008-010,2008,10,BOB,,2008-06-12 12:00:00,2008-12-06 12:00:00,8.5,84.0,2.0,1004.0,30.0,5.0,,,DD,11,False,True
2008-010,2008,10,BOB,,2008-06-12 18:00:00,2008-12-06 18:00:00,8.5,83.5,2.0,1004.0,30.0,5.0,,,DD,12,False,True
2008-010,2008,10,BOB,,2008-07-12 00:00:00,2008-12-07 00:00:00,8.5,83.0,1.5,1006.0,25.0,4.0,,,D,13,False,True
2008-010,2008,10,BOB,,2008-07-12 03:00:00,2008-12-07 03:00:00,8.5,82.5,1.5,1006.0,25.0,4.0,,,D,14,False,True
2008-010,2008,10,BOB,,2008-07-12 09:00:00,2008-12-07 09:00:00,8.5,82.0,1.5,1006.0,25.0,4.0,,,D,15,False,True
2008-010,2008,10,BOB,,2008-07-12 12:00:00,2008-12-07 12:00:00,8.5,81.5,1.5,1006.0,25.0,4.0,,,D,16,False,True
2009-001,2009,1,BOB,BIJLI,2009-04-14 09:00:00,2009-04-14 09:00:00,12.5,88.0,1.5,1004.0,25.0,3.0,,,D,0,False,False
2009-001,2009,1,BOB,BIJLI,2009-04-14 12:00:00,2009-04-14 12:00:00,12.5,88.0,1.5,1002.0,25.0,3.0,,,D,1,False,False
2009-001,2009,1,BOB,BIJLI,2009-04-14 18:00:00,2009-04-14 18:00:00,12.5,88.0,1.5,1002.0,25.0,4.0,,,D,2,False,False
2009-001,2009,1,BOB,BIJLI,2009-04-15 00:00:00,2009-04-15 00:00:00,13.0,88.0,1.5,1000.0,25.0,4.0,,,D,3,False,False
2009-001,2009,1,BOB,BIJLI,2009-04-15 03:00:00,2009-04-15 03:00:00,13.5,87.5,1.5,1000.0,25.0,4.0,,,D,4,False,False
2009-001,2009,1,BOB,BIJLI,2009-04-15 06:00:00,2009-04-15 06:00:00,14.0,87.5,2.0,1000.0,30.0,6.0,,,DD,5,False,False
2009-001,2009,1,BOB,BIJLI,2009-04-15 12:00:00,2009-04-15 12:00:00,15.0,86.5,2.5,996.0,40.0,8.0,,,CS,6,False,False
2009-001,2009,1,BOB,BIJLI,2009-04-15 15:00:00,2009-04-15 15:00:00,15.5,86.5,2.5,996.0,40.0,8.0,,,CS,7,False,False
2009-001,2009,1,BOB,BIJLI,2009-04-15 18:00:00,2009-04-15 18:00:00,16.0,86.5,2.5,996.0,40.0,8.0,,,CS,8,False,False
2009-001,2009,1,BOB,BIJLI,2009-04-15 21:00:00,2009-04-15 21:00:00,16.0,86.5,2.5,996.0,40.0,8.0,,,CS,9,False,False
2009-001,2009,1,BOB,BIJLI,2009-04-16 00:00:00,2009-04-16 00:00:00,16.5,86.0,2.5,996.0,40.0,8.0,,,CS,10,False,False
2009-001,2009,1,BOB,BIJLI,2009-04-16 03:00:00,2009-04-16 03:00:00,17.0,86.0,2.5,996.0,40.0,8.0,,,CS,11,False,False
2009-001,2009,1,BOB,BIJLI,2009-04-16 06:00:00,2009-04-16 06:00:00,17.5,86.0,2.5,996.0,40.0,8.0,,,CS,12,False,False
2009-001,2009,1,BOB,BIJLI,2009-04-16 09:00:00,2009-04-16 09:00:00,18.0,86.0,2.5,996.0,40.0,8.0,,,CS,13,False,False
2009-001,2009,1,BOB,BIJLI,2009-04-16 12:00:00,2009-04-16 12:00:00,18.5,86.5,2.5,996.0,40.0,8.0,,,CS,14,False,False
2009-001,2009,1,BOB,BIJLI,2009-04-16 15:00:00,2009-04-16 15:00:00,18.5,86.5,2.5,996.0,40.0,8.0,,,CS,15,False,False
2009-001,2009,1,BOB,BIJLI,2009-04-16 18:00:00,2009-04-16 18:00:00,19.5,87.0,2.5,996.0,40.0,8.0,,,CS,16,False,False
2009-001,2009,1,BOB,BIJLI,2009-04-16 21:00:00,2009-04-16 21:00:00,20.0,87.5,2.5,996.0,40.0,8.0,,,CS,17,False,False
2009-001,2009,1,BOB,BIJLI,2009-04-17 00:00:00,2009-04-17 00:00:00,20.5,88.0,2.5,996.0,40.0,8.0,,,CS,18,False,False
2009-001,2009,1,BOB,BIJLI,2009-04-17 03:00:00,2009-04-17 03:00:00,20.5,88.5,2.5,996.0,35.0,6.0,,,CS,19,False,False
2009-001,2009,1,BOB,BIJLI,2009-04-17 06:00:00,2009-04-17 06:00:00,21.0,89.0,2.5,996.0,35.0,6.0,,,CS,20,False,False
2009-001,2009,1,BOB,BIJLI,2009-04-17 09:00:00,2009-04-17 09:00:00,21.5,89.5,2.0,996.0,30.0,5.0,,,DD,21,False,False
2009-001,2009,1,BOB,BIJLI,2009-04-17 12:00:00,2009-04-17 12:00:00,21.5,90.0,1.5,996.0,25.0,4.0,,,D,22,False,False
2009-001,2009,1,BOB,BIJLI,2009-04-17 15:00:00,2009-04-17 15:00:00,22.0,91.5,1.5,996.0,25.0,4.0,,,D,23,False,False
2009-002,2009,2,BOB,AILA,2009-05-23 06:00:00,2009-05-23 06:00:00,16.5,88.0,1.5,998.0,25.0,3.0,,,D,0,False,False
2009-002,2009,2,BOB,AILA,2009-05-23 12:00:00,2009-05-23 12:00:00,16.5,88.0,1.5,994.0,25.0,3.0,,,D,1,False,False
2009-002,2009,2,BOB,AILA,2009-05-23 18:00:00,2009-05-23 18:00:00,17.0,88.5,1.5,996.0,25.0,4.0,,,D,2,False,False
2009-002,2009,2,BOB,AILA,2009-05-24 00:00:00,2009-05-24 00:00:00,17.0,88.5,1.5,996.0,25.0,4.0,,,D,3,False,False
2009-002,2009,2,BOB,AILA,2009-05-24 03:00:00,2009-05-24 03:00:00,18.0,88.5,2.0,992.0,30.0,5.0,,,DD,4,False,False
2009-002,2009,2,BOB,AILA,2009-05-24 06:00:00,2009-05-24 06:00:00,18.0,88.5,2.0,988.0,30.0,5.0,,,DD,5,False,False
2009-002,2009,2,BOB,AILA,2009-05-24 09:00:00,2009-05-24 09:00:00,18.0,88.5,2.0,986.0,30.0,5.0,,,DD,6,False,False
2009-002,2009,2,BOB,AILA,2009-05-24 12:00:00,2009-05-24 12:00:00,18.5,88.5,2.5,986.0,35.0,6.0,,,CS,7,False,False
2009-002,2009,2,BOB,AILA,2009-05-24 15:00:00,2009-05-24 15:00:00,19.0,88.5,2.5,986.0,35.0,8.0,,,CS,8,False,False
2009-002,2009,2,BOB,AILA,2009-05-24 18:00:00,2009-05-24 18:00:00,19.0,88.5,2.5,986.0,35.0,8.0,,,CS,9,False,False
2009-002,2009,2,BOB,AILA,2009-05-24 21:00:00,2009-05-24 21:00:00,20.0,88.0,2.5,984.0,40.0,8.0,,,CS,10,False,False
2009-002,2009,2,BOB,AILA,2009-05-25 00:00:00,2009-05-25 00:00:00,20.0,88.0,2.5,980.0,40.0,10.0,,,CS,11,False,False
2009-002,2009,2,BOB,AILA,2009-05-25 03:00:00,2009-05-25 03:00:00,20.5,88.0,3.0,978.0,50.0,12.0,,,CS,12,False,False
2009-002,2009,2,BOB,AILA,2009-05-25 06:00:00,2009-05-25 06:00:00,21.5,88.0,3.5,974.0,55.0,15.0,,,SCS,13,False,False
2009-002,2009,2,BOB,AILA,2009-05-25 09:00:00,2009-05-25 09:00:00,22.0,88.0,,968.0,60.0,20.0,,,SCS,14,False,False
2009-002,2009,2,BOB,AILA,2009-05-25 12:00:00,2009-05-25 12:00:00,22.5,88.0,,970.0,50.0,16.0,,,SCS,15,False,False
2009-002,2009,2,BOB,AILA,2009-05-25 15:00:00,2009-05-25 15:00:00,23.0,88.0,,978.0,45.0,14.0,,,CS,16,False,False
2009-002,2009,2,BOB,AILA,2009-05-25 18:00:00,2009-05-25 18:00:00,23.5,88.0,,980.0,40.0,12.0,,,CS,17,False,False
2009-002,2009,2,BOB,AILA,2009-05-25 21:00:00,2009-05-25 21:00:00,24.0,88.0,,981.0,35.0,10.0,,,CS,18,False,False
2009-002,2009,2,BOB,AILA,2009-05-26 00:00:00,2009-05-26 00:00:00,25.0,88.0,,982.0,30.0,8.0,,,CS,19,False,False
2009-002,2009,2,BOB,AILA,2009-05-26 03:00:00,2009-05-26 03:00:00,25.5,88.0,,988.0,25.0,6.0,,,DD,20,False,False
2009-002,2009,2,BOB,AILA,2009-05-26 06:00:00,2009-05-26 06:00:00,27.0,88.5,,992.0,20.0,4.0,,,D,21,False,False
2009-003,2009,3,ARB,,2009-06-23 00:00:00,2009-06-23 00:00:00,18.0,71.5,1.5,998.0,25.0,4.0,,,D,0,False,False
2009-003,2009,3,ARB,,2009-06-23 03:00:00,2009-06-23 03:00:00,19.0,71.5,1.5,1000.0,25.0,4.0,,,D,1,False,False
2009-003,2009,3,ARB,,2009-06-23 06:00:00,2009-06-23 06:00:00,19.0,71.5,1.5,1000.0,25.0,4.0,,,D,2,False,False
2009-003,2009,3,ARB,,2009-06-23 09:00:00,2009-06-23 09:00:00,20.0,71.5,1.5,1000.0,25.0,4.0,,,D,3,False,False
2009-003,2009,3,ARB,,2009-06-23 12:00:00,2009-06-23 12:00:00,20.5,71.0,1.5,998.0,25.0,4.0,,,D,4,False,False
2009-003,2009,3,ARB,,2009-06-23 15:00:00,2009-06-23 15:00:00,21.0,71.0,,998.0,25.0,4.0,,,D,5,False,False
2009-003,2009,3,ARB,,2009-06-24 00:00:00,2009-06-24 00:00:00,21.5,70.5,,998.0,25.0,4.0,,,D,6,False,False
2009-004,2009,4,ARB,,2009-06-25 09:00:00,2009-06-25 09:00:00,22.5,68.5,1.5,996.0,25.0,4.0,,,D,0,False,False
2009-004,2009,4,ARB,,2009-06-25 12:00:00,2009-06-25 12:00:00,22.5,68.5,1.5,996.0,25.0,4.0,,,D,1,False,False
2009-004,2009,4,ARB,,2009-06-25 18:00:00,2009-06-25 18:00:00,23.0,68.5,1.5,996.0,25.0,4.0,,,D,2,False,False
2009-005,2009,5,BOB,,2009-07-20 03:00:00,2009-07-20 03:00:00,21.0,88.5,1.5,992.0,25.0,3.0,,,D,0,False,False
2009-005,2009,5,BOB,,2009-07-20 06:00:00,2009-07-20 06:00:00,21.0,88.5,1.5,992.0,25.0,3.0,,,D,1,False,False
2009-005,2009,5,BOB,,2009-07-20 12:00:00,2009-07-20 12:00:00,21.0,88.0,2.0,988.0,30.0,4.0,,,DD,2,False,False
2009-005,2009,5,BOB,,2009-07-20 18:00:00,2009-07-20 18:00:00,21.5,87.0,,992.0,30.0,4.0,,,DD,3,False,False
2009-005,2009,5,BOB,,2009-07-21 00:00:00,2009-07-21 00:00:00,22.0,85.0,,992.0,30.0,4.0,,,DD,4,False,False
2009-005,2009,5,BOB,,2009-07-21 03:00:00,2009-07-21 03:00:00,22.0,84.5,,992.0,30.0,4.0,,,DD,5,False,False
2009-005,2009,5,BOB,,2009-07-21 06:00:00,2009-07-21 06:00:00,22.0,84.0,,994.0,25.0,3.0,,,D,6,False,False
2009-006,2009,6,BOB,,2009-05-09 00:00:00,2009-09-05 00:00:00,20.5,88.0,1.5,990.0,25.0,3.0,,,D,0,False,True
2009-006,2009,6,BOB,,2009-05-09 03:00:00,2009-09-05 03:00:00,21.0,87.5,2.0,988.0,30.0,4.0,,,DD,1,False,True
2009-006,2009,6,BOB,,2009-05-09 06:00:00,2009-09-05 06:00:00,21.5,88.0,2.0,988.0,30.0,4.0,,,DD,2,False,True
2009-006,2009,6,BOB,,2009-05-09 09:00:00,2009-09-05 09:00:00,22.0,87.5,,988.0,30.0,4.0,,,DD,3,False,True
2009-006,2009,6,BOB,,2009-05-09 12:00:00,2009-09-05 12:00:00,22.5,87.5,,988.0,30.0,4.0,,,DD,4,False,True
2009-006,2009,6,BOB,,2009-05-09 18:00:00,2009-09-05 18:00:00,23.0,87.0,,988.0,30.0,4.0,,,DD,5,False,True
2009-006,2009,6,BOB,,2009-06-09 00:00:00,2009-09-06 00:00:00,23.0,86.5,,988.0,30.0,4.0,,,DD,6,False,True
2009-006,2009,6,BOB,,2009-06-09 03:00:00,2009-09-06 03:00:00,23.5,86.0,,988.0,30.0,4.0,,,DD,7,False,True
2009-006,2009,6,BOB,,2009-06-09 09:00:00,2009-09-06 09:00:00,23.5,85.5,,988.0,30.0,4.0,,,DD,8,False,True
2009-006,2009,6,BOB,,2009-06-09 12:00:00,2009-09-06 12:00:00,24.0,85.0,,988.0,30.0,4.0,,,DD,9,False,True
2009-006,2009,6,BOB,,2009-06-09 18:00:00,2009-09-06 18:00:00,24.3,84.5,,988.0,30.0,4.0,,,DD,10,False,True
2009-006,2009,6,BOB,,2009-07-09 00:00:00,2009-09-07 00:00:00,24.5,84.0,,988.0,30.0,4.0,,,DD,11,False,True
2009-006,2009,6,BOB,,2009-07-09 03:00:00,2009-09-07 03:00:00,24.5,84.0,,990.0,30.0,4.0,,,DD,12,False,True
2009-006,2009,6,BOB,,2009-07-09 09:00:00,2009-09-07 09:00:00,24.5,84.0,,994.0,25.0,3.0,,,D,13,False,True
2009-007,2009,7,ARB,PHYAN,2009-09-11 09:00:00,2009-11-09 09:00:00,11.0,72.0,1.5,1000.0,25.0,4.0,,,D,0,False,True
2009-007,2009,7,ARB,PHYAN,2009-09-11 12:00:00,2009-11-09 12:00:00,11.5,71.5,1.5,1000.0,25.0,4.0,,,D,1,False,True
2009-007,2009,7,ARB,PHYAN,2009-09-11 18:00:00,2009-11-09 18:00:00,12.0,71.0,1.5,1000.0,25.0,4.0,,,D,2,False,True
2009-007,2009,7,ARB,PHYAN,2009-10-11 00:00:00,2009-11-10 00:00:00,12.5,70.5,1.5,998.0,25.0,4.0,,,D,3,False,True
2009-007,2009,7,ARB,PHYAN,2009-10-11 03:00:00,2009-11-10 03:00:00,13.0,70.5,2.0,998.0,30.0,5.0,,,DD,4,False,True
2009-007,2009,7,ARB,PHYAN,2009-10-11 06:00:00,2009-11-10 06:00:00,13.5,70.5,2.0,998.0,30.0,5.0,,,DD,5,False,True
2009-007,2009,7,ARB,PHYAN,2009-10-11 12:00:00,2009-11-10 12:00:00,14.5,71.0,2.0,996.0,30.0,5.0,,,DD,6,False,True
2009-007,2009,7,ARB,PHYAN,2009-10-11 18:00:00,2009-11-10 18:00:00,15.0,71.0,2.5,996.0,35.0,6.0,,,CS,7,False,True
2009-007,2009,7,ARB,PHYAN,2009-10-11 21:00:00,2009-11-10 21:00:00,15.5,71.5,2.5,994.0,35.0,6.0,,,CS,8,False,True
2009-007,2009,7,ARB,PHYAN,2009-11-11 00:00:00,2009-11-11 00:00:00,16.0,71.5,2.5,992.0,40.0,8.0,,,CS,9,False,False
2009-007,2009,7,ARB,PHYAN,2009-11-11 03:00:00,2009-11-11 03:00:00,17.0,72.0,3.0,990.0,45.0,10.0,,,CS,10,False,False
2009-007,2009,7,ARB,PHYAN,2009-11-11 06:00:00,2009-11-11 06:00:00,17.5,72.5,3.0,988.0,45.0,12.0,,,CS,11,False,False
2009-007,2009,7,ARB,PHYAN,2009-11-11 09:00:00,2009-11-11 09:00:00,18.5,72.5,2.5,992.0,40.0,8.0,,,CS,12,False,False
2009-007,2009,7,ARB,PHYAN,2009-11-11 12:00:00,2009-11-11 12:00:00,19.5,73.5,,996.0,30.0,5.0,,,DD,13,False,False
2009-007,2009,7,ARB,PHYAN,2009-11-11 15:00:00,2009-11-11 15:00:00,20.0,74.0,,998.0,30.0,5.0,,,DD,14,False,False
2009-007,2009,7,ARB,PHYAN,2009-11-11 18:00:00,2009-11-11 18:00:00,20.0,74.0,,1000.0,20.0,4.0,,,D,15,False,False
2009-008,2009,8,BOB,WARD,2009-10-12 09:00:00,2009-12-10 09:00:00,6.5,85.0,1.5,1004.0,25.0,3.0,,,D,0,False,True
2009-008,2009,8,BOB,WARD,2009-10-12 12:00:00,2009-12-10 12:00:00,6.5,85.0,1.5,1004.0,25.0,3.0,,,D,1,False,True
2009-008,2009,8,BOB,WARD,2009-10-12 18:00:00,2009-12-10 18:00:00,6.5,85.0,1.5,1003.0,25.0,4.0,,,D,2,False,True
2009-008,2009,8,BOB,WARD,2009-11-12 00:00:00,2009-12-11 00:00:00,7.0,84.5,2.0,1000.0,30.0,5.0,,,DD,3,False,True
2009-008,2009,8,BOB,WARD,2009-11-12 03:00:00,2009-12-11 03:00:00,7.0,84.5,2.0,1000.0,30.0,5.0,,,DD,4,False,True
2009-008,2009,8,BOB,WARD,2009-11-12 06:00:00,2009-12-11 06:00:00,8.0,84.5,2.0,1000.0,30.0,5.0,,,DD,5,False,True
2009-008,2009,8,BOB,WARD,2009-11-12 09:00:00,2009-12-11 09:00:00,8.5,84.5,2.5,998.0,35.0,6.0,,,CS,6,False,True
2009-008,2009,8,BOB,WARD,2009-11-12 12:00:00,2009-12-11 12:00:00,8.5,84.5,2.5,998.0,35.0,6.0,,,CS,7,False,True
2009-008,2009,8,BOB,WARD,2009-11-12 15:00:00,2009-12-11 15:00:00,9.0,84.5,2.5,998.0,35.0,6.0,,,CS,8,False,True
2009-008,2009,8,BOB,WARD,2009-11-12 18:00:00,2009-12-11 18:00:00,9.0,84.5,2.5,998.0,40.0,8.0,,,CS,9,False,True
2009-008,2009,8,BOB,WARD,2009-11-12 21:00:00,2009-12-11 21:00:00,9.5,84.5,3.0,996.0,45.0,10.0,,,CS,10,False,True
2009-008,2009,8,BOB,WARD,2009-12-12 00:00:00,2009-12-12 00:00:00,10.0,84.5,3.0,996.0,45.0,10.0,,,CS,11,False,False
2009-008,2009,8,BOB,WARD,2009-12-12 03:00:00,2009-12-12 03:00:00,10.0,84.5,3.0,996.0,45.0,10.0,,,CS,12,False,False
2009-008,2009,8,BOB,WARD,2009-12-12 06:00:00,2009-12-12 06:00:00,10.0,84.5,3.0,996.0,45.0,10.0,,,CS,13,False,False
2009-008,2009,8,BOB,WARD,2009-12-12 09:00:00,2009-12-12 09:00:00,10.0,84.0,2.5,998.0,40.0,8.0,,,CS,14,False,False
2009-008,2009,8,BOB,WARD,2009-12-12 12:00:00,2009-12-12 12:00:00,10.0,83.5,2.5,998.0,35.0,6.0,,,CS,15,False,False
2009-008,2009,8,BOB,WARD,2009-12-12 15:00:00,2009-12-12 15:00:00,10.0,83.5,2.5,998.0,35.0,6.0,,,CS,16,False,False
2009-008,2009,8,BOB,WARD,2009-12-12 18:00:00,2009-12-12 18:00:00,9.5,83.5,2.0,1000.0,30.0,5.0,,,DD,17,False,False
2009-008,2009,8,BOB,WARD,2009-12-13 00:00:00,2009-12-13 00:00:00,9.5,83.0,2.0,1000.0,30.0,5.0,,,DD,18,False,False
2009-008,2009,8,BOB,WARD,2009-12-13 03:00:00,2009-12-13 03:00:00,9.5,83.0,2.0,1000.0,30.0,5.0,,,DD,19,False,False
2009-008,2009,8,BOB,WARD,2009-12-13 06:00:00,2009-12-13 06:00:00,9.0,83.0,2.0,1002.0,30.0,5.0,,,DD,20,False,False
2009-008,2009,8,BOB,WARD,2009-12-13 12:00:00,2009-12-13 12:00:00,9.0,83.0,2.0,1002.0,30.0,5.0,,,DD,21,False,False
2009-008,2009,8,BOB,WARD,2009-12-13 18:00:00,2009-12-13 18:00:00,9.0,82.5,2.0,1002.0,30.0,5.0,,,DD,22,False,False
2009-008,2009,8,BOB,WARD,2009-12-14 00:00:00,2009-12-14 00:00:00,9.0,82.0,2.0,1002.0,30.0,5.0,,,DD,23,False,False
2009-008,2009,8,BOB,WARD,2009-12-14 03:00:00,2009-12-14 03:00:00,8.5,81.5,2.0,1004.0,30.0,5.0,,,DD,24,False,False
2009-008,2009,8,BOB,WARD,2009-12-14 06:00:00,2009-12-14 06:00:00,8.5,81.5,2.0,1004.0,30.0,5.0,,,DD,25,False,False
2009-008,2009,8,BOB,WARD,2009-12-14 09:00:00,2009-12-14 09:00:00,8.5,81.0,,1004.0,25.0,4.0,,,D,26,False,False
2009-008,2009,8,BOB,WARD,2009-12-14 12:00:00,2009-12-14 12:00:00,8.5,81.0,,1004.0,25.0,3.0,,,D,27,False,False
2009-008,2009,8,BOB,WARD,2009-12-14 18:00:00,2009-12-14 18:00:00,8.5,81.0,,1005.0,25.0,3.0,,,D,28,False,False
2009-008,2009,8,BOB,WARD,2009-12-15 00:00:00,2009-12-15 00:00:00,8.5,80.5,,1007.0,25.0,3.0,,,D,29,False,False
2010-001,2010,1,BOB,LAILA,2010-05-17 06:00:00,2010-05-17 06:00:00,10.5,88.5,1.5,1004.0,25.0,3.0,,,D,0,False,False
2010-001,2010,1,BOB,LAILA,2010-05-17 12:00:00,2010-05-17 12:00:00,11.0,88.0,2.0,1000.0,30.0,5.0,,,DD,1,False,False
2010-001,2010,1,BOB,LAILA,2010-05-17 18:00:00,2010-05-17 18:00:00,11.5,87.5,2.0,998.0,30.0,5.0,,,DD,2,False,False
2010-001,2010,1,BOB,LAILA,2010-05-18 00:00:00,2010-05-18 00:00:00,11.5,86.5,2.5,998.0,35.0,6.0,,,CS,3,False,False
2010-001,2010,1,BOB,LAILA,2010-05-18 03:00:00,2010-05-18 03:00:00,12.0,85.5,2.5,996.0,40.0,6.0,,,CS,4,False,False
2010-001,2010,1,BOB,LAILA,2010-05-18 06:00:00,2010-05-18 06:00:00,12.5,84.5,3.0,992.0,45.0,8.0,,,CS,5,False,False
2010-001,2010,1,BOB,LAILA,2010-05-18 09:00:00,2010-05-18 09:00:00,13.0,84.0,3.0,992.0,45.0,8.0,,,CS,6,False,False
2010-001,2010,1,BOB,LAILA,2010-05-18 12:00:00,2010-05-18 12:00:00,13.0,83.5,3.0,990.0,45.0,10.0,,,CS,7,False,False
2010-001,2010,1,BOB,LAILA,2010-05-18 15:00:00,2010-05-18 15:00:00,13.0,83.0,3.0,990.0,45.0,10.0,,,CS,8,False,False
2010-001,2010,1,BOB,LAILA,2010-05-18 18:00:00,2010-05-18 18:00:00,13.0,82.5,3.0,990.0,45.0,10.0,,,CS,9,False,False
2010-001,2010,1,BOB,LAILA,2010-05-18 21:00:00,2010-05-18 21:00:00,13.0,82.0,3.0,990.0,45.0,10.0,,,CS,10,False,False
2010-001,2010,1,BOB,LAILA,2010-05-19 00:00:00,2010-05-19 00:00:00,13.5,82.0,3.0,990.0,45.0,10.0,,,CS,11,False,False
2010-001,2010,1,BOB,LAILA,2010-05-19 03:00:00,2010-05-19 03:00:00,13.5,82.0,3.0,990.0,45.0,10.0,,,CS,12,False,False
2010-001,2010,1,BOB,LAILA,2010-05-19 06:00:00,2010-05-19 06:00:00,13.5,81.5,3.5,986.0,55.0,15.0,,,SCS,13,False,False
2010-001,2010,1,BOB,LAILA,2010-05-19 09:00:00,2010-05-19 09:00:00,14.0,81.5,3.5,986.0,55.0,15.0,,,SCS,14,False,False
2010-001,2010,1,BOB,LAILA,2010-05-19 12:00:00,2010-05-19 12:00:00,14.0,81.5,3.5,986.0,55.0,15.0,,,SCS,15,False,False
2010-001,2010,1,BOB,LAILA,2010-05-19 15:00:00,2010-05-19 15:00:00,14.0,81.5,3.5,986.0,55.0,15.0,,,SCS,16,False,False
2010-001,2010,1,BOB,LAILA,2010-05-19 18:00:00,2010-05-19 18:00:00,14.5,81.0,3.5,986.0,55.0,15.0,,,SCS,17,False,False
2010-001,2010,1,BOB,LAILA,2010-05-19 21:00:00,2010-05-19 21:00:00,14.5,81.0,3.5,986.0,55.0,15.0,,,SCS,18,False,False
2010-001,2010,1,BOB,LAILA,2010-05-20 00:00:00,2010-05-20 00:00:00,15.0,81.0,3.5,986.0,55.0,15.0,,,SCS,19,False,False
2010-001,2010,1,BOB,LAILA,2010-05-20 03:00:00,2010-05-20 03:00:00,15.5,80.5,3.5,986.0,55.0,15.0,,,SCS,20,False,False
2010-001,2010,1,BOB,LAILA,2010-05-20 06:00:00,2010-05-20 06:00:00,15.7,80.5,3.5,986.0,55.0,15.0,,,SCS,21,False,False
2010-001,2010,1,BOB,LAILA,2010-05-20 09:00:00,2010-05-20 09:00:00,15.8,80.5,3.5,986.0,55.0,15.0,,,SCS,22,False,False
2010-001,2010,1,BOB,LAILA,2010-05-20 12:00:00,2010-05-20 12:00:00,16.0,80.5,,990.0,45.0,12.0,,,CS,23,False,False
2010-001,2010,1,BOB,LAILA,2010-05-20 15:00:00,2010-05-20 15:00:00,16.0,80.5,,990.0,45.0,12.0,,,CS,24,False,False
2010-001,2010,1,BOB,LAILA,2010-05-20 18:00:00,2010-05-20 18:00:00,16.0,80.5,,990.0,45.0,10.0,,,CS,25,False,False
2010-001,2010,1,BOB,LAILA,2010-05-20 21:00:00,2010-05-20 21:00:00,16.0,80.7,,990.0,40.0,10.0,,,CS,26,False,False
2010-001,2010,1,BOB,LAILA,2010-05-21 00:00:00,2010-05-21 00:00:00,16.2,80.8,,990.0,35.0,10.0,,,CS,27,False,False
2010-001,2010,1,BOB,LAILA,2010-05-21 03:00:00,2010-05-21 03:00:00,16.5,81.0,,995.0,30.0,5.0,,,DD,28,False,False
2010-001,2010,1,BOB,LAILA,2010-05-21 06:00:00,2010-05-21 06:00:00,17.0,81.5,,999.0,20.0,3.0,,,D,29,False,False
2010-002,2010,2,ARB,BANDU,2010-05-19 09:00:00,2010-05-19 09:00:00,10.5,54.0,1.5,1002.0,25.0,3.0,,,D,0,False,False
2010-002,2010,2,ARB,BANDU,2010-05-19 12:00:00,2010-05-19 12:00:00,11.0,54.0,1.5,1002.0,25.0,3.0,,,D,1,False,False
2010-002,2010,2,ARB,BANDU,2010-05-19 15:00:00,2010-05-19 15:00:00,11.5,53.5,1.5,1002.0,25.0,4.0,,,D,2,False,False
2010-002,2010,2,ARB,BANDU,2010-05-19 18:00:00,2010-05-19 18:00:00,11.5,53.5,2.0,1000.0,30.0,5.0,,,DD,3,False,False
2010-002,2010,2,ARB,BANDU,2010-05-19 21:00:00,2010-05-19 21:00:00,11.5,53.0,2.0,1000.0,30.0,5.0,,,DD,4,False,False
2010-002,2010,2,ARB,BANDU,2010-05-20 00:00:00,2010-05-20 00:00:00,11.5,53.0,2.0,1000.0,30.0,5.0,,,DD,5,False,False
2010-002,2010,2,ARB,BANDU,2010-05-20 03:00:00,2010-05-20 03:00:00,11.5,53.0,2.0,999.0,30.0,5.0,,,DD,6,False,False
2010-002,2010,2,ARB,BANDU,2010-05-20 06:00:00,2010-05-20 06:00:00,11.5,53.0,2.0,999.0,30.0,5.0,,,DD,7,False,False
2010-002,2010,2,ARB,BANDU,2010-05-20 09:00:00,2010-05-20 09:00:00,12.0,53.0,2.0,999.0,30.0,5.0,,,DD,8,False,False
2010-002,2010,2,ARB,BANDU,2010-05-20 12:00:00,2010-05-20 12:00:00,12.5,52.5,2.0,999.0,30.0,5.0,,,DD,9,False,False
2010-002,2010,2,ARB,BANDU,2010-05-20 18:00:00,2010-05-20 18:00:00,12.5,51.5,2.0,999.0,30.0,5.0,,,DD,10,False,False
2010-002,2010,2,ARB,BANDU,2010-05-21 00:00:00,2010-05-21 00:00:00,12.5,51.5,2.0,998.0,30.0,5.0,,,DD,11,False,False
2010-002,2010,2,ARB,BANDU,2010-05-21 03:00:00,2010-05-21 03:00:00,12.5,51.5,2.0,998.0,30.0,5.0,,,DD,12,False,False
2010-002,2010,2,ARB,BANDU,2010-05-21 06:00:00,2010-05-21 06:00:00,12.5,51.5,2.0,998.0,30.0,5.0,,,DD,13,False,False
2010-002,2010,2,ARB,BANDU,2010-05-21 09:00:00,2010-05-21 09:00:00,12.5,51.5,2.0,996.0,30.0,6.0,,,DD,14,False,False
2010-002,2010,2,ARB,BANDU,2010-05-21 12:00:00,2010-05-21 12:00:00,12.5,51.5,2.5,994.0,40.0,8.0,,,CS,15,False,False
2010-002,2010,2,ARB,BANDU,2010-05-21 15:00:00,2010-05-21 15:00:00,12.5,51.5,2.5,994.0,40.0,8.0,,,CS,16,False,False
2010-002,2010,2,ARB,BANDU,2010-05-21 18:00:00,2010-05-21 18:00:00,12.5,51.5,2.5,994.0,40.0,8.0,,,CS,17,False,False
2010-002,2010,2,ARB,BANDU,2010-05-21 21:00:00,2010-05-21 21:00:00,12.5,51.0,2.5,994.0,40.0,8.0,,,CS,18,False,False
2010-002,2010,2,ARB,BANDU,2010-05-22 00:00:00,2010-05-22 00:00:00,12.5,50.5,2.5,994.0,40.0,8.0,,,CS,19,False,False
2010-002,2010,2,ARB,BANDU,2010-05-22 03:00:00,2010-05-22 03:00:00,12.5,50.5,2.5,994.0,40.0,8.0,,,CS,20,False,False
2010-002,2010,2,ARB,BANDU,2010-05-22 06:00:00,2010-05-22 06:00:00,12.5,50.5,2.5,994.0,40.0,8.0,,,CS,21,False,False
2010-002,2010,2,ARB,BANDU,2010-05-22 09:00:00,2010-05-22 09:00:00,12.5,50.0,2.5,996.0,35.0,7.0,,,CS,22,False,False
2010-002,2010,2,ARB,BANDU,2010-05-22 12:00:00,2010-05-22 12:00:00,12.5,50.0,2.0,998.0,30.0,5.0,,,DD,23,False,False
2010-002,2010,2,ARB,BANDU,2010-05-22 18:00:00,2010-05-22 18:00:00,12.5,50.0,1.5,1000.0,25.0,3.0,,,D,24,False,False
2010-003,2010,3,ARB,PHET,2010-05-31 06:00:00,2010-05-31 06:00:00,15.0,64.0,1.5,1001.0,25.0,3.0,,,D,0,False,False
2010-003,2010,3,ARB,PHET,2010-05-31 12:00:00,2010-05-31 12:00:00,15.5,63.5,1.5,1001.0,25.0,3.0,,,D,1,False,False
2010-003,2010,3,ARB,PHET,2010-05-31 18:00:00,2010-05-31 18:00:00,15.5,63.5,1.5,999.0,25.0,4.0,,,D,2,False,False
2010-003,2010,3,ARB,PHET,2010-06-01 00:00:00,2010-06-01 00:00:00,15.5,63.5,2.0,998.0,30.0,5.0,,,DD,3,False,False
2010-003,2010,3,ARB,PHET,2010-06-01 03:00:00,2010-06-01 03:00:00,15.5,63.5,2.0,998.0,30.0,5.0,,,DD,4,False,False
2010-003,2010,3,ARB,PHET,2010-06-01 06:00:00,2010-06-01 06:00:00,16.0,63.0,2.0,996.0,30.0,5.0,,,DD,5,False,False
2010-003,2010,3,ARB,PHET,2010-06-01 09:00:00,2010-06-01 09:00:00,16.0,63.0,2.5,995.0,35.0,7.0,,,CS,6,False,False
2010-003,2010,3,ARB,PHET,2010-06-01 12:00:00,2010-06-01 12:00:00,16.5,62.5,2.5,994.0,35.0,7.0,,,CS,7,False,False
2010-003,2010,3,ARB,PHET,2010-06-01 15:00:00,2010-06-01 15:00:00,16.5,62.5,2.5,992.0,40.0,8.0,,,CS,8,False,False
2010-003,2010,3,ARB,PHET,2010-06-01 18:00:00,2010-06-01 18:00:00,17.0,62.0,3.0,990.0,45.0,10.0,,,CS,9,False,False
2010-003,2010,3,ARB,PHET,2010-06-01 21:00:00,2010-06-01 21:00:00,17.0,62.0,3.0,990.0,45.0,10.0,,,CS,10,False,False
2010-003,2010,3,ARB,PHET,2010-06-02 00:00:00,2010-06-02 00:00:00,17.5,61.5,3.5,986.0,55.0,15.0,,,SCS,11,False,False
2010-003,2010,3,ARB,PHET,2010-06-02 03:00:00,2010-06-02 03:00:00,17.5,61.0,3.5,984.0,60.0,18.0,,,SCS,12,False,False
2010-003,2010,3,ARB,PHET,2010-06-02 06:00:00,2010-06-02 06:00:00,17.5,61.0,4.0,978.0,70.0,24.0,,,VSCS,13,False,False
2010-003,2010,3,ARB,PHET,2010-06-02 09:00:00,2010-06-02 09:00:00,18.0,60.5,4.5,968.0,80.0,32.0,,,VSCS,14,False,False
2010-003,2010,3,ARB,PHET,2010-06-02 12:00:00,2010-06-02 12:00:00,18.0,60.5,4.5,964.0,85.0,36.0,,,VSCS,15,False,False
2010-003,2010,3,ARB,PHET,2010-06-02 15:00:00,2010-06-02 15:00:00,18.5,60.0,4.5,964.0,85.0,36.0,,,VSCS,16,False,False
2010-003,2010,3,ARB,PHET,2010-06-02 18:00:00,2010-06-02 18:00:00,18.5,60.0,4.5,966.0,85.0,36.0,,,VSCS,17,False,False
2010-003,2010,3,ARB,PHET,2010-06-02 21:00:00,2010-06-02 21:00:00,18.5,60.0,4.5,970.0,80.0,32.0,,,VSCS,18,False,False
2010-003,2010,3,ARB,PHET,2010-06-03 00:00:00,2010-06-03 00:00:00,18.5,59.5,4.0,974.0,75.0,28.0,,,VSCS,19,False,False
2010-003,2010,3,ARB,PHET,2010-06-03 03:00:00,2010-06-03 03:00:00,18.5,59.5,4.0,974.0,75.0,28.0,,,VSCS,20,False,False
2010-003,2010,3,ARB,PHET,2010-06-03 06:00:00,2010-06-03 06:00:00,19.0,59.5,4.0,978.0,70.0,24.0,,,VSCS,21,False,False
2010-003,2010,3,ARB,PHET,2010-06-03 09:00:00,2010-06-03 09:00:00,19.5,59.5,4.0,978.0,70.0,24.0,,,VSCS,22,False,False
2010-003,2010,3,ARB,PHET,2010-06-03 12:00:00,2010-06-03 12:00:00,20.0,59.5,4.0,978.0,70.0,24.0,,,VSCS,23,False,False
2010-003,2010,3,ARB,PHET,2010-06-03 15:00:00,2010-06-03 15:00:00,20.0,59.5,4.0,978.0,70.0,24.0,,,VSCS,24,False,False
2010-003,2010,3,ARB,PHET,2010-06-03 18:00:00,2010-06-03 18:00:00,20.5,59.5,4.0,980.0,65.0,22.0,,,VSCS,25,False,False
2010-003,2010,3,ARB,PHET,2010-06-03 21:00:00,2010-06-03 21:00:00,21.0,59.5,4.0,980.0,65.0,22.0,,,VSCS,26,False,False
2010-003,2010,3,ARB,PHET,2010-06-04 00:00:00,2010-06-04 00:00:00,21.5,59.5,4.0,980.0,65.0,22.0,,,VSCS,27,False,False
2010-003,2010,3,ARB,PHET,2010-06-04 03:00:00,2010-06-04 03:00:00,22.0,59.5,,982.0,60.0,18.0,,,SCS,28,False,False
2010-003,2010,3,ARB,PHET,2010-06-04 06:00:00,2010-06-04 06:00:00,22.0,59.5,,984.0,60.0,18.0,,,SCS,29,False,False
2010-003,2010,3,ARB,PHET,2010-06-04 09:00:00,2010-06-04 09:00:00,22.5,59.5,,984.0,60.0,18.0,,,SCS,30,False,False
2010-003,2010,3,ARB,PHET,2010-06-04 12:00:00,2010-06-04 12:00:00,23.0,59.5,3.5,984.0,60.0,18.0,,,SCS,31,False,False
2010-003,2010,3,ARB,PHET,2010-06-04 15:00:00,2010-06-04 15:00:00,23.0,59.5,3.5,986.0,55.0,16.0,,,SCS,32,False,False
2010-003,2010,3,ARB,PHET,2010-06-04 18:00:00,2010-06-04 18:00:00,23.0,59.5,3.5,988.0,55.0,14.0,,,SCS,33,False,False
2010-003,2010,3,ARB,PHET,2010-06-04 21:00:00,2010-06-04 21:00:00,23.5,60.0,3.5,990.0,50.0,12.0,,,SCS,34,False,False
2010-003,2010,3,ARB,PHET,2010-06-05 00:00:00,2010-06-05 00:00:00,24.0,60.5,3.0,990.0,45.0,10.0,,,CS,35,False,False
2010-003,2010,3,ARB,PHET,2010-06-05 03:00:00,2010-06-05 03:00:00,24.5,61.0,2.5,992.0,40.0,8.0,,,CS,36,False,False
2010-003,2010,3,ARB,PHET,2010-06-05 06:00:00,2010-06-05 06:00:00,24.5,61.0,2.5,992.0,40.0,8.0,,,CS,37,False,False
2010-003,2010,3,ARB,PHET,2010-06-05 09:00:00,2010-06-05 09:00:00,24.5,61.0,2.5,992.0,40.0,8.0,,,CS,38,False,False
2010-003,2010,3,ARB,PHET,2010-06-05 12:00:00,2010-06-05 12:00:00,24.5,61.5,2.5,992.0,40.0,8.0,,,CS,39,False,False
2010-003,2010,3,ARB,PHET,2010-06-05 15:00:00,2010-06-05 15:00:00,24.5,62.0,2.5,994.0,35.0,7.0,,,CS,40,False,False
2010-003,2010,3,ARB,PHET,2010-06-05 18:00:00,2010-06-05 18:00:00,24.5,62.5,2.0,994.0,30.0,5.0,,,DD,41,False,False
2010-003,2010,3,ARB,PHET,2010-06-05 21:00:00,2010-06-05 21:00:00,24.5,63.0,2.0,994.0,30.0,5.0,,,DD,42,False,False
2010-003,2010,3,ARB,PHET,2010-06-06 00:00:00,2010-06-06 00:00:00,24.5,64.0,2.0,994.0,30.0,5.0,,,DD,43,False,False
2010-003,2010,3,ARB,PHET,2010-06-06 03:00:00,2010-06-06 03:00:00,24.5,65.0,1.5,994.0,25.0,4.0,,,D,44,False,False
2010-003,2010,3,ARB,PHET,2010-06-06 06:00:00,2010-06-06 06:00:00,24.5,66.0,1.5,994.0,25.0,4.0,,,D,45,False,False
2010-003,2010,3,ARB,PHET,2010-06-06 09:00:00,2010-06-06 09:00:00,24.5,66.5,1.5,994.0,25.0,4.0,,,D,46,False,False
2010-003,2010,3,ARB,PHET,2010-06-06 12:00:00,2010-06-06 12:00:00,24.5,67.0,1.5,993.0,25.0,4.0,,,D,47,False,False
2010-003,2010,3,ARB,PHET,2010-06-06 15:00:00,2010-06-06 15:00:00,25.0,68.0,,993.0,25.0,4.0,,,D,48,False,False
2010-003,2010,3,ARB,PHET,2010-06-06 18:00:00,2010-06-06 18:00:00,25.0,69.0,,991.0,25.0,5.0,,,D,49,False,False
2010-003,2010,3,ARB,PHET,2010-06-07 00:00:00,2010-06-07 00:00:00,26.5,71.0,,993.0,25.0,5.0,,,D,50,False,False
2010-003,2010,3,ARB,PHET,2010-06-07 03:00:00,2010-06-07 03:00:00,26.5,71.5,,993.0,25.0,5.0,,,D,51,False,False
2010-003,2010,3,ARB,PHET,2010-06-07 06:00:00,2010-06-07 06:00:00,26.5,72.5,,995.0,20.0,3.0,,,D,52,False,False
2010-004,2010,4,BOB,,2010-10-07 03:00:00,2010-10-07 03:00:00,16.5,84.5,1.5,998.0,25.0,4.0,,,D,0,False,False
2010-004,2010,4,BOB,,2010-10-07 06:00:00,2010-10-07 06:00:00,17.5,84.5,1.5,998.0,25.0,4.0,,,D,1,False,False
2010-004,2010,4,BOB,,2010-10-07 12:00:00,2010-10-07 12:00:00,18.5,85.0,1.5,996.0,25.0,4.0,,,D,2,False,False
2010-004,2010,4,BOB,,2010-10-07 18:00:00,2010-10-07 18:00:00,19.0,85.5,1.5,996.0,25.0,4.0,,,D,3,False,False
2010-004,2010,4,BOB,,2010-10-08 00:00:00,2010-10-08 00:00:00,20.0,86.5,1.5,998.0,25.0,4.0,,,D,4,False,False
2010-004,2010,4,BOB,,2010-10-08 03:00:00,2010-10-08 03:00:00,21.0,87.5,1.5,998.0,25.0,4.0,,,D,5,False,False
2010-004,2010,4,BOB,,2010-10-08 06:00:00,2010-10-08 06:00:00,22.0,89.0,1.5,998.0,25.0,4.0,,,D,6,False,False
2010-004,2010,4,BOB,,2010-10-08 12:00:00,2010-10-08 12:00:00,23.5,90.5,,1000.0,25.0,3.0,,,D,7,False,False
2010-004,2010,4,BOB,,2010-10-08 18:00:00,2010-10-08 18:00:00,24.5,91.0,,1002.0,25.0,3.0,,,D,8,False,False
2010-005,2010,5,BOB,,2010-10-13 06:00:00,2010-10-13 06:00:00,17.5,90.0,1.5,1002.0,25.0,4.0,,,D,0,False,False
2010-005,2010,5,BOB,,2010-10-13 12:00:00,2010-10-13 12:00:00,17.5,89.0,1.5,998.0,25.0,4.0,,,D,1,False,False
2010-005,2010,5,BOB,,2010-10-13 18:00:00,2010-10-13 18:00:00,18.0,88.5,1.5,998.0,25.0,4.0,,,D,2,False,False
2010-005,2010,5,BOB,,2010-10-14 00:00:00,2010-10-14 00:00:00,18.0,88.5,1.5,998.0,25.0,4.0,,,D,3,False,False
2010-005,2010,5,BOB,,2010-10-14 03:00:00,2010-10-14 03:00:00,18.0,88.5,1.5,998.0,25.0,4.0,,,D,4,False,False
2010-005,2010,5,BOB,,2010-10-14 06:00:00,2010-10-14 06:00:00,18.0,88.5,1.5,998.0,25.0,4.0,,,D,5,False,False
2010-005,2010,5,BOB,,2010-10-14 12:00:00,2010-10-14 12:00:00,18.0,88.0,1.5,996.0,25.0,4.0,,,D,6,False,False
2010-005,2010,5,BOB,,2010-10-14 18:00:00,2010-10-14 18:00:00,18.0,88.0,1.5,996.0,25.0,4.0,,,D,7,False,False
2010-005,2010,5,BOB,,2010-10-15 00:00:00,2010-10-15 00:00:00,18.5,87.5,1.5,996.0,25.0,4.0,,,D,8,False,False
2010-005,2010,5,BOB,,2010-10-15 03:00:00,2010-10-15 03:00:00,19.0,87.0,2.0,996.0,30.0,5.0,,,DD,9,False,False
2010-005,2010,5,BOB,,2010-10-15 06:00:00,2010-10-15 06:00:00,19.5,86.0,2.0,996.0,30.0,5.0,,,DD,10,False,False
2010-005,2010,5,BOB,,2010-10-15 12:00:00,2010-10-15 12:00:00,19.5,85.5,2.0,995.0,30.0,5.0,,,DD,11,False,False
2010-005,2010,5,BOB,,2010-10-15 18:00:00,2010-10-15 18:00:00,19.0,84.5,,996.0,30.0,5.0,,,DD,12,False,False
2010-005,2010,5,BOB,,2010-10-16 00:00:00,2010-10-16 00:00:00,19.0,84.0,,998.0,25.0,4.0,,,D,13,False,False
2010-006,2010,6,BOB,GIRI,2010-10-20 12:00:00,2010-10-20 12:00:00,17.5,91.5,1.5,1002.0,25.0,4.0,,,D,0,False,False
2010-006,2010,6,BOB,GIRI,2010-10-20 18:00:00,2010-10-20 18:00:00,17.5,91.5,1.5,1002.0,25.0,4.0,,,D,1,False,False
2010-006,2010,6,BOB,GIRI,2010-10-21 00:00:00,2010-10-21 00:00:00,17.5,91.5,1.5,1002.0,25.0,4.0,,,D,2,False,False
2010-006,2010,6,BOB,GIRI,2010-10-21 03:00:00,2010-10-21 03:00:00,17.5,91.5,2.0,1000.0,30.0,5.0,,,DD,3,False,False
2010-006,2010,6,BOB,GIRI,2010-10-21 06:00:00,2010-10-21 06:00:00,17.5,91.5,2.5,998.0,35.0,6.0,,,CS,4,False,False
2010-006,2010,6,BOB,GIRI,2010-10-21 09:00:00,2010-10-21 09:00:00,17.5,91.5,2.5,996.0,40.0,8.0,,,CS,5,False,False
2010-006,2010,6,BOB,GIRI,2010-10-21 12:00:00,2010-10-21 12:00:00,18.0,92.0,3.0,990.0,45.0,10.0,,,CS,6,False,False
2010-006,2010,6,BOB,GIRI,2010-10-21 15:00:00,2010-10-21 15:00:00,18.0,92.0,3.0,990.0,45.0,10.0,,,CS,7,False,False
2010-006,2010,6,BOB,GIRI,2010-10-21 18:00:00,2010-10-21 18:00:00,18.0,92.0,3.0,988.0,50.0,12.0,,,CS,8,False,False
2010-006,2010,6,BOB,GIRI,2010-10-21 21:00:00,2010-10-21 21:00:00,18.5,92.5,3.0,984.0,55.0,16.0,,,CS,9,False,False
2010-006,2010,6,BOB,GIRI,2010-10-22 00:00:00,2010-10-22 00:00:00,18.5,92.5,3.5,980.0,60.0,20.0,,,SCS,10,False,False
2010-006,2010,6,BOB,GIRI,2010-10-22 03:00:00,2010-10-22 03:00:00,19.0,93.0,4.5,974.0,80.0,30.0,,,VSCS,11,False,False
2010-006,2010,6,BOB,GIRI,2010-10-22 06:00:00,2010-10-22 06:00:00,19.0,93.0,5.0,964.0,90.0,40.0,,,ESCS,12,False,False
2010-006,2010,6,BOB,GIRI,2010-10-22 09:00:00,2010-10-22 09:00:00,19.5,93.5,5.5,950.0,105.0,52.0,,,ESCS,13,False,False
2010-006,2010,6,BOB,GIRI,2010-10-22 12:00:00,2010-10-22 12:00:00,19.8,93.5,5.5,950.0,105.0,52.0,,,ESCS,14,False,False
2010-006,2010,6,BOB,GIRI,2010-10-22 15:00:00,2010-10-22 15:00:00,20.0,93.5,,966.0,80.0,36.0,,,VSCS,15,False,False
2010-006,2010,6,BOB,GIRI,2010-10-22 18:00:00,2010-10-22 18:00:00,20.5,94.0,,976.0,70.0,26.0,,,VSCS,16,False,False
2010-006,2010,6,BOB,GIRI,2010-10-22 21:00:00,2010-10-22 21:00:00,20.5,94.0,,986.0,55.0,16.0,,,SCS,17,False,False
2010-006,2010,6,BOB,GIRI,2010-10-23 00:00:00,2010-10-23 00:00:00,21.0,94.5,,992.0,45.0,10.0,,,CS,18,False,False
2010-006,2010,6,BOB,GIRI,2010-10-23 03:00:00,2010-10-23 03:00:00,21.5,95.0,,996.0,35.0,8.0,,,CS,19,False,False
2010-006,2010,6,BOB,GIRI,2010-10-23 06:00:00,2010-10-23 06:00:00,22.0,95.5,,998.0,25.0,4.0,,,D,20,False,False
2010-007,2010,7,BOB,JAL,2010-11-04 00:00:00,2010-11-04 00:00:00,8.0,92.0,1.5,1002.0,25.0,3.0,,,D,0,False,False
2010-007,2010,7,BOB,JAL,2010-11-04 03:00:00,2010-11-04 03:00:00,8.5,91.0,1.5,1002.0,25.0,3.0,,,D,1,False,False
2010-007,2010,7,BOB,JAL,2010-11-04 06:00:00,2010-11-04 06:00:00,8.5,90.5,1.5,1002.0,25.0,3.0,,,D,2,False,False
2010-007,2010,7,BOB,JAL,2010-11-04 12:00:00,2010-11-04 12:00:00,8.5,90.0,1.5,1002.0,25.0,3.0,,,D,3,False,False
2010-007,2010,7,BOB,JAL,2010-11-04 18:00:00,2010-11-04 18:00:00,8.5,89.5,1.5,1002.0,25.0,4.0,,,D,4,False,False
2010-007,2010,7,BOB,JAL,2010-11-05 00:00:00,2010-11-05 00:00:00,9.0,88.5,2.0,1000.0,30.0,5.0,,,DD,5,False,False
2010-007,2010,7,BOB,JAL,2010-11-05 03:00:00,2010-11-05 03:00:00,9.0,88.0,2.0,1000.0,30.0,5.0,,,DD,6,False,False
2010-007,2010,7,BOB,JAL,2010-11-05 06:00:00,2010-11-05 06:00:00,9.0,87.5,2.5,998.0,35.0,6.0,,,CS,7,False,False
2010-007,2010,7,BOB,JAL,2010-11-05 09:00:00,2010-11-05 09:00:00,9.0,87.5,2.5,996.0,40.0,8.0,,,CS,8,False,False
2010-007,2010,7,BOB,JAL,2010-11-05 12:00:00,2010-11-05 12:00:00,9.5,87.0,2.5,994.0,45.0,10.0,,,CS,9,False,False
2010-007,2010,7,BOB,JAL,2010-11-05 15:00:00,2010-11-05 15:00:00,9.5,87.0,3.0,994.0,45.0,10.0,,,CS,10,False,False
2010-007,2010,7,BOB,JAL,2010-11-05 18:00:00,2010-11-05 18:00:00,10.0,86.5,3.0,992.0,50.0,12.0,,,CS,11,False,False
2010-007,2010,7,BOB,JAL,2010-11-05 21:00:00,2010-11-05 21:00:00,10.0,86.0,3.5,990.0,55.0,16.0,,,SCS,12,False,False
2010-007,2010,7,BOB,JAL,2010-11-06 00:00:00,2010-11-06 00:00:00,10.0,85.5,3.5,990.0,55.0,16.0,,,SCS,13,False,False
2010-007,2010,7,BOB,JAL,2010-11-06 03:00:00,2010-11-06 03:00:00,10.0,85.5,3.5,990.0,55.0,16.0,,,SCS,14,False,False
2010-007,2010,7,BOB,JAL,2010-11-06 06:00:00,2010-11-06 06:00:00,10.0,85.0,3.5,990.0,55.0,16.0,,,SCS,15,False,False
2010-007,2010,7,BOB,JAL,2010-11-06 09:00:00,2010-11-06 09:00:00,10.0,85.0,3.5,990.0,55.0,16.0,,,SCS,16,False,False
2010-007,2010,7,BOB,JAL,2010-11-06 12:00:00,2010-11-06 12:00:00,11.0,84.5,3.5,988.0,60.0,18.0,,,SCS,17,False,False
2010-007,2010,7,BOB,JAL,2010-11-06 15:00:00,2010-11-06 15:00:00,11.0,84.5,3.5,988.0,60.0,18.0,,,SCS,18,False,False
2010-007,2010,7,BOB,JAL,2010-11-06 18:00:00,2010-11-06 18:00:00,11.0,84.0,3.5,988.0,60.0,18.0,,,SCS,19,False,False
2010-007,2010,7,BOB,JAL,2010-11-06 21:00:00,2010-11-06 21:00:00,11.0,84.0,3.5,988.0,60.0,18.0,,,SCS,20,False,False
2010-007,2010,7,BOB,JAL,2010-11-07 00:00:00,2010-11-07 00:00:00,11.0,83.5,3.5,988.0,60.0,18.0,,,SCS,21,False,False
2010-007,2010,7,BOB,JAL,2010-11-07 03:00:00,2010-11-07 03:00:00,12.0,83.0,3.5,990.0,55.0,16.0,,,SCS,22,False,False
2010-007,2010,7,BOB,JAL,2010-11-07 06:00:00,2010-11-07 06:00:00,12.0,82.5,3.0,992.0,45.0,12.0,,,CS,23,False,False
2010-007,2010,7,BOB,JAL,2010-11-07 09:00:00,2010-11-07 09:00:00,12.0,81.5,2.5,994.0,40.0,8.0,,,CS,24,False,False
2010-007,2010,7,BOB,JAL,2010-11-07 12:00:00,2010-11-07 12:00:00,13.0,81.0,2.0,996.0,30.0,6.0,,,DD,25,False,False
2010-007,2010,7,BOB,JAL,2010-11-07 15:00:00,2010-11-07 15:00:00,13.0,80.5,2.0,998.0,30.0,5.0,,,DD,26,False,False
2010-007,2010,7,BOB,JAL,2010-11-07 18:00:00,2010-11-07 18:00:00,13.0,80.0,,1000.0,30.0,5.0,,,DD,27,False,False
2010-007,2010,7,BOB,JAL,2010-11-08 00:00:00,2010-11-08 00:00:00,14.0,79.0,,1002.0,25.0,4.0,,,D,28,False,False
2010-007,2010,7,BOB,JAL,2010-11-08 03:00:00,2010-11-08 03:00:00,15.0,78.0,,1004.0,25.0,3.0,,,D,29,False,False
2010-008,2010,8,BOB,,2010-12-07 03:00:00,2010-12-07 03:00:00,14.0,82.0,1.5,1000.0,25.0,4.0,,,D,0,False,False
2010-008,2010,8,BOB,,2010-12-07 06:00:00,2010-12-07 06:00:00,14.5,82.0,1.5,1000.0,25.0,4.0,,,D,1,False,False
2010-008,2010,8,BOB,,2010-12-07 12:00:00,2010-12-07 12:00:00,15.0,81.5,1.5,1000.0,25.0,4.0,,,D,2,False,False
2010-008,2010,8,BOB,,2010-12-07 18:00:00,2010-12-07 18:00:00,15.5,81.0,1.5,1000.0,25.0,4.0,,,D,3,False,False
2010-008,2010,8,BOB,,2010-12-08 00:00:00,2010-12-08 00:00:00,16.0,80.0,1.5,1000.0,20.0,4.0,,,D,4,False,False
2011-001,2011,1,BOB,,2011-02-02 09:00:00,2011-02-02 09:00:00,6.5,82.5,1.5,1002.0,25.0,3.0,,,D,0,False,False
2011-001,2011,1,BOB,,2011-02-02 12:00:00,2011-02-02 12:00:00,6.5,82.5,1.5,1002.0,25.0,3.0,,,D,1,False,False
2011-001,2011,1,BOB,,2011-02-02 18:00:00,2011-02-02 18:00:00,6.5,82.5,1.5,1002.0,25.0,3.0,,,D,2,False,False
2011-002,2011,2,ARB,,2011-06-11 12:00:00,2011-06-11 12:00:00,20.0,71.5,1.5,996.0,25.0,4.0,,,D,0,False,False
2011-002,2011,2,ARB,,2011-06-11 18:00:00,2011-06-11 18:00:00,20.0,71.5,1.5,996.0,25.0,4.0,,,D,1,False,False
2011-002,2011,2,ARB,,2011-06-12 00:00:00,2011-06-12 00:00:00,21.0,70.5,,996.0,25.0,4.0,,,D,2,False,False
2011-002,2011,2,ARB,,2011-06-12 03:00:00,2011-06-12 03:00:00,21.0,70.5,,996.0,20.0,3.0,,,D,3,False,False
2011-002,2011,2,ARB,,2011-06-12 06:00:00,2011-06-12 06:00:00,21.0,70.5,,996.0,20.0,3.0,,,D,4,False,False
2011-003,2011,3,BOB,,2011-06-16 03:00:00,2011-06-16 03:00:00,21.5,89.0,1.5,986.0,25.0,6.0,,,D,0,False,False
2011-003,2011,3,BOB,,2011-06-16 06:00:00,2011-06-16 06:00:00,21.5,89.0,1.5,986.0,25.0,6.0,,,DD,1,False,False
2011-003,2011,3,BOB,,2011-06-16 12:00:00,2011-06-16 12:00:00,22.0,89.0,,984.0,30.0,6.0,,,DD,2,False,False
2011-003,2011,3,BOB,,2011-06-16 18:00:00,2011-06-16 18:00:00,22.5,89.0,,984.0,30.0,6.0,,,DD,3,False,False
2011-003,2011,3,BOB,,2011-06-17 00:00:00,2011-06-17 00:00:00,22.5,89.0,,984.0,30.0,6.0,,,DD,4,False,False
2011-003,2011,3,BOB,,2011-06-17 03:00:00,2011-06-17 03:00:00,22.5,89.0,,984.0,30.0,8.0,,,DD,5,False,False
2011-003,2011,3,BOB,,2011-06-17 06:00:00,2011-06-17 06:00:00,22.8,88.5,,978.0,35.0,12.0,,,DD,6,False,False
2011-003,2011,3,BOB,,2011-06-17 12:00:00,2011-06-17 12:00:00,23.0,88.0,,982.0,25.0,10.0,,,DD,7,False,False
2011-003,2011,3,BOB,,2011-06-17 18:00:00,2011-06-17 18:00:00,23.0,88.0,,984.0,25.0,8.0,,,DD,8,False,False
2011-003,2011,3,BOB,,2011-06-18 00:00:00,2011-06-18 00:00:00,23.0,87.5,,984.0,25.0,8.0,,,DD,9,False,False
2011-003,2011,3,BOB,,2011-06-18 03:00:00,2011-06-18 03:00:00,23.0,87.0,,984.0,25.0,8.0,,,DD,10,False,False
2011-003,2011,3,BOB,,2011-06-18 06:00:00,2011-06-18 06:00:00,23.0,87.0,,984.0,25.0,8.0,,,DD,11,False,False
2011-003,2011,3,BOB,,2011-06-18 12:00:00,2011-06-18 12:00:00,23.0,87.0,,984.0,25.0,8.0,,,DD,12,False,False
2011-003,2011,3,BOB,,2011-06-18 18:00:00,2011-06-18 18:00:00,23.0,86.5,,986.0,25.0,8.0,,,DD,13,False,False
2011-003,2011,3,BOB,,2011-06-19 00:00:00,2011-06-19 00:00:00,23.0,86.0,,986.0,25.0,8.0,,,DD,14,False,False
2011-003,2011,3,BOB,,2011-06-19 03:00:00,2011-06-19 03:00:00,23.5,85.5,,987.0,25.0,8.0,,,DD,15,False,False
2011-003,2011,3,BOB,,2011-06-19 06:00:00,2011-06-19 06:00:00,23.5,85.5,,987.0,25.0,8.0,,,DD,16,False,False
2011-003,2011,3,BOB,,2011-06-19 12:00:00,2011-06-19 12:00:00,23.5,85.0,,987.0,25.0,7.0,,,DD,17,False,False
2011-003,2011,3,BOB,,2011-06-19 18:00:00,2011-06-19 18:00:00,23.5,84.5,,987.0,25.0,7.0,,,DD,18,False,False
2011-003,2011,3,BOB,,2011-06-20 00:00:00,2011-06-20 00:00:00,23.5,84.0,,987.0,25.0,7.0,,,DD,19,False,False
2011-003,2011,3,BOB,,2011-06-20 03:00:00,2011-06-20 03:00:00,23.7,83.5,,987.0,25.0,7.0,,,DD,20,False,False
2011-003,2011,3,BOB,,2011-06-20 06:00:00,2011-06-20 06:00:00,23.7,83.5,,990.0,20.0,4.0,,,D,21,False,False
2011-003,2011,3,BOB,,2011-06-20 12:00:00,2011-06-20 12:00:00,24.0,83.0,,990.0,20.0,4.0,,,D,22,False,False
2011-003,2011,3,BOB,,2011-06-20 18:00:00,2011-06-20 18:00:00,24.0,83.0,,990.0,20.0,4.0,,,D,23,False,False
2011-003,2011,3,BOB,,2011-06-21 00:00:00,2011-06-21 00:00:00,24.5,82.5,,990.0,20.0,4.0,,,D,24,False,False
2011-003,2011,3,BOB,,2011-06-21 03:00:00,2011-06-21 03:00:00,24.5,82.0,,990.0,20.0,4.0,,,D,25,False,False
2011-003,2011,3,BOB,,2011-06-21 06:00:00,2011-06-21 06:00:00,24.5,81.5,,990.0,20.0,4.0,,,D,26,False,False
2011-003,2011,3,BOB,,2011-06-21 12:00:00,2011-06-21 12:00:00,24.5,81.0,,990.0,20.0,4.0,,,D,27,False,False
2011-003,2011,3,BOB,,2011-06-21 18:00:00,2011-06-21 18:00:00,24.5,81.0,,990.0,20.0,4.0,,,D,28,False,False
2011-003,2011,3,BOB,,2011-06-22 00:00:00,2011-06-22 00:00:00,24.5,80.5,,991.0,20.0,4.0,,,D,29,False,False
2011-003,2011,3,BOB,,2011-06-22 03:00:00,2011-06-22 03:00:00,24.5,80.0,,992.0,20.0,3.0,,,D,30,False,False
2011-003,2011,3,BOB,,2011-06-22 06:00:00,2011-06-22 06:00:00,24.5,80.0,,992.0,20.0,3.0,,,D,31,False,False
2011-003,2011,3,BOB,,2011-06-22 12:00:00,2011-06-22 12:00:00,24.5,79.1,,994.0,20.0,3.0,,,D,32,False,False
2011-003,2011,3,BOB,,2011-06-22 18:00:00,2011-06-22 18:00:00,24.5,78.5,,992.0,20.0,3.0,,,D,33,False,False
2011-004,2011,4,LAND,,2011-07-22 00:00:00,2011-07-22 00:00:00,23.5,84.5,,990.0,20.0,3.0,,,D,0,False,False
2011-004,2011,4,LAND,,2011-07-22 03:00:00,2011-07-22 03:00:00,24.0,84.0,,990.0,20.0,3.0,,,D,1,False,False
2011-004,2011,4,LAND,,2011-07-22 06:00:00,2011-07-22 06:00:00,24.0,84.0,,990.0,20.0,3.0,,,D,2,False,False
2011-004,2011,4,LAND,,2011-07-22 12:00:00,2011-07-22 12:00:00,24.0,83.0,,990.0,20.0,3.0,,,D,3,False,False
2011-004,2011,4,LAND,,2011-07-22 18:00:00,2011-07-22 18:00:00,24.0,81.5,,992.0,20.0,3.0,,,D,4,False,False
2011-004,2011,4,LAND,,2011-07-23 00:00:00,2011-07-23 00:00:00,24.5,80.5,,992.0,20.0,3.0,,,D,5,False,False
2011-005,2011,5,BOB,,2011-09-22 03:00:00,2011-09-22 03:00:00,21.5,87.5,1.5,998.0,25.0,4.0,,,D,0,False,False
2011-005,2011,5,BOB,,2011-09-22 06:00:00,2011-09-22 06:00:00,21.6,87.3,1.5,998.0,25.0,4.0,,,D,1,False,False
2011-005,2011,5,BOB,,2011-09-22 12:00:00,2011-09-22 12:00:00,21.7,87.2,1.5,995.0,25.0,4.0,,,D,2,False,False
2011-005,2011,5,BOB,,2011-09-22 18:00:00,2011-09-22 18:00:00,21.8,87.0,,998.0,25.0,4.0,,,D,3,False,False
2011-005,2011,5,BOB,,2011-09-23 00:00:00,2011-09-23 00:00:00,22.5,86.5,,1000.0,25.0,4.0,,,D,4,False,False
2011-005,2011,5,BOB,,2011-09-23 03:00:00,2011-09-23 03:00:00,22.5,86.5,,1002.0,25.0,4.0,,,D,5,False,False
2011-005,2011,5,BOB,,2011-09-23 06:00:00,2011-09-23 06:00:00,22.5,86.5,,1004.0,25.0,4.0,,,D,6,False,False
2011-006,2011,6,BOB,,2011-10-19 00:00:00,2011-10-19 00:00:00,20.0,90.5,1.5,1002.0,25.0,3.0,,,D,0,False,False
2011-006,2011,6,BOB,,2011-10-19 03:00:00,2011-10-19 03:00:00,20.2,91.0,1.5,1002.0,25.0,3.0,,,D,1,False,False
2011-006,2011,6,BOB,,2011-10-19 06:00:00,2011-10-19 06:00:00,20.5,91.5,2.0,1002.0,30.0,5.0,,,DD,2,False,False
2011-006,2011,6,BOB,,2011-10-19 12:00:00,2011-10-19 12:00:00,21.0,92.0,2.0,1002.0,30.0,5.0,,,DD,3,False,False
2011-006,2011,6,BOB,,2011-10-19 18:00:00,2011-10-19 18:00:00,21.5,92.5,,1002.0,30.0,5.0,,,DD,4,False,False
2011-006,2011,6,BOB,,2011-10-20 00:00:00,2011-10-20 00:00:00,21.5,93.5,,1004.0,25.0,3.0,,,D,5,False,False
2011-007,2011,7,ARB,KEILA,2011-10-29 00:00:00,2011-10-29 00:00:00,13.0,60.5,1.5,1004.0,25.0,3.0,,,D,0,False,False
2011-007,2011,7,ARB,KEILA,2011-10-29 06:00:00,2011-10-29 06:00:00,13.0,62.0,1.5,1004.0,25.0,3.0,,,D,1,False,False
2011-007,2011,7,ARB,KEILA,2011-10-29 12:00:00,2011-10-29 12:00:00,13.0,61.0,1.5,1004.0,25.0,3.0,,,D,2,False,False
2011-007,2011,7,ARB,KEILA,2011-10-29 18:00:00,2011-10-29 18:00:00,13.0,61.0,1.5,1004.0,25.0,3.0,,,D,3,False,False
2011-007,2011,7,ARB,KEILA,2011-10-30 03:00:00,2011-10-30 03:00:00,13.0,60.0,1.5,1004.0,25.0,3.0,,,D,4,False,False
2011-007,2011,7,ARB,KEILA,2011-10-30 06:00:00,2011-10-30 06:00:00,13.0,60.0,1.5,1002.0,25.0,3.0,,,D,5,False,False
2011-007,2011,7,ARB,KEILA,2011-10-30 12:00:00,2011-10-30 12:00:00,13.5,59.5,1.5,1002.0,25.0,3.0,,,D,6,False,False
2011-007,2011,7,ARB,KEILA,2011-10-30 18:00:00,2011-10-30 18:00:00,14.0,59.0,1.5,1002.0,25.0,3.0,,,D,7,False,False
2011-007,2011,7,ARB,KEILA,2011-10-31 00:00:00,2011-10-31 00:00:00,14.5,59.0,1.5,1002.0,25.0,3.0,,,D,8,False,False
2011-007,2011,7,ARB,KEILA,2011-10-31 03:00:00,2011-10-31 03:00:00,15.0,58.5,1.5,1000.0,25.0,3.0,,,D,9,False,False
2011-007,2011,7,ARB,KEILA,2011-10-31 06:00:00,2011-10-31 06:00:00,16.0,57.0,1.5,1000.0,25.0,3.0,,,D,10,False,False
2011-007,2011,7,ARB,KEILA,2011-10-31 12:00:00,2011-10-31 12:00:00,16.0,57.5,1.5,1000.0,25.0,3.0,,,D,11,False,False
2011-007,2011,7,ARB,KEILA,2011-10-31 18:00:00,2011-10-31 18:00:00,16.0,57.0,1.5,1000.0,25.0,3.0,,,D,12,False,False
2011-007,2011,7,ARB,KEILA,2011-11-01 00:00:00,2011-11-01 00:00:00,16.0,56.5,1.5,1000.0,25.0,3.0,,,D,13,False,False
2011-007,2011,7,ARB,KEILA,2011-11-01 03:00:00,2011-11-01 03:00:00,16.0,56.0,2.0,1000.0,30.0,4.0,,,DD,14,False,False
2011-007,2011,7,ARB,KEILA,2011-11-01 06:00:00,2011-11-01 06:00:00,16.0,56.0,2.0,1000.0,30.0,4.0,,,DD,15,False,False
2011-007,2011,7,ARB,KEILA,2011-11-01 12:00:00,2011-11-01 12:00:00,16.0,55.5,2.0,1000.0,30.0,4.0,,,DD,16,False,False
2011-007,2011,7,ARB,KEILA,2011-11-01 18:00:00,2011-11-01 18:00:00,16.0,55.5,2.0,1000.0,30.0,5.0,,,DD,17,False,False
2011-007,2011,7,ARB,KEILA,2011-11-02 00:00:00,2011-11-02 00:00:00,16.0,55.3,2.0,1000.0,30.0,5.0,,,DD,18,False,False
2011-007,2011,7,ARB,KEILA,2011-11-02 03:00:00,2011-11-02 03:00:00,16.0,55.0,2.5,998.0,35.0,7.0,,,CS,19,False,False
2011-007,2011,7,ARB,KEILA,2011-11-02 06:00:00,2011-11-02 06:00:00,16.0,54.5,2.5,996.0,35.0,7.0,,,CS,20,False,False
2011-007,2011,7,ARB,KEILA,2011-11-02 09:00:00,2011-11-02 09:00:00,16.0,54.5,2.5,996.0,35.0,7.0,,,CS,21,False,False
2011-007,2011,7,ARB,KEILA,2011-11-02 12:00:00,2011-11-02 12:00:00,16.5,54.5,2.5,996.0,35.0,7.0,,,CS,22,False,False
2011-007,2011,7,ARB,KEILA,2011-11-02 15:00:00,2011-11-02 15:00:00,16.8,54.3,2.5,996.0,35.0,6.0,,,CS,23,False,False
2011-007,2011,7,ARB,KEILA,2011-11-02 18:00:00,2011-11-02 18:00:00,17.1,54.2,2.0,1000.0,30.0,5.0,,,DD,24,False,False
2011-007,2011,7,ARB,KEILA,2011-11-03 00:00:00,2011-11-03 00:00:00,17.1,54.2,2.0,1000.0,30.0,5.0,,,DD,25,False,False
2011-007,2011,7,ARB,KEILA,2011-11-03 03:00:00,2011-11-03 03:00:00,17.1,54.2,2.0,1000.0,30.0,4.0,,,DD,26,False,False
2011-007,2011,7,ARB,KEILA,2011-11-03 06:00:00,2011-11-03 06:00:00,17.1,54.2,2.0,1000.0,30.0,4.0,,,DD,27,False,False
2011-007,2011,7,ARB,KEILA,2011-11-03 12:00:00,2011-11-03 12:00:00,17.0,54.5,2.0,1000.0,30.0,4.0,,,DD,28,False,False
2011-007,2011,7,ARB,KEILA,2011-11-03 18:00:00,2011-11-03 18:00:00,17.0,54.8,2.0,1001.0,30.0,4.0,,,DD,29,False,False
2011-007,2011,7,ARB,KEILA,2011-11-04 00:00:00,2011-11-04 00:00:00,17.0,55.0,2.0,1001.0,30.0,4.0,,,DD,30,False,False
2011-007,2011,7,ARB,KEILA,2011-11-04 03:00:00,2011-11-04 03:00:00,16.5,55.0,1.5,1002.0,25.0,3.0,,,D,31,False,False
2011-008,2011,8,ARB,,2011-11-06 00:00:00,2011-11-06 00:00:00,11.5,64.0,1.5,1002.0,25.0,3.0,,,D,0,False,False
2011-008,2011,8,ARB,,2011-11-06 03:00:00,2011-11-06 03:00:00,11.5,63.5,1.5,1002.0,25.0,3.0,,,D,1,False,False
2011-008,2011,8,ARB,,2011-11-06 06:00:00,2011-11-06 06:00:00,10.5,65.5,1.5,1004.0,25.0,3.0,,,D,2,False,False
2011-008,2011,8,ARB,,2011-11-06 06:00:00,2011-11-06 06:00:00,12.5,62.0,1.5,1002.0,25.0,3.0,,,D,3,False,False
2011-008,2011,8,ARB,,2011-11-06 12:00:00,2011-11-06 12:00:00,10.5,65.5,1.5,1004.0,25.0,3.0,,,D,4,False,False
2011-008,2011,8,ARB,,2011-11-06 12:00:00,2011-11-06 12:00:00,13.5,60.5,1.5,1002.0,25.0,3.0,,,D,5,False,False
2011-008,2011,8,ARB,,2011-11-06 18:00:00,2011-11-06 18:00:00,11.0,64.5,1.5,1004.0,25.0,3.0,,,D,6,False,False
2011-008,2011,8,ARB,,2011-11-06 18:00:00,2011-11-06 18:00:00,13.5,60.5,1.5,1002.0,25.0,3.0,,,D,7,False,False
2011-008,2011,8,ARB,,2011-11-08 00:00:00,2011-11-08 00:00:00,13.5,60.0,1.5,1002.0,25.0,3.0,,,D,8,False,False
2011-008,2011,8,ARB,,2011-11-08 03:00:00,2011-11-08 03:00:00,13.5,60.0,2.0,1000.0,30.0,4.0,,,DD,9,False,False
2011-008,2011,8,ARB,,2011-11-08 06:00:00,2011-11-08 06:00:00,13.7,59.5,2.0,1000.0,30.0,4.0,,,DD,10,False,False
2011-008,2011,8,ARB,,2011-11-08 12:00:00,2011-11-08 12:00:00,14.0,59.0,2.0,1000.0,30.0,4.0,,,DD,11,False,False
2011-008,2011,8,ARB,,2011-11-08 18:00:00,2011-11-08 18:00:00,14.5,58.5,2.0,1000.0,30.0,4.0,,,DD,12,False,False
2011-008,2011,8,ARB,,2011-11-09 00:00:00,2011-11-09 00:00:00,15.0,58.5,2.0,1000.0,30.0,4.0,,,DD,13,False,False
2011-008,2011,8,ARB,,2011-11-09 03:00:00,2011-11-09 03:00:00,15.0,58.5,2.0,1000.0,30.0,4.0,,,DD,14,False,False
2011-008,2011,8,ARB,,2011-11-09 06:00:00,2011-11-09 06:00:00,15.0,58.5,2.0,1000.0,30.0,4.0,,,DD,15,False,False
2011-008,2011,8,ARB,,2011-11-09 12:00:00,2011-11-09 12:00:00,15.5,58.5,1.5,1002.0,25.0,3.0,,,D,16,False,False
2011-008,2011,8,ARB,,2011-11-09 18:00:00,2011-11-09 18:00:00,15.5,58.5,1.5,1002.0,25.0,3.0,,,D,17,False,False
2011-008,2011,8,ARB,,2011-11-10 00:00:00,2011-11-10 00:00:00,16.0,58.5,1.5,1002.0,25.0,3.0,,,D,18,False,False
2011-008,2011,8,ARB,,2011-11-10 03:00:00,2011-11-10 03:00:00,16.0,58.5,1.5,1002.0,25.0,3.0,,,D,19,False,False
2011-009,2011,9,ARB,,2011-11-26 03:00:00,2011-11-26 03:00:00,7.5,76.5,1.5,1002.0,25.0,3.0,,,D,0,False,False
2011-009,2011,9,ARB,,2011-11-26 06:00:00,2011-11-26 06:00:00,8.0,75.5,1.5,1002.0,25.0,3.0,,,D,1,False,False
2011-009,2011,9,ARB,,2011-11-26 12:00:00,2011-11-26 12:00:00,8.5,75.0,1.5,1000.0,25.0,3.0,,,D,2,False,False
2011-009,2011,9,ARB,,2011-11-26 18:00:00,2011-11-26 18:00:00,8.5,75.0,1.5,1000.0,25.0,3.0,,,D,3,False,False
2011-009,2011,9,ARB,,2011-11-27 00:00:00,2011-11-27 00:00:00,9.5,74.0,1.5,1000.0,25.0,3.0,,,D,4,False,False
2011-009,2011,9,ARB,,2011-11-27 03:00:00,2011-11-27 03:00:00,10.5,73.0,1.5,1000.0,25.0,3.0,,,D,5,False,False
2011-009,2011,9,ARB,,2011-11-27 06:00:00,2011-11-27 06:00:00,11.0,72.5,1.5,1000.0,25.0,4.0,,,D,6,False,False
2011-009,2011,9,ARB,,2011-11-27 12:00:00,2011-11-27 12:00:00,12.0,71.5,1.5,1000.0,25.0,4.0,,,D,7,False,False
2011-009,2011,9,ARB,,2011-11-27 18:00:00,2011-11-27 18:00:00,12.5,71.0,1.5,1000.0,25.0,4.0,,,D,8,False,False
2011-009,2011,9,ARB,,2011-11-28 00:00:00,2011-11-28 00:00:00,13.5,70.0,2.0,998.0,30.0,5.0,,,DD,9,False,False
2011-009,2011,9,ARB,,2011-11-28 03:00:00,2011-11-28 03:00:00,14.0,69.5,2.0,998.0,30.0,5.0,,,DD,10,False,False
2011-009,2011,9,ARB,,2011-11-28 06:00:00,2011-11-28 06:00:00,14.5,69.0,2.0,998.0,30.0,5.0,,,DD,11,False,False
2011-009,2011,9,ARB,,2011-11-28 12:00:00,2011-11-28 12:00:00,15.0,68.0,2.0,998.0,30.0,5.0,,,DD,12,False,False
2011-009,2011,9,ARB,,2011-11-28 18:00:00,2011-11-28 18:00:00,15.5,67.5,2.0,998.0,30.0,6.0,,,DD,13,False,False
2011-009,2011,9,ARB,,2011-11-29 00:00:00,2011-11-29 00:00:00,15.5,67.0,2.0,998.0,30.0,6.0,,,DD,14,False,False
2011-009,2011,9,ARB,,2011-11-29 03:00:00,2011-11-29 03:00:00,15.7,66.8,2.0,998.0,30.0,5.0,,,DD,15,False,False
2011-009,2011,9,ARB,,2011-11-29 06:00:00,2011-11-29 06:00:00,16.0,66.5,2.0,998.0,30.0,5.0,,,DD,16,False,False
2011-009,2011,9,ARB,,2011-11-29 12:00:00,2011-11-29 12:00:00,16.0,66.5,1.5,1000.0,25.0,4.0,,,D,17,False,False
2011-009,2011,9,ARB,,2011-11-29 18:00:00,2011-11-29 18:00:00,16.4,65.5,1.5,1000.0,25.0,4.0,,,D,18,False,False
2011-009,2011,9,ARB,,2011-11-30 00:00:00,2011-11-30 00:00:00,17.0,64.4,1.5,1000.0,25.0,4.0,,,D,19,False,False
2011-009,2011,9,ARB,,2011-11-30 03:00:00,2011-11-30 03:00:00,17.0,64.5,1.5,1000.0,25.0,4.0,,,D,20,False,False
2011-009,2011,9,ARB,,2011-11-30 06:00:00,2011-11-30 06:00:00,17.5,63.5,1.5,1000.0,25.0,4.0,,,D,21,False,False
2011-009,2011,9,ARB,,2011-11-30 12:00:00,2011-11-30 12:00:00,18.0,63.5,1.5,1000.0,25.0,3.0,,,D,22,False,False
2011-009,2011,9,ARB,,2011-11-30 18:00:00,2011-11-30 18:00:00,19.0,62.5,1.5,1000.0,25.0,3.0,,,D,23,False,False
2011-009,2011,9,ARB,,2011-12-01 00:00:00,2011-12-01 00:00:00,19.5,62.5,1.5,1002.0,25.0,3.0,,,D,24,False,False
2011-009,2011,9,ARB,,2011-12-01 03:00:00,2011-12-01 03:00:00,19.5,62.5,1.5,1002.0,25.0,3.0,,,D,25,False,False
2011-010,2011,10,BOB,THANE,2011-12-25 12:00:00,2011-12-25 12:00:00,8.5,88.5,1.5,1000.0,25.0,3.0,,,D,0,False,False
2011-010,2011,10,BOB,THANE,2011-12-25 18:00:00,2011-12-25 18:00:00,9.0,88.0,1.5,1000.0,25.0,3.0,,,D,1,False,False
2011-010,2011,10,BOB,THANE,2011-12-26 00:00:00,2011-12-26 00:00:00,9.5,87.5,2.0,998.0,30.0,4.0,,,DD,2,False,False
2011-010,2011,10,BOB,THANE,2011-12-26 03:00:00,2011-12-26 03:00:00,9.5,87.5,2.0,998.0,30.0,4.0,,,DD,3,False,False
2011-010,2011,10,BOB,THANE,2011-12-26 06:00:00,2011-12-26 06:00:00,10.0,87.5,2.0,998.0,30.0,4.0,,,DD,4,False,False
2011-010,2011,10,BOB,THANE,2011-12-26 12:00:00,2011-12-26 12:00:00,10.5,87.5,2.0,998.0,30.0,5.0,,,DD,5,False,False
2011-010,2011,10,BOB,THANE,2011-12-26 18:00:00,2011-12-26 18:00:00,11.0,87.5,2.5,996.0,35.0,7.0,,,CS,6,False,False
2011-010,2011,10,BOB,THANE,2011-12-26 21:00:00,2011-12-26 21:00:00,11.0,87.5,2.5,996.0,35.0,7.0,,,CS,7,False,False
2011-010,2011,10,BOB,THANE,2011-12-27 00:00:00,2011-12-27 00:00:00,11.5,87.5,2.5,994.0,40.0,8.0,,,CS,8,False,False
2011-010,2011,10,BOB,THANE,2011-12-27 03:00:00,2011-12-27 03:00:00,12.0,87.0,2.5,994.0,40.0,8.0,,,CS,9,False,False
2011-010,2011,10,BOB,THANE,2011-12-27 06:00:00,2011-12-27 06:00:00,12.0,87.0,2.5,994.0,40.0,8.0,,,CS,10,False,False
2011-010,2011,10,BOB,THANE,2011-12-27 09:00:00,2011-12-27 09:00:00,12.2,86.7,2.5,992.0,40.0,10.0,,,CS,11,False,False
2011-010,2011,10,BOB,THANE,2011-12-27 12:00:00,2011-12-27 12:00:00,12.5,86.5,2.5,992.0,40.0,10.0,,,CS,12,False,False
2011-010,2011,10,BOB,THANE,2011-12-27 15:00:00,2011-12-27 15:00:00,12.5,86.5,3.0,992.0,45.0,10.0,,,CS,13,False,False
2011-010,2011,10,BOB,THANE,2011-12-27 18:00:00,2011-12-27 18:00:00,12.5,86.0,3.0,992.0,45.0,12.0,,,CS,14,False,False
2011-010,2011,10,BOB,THANE,2011-12-27 21:00:00,2011-12-27 21:00:00,12.5,86.0,3.0,992.0,45.0,12.0,,,CS,15,False,False
2011-010,2011,10,BOB,THANE,2011-12-28 00:00:00,2011-12-28 00:00:00,12.5,85.5,3.0,992.0,45.0,12.0,,,CS,16,False,False
2011-010,2011,10,BOB,THANE,2011-12-28 03:00:00,2011-12-28 03:00:00,12.5,85.5,3.0,987.0,45.0,14.0,,,CS,17,False,False
2011-010,2011,10,BOB,THANE,2011-12-28 06:00:00,2011-12-28 06:00:00,12.5,85.0,3.0,988.0,45.0,14.0,,,CS,18,False,False
2011-010,2011,10,BOB,THANE,2011-12-28 09:00:00,2011-12-28 09:00:00,12.5,85.0,3.5,986.0,55.0,16.0,,,SCS,19,False,False
2011-010,2011,10,BOB,THANE,2011-12-28 12:00:00,2011-12-28 12:00:00,12.5,84.5,4.0,982.0,65.0,20.0,,,VSCS,20,False,False
2011-010,2011,10,BOB,THANE,2011-12-28 15:00:00,2011-12-28 15:00:00,12.5,84.0,4.0,980.0,65.0,22.0,,,VSCS,21,False,False
2011-010,2011,10,BOB,THANE,2011-12-28 18:00:00,2011-12-28 18:00:00,12.5,84.0,4.0,978.0,65.0,24.0,,,VSCS,22,False,False
2011-010,2011,10,BOB,THANE,2011-12-28 21:00:00,2011-12-28 21:00:00,12.5,83.5,4.0,976.0,65.0,26.0,,,VSCS,23,False,False
2011-010,2011,10,BOB,THANE,2011-12-29 00:00:00,2011-12-29 00:00:00,12.3,83.0,4.0,974.0,70.0,28.0,,,VSCS,24,False,False
2011-010,2011,10,BOB,THANE,2011-12-29 03:00:00,2011-12-29 03:00:00,12.0,82.5,4.5,976.0,75.0,30.0,,,VSCS,25,False,False
2011-010,2011,10,BOB,THANE,2011-12-29 06:00:00,2011-12-29 06:00:00,12.0,82.0,4.5,972.0,75.0,30.0,,,VSCS,26,False,False
2011-010,2011,10,BOB,THANE,2011-12-29 09:00:00,2011-12-29 09:00:00,12.0,81.7,4.5,972.0,75.0,30.0,,,VSCS,27,False,False
2011-010,2011,10,BOB,THANE,2011-12-29 12:00:00,2011-12-29 12:00:00,12.0,81.3,4.5,972.0,75.0,30.0,,,VSCS,28,False,False
2011-010,2011,10,BOB,THANE,2011-12-29 15:00:00,2011-12-29 15:00:00,12.0,81.0,4.5,970.0,75.0,30.0,,,VSCS,29,False,False
2011-010,2011,10,BOB,THANE,2011-12-29 18:00:00,2011-12-29 18:00:00,11.8,80.6,4.5,970.0,75.0,30.0,,,VSCS,30,False,False
2011-010,2011,10,BOB,THANE,2011-12-29 21:00:00,2011-12-29 21:00:00,11.8,80.3,4.5,969.0,75.0,30.0,,,VSCS,31,False,False
2011-010,2011,10,BOB,THANE,2011-12-30 00:00:00,2011-12-30 00:00:00,11.6,79.9,4.5,969.0,75.0,30.0,,,VSCS,32,False,False
2011-010,2011,10,BOB,THANE,2011-12-30 03:00:00,2011-12-30 03:00:00,11.6,79.5,,986.0,55.0,16.0,,,SCS,33,False,False
2011-010,2011,10,BOB,THANE,2011-12-30 06:00:00,2011-12-30 06:00:00,11.6,79.0,,998.0,30.0,5.0,,,DD,34,False,False
2011-010,2011,10,BOB,THANE,2011-12-30 12:00:00,2011-12-30 12:00:00,11.6,78.2,,1000.0,25.0,3.0,,,D,35,False,False
2012-001,2012,1,BOB,,2012-10-10 12:00:00,2012-10-10 12:00:00,21.0,91.0,1.5,1003.0,25.0,3.0,,,D,0,False,False
2012-001,2012,1,BOB,,2012-10-10 15:00:00,2012-10-10 15:00:00,21.5,91.0,1.5,1003.0,25.0,4.0,,,D,1,False,False
2012-001,2012,1,BOB,,2012-10-10 18:00:00,2012-10-10 18:00:00,22.0,91.0,2.0,1002.0,30.0,5.0,,,DD,2,False,False
2012-001,2012,1,BOB,,2012-10-11 00:00:00,2012-10-11 00:00:00,22.5,91.3,2.0,1002.0,30.0,5.0,,,DD,3,False,False
2012-001,2012,1,BOB,,2012-10-11 03:00:00,2012-10-11 03:00:00,23.0,91.5,,1006.0,20.0,3.0,,,D,4,False,False
2012-002,2012,2,ARB,MURJAN,2012-10-22 21:00:00,2012-10-22 21:00:00,11.0,66.5,1.5,1004.0,25.0,3.0,,,D,0,False,False
2012-002,2012,2,ARB,MURJAN,2012-10-23 03:00:00,2012-10-23 03:00:00,11.0,66.0,1.5,1004.0,25.0,3.0,,,D,1,False,False
2012-002,2012,2,ARB,MURJAN,2012-10-23 12:00:00,2012-10-23 12:00:00,11.5,64.0,1.5,1003.0,25.0,3.0,,,D,2,False,False
2012-002,2012,2,ARB,MURJAN,2012-10-23 15:00:00,2012-10-23 15:00:00,11.5,63.5,2.0,1002.0,30.0,4.0,,,DD,3,False,False
2012-002,2012,2,ARB,MURJAN,2012-10-24 03:00:00,2012-10-24 03:00:00,11.0,59.0,2.0,1002.0,30.0,4.0,,,DD,4,False,False
2012-002,2012,2,ARB,MURJAN,2012-10-24 12:00:00,2012-10-24 12:00:00,10.5,56.5,2.5,1000.0,35.0,6.0,,,CS,5,False,False
2012-002,2012,2,ARB,MURJAN,2012-10-24 18:00:00,2012-10-24 18:00:00,10.5,55.5,2.5,998.0,40.0,8.0,,,CS,6,False,False
2012-002,2012,2,ARB,MURJAN,2012-10-25 00:00:00,2012-10-25 00:00:00,10.5,54.0,2.5,1000.0,35.0,6.0,,,CS,7,False,False
2012-002,2012,2,ARB,MURJAN,2012-10-25 03:00:00,2012-10-25 03:00:00,10.5,53.5,2.5,1000.0,35.0,6.0,,,CS,8,False,False
2012-002,2012,2,ARB,MURJAN,2012-10-25 06:00:00,2012-10-25 06:00:00,10.0,53.0,2.5,1000.0,35.0,6.0,,,CS,9,False,False
2012-002,2012,2,ARB,MURJAN,2012-10-25 12:00:00,2012-10-25 12:00:00,9.5,51.5,2.5,1000.0,35.0,6.0,,,CS,10,False,False
2012-002,2012,2,ARB,MURJAN,2012-10-25 18:00:00,2012-10-25 18:00:00,9.5,50.5,,1001.0,30.0,4.0,,,DD,11,False,False
2012-002,2012,2,ARB,MURJAN,2012-10-26 00:00:00,2012-10-26 00:00:00,9.5,49.5,,1002.0,25.0,3.0,,,D,12,False,False
2012-002,2012,2,ARB,MURJAN,2012-10-26 03:00:00,2012-10-26 03:00:00,9.5,48.5,,1002.0,25.0,3.0,,,D,13,False,False
2012-003,2012,3,BOB,NILAM,2012-10-28 06:00:00,2012-10-28 06:00:00,9.5,86.0,1.5,1004.0,25.0,2.0,,,D,0,False,False
2012-003,2012,3,BOB,NILAM,2012-10-28 12:00:00,2012-10-28 12:00:00,9.5,85.0,1.5,1003.0,25.0,3.0,,,D,1,False,False
2012-003,2012,3,BOB,NILAM,2012-10-28 18:00:00,2012-10-28 18:00:00,9.5,84.5,1.5,1002.0,25.0,4.0,,,D,2,False,False
2012-003,2012,3,BOB,NILAM,2012-10-29 00:00:00,2012-10-29 00:00:00,9.5,84.0,2.0,1000.0,30.0,4.0,,,DD,3,False,False
2012-003,2012,3,BOB,NILAM,2012-10-29 03:00:00,2012-10-29 03:00:00,9.5,83.5,2.0,1000.0,30.0,4.0,,,DD,4,False,False
2012-003,2012,3,BOB,NILAM,2012-10-29 06:00:00,2012-10-29 06:00:00,9.0,83.0,2.0,1000.0,30.0,4.0,,,DD,5,False,False
2012-003,2012,3,BOB,NILAM,2012-10-29 12:00:00,2012-10-29 12:00:00,9.0,82.5,2.0,1000.0,30.0,4.0,,,DD,6,False,False
2012-003,2012,3,BOB,NILAM,2012-10-29 18:00:00,2012-10-29 18:00:00,9.0,82.0,2.0,1000.0,30.0,4.0,,,DD,7,False,False
2012-003,2012,3,BOB,NILAM,2012-10-30 00:00:00,2012-10-30 00:00:00,9.0,82.0,2.0,999.0,30.0,4.0,,,DD,8,False,False
2012-003,2012,3,BOB,NILAM,2012-10-30 03:00:00,2012-10-30 03:00:00,9.0,82.0,2.5,998.0,35.0,6.0,,,CS,9,False,False
2012-003,2012,3,BOB,NILAM,2012-10-30 06:00:00,2012-10-30 06:00:00,9.0,82.0,2.5,996.0,35.0,6.0,,,CS,10,False,False
2012-003,2012,3,BOB,NILAM,2012-10-30 09:00:00,2012-10-30 09:00:00,9.5,82.0,2.5,996.0,35.0,6.0,,,CS,11,False,False
2012-003,2012,3,BOB,NILAM,2012-10-30 12:00:00,2012-10-30 12:00:00,9.5,82.0,2.5,994.0,40.0,8.0,,,CS,12,False,False
2012-003,2012,3,BOB,NILAM,2012-10-30 15:00:00,2012-10-30 15:00:00,9.5,82.0,2.5,994.0,40.0,8.0,,,CS,13,False,False
2012-003,2012,3,BOB,NILAM,2012-10-30 18:00:00,2012-10-30 18:00:00,10.0,82.0,2.5,992.0,40.0,8.0,,,CS,14,False,False
2012-003,2012,3,BOB,NILAM,2012-10-30 21:00:00,2012-10-30 21:00:00,10.0,82.0,2.5,990.0,40.0,10.0,,,CS,15,False,False
2012-003,2012,3,BOB,NILAM,2012-10-31 00:00:00,2012-10-31 00:00:00,10.5,81.5,3.0,988.0,45.0,12.0,,,CS,16,False,False
2012-003,2012,3,BOB,NILAM,2012-10-31 03:00:00,2012-10-31 03:00:00,11.0,81.0,3.0,987.0,45.0,13.0,,,CS,17,False,False
2012-003,2012,3,BOB,NILAM,2012-10-31 06:00:00,2012-10-31 06:00:00,11.5,81.0,3.0,987.0,45.0,13.0,,,CS,18,False,False
2012-003,2012,3,BOB,NILAM,2012-10-31 09:00:00,2012-10-31 09:00:00,12.3,80.5,3.0,987.0,45.0,13.0,,,CS,19,False,False
2012-003,2012,3,BOB,NILAM,2012-10-31 12:00:00,2012-10-31 12:00:00,12.7,79.8,,991.0,35.0,8.0,,,CS,20,False,False
2012-003,2012,3,BOB,NILAM,2012-10-31 15:00:00,2012-10-31 15:00:00,13.0,79.5,,996.0,35.0,7.0,,,CS,21,False,False
2012-003,2012,3,BOB,NILAM,2012-10-31 18:00:00,2012-10-31 18:00:00,13.0,78.5,,998.0,30.0,5.0,,,DD,22,False,False
2012-003,2012,3,BOB,NILAM,2012-11-01 00:00:00,2012-11-01 00:00:00,13.0,77.5,,999.0,20.0,4.0,,,D,23,False,False
2012-003,2012,3,BOB,NILAM,2012-11-01 03:00:00,2012-11-01 03:00:00,13.5,77.0,,1002.0,20.0,3.0,,,D,24,False,False
2012-003,2012,3,BOB,NILAM,2012-11-01 06:00:00,2012-11-01 06:00:00,13.5,77.0,,1002.0,20.0,3.0,,,D,25,False,False
2012-003,2012,3,BOB,NILAM,2012-11-01 12:00:00,2012-11-01 12:00:00,14.0,77.0,,1002.0,20.0,3.0,,,D,26,False,False
2012-003,2012,3,BOB,NILAM,2012-11-01 18:00:00,2012-11-01 18:00:00,14.5,77.0,,1004.0,20.0,3.0,,,D,27,False,False
2012-004,2012,4,BOB,,2012-11-17 06:00:00,2012-11-17 06:00:00,15.5,90.0,1.5,1004.0,25.0,3.0,,,D,0,False,False
2012-004,2012,4,BOB,,2012-11-17 09:00:00,2012-11-17 09:00:00,15.5,89.5,2.0,1003.0,30.0,4.0,,,DD,1,False,False
2012-004,2012,4,BOB,,2012-11-17 12:00:00,2012-11-17 12:00:00,16.0,89.0,2.0,1002.0,30.0,5.0,,,DD,2,False,False
2012-004,2012,4,BOB,,2012-11-17 18:00:00,2012-11-17 18:00:00,16.0,89.0,2.0,1002.0,30.0,5.0,,,DD,3,False,False
2012-004,2012,4,BOB,,2012-11-18 00:00:00,2012-11-18 00:00:00,16.0,88.5,2.0,1002.0,30.0,5.0,,,DD,4,False,False
2012-004,2012,4,BOB,,2012-11-18 03:00:00,2012-11-18 03:00:00,16.0,88.5,2.0,1002.0,30.0,5.0,,,DD,5,False,False
2012-004,2012,4,BOB,,2012-11-18 06:00:00,2012-11-18 06:00:00,16.0,88.0,2.0,1002.0,30.0,5.0,,,DD,6,False,False
2012-004,2012,4,BOB,,2012-11-18 12:00:00,2012-11-18 12:00:00,16.0,87.5,2.0,1002.0,30.0,5.0,,,DD,7,False,False
2012-004,2012,4,BOB,,2012-11-18 18:00:00,2012-11-18 18:00:00,16.0,87.5,2.0,1002.0,30.0,5.0,,,DD,8,False,False
2012-004,2012,4,BOB,,2012-11-19 00:00:00,2012-11-19 00:00:00,15.5,87.0,1.5,1004.0,25.0,3.0,,,D,9,False,False
2012-004,2012,4,BOB,,2012-11-19 03:00:00,2012-11-19 03:00:00,15.0,86.5,1.5,1004.0,25.0,3.0,,,D,10,False,False
2012-004,2012,4,BOB,,2012-11-19 06:00:00,2012-11-19 06:00:00,15.0,86.5,1.5,1004.0,25.0,3.0,,,D,11,False,False
2012-004,2012,4,BOB,,2012-11-19 12:00:00,2012-11-19 12:00:00,15.0,86.0,1.5,1005.0,20.0,3.0,,,D,12,False,False
2012-005,2012,5,ARB,,2012-12-22 06:00:00,2012-12-22 06:00:00,9.0,64.0,1.5,1004.0,25.0,3.0,,,D,0,False,False
2012-005,2012,5,ARB,,2012-12-22 09:00:00,2012-12-22 09:00:00,9.0,63.0,1.5,1004.0,25.0,3.0,,,D,1,False,False
2012-005,2012,5,ARB,,2012-12-22 12:00:00,2012-12-22 12:00:00,9.0,62.5,1.5,1003.0,25.0,4.0,,,D,2,False,False
2012-005,2012,5,ARB,,2012-12-23 00:00:00,2012-12-23 00:00:00,9.0,60.5,2.0,1002.0,30.0,5.0,,,DD,3,False,False
2012-005,2012,5,ARB,,2012-12-23 03:00:00,2012-12-23 03:00:00,9.0,60.0,2.0,1002.0,30.0,5.0,,,DD,4,False,False
2012-005,2012,5,ARB,,2012-12-23 12:00:00,2012-12-23 12:00:00,8.5,57.0,2.0,1002.0,30.0,5.0,,,DD,5,False,False
2012-005,2012,5,ARB,,2012-12-24 03:00:00,2012-12-24 03:00:00,8.0,54.0,2.0,1002.0,30.0,5.0,,,DD,6,False,False
2012-005,2012,5,ARB,,2012-12-24 12:00:00,2012-12-24 12:00:00,7.0,52.0,1.5,1004.0,25.0,3.0,,,D,7,False,False
2013-001,2013,1,BOB,VIYARU,2013-05-10 09:00:00,2013-05-10 09:00:00,5.0,92.0,1.5,1004.0,25.0,3.0,,,D,0,False,False
2013-001,2013,1,BOB,VIYARU,2013-05-10 12:00:00,2013-05-10 12:00:00,5.5,92.0,2.0,1002.0,30.0,5.0,,,DD,1,False,False
2013-001,2013,1,BOB,VIYARU,2013-05-10 18:00:00,2013-05-10 18:00:00,6.0,91.5,2.0,1000.0,30.0,5.0,,,DD,2,False,False
2013-001,2013,1,BOB,VIYARU,2013-05-11 00:00:00,2013-05-11 00:00:00,6.5,91.0,2.0,998.0,30.0,6.0,,,DD,3,False,False
2013-001,2013,1,BOB,VIYARU,2013-05-11 03:00:00,2013-05-11 03:00:00,7.0,90.5,2.5,996.0,35.0,8.0,,,CS,4,False,False
2013-001,2013,1,BOB,VIYARU,2013-05-11 06:00:00,2013-05-11 06:00:00,7.5,90.5,2.5,996.0,35.0,8.0,,,CS,5,False,False
2013-001,2013,1,BOB,VIYARU,2013-05-11 09:00:00,2013-05-11 09:00:00,7.5,90.0,2.5,996.0,35.0,8.0,,,CS,6,False,False
2013-001,2013,1,BOB,VIYARU,2013-05-11 12:00:00,2013-05-11 12:00:00,8.0,89.5,2.5,994.0,40.0,8.0,,,CS,7,False,False
2013-001,2013,1,BOB,VIYARU,2013-05-11 15:00:00,2013-05-11 15:00:00,8.5,89.0,2.5,994.0,40.0,8.0,,,CS,8,False,False
2013-001,2013,1,BOB,VIYARU,2013-05-11 18:00:00,2013-05-11 18:00:00,9.0,89.0,2.5,994.0,40.0,8.0,,,CS,9,False,False
2013-001,2013,1,BOB,VIYARU,2013-05-11 21:00:00,2013-05-11 21:00:00,9.5,88.5,2.5,994.0,40.0,8.0,,,CS,10,False,False
2013-001,2013,1,BOB,VIYARU,2013-05-12 00:00:00,2013-05-12 00:00:00,10.0,88.0,2.5,994.0,40.0,8.0,,,CS,11,False,False
2013-001,2013,1,BOB,VIYARU,2013-05-12 03:00:00,2013-05-12 03:00:00,10.0,87.5,2.5,994.0,40.0,8.0,,,CS,12,False,False
2013-001,2013,1,BOB,VIYARU,2013-05-12 06:00:00,2013-05-12 06:00:00,10.0,87.5,2.5,994.0,40.0,8.0,,,CS,13,False,False
2013-001,2013,1,BOB,VIYARU,2013-05-12 09:00:00,2013-05-12 09:00:00,10.5,87.0,2.5,994.0,40.0,8.0,,,CS,14,False,False
2013-001,2013,1,BOB,VIYARU,2013-05-12 12:00:00,2013-05-12 12:00:00,10.5,87.0,2.5,994.0,40.0,8.0,,,CS,15,False,False
2013-001,2013,1,BOB,VIYARU,2013-05-12 15:00:00,2013-05-12 15:00:00,10.5,86.5,2.5,994.0,40.0,8.0,,,CS,16,False,False
2013-001,2013,1,BOB,VIYARU,2013-05-12 18:00:00,2013-05-12 18:00:00,11.0,86.5,2.5,994.0,40.0,8.0,,,CS,17,False,False
2013-001,2013,1,BOB,VIYARU,2013-05-12 21:00:00,2013-05-12 21:00:00,11.0,86.5,2.5,994.0,40.0,8.0,,,CS,18,False,False
2013-001,2013,1,BOB,VIYARU,2013-05-13 00:00:00,2013-05-13 00:00:00,11.5,86.5,2.5,994.0,40.0,8.0,,,CS,19,False,False
2013-001,2013,1,BOB,VIYARU,2013-05-13 03:00:00,2013-05-13 03:00:00,12.0,86.5,2.5,994.0,40.0,8.0,,,CS,20,False,False
2013-001,2013,1,BOB,VIYARU,2013-05-13 06:00:00,2013-05-13 06:00:00,12.0,86.5,2.5,994.0,40.0,8.0,,,CS,21,False,False
2013-001,2013,1,BOB,VIYARU,2013-05-13 09:00:00,2013-05-13 09:00:00,12.0,86.0,2.5,994.0,40.0,8.0,,,CS,22,False,False
2013-001,2013,1,BOB,VIYARU,2013-05-13 12:00:00,2013-05-13 12:00:00,12.0,86.0,2.5,994.0,40.0,8.0,,,CS,23,False,False
2013-001,2013,1,BOB,VIYARU,2013-05-13 15:00:00,2013-05-13 15:00:00,12.5,86.0,2.5,994.0,40.0,8.0,,,CS,24,False,False
2013-001,2013,1,BOB,VIYARU,2013-05-13 18:00:00,2013-05-13 18:00:00,12.5,85.5,2.5,994.0,40.0,8.0,,,CS,25,False,False
2013-001,2013,1,BOB,VIYARU,2013-05-13 21:00:00,2013-05-13 21:00:00,13.0,85.5,2.5,994.0,40.0,8.0,,,CS,26,False,False
2013-001,2013,1,BOB,VIYARU,2013-05-14 00:00:00,2013-05-14 00:00:00,13.5,85.5,2.5,994.0,40.0,8.0,,,CS,27,False,False
2013-001,2013,1,BOB,VIYARU,2013-05-14 03:00:00,2013-05-14 03:00:00,13.5,85.5,2.5,994.0,40.0,8.0,,,CS,28,False,False
2013-001,2013,1,BOB,VIYARU,2013-05-14 06:00:00,2013-05-14 06:00:00,14.0,85.5,2.5,994.0,40.0,8.0,,,CS,29,False,False
2013-001,2013,1,BOB,VIYARU,2013-05-14 09:00:00,2013-05-14 09:00:00,14.0,85.5,2.5,994.0,40.0,8.0,,,CS,30,False,False
2013-001,2013,1,BOB,VIYARU,2013-05-14 12:00:00,2013-05-14 12:00:00,14.5,86.0,2.5,994.0,40.0,8.0,,,CS,31,False,False
2013-001,2013,1,BOB,VIYARU,2013-05-14 15:00:00,2013-05-14 15:00:00,14.5,86.0,2.5,994.0,40.0,8.0,,,CS,32,False,False
2013-001,2013,1,BOB,VIYARU,2013-05-14 18:00:00,2013-05-14 18:00:00,15.0,86.5,2.5,994.0,40.0,8.0,,,CS,33,False,False
2013-001,2013,1,BOB,VIYARU,2013-05-14 21:00:00,2013-05-14 21:00:00,15.5,86.5,2.5,994.0,40.0,8.0,,,CS,34,False,False
2013-001,2013,1,BOB,VIYARU,2013-05-15 00:00:00,2013-05-15 00:00:00,16.0,87.0,2.5,994.0,40.0,8.0,,,CS,35,False,False
2013-001,2013,1,BOB,VIYARU,2013-05-15 03:00:00,2013-05-15 03:00:00,16.5,87.0,2.5,992.0,40.0,8.0,,,CS,36,False,False
2013-001,2013,1,BOB,VIYARU,2013-05-15 06:00:00,2013-05-15 06:00:00,17.0,87.5,3.0,990.0,45.0,10.0,,,CS,37,False,False
2013-001,2013,1,BOB,VIYARU,2013-05-15 09:00:00,2013-05-15 09:00:00,17.5,87.5,3.0,990.0,45.0,10.0,,,CS,38,False,False
2013-001,2013,1,BOB,VIYARU,2013-05-15 12:00:00,2013-05-15 12:00:00,18.0,88.0,3.0,990.0,45.0,10.0,,,CS,39,False,False
2013-001,2013,1,BOB,VIYARU,2013-05-15 15:00:00,2013-05-15 15:00:00,18.5,88.5,3.0,990.0,45.0,10.0,,,CS,40,False,False
2013-001,2013,1,BOB,VIYARU,2013-05-15 18:00:00,2013-05-15 18:00:00,19.0,88.5,3.0,990.0,45.0,10.0,,,CS,41,False,False
2013-001,2013,1,BOB,VIYARU,2013-05-15 21:00:00,2013-05-15 21:00:00,19.5,89.0,3.0,990.0,45.0,10.0,,,CS,42,False,False
2013-001,2013,1,BOB,VIYARU,2013-05-16 00:00:00,2013-05-16 00:00:00,20.0,89.5,3.0,990.0,45.0,10.0,,,CS,43,False,False
2013-001,2013,1,BOB,VIYARU,2013-05-16 03:00:00,2013-05-16 03:00:00,21.0,90.0,3.0,990.0,45.0,10.0,,,CS,44,False,False
2013-001,2013,1,BOB,VIYARU,2013-05-16 06:00:00,2013-05-16 06:00:00,22.5,91.0,3.0,990.0,45.0,10.0,,,CS,45,False,False
2013-001,2013,1,BOB,VIYARU,2013-05-16 09:00:00,2013-05-16 09:00:00,23.5,92.0,,994.0,40.0,8.0,,,CS,46,False,False
2013-001,2013,1,BOB,VIYARU,2013-05-16 12:00:00,2013-05-16 12:00:00,24.0,92.5,,996.0,30.0,6.0,,,DD,47,False,False
2013-001,2013,1,BOB,VIYARU,2013-05-16 18:00:00,2013-05-16 18:00:00,25.0,93.5,,998.0,25.0,4.0,,,D,48,False,False
2013-002,2013,2,BOB,,2013-05-29 03:00:00,2013-05-29 03:00:00,21.0,89.5,1.5,996.0,25.0,4.0,,,D,0,False,False
2013-002,2013,2,BOB,,2013-05-29 06:00:00,2013-05-29 06:00:00,21.3,89.3,1.5,996.0,25.0,4.0,,,D,1,False,False
2013-002,2013,2,BOB,,2013-05-29 09:00:00,2013-05-29 09:00:00,21.5,89.0,1.5,996.0,25.0,4.0,,,D,2,False,False
2013-002,2013,2,BOB,,2013-05-29 12:00:00,2013-05-29 12:00:00,21.7,88.8,1.5,994.0,25.0,4.0,,,D,3,False,False
2013-002,2013,2,BOB,,2013-05-29 15:00:00,2013-05-29 15:00:00,22.0,88.7,,994.0,20.0,4.0,,,D,4,False,False
2013-002,2013,2,BOB,,2013-05-29 18:00:00,2013-05-29 18:00:00,22.1,88.4,,994.0,20.0,4.0,,,D,5,False,False
2013-002,2013,2,BOB,,2013-05-30 00:00:00,2013-05-30 00:00:00,22.2,87.8,,994.0,20.0,4.0,,,D,6,False,False
2013-002,2013,2,BOB,,2013-05-30 03:00:00,2013-05-30 03:00:00,22.3,87.5,,990.0,20.0,4.0,,,D,7,False,False
2013-002,2013,2,BOB,,2013-05-30 06:00:00,2013-05-30 06:00:00,22.3,87.5,,990.0,20.0,4.0,,,D,8,False,False
2013-002,2013,2,BOB,,2013-05-30 12:00:00,2013-05-30 12:00:00,22.7,87.3,,990.0,20.0,4.0,,,D,9,False,False
2013-002,2013,2,BOB,,2013-05-30 18:00:00,2013-05-30 18:00:00,22.8,87.2,,990.0,20.0,4.0,,,D,10,False,False
2013-002,2013,2,BOB,,2013-05-31 00:00:00,2013-05-31 00:00:00,23.5,87.1,,990.0,20.0,4.0,,,D,11,False,False
2013-002,2013,2,BOB,,2013-05-31 03:00:00,2013-05-31 03:00:00,24.0,87.0,,990.0,20.0,4.0,,,D,12,False,False
2013-002,2013,2,BOB,,2013-05-31 06:00:00,2013-05-31 06:00:00,24.5,87.0,,994.0,20.0,3.0,,,D,13,False,False
2013-002,2013,2,BOB,,2013-05-31 09:00:00,2013-05-31 09:00:00,25.0,87.0,,996.0,20.0,3.0,,,D,14,False,False
2013-003,2013,3,BOB,,2013-07-30 03:00:00,2013-07-30 03:00:00,21.0,88.0,1.5,990.0,25.0,3.0,,,D,0,False,False
2013-003,2013,3,BOB,,2013-07-30 06:00:00,2013-07-30 06:00:00,21.5,87.5,1.5,990.0,25.0,3.0,,,D,1,False,False
2013-003,2013,3,BOB,,2013-07-30 12:00:00,2013-07-30 12:00:00,21.7,87.0,,990.0,25.0,3.0,,,D,2,False,False
2013-003,2013,3,BOB,,2013-07-30 18:00:00,2013-07-30 18:00:00,21.7,85.5,,992.0,20.0,3.0,,,D,3,False,False
2013-003,2013,3,BOB,,2013-07-31 00:00:00,2013-07-31 00:00:00,21.8,84.0,,992.0,20.0,3.0,,,D,4,False,False
2013-003,2013,3,BOB,,2013-07-31 03:00:00,2013-07-31 03:00:00,21.8,83.0,,992.0,20.0,3.0,,,D,5,False,False
2013-003,2013,3,BOB,,2013-07-31 06:00:00,2013-07-31 06:00:00,21.8,82.5,,992.0,20.0,3.0,,,D,6,False,False
2013-003,2013,3,BOB,,2013-07-31 12:00:00,2013-07-31 12:00:00,22.0,80.5,,992.0,20.0,3.0,,,D,7,False,False
2013-003,2013,3,BOB,,2013-08-01 00:00:00,2013-08-01 00:00:00,22.5,80.0,,992.0,20.0,3.0,,,D,8,False,False
2013-004,2013,4,BOB,,2013-08-20 00:00:00,2013-08-20 00:00:00,22.0,87.5,,990.0,25.0,3.0,,,D,0,False,False
2013-004,2013,4,BOB,,2013-08-20 03:00:00,2013-08-20 03:00:00,22.0,87.5,,990.0,25.0,3.0,,,D,1,False,False
2013-004,2013,4,BOB,,2013-08-20 06:00:00,2013-08-20 06:00:00,22.0,87.5,,990.0,25.0,3.0,,,D,2,False,False
2013-004,2013,4,BOB,,2013-08-20 12:00:00,2013-08-20 12:00:00,22.3,87.5,,990.0,25.0,3.0,,,D,3,False,False
2013-004,2013,4,BOB,,2013-08-20 18:00:00,2013-08-20 18:00:00,22.5,87.5,,990.0,25.0,3.0,,,D,4,False,False
2013-004,2013,4,BOB,,2013-08-21 00:00:00,2013-08-21 00:00:00,23.3,87.0,,990.0,20.0,3.0,,,D,5,False,False
2013-004,2013,4,BOB,,2013-08-21 03:00:00,2013-08-21 03:00:00,23.3,86.0,,992.0,20.0,3.0,,,D,6,False,False
2013-004,2013,4,BOB,,2013-08-21 06:00:00,2013-08-21 06:00:00,23.2,85.7,,992.0,20.0,3.0,,,D,7,False,False
2013-004,2013,4,BOB,,2013-08-21 12:00:00,2013-08-21 12:00:00,23.2,84.0,,991.0,20.0,3.0,,,D,8,False,False
2013-004,2013,4,BOB,,2013-08-21 18:00:00,2013-08-21 18:00:00,23.2,82.2,,994.0,20.0,3.0,,,D,9,False,False
2013-004,2013,4,BOB,,2013-08-22 00:00:00,2013-08-22 00:00:00,23.2,82.0,,994.0,20.0,3.0,,,D,10,False,False
2013-004,2013,4,BOB,,2013-08-22 03:00:00,2013-08-22 03:00:00,23.2,80.7,,994.0,20.0,3.0,,,D,11,False,False
2013-004,2013,4,BOB,,2013-08-22 06:00:00,2013-08-22 06:00:00,23.2,80.3,,996.0,20.0,3.0,,,D,12,False,False
2013-004,2013,4,BOB,,2013-08-22 12:00:00,2013-08-22 12:00:00,23.0,80.1,,998.0,20.0,3.0,,,D,13,False,False
2013-004,2013,4,BOB,,2013-08-23 00:00:00,2013-08-23 00:00:00,22.8,79.8,,998.0,20.0,3.0,,,D,14,False,False
2013-005,2013,5,BOB,PHAILIN,2013-10-08 03:00:00,2013-10-08 03:00:00,12.0,96.0,1.5,1004.0,25.0,3.0,,,D,0,False,False
2013-005,2013,5,BOB,PHAILIN,2013-10-08 06:00:00,2013-10-08 06:00:00,12.0,95.5,1.5,1004.0,25.0,3.0,,,D,1,False,False
2013-005,2013,5,BOB,PHAILIN,2013-10-08 12:00:00,2013-10-08 12:00:00,12.0,94.5,1.5,1003.0,25.0,4.0,,,D,2,False,False
2013-005,2013,5,BOB,PHAILIN,2013-10-08 18:00:00,2013-10-08 18:00:00,12.5,94.0,1.5,1003.0,25.0,4.0,,,D,3,False,False
2013-005,2013,5,BOB,PHAILIN,2013-10-09 00:00:00,2013-10-09 00:00:00,13.0,93.5,2.0,1002.0,30.0,5.0,,,DD,4,False,False
2013-005,2013,5,BOB,PHAILIN,2013-10-09 03:00:00,2013-10-09 03:00:00,13.0,93.5,2.0,1001.0,30.0,5.0,,,DD,5,False,False
2013-005,2013,5,BOB,PHAILIN,2013-10-09 06:00:00,2013-10-09 06:00:00,13.0,93.0,2.0,1000.0,30.0,6.0,,,DD,6,False,False
2013-005,2013,5,BOB,PHAILIN,2013-10-09 09:00:00,2013-10-09 09:00:00,13.5,92.5,2.0,1000.0,30.0,6.0,,,DD,7,False,False
2013-005,2013,5,BOB,PHAILIN,2013-10-09 12:00:00,2013-10-09 12:00:00,13.5,92.5,2.5,999.0,35.0,7.0,,,CS,8,False,False
2013-005,2013,5,BOB,PHAILIN,2013-10-09 15:00:00,2013-10-09 15:00:00,13.6,92.5,2.5,999.0,35.0,7.0,,,CS,9,False,False
2013-005,2013,5,BOB,PHAILIN,2013-10-09 18:00:00,2013-10-09 18:00:00,14.0,92.0,2.5,998.0,40.0,8.0,,,CS,10,False,False
2013-005,2013,5,BOB,PHAILIN,2013-10-09 21:00:00,2013-10-09 21:00:00,14.0,92.0,3.0,996.0,45.0,10.0,,,CS,11,False,False
2013-005,2013,5,BOB,PHAILIN,2013-10-10 00:00:00,2013-10-10 00:00:00,14.5,91.5,3.0,996.0,45.0,10.0,,,CS,12,False,False
2013-005,2013,5,BOB,PHAILIN,2013-10-10 03:00:00,2013-10-10 03:00:00,14.5,91.0,3.5,990.0,55.0,15.0,,,SCS,13,False,False
2013-005,2013,5,BOB,PHAILIN,2013-10-10 06:00:00,2013-10-10 06:00:00,15.0,90.5,4.0,984.0,65.0,22.0,,,VSCS,14,False,False
2013-005,2013,5,BOB,PHAILIN,2013-10-10 09:00:00,2013-10-10 09:00:00,15.0,90.5,4.0,982.0,70.0,24.0,,,VSCS,15,False,False
2013-005,2013,5,BOB,PHAILIN,2013-10-10 12:00:00,2013-10-10 12:00:00,15.5,90.0,4.5,976.0,75.0,30.0,,,VSCS,16,False,False
2013-005,2013,5,BOB,PHAILIN,2013-10-10 15:00:00,2013-10-10 15:00:00,15.5,90.0,5.0,966.0,90.0,40.0,,,ESCS,17,False,False
2013-005,2013,5,BOB,PHAILIN,2013-10-10 18:00:00,2013-10-10 18:00:00,15.5,89.5,5.0,960.0,95.0,46.0,,,ESCS,18,False,False
2013-005,2013,5,BOB,PHAILIN,2013-10-10 21:00:00,2013-10-10 21:00:00,15.5,89.0,5.5,954.0,100.0,52.0,,,ESCS,19,False,False
2013-005,2013,5,BOB,PHAILIN,2013-10-11 00:00:00,2013-10-11 00:00:00,16.0,88.5,5.5,946.0,110.0,60.0,,,ESCS,20,False,False
2013-005,2013,5,BOB,PHAILIN,2013-10-11 03:00:00,2013-10-11 03:00:00,16.0,88.5,6.0,940.0,115.0,66.0,,,ESCS,21,False,False
2013-005,2013,5,BOB,PHAILIN,2013-10-11 06:00:00,2013-10-11 06:00:00,16.2,88.3,6.0,940.0,115.0,66.0,,,ESCS,22,False,False
2013-005,2013,5,BOB,PHAILIN,2013-10-11 09:00:00,2013-10-11 09:00:00,16.5,88.0,6.0,940.0,115.0,66.0,,,ESCS,23,False,False
2013-005,2013,5,BOB,PHAILIN,2013-10-11 12:00:00,2013-10-11 12:00:00,16.8,87.7,6.0,940.0,115.0,66.0,,,ESCS,24,False,False
2013-005,2013,5,BOB,PHAILIN,2013-10-11 15:00:00,2013-10-11 15:00:00,16.9,87.2,6.0,940.0,115.0,66.0,,,ESCS,25,False,False
2013-005,2013,5,BOB,PHAILIN,2013-10-11 18:00:00,2013-10-11 18:00:00,17.0,87.0,6.0,940.0,115.0,66.0,,,ESCS,26,False,False
2013-005,2013,5,BOB,PHAILIN,2013-10-11 21:00:00,2013-10-11 21:00:00,17.1,86.8,6.0,940.0,115.0,66.0,,,ESCS,27,False,False
2013-005,2013,5,BOB,PHAILIN,2013-10-12 00:00:00,2013-10-12 00:00:00,17.5,86.5,6.0,940.0,115.0,66.0,,,ESCS,28,False,False
2013-005,2013,5,BOB,PHAILIN,2013-10-12 03:00:00,2013-10-12 03:00:00,17.8,86.0,6.0,940.0,115.0,66.0,,,ESCS,29,False,False
2013-005,2013,5,BOB,PHAILIN,2013-10-12 06:00:00,2013-10-12 06:00:00,18.1,85.7,6.0,940.0,115.0,66.0,,,ESCS,30,False,False
2013-005,2013,5,BOB,PHAILIN,2013-10-12 09:00:00,2013-10-12 09:00:00,18.6,85.4,6.0,940.0,115.0,66.0,,,ESCS,31,False,False
2013-005,2013,5,BOB,PHAILIN,2013-10-12 12:00:00,2013-10-12 12:00:00,18.7,85.2,6.0,940.0,115.0,66.0,,,ESCS,32,False,False
2013-005,2013,5,BOB,PHAILIN,2013-10-12 15:00:00,2013-10-12 15:00:00,19.1,85.2,6.0,940.0,115.0,66.0,,,ESCS,33,False,False
2013-005,2013,5,BOB,PHAILIN,2013-10-12 18:00:00,2013-10-12 18:00:00,19.5,84.8,,956.0,100.0,50.0,,,ESCS,34,False,False
2013-005,2013,5,BOB,PHAILIN,2013-10-12 21:00:00,2013-10-12 21:00:00,20.0,84.5,,966.0,90.0,40.0,,,ESCS,35,False,False
2013-005,2013,5,BOB,PHAILIN,2013-10-13 00:00:00,2013-10-13 00:00:00,20.5,84.5,,976.0,75.0,30.0,,,VSCS,36,False,False
2013-005,2013,5,BOB,PHAILIN,2013-10-13 03:00:00,2013-10-13 03:00:00,21.0,84.0,,990.0,55.0,15.0,,,SCS,37,False,False
2013-005,2013,5,BOB,PHAILIN,2013-10-13 06:00:00,2013-10-13 06:00:00,21.5,84.0,,992.0,40.0,13.0,,,CS,38,False,False
2013-005,2013,5,BOB,PHAILIN,2013-10-13 09:00:00,2013-10-13 09:00:00,21.8,83.8,,993.0,35.0,12.0,,,CS,39,False,False
2013-005,2013,5,BOB,PHAILIN,2013-10-13 12:00:00,2013-10-13 12:00:00,22.5,83.8,,994.0,35.0,10.0,,,CS,40,False,False
2013-005,2013,5,BOB,PHAILIN,2013-10-13 18:00:00,2013-10-13 18:00:00,23.0,83.5,,996.0,30.0,6.0,,,DD,41,False,False
2013-005,2013,5,BOB,PHAILIN,2013-10-14 00:00:00,2013-10-14 00:00:00,23.5,84.0,,1000.0,30.0,5.0,,,DD,42,False,False
2013-005,2013,5,BOB,PHAILIN,2013-10-14 03:00:00,2013-10-14 03:00:00,24.0,84.1,,1002.0,25.0,4.0,,,D,43,False,False
2013-005,2013,5,BOB,PHAILIN,2013-10-14 06:00:00,2013-10-14 06:00:00,24.5,84.2,,1004.0,25.0,3.0,,,D,44,False,False
2013-006,2013,6,ARB,,2013-11-08 06:00:00,2013-11-08 06:00:00,8.0,56.5,1.5,1006.0,25.0,3.0,,,D,0,False,False
2013-006,2013,6,ARB,,2013-11-08 12:00:00,2013-11-08 12:00:00,8.0,55.0,1.5,1004.0,25.0,3.0,,,D,1,False,False
2013-006,2013,6,ARB,,2013-11-08 18:00:00,2013-11-08 18:00:00,8.0,54.0,1.5,1004.0,25.0,3.0,,,D,2,False,False
2013-006,2013,6,ARB,,2013-11-09 00:00:00,2013-11-09 00:00:00,8.0,53.0,2.0,1002.0,30.0,5.0,,,DD,3,False,False
2013-006,2013,6,ARB,,2013-11-09 03:00:00,2013-11-09 03:00:00,8.0,52.5,2.0,1002.0,30.0,5.0,,,DD,4,False,False
2013-006,2013,6,ARB,,2013-11-09 06:00:00,2013-11-09 06:00:00,8.0,52.5,2.0,1002.0,30.0,5.0,,,DD,5,False,False
2013-006,2013,6,ARB,,2013-11-09 12:00:00,2013-11-09 12:00:00,8.0,51.5,2.0,1002.0,30.0,5.0,,,DD,6,False,False
2013-006,2013,6,ARB,,2013-11-09 18:00:00,2013-11-09 18:00:00,8.0,51.5,2.0,1002.0,30.0,5.0,,,DD,7,False,False
2013-006,2013,6,ARB,,2013-11-10 00:00:00,2013-11-10 00:00:00,8.0,51.5,2.0,1002.0,30.0,5.0,,,DD,8,False,False
2013-006,2013,6,ARB,,2013-11-10 03:00:00,2013-11-10 03:00:00,8.0,51.5,2.0,1002.0,30.0,5.0,,,DD,9,False,False
2013-006,2013,6,ARB,,2013-11-10 06:00:00,2013-11-10 06:00:00,8.0,51.0,2.0,1002.0,30.0,5.0,,,DD,10,False,False
2013-006,2013,6,ARB,,2013-11-10 12:00:00,2013-11-10 12:00:00,8.0,51.0,2.0,1002.0,30.0,5.0,,,DD,11,False,False
2013-006,2013,6,ARB,,2013-11-10 18:00:00,2013-11-10 18:00:00,8.1,50.5,2.0,1002.0,30.0,5.0,,,DD,12,False,False
2013-006,2013,6,ARB,,2013-11-11 00:00:00,2013-11-11 00:00:00,8.2,50.0,,1002.0,30.0,5.0,,,DD,13,False,False
2013-006,2013,6,ARB,,2013-11-11 03:00:00,2013-11-11 03:00:00,8.4,49.6,,1002.0,30.0,5.0,,,DD,14,False,False
2013-006,2013,6,ARB,,2013-11-11 06:00:00,2013-11-11 06:00:00,8.7,49.3,,1004.0,25.0,3.0,,,D,15,False,False
2013-007,2013,7,BOB,,2013-11-13 00:00:00,2013-11-13 00:00:00,11.5,86.5,1.5,1004.0,25.0,3.0,,,D,0,False,False
2013-007,2013,7,BOB,,2013-11-13 03:00:00,2013-11-13 03:00:00,11.5,86.0,1.5,1004.0,25.0,3.0,,,D,1,False,False
2013-007,2013,7,BOB,,2013-11-13 06:00:00,2013-11-13 06:00:00,11.5,86.0,1.5,1004.0,25.0,3.0,,,D,2,False,False
2013-007,2013,7,BOB,,2013-11-13 12:00:00,2013-11-13 12:00:00,11.5,86.0,1.5,1003.0,25.0,4.0,,,D,3,False,False
2013-007,2013,7,BOB,,2013-11-13 18:00:00,2013-11-13 18:00:00,11.5,85.5,1.5,1003.0,25.0,4.0,,,D,4,False,False
2013-007,2013,7,BOB,,2013-11-14 00:00:00,2013-11-14 00:00:00,11.5,85.0,1.5,1003.0,25.0,4.0,,,D,5,False,False
2013-007,2013,7,BOB,,2013-11-14 03:00:00,2013-11-14 03:00:00,11.5,85.0,1.5,1003.0,25.0,4.0,,,D,6,False,False
2013-007,2013,7,BOB,,2013-11-14 06:00:00,2013-11-14 06:00:00,11.5,85.0,1.5,1003.0,25.0,4.0,,,D,7,False,False
2013-007,2013,7,BOB,,2013-11-14 12:00:00,2013-11-14 12:00:00,10.5,84.5,1.5,1003.0,25.0,4.0,,,D,8,False,False
2013-007,2013,7,BOB,,2013-11-14 18:00:00,2013-11-14 18:00:00,10.5,84.5,1.5,1003.0,25.0,4.0,,,D,9,False,False
2013-007,2013,7,BOB,,2013-11-15 00:00:00,2013-11-15 00:00:00,10.0,84.0,1.5,1003.0,25.0,4.0,,,D,10,False,False
2013-007,2013,7,BOB,,2013-11-15 03:00:00,2013-11-15 03:00:00,9.5,83.5,1.5,1003.0,25.0,4.0,,,D,11,False,False
2013-007,2013,7,BOB,,2013-11-15 06:00:00,2013-11-15 06:00:00,9.5,83.5,1.5,1003.0,25.0,4.0,,,D,12,False,False
2013-007,2013,7,BOB,,2013-11-15 12:00:00,2013-11-15 12:00:00,9.5,83.0,1.5,1003.0,25.0,4.0,,,D,13,False,False
2013-007,2013,7,BOB,,2013-11-15 18:00:00,2013-11-15 18:00:00,10.0,82.0,1.5,1003.0,25.0,4.0,,,D,14,False,False
2013-007,2013,7,BOB,,2013-11-16 00:00:00,2013-11-16 00:00:00,10.5,81.5,1.5,1003.0,25.0,4.0,,,D,15,False,False
2013-007,2013,7,BOB,,2013-11-16 03:00:00,2013-11-16 03:00:00,11.0,80.5,1.5,1003.0,25.0,4.0,,,D,16,False,False
2013-007,2013,7,BOB,,2013-11-16 06:00:00,2013-11-16 06:00:00,11.0,80.0,1.5,1003.0,25.0,4.0,,,D,17,False,False
2013-007,2013,7,BOB,,2013-11-16 09:00:00,2013-11-16 09:00:00,11.0,79.5,,1004.0,25.0,4.0,,,D,18,False,False
2013-007,2013,7,BOB,,2013-11-16 12:00:00,2013-11-16 12:00:00,11.0,79.0,,,25.0,3.0,,,D,19,False,False
2013-007,2013,7,BOB,,2013-11-16 18:00:00,2013-11-16 18:00:00,11.0,78.0,,,25.0,,,,D,20,False,False
2013-008,2013,8,BOB,HELEN,2013-11-19 00:00:00,2013-11-19 00:00:00,14.5,86.5,1.5,1004.0,25.0,3.0,,,D,0,False,False
2013-008,2013,8,BOB,HELEN,2013-11-19 03:00:00,2013-11-19 03:00:00,14.5,86.0,1.5,1004.0,25.0,3.0,,,D,1,False,False
2013-008,2013,8,BOB,HELEN,2013-11-19 06:00:00,2013-11-19 06:00:00,14.5,85.5,1.5,1004.0,25.0,3.0,,,D,2,False,False
2013-008,2013,8,BOB,HELEN,2013-11-19 12:00:00,2013-11-19 12:00:00,15.0,85.0,1.5,1004.0,25.0,3.0,,,D,3,False,False
2013-008,2013,8,BOB,HELEN,2013-11-19 15:00:00,2013-11-19 15:00:00,15.0,85.0,2.0,1002.0,30.0,5.0,,,DD,4,False,False
2013-008,2013,8,BOB,HELEN,2013-11-19 18:00:00,2013-11-19 18:00:00,15.0,84.5,2.0,1002.0,30.0,5.0,,,DD,5,False,False
2013-008,2013,8,BOB,HELEN,2013-11-20 00:00:00,2013-11-20 00:00:00,15.0,84.0,2.0,1002.0,30.0,5.0,,,DD,6,False,False
2013-008,2013,8,BOB,HELEN,2013-11-20 03:00:00,2013-11-20 03:00:00,15.0,84.0,2.5,1000.0,35.0,8.0,,,CS,7,False,False
2013-008,2013,8,BOB,HELEN,2013-11-20 06:00:00,2013-11-20 06:00:00,15.2,84.0,2.5,1000.0,40.0,8.0,,,CS,8,False,False
2013-008,2013,8,BOB,HELEN,2013-11-20 09:00:00,2013-11-20 09:00:00,15.2,84.0,2.5,1000.0,40.0,8.0,,,CS,9,False,False
2013-008,2013,8,BOB,HELEN,2013-11-20 12:00:00,2013-11-20 12:00:00,15.3,83.9,3.0,998.0,45.0,10.0,,,CS,10,False,False
2013-008,2013,8,BOB,HELEN,2013-11-20 15:00:00,2013-11-20 15:00:00,15.3,83.9,3.0,998.0,45.0,10.0,,,CS,11,False,False
2013-008,2013,8,BOB,HELEN,2013-11-20 18:00:00,2013-11-20 18:00:00,15.4,83.7,3.0,996.0,45.0,10.0,,,CS,12,False,False
2013-008,2013,8,BOB,HELEN,2013-11-20 21:00:00,2013-11-20 21:00:00,15.5,83.6,3.0,996.0,45.0,10.0,,,CS,13,False,False
2013-008,2013,8,BOB,HELEN,2013-11-21 00:00:00,2013-11-21 00:00:00,15.6,83.5,3.0,994.0,50.0,15.0,,,SCS,14,False,False
2013-008,2013,8,BOB,HELEN,2013-11-21 03:00:00,2013-11-21 03:00:00,15.8,83.4,3.0,992.0,50.0,17.0,,,SCS,15,False,False
2013-008,2013,8,BOB,HELEN,2013-11-21 06:00:00,2013-11-21 06:00:00,15.9,83.3,3.5,990.0,55.0,17.0,,,SCS,16,False,False
2013-008,2013,8,BOB,HELEN,2013-11-21 09:00:00,2013-11-21 09:00:00,16.0,83.1,3.5,990.0,55.0,17.0,,,SCS,17,False,False
2013-008,2013,8,BOB,HELEN,2013-11-21 12:00:00,2013-11-21 12:00:00,16.1,82.9,3.5,990.0,55.0,17.0,,,SCS,18,False,False
2013-008,2013,8,BOB,HELEN,2013-11-21 15:00:00,2013-11-21 15:00:00,16.1,82.7,3.5,990.0,55.0,17.0,,,SCS,19,False,False
2013-008,2013,8,BOB,HELEN,2013-11-21 18:00:00,2013-11-21 18:00:00,16.2,82.7,3.5,990.0,55.0,17.0,,,SCS,20,False,False
2013-008,2013,8,BOB,HELEN,2013-11-21 21:00:00,2013-11-21 21:00:00,16.2,82.3,3.5,990.0,55.0,17.0,,,SCS,21,False,False
2013-008,2013,8,BOB,HELEN,2013-11-22 00:00:00,2013-11-22 00:00:00,16.2,81.9,3.5,990.0,55.0,17.0,,,SCS,22,False,False
2013-008,2013,8,BOB,HELEN,2013-11-22 03:00:00,2013-11-22 03:00:00,16.2,81.7,3.5,990.0,55.0,17.0,,,SCS,23,False,False
2013-008,2013,8,BOB,HELEN,2013-11-22 06:00:00,2013-11-22 06:00:00,16.2,81.3,3.5,990.0,55.0,17.0,,,SCS,24,False,False
2013-008,2013,8,BOB,HELEN,2013-11-22 09:00:00,2013-11-22 09:00:00,16.1,81.2,,1000.0,40.0,8.0,,,CS,25,False,False
2013-008,2013,8,BOB,HELEN,2013-11-22 12:00:00,2013-11-22 12:00:00,15.9,80.7,,1002.0,30.0,5.0,,,DD,26,False,False
2013-008,2013,8,BOB,HELEN,2013-11-22 18:00:00,2013-11-22 18:00:00,15.9,80.4,,1004.0,25.0,3.0,,,D,27,False,False
2013-009,2013,9,BOB,LEHAR,2013-11-23 12:00:00,2013-11-23 12:00:00,8.5,96.5,1.5,1004.0,25.0,3.0,,,D,0,False,False
2013-009,2013,9,BOB,LEHAR,2013-11-23 18:00:00,2013-11-23 18:00:00,9.0,96.0,2.0,1002.0,30.0,5.0,,,DD,1,False,False
2013-009,2013,9,BOB,LEHAR,2013-11-24 00:00:00,2013-11-24 00:00:00,10.0,95.0,2.5,999.0,35.0,7.0,,,CS,2,False,False
2013-009,2013,9,BOB,LEHAR,2013-11-24 03:00:00,2013-11-24 03:00:00,10.0,95.0,2.5,998.0,40.0,8.0,,,CS,3,False,False
2013-009,2013,9,BOB,LEHAR,2013-11-24 06:00:00,2013-11-24 06:00:00,10.5,94.5,2.5,998.0,40.0,8.0,,,CS,4,False,False
2013-009,2013,9,BOB,LEHAR,2013-11-24 09:00:00,2013-11-24 09:00:00,10.7,94.0,3.0,996.0,45.0,10.0,,,CS,5,False,False
2013-009,2013,9,BOB,LEHAR,2013-11-24 12:00:00,2013-11-24 12:00:00,11.0,93.5,3.0,996.0,45.0,10.0,,,CS,6,False,False
2013-009,2013,9,BOB,LEHAR,2013-11-24 15:00:00,2013-11-24 15:00:00,11.0,93.5,3.0,996.0,45.0,10.0,,,CS,7,False,False
2013-009,2013,9,BOB,LEHAR,2013-11-24 18:00:00,2013-11-24 18:00:00,11.5,93.0,3.0,996.0,45.0,10.0,,,CS,8,False,False
2013-009,2013,9,BOB,LEHAR,2013-11-24 21:00:00,2013-11-24 21:00:00,11.5,92.5,3.0,996.0,45.0,12.0,,,CS,9,False,False
2013-009,2013,9,BOB,LEHAR,2013-11-25 00:00:00,2013-11-25 00:00:00,12.0,92.5,3.5,992.0,55.0,15.0,,,SCS,10,False,False
2013-009,2013,9,BOB,LEHAR,2013-11-25 06:00:00,2013-11-25 06:00:00,12.0,91.5,3.5,988.0,55.0,17.0,,,SCS,11,False,False
2013-009,2013,9,BOB,LEHAR,2013-11-25 09:00:00,2013-11-25 09:00:00,12.0,91.5,3.5,988.0,60.0,17.0,,,SCS,12,False,False
2013-009,2013,9,BOB,LEHAR,2013-11-25 12:00:00,2013-11-25 12:00:00,12.5,91.5,3.5,988.0,60.0,17.0,,,SCS,13,False,False
2013-009,2013,9,BOB,LEHAR,2013-11-25 15:00:00,2013-11-25 15:00:00,12.5,91.0,3.5,988.0,60.0,17.0,,,SCS,14,False,False
2013-009,2013,9,BOB,LEHAR,2013-11-25 18:00:00,2013-11-25 18:00:00,12.5,91.0,3.5,988.0,55.0,17.0,,,SCS,15,False,False
2013-009,2013,9,BOB,LEHAR,2013-11-25 21:00:00,2013-11-25 21:00:00,12.5,91.0,4.0,984.0,65.0,22.0,,,VSCS,16,False,False
2013-009,2013,9,BOB,LEHAR,2013-11-26 00:00:00,2013-11-26 00:00:00,12.5,90.5,4.0,982.0,70.0,24.0,,,VSCS,17,False,False
2013-009,2013,9,BOB,LEHAR,2013-11-26 03:00:00,2013-11-26 03:00:00,12.5,90.0,4.0,982.0,70.0,24.0,,,VSCS,18,False,False
2013-009,2013,9,BOB,LEHAR,2013-11-26 06:00:00,2013-11-26 06:00:00,12.5,89.5,4.0,982.0,70.0,24.0,,,VSCS,19,False,False
2013-009,2013,9,BOB,LEHAR,2013-11-26 09:00:00,2013-11-26 09:00:00,13.0,89.0,4.0,982.0,70.0,24.0,,,VSCS,20,False,False
2013-009,2013,9,BOB,LEHAR,2013-11-26 12:00:00,2013-11-26 12:00:00,13.0,88.5,4.0,982.0,70.0,24.0,,,VSCS,21,False,False
2013-009,2013,9,BOB,LEHAR,2013-11-26 15:00:00,2013-11-26 15:00:00,13.0,88.5,4.0,982.0,70.0,24.0,,,VSCS,22,False,False
2013-009,2013,9,BOB,LEHAR,2013-11-26 18:00:00,2013-11-26 18:00:00,13.1,88.0,4.0,980.0,75.0,26.0,,,VSCS,23,False,False
2013-009,2013,9,BOB,LEHAR,2013-11-26 21:00:00,2013-11-26 21:00:00,13.2,87.5,4.0,980.0,75.0,26.0,,,VSCS,24,False,False
2013-009,2013,9,BOB,LEHAR,2013-11-27 00:00:00,2013-11-27 00:00:00,13.5,87.0,4.0,980.0,75.0,26.0,,,VSCS,25,False,False
2013-009,2013,9,BOB,LEHAR,2013-11-27 03:00:00,2013-11-27 03:00:00,13.5,86.5,4.0,980.0,75.0,26.0,,,VSCS,26,False,False
2013-009,2013,9,BOB,LEHAR,2013-11-27 06:00:00,2013-11-27 06:00:00,14.0,86.0,4.0,982.0,70.0,24.0,,,VSCS,27,False,False
2013-009,2013,9,BOB,LEHAR,2013-11-27 09:00:00,2013-11-27 09:00:00,14.0,85.5,4.0,984.0,65.0,22.0,,,VSCS,28,False,False
2013-009,2013,9,BOB,LEHAR,2013-11-27 12:00:00,2013-11-27 12:00:00,14.5,85.0,3.5,988.0,55.0,17.0,,,SCS,29,False,False
2013-009,2013,9,BOB,LEHAR,2013-11-27 15:00:00,2013-11-27 15:00:00,14.5,84.5,3.5,988.0,55.0,17.0,,,SCS,30,False,False
2013-009,2013,9,BOB,LEHAR,2013-11-27 18:00:00,2013-11-27 18:00:00,15.0,84.0,3.0,996.0,45.0,10.0,,,CS,31,False,False
2013-009,2013,9,BOB,LEHAR,2013-11-27 21:00:00,2013-11-27 21:00:00,15.0,83.5,2.5,998.0,40.0,8.0,,,CS,32,False,False
2013-009,2013,9,BOB,LEHAR,2013-11-28 00:00:00,2013-11-28 00:00:00,15.5,82.0,2.0,1000.0,30.0,5.0,,,DD,33,False,False
2013-009,2013,9,BOB,LEHAR,2013-11-28 03:00:00,2013-11-28 03:00:00,15.7,81.7,2.0,1000.0,30.0,5.0,,,DD,34,False,False
2013-009,2013,9,BOB,LEHAR,2013-11-28 06:00:00,2013-11-28 06:00:00,15.7,81.3,2.0,1000.0,30.0,5.0,,,DD,35,False,False
2013-009,2013,9,BOB,LEHAR,2013-11-28 09:00:00,2013-11-28 09:00:00,15.9,81.0,,1002.0,25.0,4.0,,,D,36,False,False
2013-009,2013,9,BOB,LEHAR,2013-11-28 12:00:00,2013-11-28 12:00:00,16.0,80.8,,1004.0,20.0,3.0,,,D,37,False,False
2013-010,2013,10,BOB,MADI,2013-12-06 03:00:00,2013-12-06 03:00:00,10.0,84.0,1.5,1004.0,25.0,3.0,,,D,0,False,False
2013-010,2013,10,BOB,MADI,2013-12-06 06:00:00,2013-12-06 06:00:00,10.0,84.0,1.5,1004.0,25.0,3.0,,,D,1,False,False
2013-010,2013,10,BOB,MADI,2013-12-06 12:00:00,2013-12-06 12:00:00,10.2,84.0,1.5,1004.0,25.0,3.0,,,D,2,False,False
2013-010,2013,10,BOB,MADI,2013-12-06 18:00:00,2013-12-06 18:00:00,10.4,84.0,2.0,1002.0,30.0,5.0,,,DD,3,False,False
2013-010,2013,10,BOB,MADI,2013-12-07 00:00:00,2013-12-07 00:00:00,10.5,84.1,2.5,998.0,35.0,7.0,,,CS,4,False,False
2013-010,2013,10,BOB,MADI,2013-12-07 03:00:00,2013-12-07 03:00:00,10.5,84.1,2.5,998.0,35.0,7.0,,,CS,5,False,False
2013-010,2013,10,BOB,MADI,2013-12-07 06:00:00,2013-12-07 06:00:00,10.7,84.2,3.0,996.0,45.0,10.0,,,CS,6,False,False
2013-010,2013,10,BOB,MADI,2013-12-07 09:00:00,2013-12-07 09:00:00,10.8,84.3,3.5,992.0,55.0,14.0,,,SCS,7,False,False
2013-010,2013,10,BOB,MADI,2013-12-07 12:00:00,2013-12-07 12:00:00,11.0,84.4,3.5,992.0,55.0,14.0,,,SCS,8,False,False
2013-010,2013,10,BOB,MADI,2013-12-07 15:00:00,2013-12-07 15:00:00,11.0,84.5,3.5,992.0,55.0,14.0,,,SCS,9,False,False
2013-010,2013,10,BOB,MADI,2013-12-07 18:00:00,2013-12-07 18:00:00,11.2,84.5,3.5,990.0,55.0,16.0,,,SCS,10,False,False
2013-010,2013,10,BOB,MADI,2013-12-07 21:00:00,2013-12-07 21:00:00,11.5,84.6,3.5,990.0,55.0,16.0,,,SCS,11,False,False
2013-010,2013,10,BOB,MADI,2013-12-08 00:00:00,2013-12-08 00:00:00,11.8,84.6,3.5,988.0,60.0,18.0,,,SCS,12,False,False
2013-010,2013,10,BOB,MADI,2013-12-08 03:00:00,2013-12-08 03:00:00,12.0,84.6,3.5,988.0,60.0,18.0,,,SCS,13,False,False
2013-010,2013,10,BOB,MADI,2013-12-08 06:00:00,2013-12-08 06:00:00,12.3,84.7,4.0,986.0,65.0,20.0,,,VSCS,14,False,False
2013-010,2013,10,BOB,MADI,2013-12-08 09:00:00,2013-12-08 09:00:00,12.6,84.7,4.0,986.0,65.0,20.0,,,VSCS,15,False,False
2013-010,2013,10,BOB,MADI,2013-12-08 12:00:00,2013-12-08 12:00:00,13.0,84.7,4.0,986.0,65.0,20.0,,,VSCS,16,False,False
2013-010,2013,10,BOB,MADI,2013-12-08 15:00:00,2013-12-08 15:00:00,13.2,84.7,4.0,986.0,65.0,20.0,,,VSCS,17,False,False
2013-010,2013,10,BOB,MADI,2013-12-08 18:00:00,2013-12-08 18:00:00,13.4,84.7,4.0,986.0,65.0,20.0,,,VSCS,18,False,False
2013-010,2013,10,BOB,MADI,2013-12-08 21:00:00,2013-12-08 21:00:00,13.6,84.7,4.0,986.0,65.0,20.0,,,VSCS,19,False,False
2013-010,2013,10,BOB,MADI,2013-12-09 00:00:00,2013-12-09 00:00:00,13.8,84.7,4.0,986.0,65.0,20.0,,,VSCS,20,False,False
2013-010,2013,10,BOB,MADI,2013-12-09 03:00:00,2013-12-09 03:00:00,14.0,84.7,4.0,986.0,65.0,20.0,,,VSCS,21,False,False
2013-010,2013,10,BOB,MADI,2013-12-09 06:00:00,2013-12-09 06:00:00,14.3,84.7,4.0,986.0,65.0,20.0,,,VSCS,22,False,False
2013-010,2013,10,BOB,MADI,2013-12-09 09:00:00,2013-12-09 09:00:00,14.4,84.7,4.0,986.0,65.0,20.0,,,VSCS,23,False,False
2013-010,2013,10,BOB,MADI,2013-12-09 12:00:00,2013-12-09 12:00:00,14.6,84.7,3.5,988.0,60.0,18.0,,,SCS,24,False,False
2013-010,2013,10,BOB,MADI,2013-12-09 15:00:00,2013-12-09 15:00:00,14.7,84.7,3.5,988.0,60.0,18.0,,,SCS,25,False,False
2013-010,2013,10,BOB,MADI,2013-12-09 18:00:00,2013-12-09 18:00:00,14.8,84.8,3.5,988.0,60.0,18.0,,,SCS,26,False,False
2013-010,2013,10,BOB,MADI,2013-12-09 21:00:00,2013-12-09 21:00:00,14.8,84.8,3.5,988.0,60.0,16.0,,,SCS,27,False,False
2013-010,2013,10,BOB,MADI,2013-12-10 00:00:00,2013-12-10 00:00:00,15.0,85.0,3.5,988.0,60.0,16.0,,,SCS,28,False,False
2013-010,2013,10,BOB,MADI,2013-12-10 03:00:00,2013-12-10 03:00:00,15.3,85.3,4.0,988.0,65.0,16.0,,,VSCS,29,False,False
2013-010,2013,10,BOB,MADI,2013-12-10 06:00:00,2013-12-10 06:00:00,15.4,85.3,4.0,988.0,65.0,16.0,,,VSCS,30,False,False
2013-010,2013,10,BOB,MADI,2013-12-10 09:00:00,2013-12-10 09:00:00,15.7,85.3,4.0,988.0,65.0,16.0,,,VSCS,31,False,False
2013-010,2013,10,BOB,MADI,2013-12-10 12:00:00,2013-12-10 12:00:00,15.4,85.0,3.5,990.0,55.0,14.0,,,SCS,32,False,False
2013-010,2013,10,BOB,MADI,2013-12-10 15:00:00,2013-12-10 15:00:00,15.1,84.8,3.5,990.0,55.0,14.0,,,SCS,33,False,False
2013-010,2013,10,BOB,MADI,2013-12-10 18:00:00,2013-12-10 18:00:00,14.9,84.7,3.5,992.0,50.0,12.0,,,SCS,34,False,False
2013-010,2013,10,BOB,MADI,2013-12-10 21:00:00,2013-12-10 21:00:00,14.6,84.6,3.0,994.0,45.0,10.0,,,CS,35,False,False
2013-010,2013,10,BOB,MADI,2013-12-11 00:00:00,2013-12-11 00:00:00,14.3,84.2,3.0,996.0,40.0,8.0,,,CS,36,False,False
2013-010,2013,10,BOB,MADI,2013-12-11 03:00:00,2013-12-11 03:00:00,14.0,83.8,2.0,998.0,30.0,6.0,,,DD,37,False,False
2013-010,2013,10,BOB,MADI,2013-12-11 06:00:00,2013-12-11 06:00:00,13.7,83.5,2.0,998.0,30.0,6.0,,,DD,38,False,False
2013-010,2013,10,BOB,MADI,2013-12-11 09:00:00,2013-12-11 09:00:00,13.5,83.4,2.0,1000.0,30.0,5.0,,,DD,39,False,False
2013-010,2013,10,BOB,MADI,2013-12-11 12:00:00,2013-12-11 12:00:00,13.3,83.3,2.0,1000.0,30.0,5.0,,,DD,40,False,False
2013-010,2013,10,BOB,MADI,2013-12-11 18:00:00,2013-12-11 18:00:00,12.9,82.7,1.5,1000.0,25.0,4.0,,,D,41,False,False
2013-010,2013,10,BOB,MADI,2013-12-12 00:00:00,2013-12-12 00:00:00,12.5,82.0,1.5,1000.0,25.0,3.0,,,D,42,False,False
2013-010,2013,10,BOB,MADI,2013-12-12 03:00:00,2013-12-12 03:00:00,12.0,81.5,1.5,1000.0,25.0,3.0,,,D,43,False,False
2013-010,2013,10,BOB,MADI,2013-12-12 06:00:00,2013-12-12 06:00:00,11.5,81.2,1.5,1000.0,25.0,3.0,,,D,44,False,False
2013-010,2013,10,BOB,MADI,2013-12-12 09:00:00,2013-12-12 09:00:00,11.0,80.7,1.5,1000.0,25.0,3.0,,,D,45,False,False
2013-010,2013,10,BOB,MADI,2013-12-12 12:00:00,2013-12-12 12:00:00,10.5,80.0,1.5,1000.0,25.0,3.0,,,D,46,False,False
2013-010,2013,10,BOB,MADI,2013-12-12 18:00:00,2013-12-12 18:00:00,10.0,78.8,,1004.0,20.0,3.0,,,D,47,False,False
2014-001,2014,1,BOB,,2014-01-04 03:00:00,2014-01-04 03:00:00,8.5,83.5,1.5,1006.0,25.0,3.0,,,D,0,False,False
2014-001,2014,1,BOB,,2014-01-04 06:00:00,2014-01-04 06:00:00,9.0,83.0,1.5,1006.0,25.0,3.0,,,D,1,False,False
2014-001,2014,1,BOB,,2014-01-04 12:00:00,2014-01-04 12:00:00,9.0,83.0,1.5,1006.0,25.0,3.0,,,D,2,False,False
2014-001,2014,1,BOB,,2014-01-04 18:00:00,2014-01-04 18:00:00,9.2,82.5,1.5,1006.0,25.0,3.0,,,D,3,False,False
2014-001,2014,1,BOB,,2014-01-05 00:00:00,2014-01-05 00:00:00,9.3,82.0,1.5,1006.0,25.0,3.0,,,D,4,False,False
2014-001,2014,1,BOB,,2014-01-05 03:00:00,2014-01-05 03:00:00,9.3,82.0,1.5,1006.0,25.0,3.0,,,D,5,False,False
2014-001,2014,1,BOB,,2014-01-05 06:00:00,2014-01-05 06:00:00,9.3,81.8,1.5,1006.0,25.0,3.0,,,D,6,False,False
2014-001,2014,1,BOB,,2014-01-05 12:00:00,2014-01-05 12:00:00,9.3,81.5,1.5,1004.0,25.0,4.0,,,D,7,False,False
2014-001,2014,1,BOB,,2014-01-05 18:00:00,2014-01-05 18:00:00,9.3,81.3,1.5,1004.0,25.0,4.0,,,D,8,False,False
2014-001,2014,1,BOB,,2014-01-06 00:00:00,2014-01-06 00:00:00,9.3,81.3,1.5,1004.0,25.0,4.0,,,D,9,False,False
2014-001,2014,1,BOB,,2014-01-06 03:00:00,2014-01-06 03:00:00,9.4,81.0,1.5,1006.0,25.0,4.0,,,D,10,False,False
2014-001,2014,1,BOB,,2014-01-06 06:00:00,2014-01-06 06:00:00,9.0,80.7,,,,,,,,11,False,False
2014-001,2014,1,BOB,,2014-01-06 12:00:00,2014-01-06 12:00:00,8.8,80.6,,1006.0,25.0,3.0,,,D,12,False,False
2014-001,2014,1,BOB,,2014-01-07 00:00:00,2014-01-07 00:00:00,8.0,80.0,,1006.0,25.0,3.0,,,D,13,False,False
2014-002,2014,2,BOB,,2014-05-21 03:00:00,2014-05-21 03:00:00,15.5,90.5,1.5,1004.0,25.0,3.0,,,D,0,False,False
2014-002,2014,2,BOB,,2014-05-21 06:00:00,2014-05-21 06:00:00,16.0,90.5,1.5,1004.0,25.0,3.0,,,D,1,False,False
2014-002,2014,2,BOB,,2014-05-21 12:00:00,2014-05-21 12:00:00,16.5,91.0,1.5,1002.0,25.0,4.0,,,D,2,False,False
2014-002,2014,2,BOB,,2014-05-21 18:00:00,2014-05-21 18:00:00,16.5,91.0,1.5,1002.0,25.0,3.0,,,D,3,False,False
2014-002,2014,2,BOB,,2014-05-22 00:00:00,2014-05-22 00:00:00,16.5,92.0,1.5,1000.0,25.0,3.0,,,D,4,False,False
2014-002,2014,2,BOB,,2014-05-22 03:00:00,2014-05-22 03:00:00,16.5,92.0,1.5,1000.0,25.0,3.0,,,D,5,False,False
2014-002,2014,2,BOB,,2014-05-22 06:00:00,2014-05-22 06:00:00,17.0,92.5,1.5,1000.0,25.0,3.0,,,D,6,False,False
2014-002,2014,2,BOB,,2014-05-22 12:00:00,2014-05-22 12:00:00,17.5,92.0,1.5,1000.0,25.0,4.0,,,D,7,False,False
2014-002,2014,2,BOB,,2014-05-22 18:00:00,2014-05-22 18:00:00,17.5,92.0,1.5,1000.0,25.0,4.0,,,D,8,False,False
2014-002,2014,2,BOB,,2014-05-23 00:00:00,2014-05-23 00:00:00,17.0,91.0,1.5,1000.0,25.0,4.0,,,D,9,False,False
2014-003,2014,3,ARB,NANAUK,2014-06-10 09:00:00,2014-06-10 09:00:00,15.5,68.5,1.5,998.0,25.0,3.0,,,D,0,False,False
2014-003,2014,3,ARB,NANAUK,2014-06-10 12:00:00,2014-06-10 12:00:00,16.0,68.0,1.5,996.0,25.0,3.0,,,D,1,False,False
2014-003,2014,3,ARB,NANAUK,2014-06-10 18:00:00,2014-06-10 18:00:00,16.5,67.5,2.0,994.0,30.0,5.0,,,DD,2,False,False
2014-003,2014,3,ARB,NANAUK,2014-06-11 00:00:00,2014-06-11 00:00:00,16.5,67.2,2.5,992.0,35.0,8.0,,,CS,3,False,False
2014-003,2014,3,ARB,NANAUK,2014-06-11 03:00:00,2014-06-11 03:00:00,16.7,67.0,2.5,992.0,35.0,8.0,,,CS,4,False,False
2014-003,2014,3,ARB,NANAUK,2014-06-11 06:00:00,2014-06-11 06:00:00,16.9,66.7,3.0,990.0,45.0,10.0,,,CS,5,False,False
2014-003,2014,3,ARB,NANAUK,2014-06-11 09:00:00,2014-06-11 09:00:00,17.0,66.5,3.0,990.0,45.0,10.0,,,CS,6,False,False
2014-003,2014,3,ARB,NANAUK,2014-06-11 12:00:00,2014-06-11 12:00:00,17.3,66.2,3.0,988.0,45.0,10.0,,,CS,7,False,False
2014-003,2014,3,ARB,NANAUK,2014-06-11 15:00:00,2014-06-11 15:00:00,17.5,66.0,3.0,988.0,45.0,10.0,,,CS,8,False,False
2014-003,2014,3,ARB,NANAUK,2014-06-11 18:00:00,2014-06-11 18:00:00,17.5,65.8,3.0,988.0,45.0,10.0,,,CS,9,False,False
2014-003,2014,3,ARB,NANAUK,2014-06-11 21:00:00,2014-06-11 21:00:00,17.5,65.7,3.0,988.0,45.0,10.0,,,CS,10,False,False
2014-003,2014,3,ARB,NANAUK,2014-06-12 00:00:00,2014-06-12 00:00:00,17.8,65.3,3.0,986.0,45.0,10.0,,,CS,11,False,False
2014-003,2014,3,ARB,NANAUK,2014-06-12 03:00:00,2014-06-12 03:00:00,18.0,65.0,3.0,986.0,45.0,10.0,,,CS,12,False,False
2014-003,2014,3,ARB,NANAUK,2014-06-12 06:00:00,2014-06-12 06:00:00,18.1,64.7,3.0,986.0,45.0,10.0,,,CS,13,False,False
2014-003,2014,3,ARB,NANAUK,2014-06-12 09:00:00,2014-06-12 09:00:00,18.3,64.3,3.0,988.0,45.0,10.0,,,CS,14,False,False
2014-003,2014,3,ARB,NANAUK,2014-06-12 12:00:00,2014-06-12 12:00:00,18.3,63.9,3.0,988.0,45.0,10.0,,,CS,15,False,False
2014-003,2014,3,ARB,NANAUK,2014-06-12 15:00:00,2014-06-12 15:00:00,18.3,63.6,3.0,988.0,45.0,10.0,,,CS,16,False,False
2014-003,2014,3,ARB,NANAUK,2014-06-12 18:00:00,2014-06-12 18:00:00,18.3,63.4,3.0,988.0,45.0,10.0,,,CS,17,False,False
2014-003,2014,3,ARB,NANAUK,2014-06-12 21:00:00,2014-06-12 21:00:00,18.4,63.3,3.0,988.0,45.0,10.0,,,CS,18,False,False
2014-003,2014,3,ARB,NANAUK,2014-06-13 00:00:00,2014-06-13 00:00:00,18.4,62.9,3.0,988.0,45.0,10.0,,,CS,19,False,False
2014-003,2014,3,ARB,NANAUK,2014-06-13 03:00:00,2014-06-13 03:00:00,18.7,62.7,3.0,990.0,45.0,10.0,,,CS,20,False,False
2014-003,2014,3,ARB,NANAUK,2014-06-13 06:00:00,2014-06-13 06:00:00,19.0,62.6,2.5,992.0,40.0,8.0,,,CS,21,False,False
2014-003,2014,3,ARB,NANAUK,2014-06-13 09:00:00,2014-06-13 09:00:00,19.5,62.5,2.0,994.0,30.0,5.0,,,DD,22,False,False
2014-003,2014,3,ARB,NANAUK,2014-06-13 12:00:00,2014-06-13 12:00:00,19.8,62.4,1.5,996.0,25.0,3.0,,,D,23,False,False
2014-003,2014,3,ARB,NANAUK,2014-06-13 18:00:00,2014-06-13 18:00:00,20.0,62.0,1.5,996.0,25.0,3.0,,,D,24,False,False
2014-003,2014,3,ARB,NANAUK,2014-06-14 00:00:00,2014-06-14 00:00:00,20.5,62.0,1.5,996.0,25.0,3.0,,,D,25,False,False
2014-004,2014,4,LAND,,2014-07-21 03:00:00,2014-07-21 03:00:00,22.0,87.0,,988.0,25.0,4.0,,,D,0,False,False
2014-004,2014,4,LAND,,2014-07-21 06:00:00,2014-07-21 06:00:00,22.2,86.4,,988.0,20.0,4.0,,,D,1,False,False
2014-004,2014,4,LAND,,2014-07-21 12:00:00,2014-07-21 12:00:00,22.5,85.0,,988.0,20.0,4.0,,,D,2,False,False
2014-004,2014,4,LAND,,2014-07-21 18:00:00,2014-07-21 18:00:00,22.5,84.0,,990.0,20.0,4.0,,,D,3,False,False
2014-004,2014,4,LAND,,2014-07-22 00:00:00,2014-07-22 00:00:00,22.5,83.0,,990.0,20.0,4.0,,,D,4,False,False
2014-004,2014,4,LAND,,2014-07-22 03:00:00,2014-07-22 03:00:00,22.5,82.5,,990.0,20.0,4.0,,,D,5,False,False
2014-004,2014,4,LAND,,2014-07-22 06:00:00,2014-07-22 06:00:00,22.5,82.0,,990.0,20.0,4.0,,,D,6,False,False
2014-004,2014,4,LAND,,2014-07-22 12:00:00,2014-07-22 12:00:00,22.5,81.0,,990.0,20.0,4.0,,,D,7,False,False
2014-004,2014,4,LAND,,2014-07-22 18:00:00,2014-07-22 18:00:00,22.5,79.6,,992.0,20.0,3.0,,,D,8,False,False
2014-004,2014,4,LAND,,2014-07-23 00:00:00,2014-07-23 00:00:00,22.5,78.2,,992.0,20.0,3.0,,,D,9,False,False
2014-004,2014,4,LAND,,2014-07-23 03:00:00,2014-07-23 03:00:00,22.5,77.5,,992.0,20.0,3.0,,,D,10,False,False
2014-004,2014,4,LAND,,2014-07-23 06:00:00,2014-07-23 06:00:00,22.5,77.0,,992.0,20.0,3.0,,,D,11,False,False
2014-005,2014,5,BOB,,2014-08-03 12:00:00,2014-08-03 12:00:00,21.5,88.5,1.5,990.0,25.0,4.0,,,D,0,False,False
2014-005,2014,5,BOB,,2014-08-03 18:00:00,2014-08-03 18:00:00,21.9,88.3,2.0,990.0,30.0,6.0,,,DD,1,False,False
2014-005,2014,5,BOB,,2014-08-04 03:00:00,2014-08-04 03:00:00,22.5,87.2,,990.0,30.0,6.0,,,DD,2,False,False
2014-005,2014,5,BOB,,2014-08-04 06:00:00,2014-08-04 06:00:00,22.5,86.5,,990.0,30.0,6.0,,,DD,3,False,False
2014-005,2014,5,BOB,,2014-08-04 12:00:00,2014-08-04 12:00:00,22.2,86.1,,988.0,30.0,6.0,,,DD,4,False,False
2014-005,2014,5,BOB,,2014-08-04 18:00:00,2014-08-04 18:00:00,22.2,86.1,,990.0,30.0,6.0,,,DD,5,False,False
2014-005,2014,5,BOB,,2014-08-05 00:00:00,2014-08-05 00:00:00,22.0,83.5,,990.0,30.0,6.0,,,DD,6,False,False
2014-005,2014,5,BOB,,2014-08-05 00:00:00,2014-08-05 00:00:00,24.4,80.6,,992.0,25.0,4.0,,,D,7,False,False
2014-005,2014,5,BOB,,2014-08-05 03:00:00,2014-08-05 03:00:00,22.2,83.5,,994.0,30.0,6.0,,,DD,8,False,False
2014-005,2014,5,BOB,,2014-08-05 06:00:00,2014-08-05 06:00:00,22.9,83.0,,992.0,30.0,5.0,,,DD,9,False,False
2014-005,2014,5,BOB,,2014-08-05 09:00:00,2014-08-05 09:00:00,23.5,82.5,,992.0,25.0,4.0,,,D,10,False,False
2014-005,2014,5,BOB,,2014-08-05 12:00:00,2014-08-05 12:00:00,24.0,82.0,,992.0,25.0,4.0,,,D,11,False,False
2014-005,2014,5,BOB,,2014-08-05 18:00:00,2014-08-05 18:00:00,24.2,81.3,,992.0,25.0,4.0,,,D,12,False,False
2014-005,2014,5,BOB,,2014-08-06 00:00:00,2014-08-06 00:00:00,25.5,78.5,,994.0,25.0,3.0,,,D,13,False,False
2014-005,2014,5,BOB,,2014-08-06 03:00:00,2014-08-06 03:00:00,24.5,80.2,,996.0,25.0,4.0,,,D,14,False,False
2014-005,2014,5,BOB,,2014-08-06 06:00:00,2014-08-06 06:00:00,24.6,80.0,,994.0,25.0,4.0,,,D,15,False,False
2014-005,2014,5,BOB,,2014-08-06 12:00:00,2014-08-06 12:00:00,25.0,79.5,,994.0,25.0,4.0,,,D,16,False,False
2014-005,2014,5,BOB,,2014-08-06 18:00:00,2014-08-06 18:00:00,25.3,79.0,,994.0,25.0,4.0,,,D,17,False,False
2014-006,2014,6,BOB,HUDHUD,2014-10-07 03:00:00,2014-10-07 03:00:00,11.5,95.0,1.5,1004.0,25.0,3.0,,,D,0,False,False
2014-006,2014,6,BOB,HUDHUD,2014-10-07 06:00:00,2014-10-07 06:00:00,11.7,94.8,1.5,1004.0,25.0,3.0,,,D,1,False,False
2014-006,2014,6,BOB,HUDHUD,2014-10-07 12:00:00,2014-10-07 12:00:00,12.0,94.0,2.0,1000.0,30.0,5.0,,,DD,2,False,False
2014-006,2014,6,BOB,HUDHUD,2014-10-07 18:00:00,2014-10-07 18:00:00,12.0,93.5,2.0,1000.0,30.0,5.0,,,DD,3,False,False
2014-006,2014,6,BOB,HUDHUD,2014-10-08 00:00:00,2014-10-08 00:00:00,12.2,93.0,2.0,1000.0,30.0,5.0,,,DD,4,False,False
2014-006,2014,6,BOB,HUDHUD,2014-10-08 03:00:00,2014-10-08 03:00:00,12.3,92.9,2.5,998.0,35.0,7.0,,,CS,5,False,False
2014-006,2014,6,BOB,HUDHUD,2014-10-08 06:00:00,2014-10-08 06:00:00,12.5,92.5,2.5,996.0,40.0,8.0,,,CS,6,False,False
2014-006,2014,6,BOB,HUDHUD,2014-10-08 09:00:00,2014-10-08 09:00:00,12.7,91.7,2.5,996.0,40.0,8.0,,,CS,7,False,False
2014-006,2014,6,BOB,HUDHUD,2014-10-08 12:00:00,2014-10-08 12:00:00,12.8,91.0,2.5,996.0,40.0,8.0,,,CS,8,False,False
2014-006,2014,6,BOB,HUDHUD,2014-10-08 15:00:00,2014-10-08 15:00:00,13.0,90.5,2.5,996.0,40.0,8.0,,,CS,9,False,False
2014-006,2014,6,BOB,HUDHUD,2014-10-08 18:00:00,2014-10-08 18:00:00,13.2,90.2,3.0,994.0,45.0,9.0,,,CS,10,False,False
2014-006,2014,6,BOB,HUDHUD,2014-10-08 21:00:00,2014-10-08 21:00:00,13.5,89.6,3.0,992.0,45.0,10.0,,,CS,11,False,False
2014-006,2014,6,BOB,HUDHUD,2014-10-09 00:00:00,2014-10-09 00:00:00,13.7,89.2,3.0,990.0,45.0,12.0,,,CS,12,False,False
2014-006,2014,6,BOB,HUDHUD,2014-10-09 03:00:00,2014-10-09 03:00:00,13.8,89.0,3.5,988.0,55.0,16.0,,,SCS,13,False,False
2014-006,2014,6,BOB,HUDHUD,2014-10-09 06:00:00,2014-10-09 06:00:00,13.9,88.8,3.5,988.0,55.0,16.0,,,SCS,14,False,False
2014-006,2014,6,BOB,HUDHUD,2014-10-09 09:00:00,2014-10-09 09:00:00,14.6,88.6,3.5,988.0,55.0,16.0,,,SCS,15,False,False
2014-006,2014,6,BOB,HUDHUD,2014-10-09 12:00:00,2014-10-09 12:00:00,14.1,88.4,3.5,988.0,55.0,16.0,,,SCS,16,False,False
2014-006,2014,6,BOB,HUDHUD,2014-10-09 15:00:00,2014-10-09 15:00:00,14.1,88.1,3.5,988.0,55.0,16.0,,,SCS,17,False,False
2014-006,2014,6,BOB,HUDHUD,2014-10-09 18:00:00,2014-10-09 18:00:00,14.1,87.9,3.5,988.0,55.0,16.0,,,SCS,18,False,False
2014-006,2014,6,BOB,HUDHUD,2014-10-09 21:00:00,2014-10-09 21:00:00,14.3,87.7,3.5,988.0,60.0,16.0,,,SCS,19,False,False
2014-006,2014,6,BOB,HUDHUD,2014-10-10 00:00:00,2014-10-10 00:00:00,14.4,87.6,3.5,988.0,60.0,16.0,,,SCS,20,False,False
2014-006,2014,6,BOB,HUDHUD,2014-10-10 03:00:00,2014-10-10 03:00:00,14.7,87.2,3.5,988.0,60.0,16.0,,,SCS,21,False,False
2014-006,2014,6,BOB,HUDHUD,2014-10-10 06:00:00,2014-10-10 06:00:00,14.8,87.0,3.5,986.0,60.0,18.0,,,SCS,22,False,False
2014-006,2014,6,BOB,HUDHUD,2014-10-10 09:00:00,2014-10-10 09:00:00,15.0,86.8,4.0,984.0,65.0,22.0,,,VSCS,23,False,False
2014-006,2014,6,BOB,HUDHUD,2014-10-10 12:00:00,2014-10-10 12:00:00,15.2,86.7,4.0,982.0,70.0,26.0,,,VSCS,24,False,False
2014-006,2014,6,BOB,HUDHUD,2014-10-10 15:00:00,2014-10-10 15:00:00,15.4,86.5,4.0,980.0,75.0,28.0,,,VSCS,25,False,False
2014-006,2014,6,BOB,HUDHUD,2014-10-10 18:00:00,2014-10-10 18:00:00,15.5,86.4,4.0,978.0,75.0,30.0,,,VSCS,26,False,False
2014-006,2014,6,BOB,HUDHUD,2014-10-10 21:00:00,2014-10-10 21:00:00,15.7,86.1,4.0,974.0,75.0,30.0,,,VSCS,27,False,False
2014-006,2014,6,BOB,HUDHUD,2014-10-11 00:00:00,2014-10-11 00:00:00,15.9,85.7,4.0,970.0,75.0,30.0,,,VSCS,28,False,False
2014-006,2014,6,BOB,HUDHUD,2014-10-11 03:00:00,2014-10-11 03:00:00,16.0,85.4,4.5,968.0,80.0,34.0,,,VSCS,29,False,False
2014-006,2014,6,BOB,HUDHUD,2014-10-11 06:00:00,2014-10-11 06:00:00,16.1,85.1,5.0,966.0,90.0,40.0,,,ESCS,30,False,False
2014-006,2014,6,BOB,HUDHUD,2014-10-11 09:00:00,2014-10-11 09:00:00,16.1,85.0,5.0,964.0,90.0,42.0,,,ESCS,31,False,False
2014-006,2014,6,BOB,HUDHUD,2014-10-11 12:00:00,2014-10-11 12:00:00,16.2,84.8,5.0,962.0,95.0,44.0,,,ESCS,32,False,False
2014-006,2014,6,BOB,HUDHUD,2014-10-11 15:00:00,2014-10-11 15:00:00,16.2,84.8,5.0,960.0,95.0,46.0,,,ESCS,33,False,False
2014-006,2014,6,BOB,HUDHUD,2014-10-11 18:00:00,2014-10-11 18:00:00,16.4,84.7,5.0,954.0,100.0,50.0,,,ESCS,34,False,False
2014-006,2014,6,BOB,HUDHUD,2014-10-11 21:00:00,2014-10-11 21:00:00,16.7,84.4,5.0,952.0,100.0,52.0,,,ESCS,35,False,False
2014-006,2014,6,BOB,HUDHUD,2014-10-12 00:00:00,2014-10-12 00:00:00,17.2,84.2,5.0,950.0,100.0,54.0,,,ESCS,36,False,False
2014-006,2014,6,BOB,HUDHUD,2014-10-12 03:00:00,2014-10-12 03:00:00,17.4,83.8,5.0,950.0,100.0,54.0,,,ESCS,37,False,False
2014-006,2014,6,BOB,HUDHUD,2014-10-12 06:00:00,2014-10-12 06:00:00,17.6,83.4,5.0,950.0,100.0,54.0,,,ESCS,38,False,False
2014-006,2014,6,BOB,HUDHUD,2014-10-12 09:00:00,2014-10-12 09:00:00,17.8,83.0,,960.0,90.0,42.0,,,ESCS,39,False,False
2014-006,2014,6,BOB,HUDHUD,2014-10-12 12:00:00,2014-10-12 12:00:00,18.0,82.7,,982.0,60.0,20.0,,,SCS,40,False,False
2014-006,2014,6,BOB,HUDHUD,2014-10-12 15:00:00,2014-10-12 15:00:00,18.3,82.5,,986.0,45.0,15.0,,,CS,41,False,False
2014-006,2014,6,BOB,HUDHUD,2014-10-12 18:00:00,2014-10-12 18:00:00,18.7,82.3,,987.0,40.0,14.0,,,CS,42,False,False
2014-006,2014,6,BOB,HUDHUD,2014-10-12 21:00:00,2014-10-12 21:00:00,18.7,82.3,,988.0,40.0,13.0,,,DD,43,False,False
2014-006,2014,6,BOB,HUDHUD,2014-10-13 00:00:00,2014-10-13 00:00:00,19.5,81.5,,994.0,30.0,8.0,,,DD,44,False,False
2014-006,2014,6,BOB,HUDHUD,2014-10-13 03:00:00,2014-10-13 03:00:00,20.5,81.5,,996.0,30.0,6.0,,,DD,45,False,False
2014-006,2014,6,BOB,HUDHUD,2014-10-13 06:00:00,2014-10-13 06:00:00,20.7,81.5,,998.0,30.0,5.0,,,D,46,False,False
2014-006,2014,6,BOB,HUDHUD,2014-10-13 12:00:00,2014-10-13 12:00:00,21.3,81.5,,998.0,25.0,4.0,,,D,47,False,False
2014-006,2014,6,BOB,HUDHUD,2014-10-13 18:00:00,2014-10-13 18:00:00,22.3,81.5,,1000.0,25.0,4.0,,,D,48,False,False
2014-006,2014,6,BOB,HUDHUD,2014-10-14 00:00:00,2014-10-14 00:00:00,24.8,81.5,,1000.0,25.0,4.0,,,D,49,False,False
2014-006,2014,6,BOB,HUDHUD,2014-10-14 03:00:00,2014-10-14 03:00:00,25.1,81.6,,1000.0,20.0,3.0,,,D,50,False,False
2014-006,2014,6,BOB,HUDHUD,2014-10-14 06:00:00,2014-10-14 06:00:00,25.6,81.7,,1000.0,20.0,3.0,,,D,51,False,False
2014-006,2014,6,BOB,HUDHUD,2014-10-14 09:00:00,2014-10-14 09:00:00,26.3,81.8,,1000.0,20.0,3.0,,,D,52,False,False
2014-007,2014,7,ARB,NILOFAR,2014-10-25 00:00:00,2014-10-25 00:00:00,12.5,61.5,1.5,1004.0,25.0,3.0,,,D,0,False,False
2014-007,2014,7,ARB,NILOFAR,2014-10-25 03:00:00,2014-10-25 03:00:00,12.5,61.5,1.5,1004.0,25.0,3.0,,,D,1,False,False
2014-007,2014,7,ARB,NILOFAR,2014-10-25 06:00:00,2014-10-25 06:00:00,12.5,61.5,1.5,1004.0,25.0,3.0,,,D,2,False,False
2014-007,2014,7,ARB,NILOFAR,2014-10-25 12:00:00,2014-10-25 12:00:00,13.0,61.0,1.5,1003.0,25.0,3.0,,,D,3,False,False
2014-007,2014,7,ARB,NILOFAR,2014-10-25 18:00:00,2014-10-25 18:00:00,13.0,61.0,1.5,1003.0,25.0,3.0,,,D,4,False,False
2014-007,2014,7,ARB,NILOFAR,2014-10-26 00:00:00,2014-10-26 00:00:00,14.0,62.0,1.5,1002.0,25.0,4.0,,,D,5,False,False
2014-007,2014,7,ARB,NILOFAR,2014-10-26 03:00:00,2014-10-26 03:00:00,14.0,62.0,2.0,999.0,30.0,5.0,,,DD,6,False,False
2014-007,2014,7,ARB,NILOFAR,2014-10-26 06:00:00,2014-10-26 06:00:00,14.1,62.0,2.5,998.0,35.0,6.0,,,CS,7,False,False
2014-007,2014,7,ARB,NILOFAR,2014-10-26 09:00:00,2014-10-26 09:00:00,14.1,62.0,2.5,996.0,35.0,7.0,,,CS,8,False,False
2014-007,2014,7,ARB,NILOFAR,2014-10-26 12:00:00,2014-10-26 12:00:00,14.2,62.0,2.5,994.0,40.0,8.0,,,CS,9,False,False
2014-007,2014,7,ARB,NILOFAR,2014-10-26 15:00:00,2014-10-26 15:00:00,14.3,62.0,3.0,994.0,40.0,8.0,,,CS,10,False,False
2014-007,2014,7,ARB,NILOFAR,2014-10-26 18:00:00,2014-10-26 18:00:00,14.4,62.0,3.0,994.0,45.0,10.0,,,CS,11,False,False
2014-007,2014,7,ARB,NILOFAR,2014-10-26 21:00:00,2014-10-26 21:00:00,14.5,62.0,3.0,994.0,50.0,12.0,,,SCS,12,False,False
2014-007,2014,7,ARB,NILOFAR,2014-10-27 00:00:00,2014-10-27 00:00:00,14.8,62.0,3.5,990.0,55.0,16.0,,,SCS,13,False,False
2014-007,2014,7,ARB,NILOFAR,2014-10-27 03:00:00,2014-10-27 03:00:00,14.9,62.0,3.5,990.0,60.0,18.0,,,SCS,14,False,False
2014-007,2014,7,ARB,NILOFAR,2014-10-27 06:00:00,2014-10-27 06:00:00,14.9,62.0,4.0,986.0,65.0,20.0,,,VSCS,15,False,False
2014-007,2014,7,ARB,NILOFAR,2014-10-27 09:00:00,2014-10-27 09:00:00,14.9,62.0,4.0,984.0,65.0,22.0,,,VSCS,16,False,False
2014-007,2014,7,ARB,NILOFAR,2014-10-27 12:00:00,2014-10-27 12:00:00,15.0,62.0,4.0,982.0,70.0,24.0,,,VSCS,17,False,False
2014-007,2014,7,ARB,NILOFAR,2014-10-27 15:00:00,2014-10-27 15:00:00,15.1,62.0,4.0,981.0,70.0,25.0,,,VSCS,18,False,False
2014-007,2014,7,ARB,NILOFAR,2014-10-27 18:00:00,2014-10-27 18:00:00,15.3,62.0,4.0,980.0,70.0,26.0,,,VSCS,19,False,False
2014-007,2014,7,ARB,NILOFAR,2014-10-27 21:00:00,2014-10-27 21:00:00,15.6,61.8,4.0,979.0,75.0,27.0,,,VSCS,20,False,False
2014-007,2014,7,ARB,NILOFAR,2014-10-28 00:00:00,2014-10-28 00:00:00,15.7,61.8,4.0,978.0,75.0,28.0,,,VSCS,21,False,False
2014-007,2014,7,ARB,NILOFAR,2014-10-28 03:00:00,2014-10-28 03:00:00,15.8,61.7,4.0,977.0,75.0,29.0,,,VSCS,22,False,False
2014-007,2014,7,ARB,NILOFAR,2014-10-28 06:00:00,2014-10-28 06:00:00,15.9,61.6,4.5,974.0,80.0,32.0,,,VSCS,23,False,False
2014-007,2014,7,ARB,NILOFAR,2014-10-28 09:00:00,2014-10-28 09:00:00,16.3,61.6,5.0,966.0,90.0,40.0,,,ESCS,24,False,False
2014-007,2014,7,ARB,NILOFAR,2014-10-28 12:00:00,2014-10-28 12:00:00,16.7,61.8,5.5,954.0,100.0,52.0,,,ESCS,25,False,False
2014-007,2014,7,ARB,NILOFAR,2014-10-28 15:00:00,2014-10-28 15:00:00,17.2,61.8,5.5,952.0,105.0,54.0,,,ESCS,26,False,False
2014-007,2014,7,ARB,NILOFAR,2014-10-28 18:00:00,2014-10-28 18:00:00,17.6,61.8,5.5,950.0,110.0,56.0,,,ESCS,27,False,False
2014-007,2014,7,ARB,NILOFAR,2014-10-28 21:00:00,2014-10-28 21:00:00,18.0,61.8,5.5,950.0,110.0,56.0,,,ESCS,28,False,False
2014-007,2014,7,ARB,NILOFAR,2014-10-29 00:00:00,2014-10-29 00:00:00,18.2,62.0,5.5,954.0,105.0,52.0,,,ESCS,29,False,False
2014-007,2014,7,ARB,NILOFAR,2014-10-29 03:00:00,2014-10-29 03:00:00,18.7,62.0,5.0,958.0,100.0,48.0,,,ESCS,30,False,False
2014-007,2014,7,ARB,NILOFAR,2014-10-29 06:00:00,2014-10-29 06:00:00,18.9,62.0,5.0,962.0,95.0,44.0,,,ESCS,31,False,False
2014-007,2014,7,ARB,NILOFAR,2014-10-29 09:00:00,2014-10-29 09:00:00,19.0,62.0,5.0,968.0,90.0,40.0,,,ESCS,32,False,False
2014-007,2014,7,ARB,NILOFAR,2014-10-29 12:00:00,2014-10-29 12:00:00,19.2,62.2,4.5,974.0,80.0,32.0,,,VSCS,33,False,False
2014-007,2014,7,ARB,NILOFAR,2014-10-29 15:00:00,2014-10-29 15:00:00,19.4,62.5,4.0,980.0,70.0,26.0,,,VSCS,34,False,False
2014-007,2014,7,ARB,NILOFAR,2014-10-29 18:00:00,2014-10-29 18:00:00,19.4,62.8,4.0,986.0,70.0,24.0,,,VSCS,35,False,False
2014-007,2014,7,ARB,NILOFAR,2014-10-29 21:00:00,2014-10-29 21:00:00,19.4,63.1,3.5,988.0,60.0,20.0,,,SCS,36,False,False
2014-007,2014,7,ARB,NILOFAR,2014-10-30 00:00:00,2014-10-30 00:00:00,19.5,63.6,3.5,990.0,60.0,18.0,,,SCS,37,False,False
2014-007,2014,7,ARB,NILOFAR,2014-10-30 03:00:00,2014-10-30 03:00:00,19.8,64.1,3.0,994.0,50.0,14.0,,,SCS,38,False,False
2014-007,2014,7,ARB,NILOFAR,2014-10-30 06:00:00,2014-10-30 06:00:00,20.2,64.3,3.0,998.0,45.0,10.0,,,SCS,39,False,False
2014-007,2014,7,ARB,NILOFAR,2014-10-30 09:00:00,2014-10-30 09:00:00,20.2,64.5,2.5,1000.0,40.0,9.0,,,CS,40,False,False
2014-007,2014,7,ARB,NILOFAR,2014-10-30 12:00:00,2014-10-30 12:00:00,20.5,64.6,2.5,1001.0,40.0,8.0,,,CS,41,False,False
2014-007,2014,7,ARB,NILOFAR,2014-10-30 18:00:00,2014-10-30 18:00:00,20.6,64.7,2.5,1002.0,35.0,7.0,,,CS,42,False,False
2014-007,2014,7,ARB,NILOFAR,2014-10-30 21:00:00,2014-10-30 21:00:00,20.7,65.0,2.0,1003.0,30.0,5.0,,,DD,43,False,False
2014-007,2014,7,ARB,NILOFAR,2014-10-31 00:00:00,2014-10-31 00:00:00,20.7,65.1,1.5,1004.0,25.0,4.0,,,D,44,False,False
2014-008,2014,8,BOB,,2014-11-05 09:00:00,2014-11-05 09:00:00,13.0,87.5,1.5,1000.0,25.0,4.0,,,D,0,False,False
2014-008,2014,8,BOB,,2014-11-05 12:00:00,2014-11-05 12:00:00,13.0,87.5,1.5,1000.0,25.0,4.0,,,D,1,False,False
2014-008,2014,8,BOB,,2014-11-05 18:00:00,2014-11-05 18:00:00,13.5,87.5,1.5,1000.0,25.0,4.0,,,D,2,False,False
2014-008,2014,8,BOB,,2014-11-06 00:00:00,2014-11-06 00:00:00,13.8,87.5,1.5,1000.0,25.0,4.0,,,D,3,False,False
2014-008,2014,8,BOB,,2014-11-06 03:00:00,2014-11-06 03:00:00,14.0,87.5,2.0,998.0,30.0,5.0,,,DD,4,False,False
2014-008,2014,8,BOB,,2014-11-06 06:00:00,2014-11-06 06:00:00,14.1,87.5,2.0,998.0,30.0,6.0,,,DD,5,False,False
2014-008,2014,8,BOB,,2014-11-06 12:00:00,2014-11-06 12:00:00,14.1,88.0,2.0,998.0,30.0,6.0,,,DD,6,False,False
2014-008,2014,8,BOB,,2014-11-06 18:00:00,2014-11-06 18:00:00,13.8,88.0,2.0,1000.0,30.0,6.0,,,DD,7,False,False
2014-008,2014,8,BOB,,2014-11-07 00:00:00,2014-11-07 00:00:00,14.0,87.5,2.0,1001.0,30.0,5.0,,,DD,8,False,False
2014-008,2014,8,BOB,,2014-11-07 03:00:00,2014-11-07 03:00:00,14.2,87.5,1.5,1001.0,30.0,5.0,,,DD,9,False,False
2014-008,2014,8,BOB,,2014-11-07 06:00:00,2014-11-07 06:00:00,14.2,87.5,1.5,1003.0,25.0,4.0,,,D,10,False,False
2014-008,2014,8,BOB,,2014-11-07 12:00:00,2014-11-07 12:00:00,14.2,87.5,1.5,1003.0,25.0,4.0,,,D,11,False,False
2014-008,2014,8,BOB,,2014-11-07 18:00:00,2014-11-07 18:00:00,14.3,87.0,1.5,1004.0,25.0,4.0,,,D,12,False,False
2014-008,2014,8,BOB,,2014-11-08 00:00:00,2014-11-08 00:00:00,14.3,86.5,1.5,1005.0,25.0,3.0,,,D,13,False,False
2015-001,2015,1,ARB,ASHOBAA,2015-06-07 03:00:00,2015-06-07 03:00:00,14.5,68.5,1.5,1004.0,25.0,3.0,,,D,0,False,False
2015-001,2015,1,ARB,ASHOBAA,2015-06-07 06:00:00,2015-06-07 06:00:00,15.0,68.2,1.5,1004.0,25.0,3.0,,,D,1,False,False
2015-001,2015,1,ARB,ASHOBAA,2015-06-07 12:00:00,2015-06-07 12:00:00,16.0,68.0,1.5,1003.0,25.0,4.0,,,D,2,False,False
2015-001,2015,1,ARB,ASHOBAA,2015-06-07 18:00:00,2015-06-07 18:00:00,16.5,68.0,1.5,1003.0,25.0,4.0,,,D,3,False,False
2015-001,2015,1,ARB,ASHOBAA,2015-06-08 00:00:00,2015-06-08 00:00:00,17.5,67.5,2.0,996.0,30.0,5.0,,,DD,4,False,False
2015-001,2015,1,ARB,ASHOBAA,2015-06-08 03:00:00,2015-06-08 03:00:00,17.9,67.2,2.5,994.0,35.0,7.0,,,CS,5,False,False
2015-001,2015,1,ARB,ASHOBAA,2015-06-08 06:00:00,2015-06-08 06:00:00,17.9,67.2,2.5,994.0,35.0,7.0,,,CS,6,False,False
2015-001,2015,1,ARB,ASHOBAA,2015-06-08 09:00:00,2015-06-08 09:00:00,18.5,66.7,2.5,994.0,35.0,7.0,,,CS,7,False,False
2015-001,2015,1,ARB,ASHOBAA,2015-06-08 12:00:00,2015-06-08 12:00:00,18.6,66.5,2.5,994.0,35.0,7.0,,,CS,8,False,False
2015-001,2015,1,ARB,ASHOBAA,2015-06-08 15:00:00,2015-06-08 15:00:00,18.8,66.2,2.5,994.0,35.0,7.0,,,CS,9,False,False
2015-001,2015,1,ARB,ASHOBAA,2015-06-08 18:00:00,2015-06-08 18:00:00,19.2,65.7,2.5,994.0,35.0,7.0,,,CS,10,False,False
2015-001,2015,1,ARB,ASHOBAA,2015-06-08 21:00:00,2015-06-08 21:00:00,19.5,65.3,2.5,994.0,35.0,7.0,,,CS,11,False,False
2015-001,2015,1,ARB,ASHOBAA,2015-06-09 00:00:00,2015-06-09 00:00:00,20.0,65.0,2.5,992.0,35.0,8.0,,,CS,12,False,False
2015-001,2015,1,ARB,ASHOBAA,2015-06-09 03:00:00,2015-06-09 03:00:00,20.0,65.0,2.5,992.0,35.0,8.0,,,CS,13,False,False
2015-001,2015,1,ARB,ASHOBAA,2015-06-09 06:00:00,2015-06-09 06:00:00,20.3,64.6,2.5,990.0,35.0,10.0,,,CS,14,False,False
2015-001,2015,1,ARB,ASHOBAA,2015-06-09 09:00:00,2015-06-09 09:00:00,20.5,63.8,3.0,990.0,40.0,10.0,,,CS,15,False,False
2015-001,2015,1,ARB,ASHOBAA,2015-06-09 12:00:00,2015-06-09 12:00:00,21.0,63.0,3.0,990.0,40.0,10.0,,,CS,16,False,False
2015-001,2015,1,ARB,ASHOBAA,2015-06-09 15:00:00,2015-06-09 15:00:00,21.2,62.5,3.0,990.0,40.0,10.0,,,CS,17,False,False
2015-001,2015,1,ARB,ASHOBAA,2015-06-09 18:00:00,2015-06-09 18:00:00,21.2,62.5,3.0,990.0,45.0,10.0,,,CS,18,False,False
2015-001,2015,1,ARB,ASHOBAA,2015-06-09 21:00:00,2015-06-09 21:00:00,21.3,62.3,3.0,990.0,45.0,10.0,,,CS,19,False,False
2015-001,2015,1,ARB,ASHOBAA,2015-06-10 00:00:00,2015-06-10 00:00:00,21.3,62.1,3.0,990.0,45.0,10.0,,,CS,20,False,False
2015-001,2015,1,ARB,ASHOBAA,2015-06-10 03:00:00,2015-06-10 03:00:00,21.3,61.8,3.0,990.0,45.0,10.0,,,CS,21,False,False
2015-001,2015,1,ARB,ASHOBAA,2015-06-10 06:00:00,2015-06-10 06:00:00,21.3,61.5,3.0,990.0,45.0,10.0,,,CS,22,False,False
2015-001,2015,1,ARB,ASHOBAA,2015-06-10 09:00:00,2015-06-10 09:00:00,21.2,61.1,3.0,990.0,45.0,10.0,,,CS,23,False,False
2015-001,2015,1,ARB,ASHOBAA,2015-06-10 12:00:00,2015-06-10 12:00:00,21.2,61.1,3.0,990.0,45.0,10.0,,,CS,24,False,False
2015-001,2015,1,ARB,ASHOBAA,2015-06-10 15:00:00,2015-06-10 15:00:00,20.9,60.8,3.0,990.0,45.0,10.0,,,CS,25,False,False
2015-001,2015,1,ARB,ASHOBAA,2015-06-10 18:00:00,2015-06-10 18:00:00,20.9,60.8,3.0,992.0,45.0,10.0,,,CS,26,False,False
2015-001,2015,1,ARB,ASHOBAA,2015-06-10 21:00:00,2015-06-10 21:00:00,20.9,60.8,3.0,992.0,45.0,10.0,,,CS,27,False,False
2015-001,2015,1,ARB,ASHOBAA,2015-06-11 00:00:00,2015-06-11 00:00:00,20.8,60.8,2.5,994.0,40.0,10.0,,,CS,28,False,False
2015-001,2015,1,ARB,ASHOBAA,2015-06-11 03:00:00,2015-06-11 03:00:00,20.8,60.8,2.5,994.0,40.0,10.0,,,CS,29,False,False
2015-001,2015,1,ARB,ASHOBAA,2015-06-11 06:00:00,2015-06-11 06:00:00,20.8,60.5,2.5,994.0,35.0,10.0,,,CS,30,False,False
2015-001,2015,1,ARB,ASHOBAA,2015-06-11 09:00:00,2015-06-11 09:00:00,20.8,60.3,2.5,994.0,35.0,10.0,,,CS,31,False,False
2015-001,2015,1,ARB,ASHOBAA,2015-06-11 12:00:00,2015-06-11 12:00:00,20.8,60.0,2.5,994.0,35.0,10.0,,,CS,32,False,False
2015-001,2015,1,ARB,ASHOBAA,2015-06-11 15:00:00,2015-06-11 15:00:00,20.8,59.7,2.5,994.0,35.0,10.0,,,CS,33,False,False
2015-001,2015,1,ARB,ASHOBAA,2015-06-11 18:00:00,2015-06-11 18:00:00,20.8,59.7,2.0,996.0,30.0,6.0,,,DD,34,False,False
2015-001,2015,1,ARB,ASHOBAA,2015-06-12 00:00:00,2015-06-12 00:00:00,20.8,59.5,1.5,996.0,25.0,4.0,,,D,35,False,False
2015-001,2015,1,ARB,ASHOBAA,2015-06-12 03:00:00,2015-06-12 03:00:00,20.8,59.5,1.5,996.0,25.0,4.0,,,D,36,False,False
2015-001,2015,1,ARB,ASHOBAA,2015-06-12 06:00:00,2015-06-12 06:00:00,20.8,59.5,1.5,996.0,25.0,4.0,,,D,37,False,False
2015-002,2015,2,BOB,,2015-06-20 03:00:00,2015-06-20 03:00:00,18.0,86.0,1.5,990.0,25.0,4.0,,,D,0,False,False
2015-002,2015,2,BOB,,2015-06-20 06:00:00,2015-06-20 06:00:00,18.5,86.0,1.5,990.0,25.0,4.0,,,D,1,False,False
2015-002,2015,2,BOB,,2015-06-20 12:00:00,2015-06-20 12:00:00,19.0,85.5,1.5,990.0,25.0,4.0,,,D,2,False,False
2015-002,2015,2,BOB,,2015-06-20 18:00:00,2015-06-20 18:00:00,19.2,85.4,1.5,990.0,25.0,4.0,,,D,3,False,False
2015-002,2015,2,BOB,,2015-06-21 00:00:00,2015-06-21 00:00:00,19.7,85.0,,992.0,25.0,3.0,,,D,4,False,False
2015-002,2015,2,BOB,,2015-06-21 03:00:00,2015-06-21 03:00:00,20.0,85.0,,992.0,25.0,3.0,,,D,5,False,False
2015-002,2015,2,BOB,,2015-06-21 06:00:00,2015-06-21 06:00:00,20.0,84.5,,992.0,25.0,3.0,,,D,6,False,False
2015-002,2015,2,BOB,,2015-06-21 12:00:00,2015-06-21 12:00:00,20.5,84.5,,992.0,25.0,3.0,,,D,7,False,False
2015-002,2015,2,BOB,,2015-06-21 18:00:00,2015-06-21 18:00:00,21.0,84.5,,992.0,25.0,3.0,,,D,8,False,False
2015-003,2015,3,ARB,,2015-06-22 00:00:00,2015-06-22 00:00:00,20.5,69.5,1.5,988.0,25.0,4.0,,,D,0,False,False
2015-003,2015,3,ARB,,2015-06-22 03:00:00,2015-06-22 03:00:00,20.0,67.0,1.5,990.0,25.0,4.0,,,D,1,False,False
2015-003,2015,3,ARB,,2015-06-22 06:00:00,2015-06-22 06:00:00,20.0,67.0,1.5,990.0,25.0,4.0,,,D,2,False,False
2015-003,2015,3,ARB,,2015-06-22 12:00:00,2015-06-22 12:00:00,20.0,67.0,1.5,990.0,25.0,4.0,,,D,3,False,False
2015-003,2015,3,ARB,,2015-06-22 18:00:00,2015-06-22 18:00:00,20.2,68.5,1.5,990.0,25.0,4.0,,,D,4,False,False
2015-003,2015,3,ARB,,2015-06-23 00:00:00,2015-06-23 00:00:00,22.2,71.5,,990.0,30.0,4.0,,,DD,5,False,False
2015-003,2015,3,ARB,,2015-06-23 03:00:00,2015-06-23 03:00:00,20.5,70.5,2.0,988.0,30.0,6.0,,,DD,6,False,False
2015-003,2015,3,ARB,,2015-06-23 06:00:00,2015-06-23 06:00:00,21.0,71.0,2.0,988.0,30.0,6.0,,,DD,7,False,False
2015-003,2015,3,ARB,,2015-06-23 12:00:00,2015-06-23 12:00:00,21.0,71.3,,990.0,30.0,5.0,,,DD,8,False,False
2015-003,2015,3,ARB,,2015-06-23 18:00:00,2015-06-23 18:00:00,21.6,71.4,,990.0,30.0,5.0,,,DD,9,False,False
2015-003,2015,3,ARB,,2015-06-24 03:00:00,2015-06-24 03:00:00,22.4,72.0,,990.0,30.0,4.0,,,DD,10,False,False
2015-003,2015,3,ARB,,2015-06-24 06:00:00,2015-06-24 06:00:00,22.8,72.7,,990.0,30.0,3.0,,,DD,11,False,False
2015-003,2015,3,ARB,,2015-06-24 12:00:00,2015-06-24 12:00:00,23.5,74.0,,992.0,25.0,3.0,,,D,12,False,False
2015-003,2015,3,ARB,,2015-06-24 18:00:00,2015-06-24 18:00:00,26.0,76.0,,994.0,25.0,3.0,,,D,13,False,False
2015-004,2015,4,LAND,,2015-07-10 03:00:00,2015-07-10 03:00:00,23.1,85.1,,996.0,25.0,4.0,,,D,0,False,False
2015-004,2015,4,LAND,,2015-07-10 06:00:00,2015-07-10 06:00:00,23.1,85.0,,996.0,25.0,4.0,,,D,1,False,False
2015-004,2015,4,LAND,,2015-07-10 09:00:00,2015-07-10 09:00:00,23.3,84.0,,994.0,25.0,4.0,,,D,2,False,False
2015-004,2015,4,LAND,,2015-07-10 12:00:00,2015-07-10 12:00:00,23.5,83.5,,994.0,25.0,4.0,,,D,3,False,False
2015-004,2015,4,LAND,,2015-07-10 15:00:00,2015-07-10 15:00:00,23.5,82.5,,996.0,25.0,4.0,,,D,4,False,False
2015-004,2015,4,LAND,,2015-07-10 18:00:00,2015-07-10 18:00:00,23.6,82.3,,996.0,25.0,4.0,,,D,5,False,False
2015-004,2015,4,LAND,,2015-07-10 21:00:00,2015-07-10 21:00:00,23.8,81.0,,996.0,25.0,4.0,,,D,6,False,False
2015-004,2015,4,LAND,,2015-07-11 00:00:00,2015-07-11 00:00:00,24.0,80.5,,995.0,25.0,4.0,,,D,7,False,False
2015-004,2015,4,LAND,,2015-07-11 03:00:00,2015-07-11 03:00:00,24.0,80.5,,996.0,25.0,4.0,,,D,8,False,False
2015-004,2015,4,LAND,,2015-07-11 06:00:00,2015-07-11 06:00:00,24.5,80.5,,996.0,25.0,4.0,,,D,9,False,False
2015-004,2015,4,LAND,,2015-07-11 09:00:00,2015-07-11 09:00:00,24.5,80.5,,996.0,25.0,4.0,,,D,10,False,False
2015-004,2015,4,LAND,,2015-07-11 12:00:00,2015-07-11 12:00:00,25.5,80.5,,996.0,25.0,4.0,,,D,11,False,False
2015-004,2015,4,LAND,,2015-07-11 15:00:00,2015-07-11 15:00:00,26.0,80.0,,996.0,25.0,4.0,,,D,12,False,False
2015-004,2015,4,LAND,,2015-07-11 18:00:00,2015-07-11 18:00:00,26.5,79.5,,998.0,25.0,4.0,,,D,13,False,False
2015-004,2015,4,LAND,,2015-07-11 21:00:00,2015-07-11 21:00:00,26.0,78.5,,998.0,25.0,4.0,,,D,14,False,False
2015-004,2015,4,LAND,,2015-07-12 00:00:00,2015-07-12 00:00:00,27.5,78.3,,998.0,25.0,4.0,,,D,15,False,False
2015-004,2015,4,LAND,,2015-07-12 03:00:00,2015-07-12 03:00:00,28.5,78.0,,998.0,25.0,3.0,,,D,16,False,False
2015-004,2015,4,LAND,,2015-07-12 06:00:00,2015-07-12 06:00:00,28.5,77.5,,998.0,25.0,3.0,,,D,17,False,False
2015-004,2015,4,LAND,,2015-07-12 09:00:00,2015-07-12 09:00:00,28.5,77.3,,998.0,25.0,3.0,,,D,18,False,False
2015-005,2015,5,LAND,,2015-07-27 12:00:00,2015-07-27 12:00:00,26.2,71.8,,994.0,25.0,4.0,,,D,0,False,False
2015-005,2015,5,LAND,,2015-07-27 15:00:00,2015-07-27 15:00:00,26.0,71.8,,994.0,25.0,4.0,,,D,1,False,False
2015-005,2015,5,LAND,,2015-07-27 18:00:00,2015-07-27 18:00:00,25.8,71.8,,996.0,25.0,4.0,,,D,2,False,False
2015-005,2015,5,LAND,,2015-07-27 21:00:00,2015-07-27 21:00:00,26.1,71.8,,996.0,25.0,4.0,,,D,3,False,False
2015-005,2015,5,LAND,,2015-07-28 00:00:00,2015-07-28 00:00:00,26.2,71.8,,994.0,25.0,4.0,,,D,4,False,False
2015-005,2015,5,LAND,,2015-07-28 03:00:00,2015-07-28 03:00:00,24.8,71.8,,994.0,30.0,5.0,,,DD,5,False,False
2015-005,2015,5,LAND,,2015-07-28 06:00:00,2015-07-28 06:00:00,24.8,71.8,,994.0,30.0,5.0,,,DD,6,False,False
2015-005,2015,5,LAND,,2015-07-28 09:00:00,2015-07-28 09:00:00,24.8,71.8,,994.0,30.0,5.0,,,DD,7,False,False
2015-005,2015,5,LAND,,2015-07-28 12:00:00,2015-07-28 12:00:00,25.5,72.0,,994.0,30.0,5.0,,,DD,8,False,False
2015-005,2015,5,LAND,,2015-07-28 15:00:00,2015-07-28 15:00:00,25.6,72.1,,996.0,30.0,5.0,,,DD,9,False,False
2015-005,2015,5,LAND,,2015-07-28 18:00:00,2015-07-28 18:00:00,25.8,72.1,,996.0,30.0,5.0,,,DD,10,False,False
2015-005,2015,5,LAND,,2015-07-28 21:00:00,2015-07-28 21:00:00,25.9,72.3,,996.0,25.0,5.0,,,DD,11,False,False
2015-005,2015,5,LAND,,2015-07-29 00:00:00,2015-07-29 00:00:00,26.5,72.5,,996.0,25.0,5.0,,,DD,12,False,False
2015-005,2015,5,LAND,,2015-07-29 03:00:00,2015-07-29 03:00:00,27.2,73.0,,996.0,25.0,4.0,,,D,13,False,False
2015-005,2015,5,LAND,,2015-07-29 06:00:00,2015-07-29 06:00:00,27.2,73.0,,996.0,25.0,4.0,,,D,14,False,False
2015-005,2015,5,LAND,,2015-07-29 09:00:00,2015-07-29 09:00:00,27.2,73.0,,996.0,25.0,4.0,,,D,15,False,False
2015-005,2015,5,LAND,,2015-07-29 12:00:00,2015-07-29 12:00:00,27.7,73.0,,998.0,25.0,4.0,,,D,16,False,False
2015-005,2015,5,LAND,,2015-07-29 15:00:00,2015-07-29 15:00:00,27.9,73.0,,998.0,25.0,4.0,,,D,17,False,False
2015-005,2015,5,LAND,,2015-07-29 18:00:00,2015-07-29 18:00:00,27.9,73.1,,998.0,25.0,3.0,,,D,18,False,False
2015-005,2015,5,LAND,,2015-07-29 21:00:00,2015-07-29 21:00:00,28.0,73.1,,998.0,25.0,3.0,,,D,19,False,False
2015-005,2015,5,LAND,,2015-07-30 00:00:00,2015-07-30 00:00:00,28.7,73.4,,998.0,25.0,3.0,,,D,20,False,False
2015-006,2015,6,BOB,KOMEN,2015-07-26 00:00:00,2015-07-26 00:00:00,22.0,90.8,1.5,994.0,20.0,3.0,,,D,0,False,False
2015-006,2015,6,BOB,KOMEN,2015-07-26 03:00:00,2015-07-26 03:00:00,22.0,90.8,1.5,994.0,20.0,3.0,,,D,1,False,False
2015-006,2015,6,BOB,KOMEN,2015-07-26 06:00:00,2015-07-26 06:00:00,22.0,90.5,1.5,994.0,20.0,3.0,,,D,2,False,False
2015-006,2015,6,BOB,KOMEN,2015-07-26 12:00:00,2015-07-26 12:00:00,22.0,90.5,1.5,994.0,20.0,3.0,,,D,3,False,False
2015-006,2015,6,BOB,KOMEN,2015-07-26 18:00:00,2015-07-26 18:00:00,22.0,90.5,1.5,994.0,20.0,3.0,,,D,4,False,False
2015-006,2015,6,BOB,KOMEN,2015-07-27 00:00:00,2015-07-27 00:00:00,22.0,90.5,1.5,994.0,20.0,3.0,,,D,5,False,False
2015-006,2015,6,BOB,KOMEN,2015-07-27 03:00:00,2015-07-27 03:00:00,22.0,90.5,1.5,994.0,25.0,4.0,,,D,6,False,False
2015-006,2015,6,BOB,KOMEN,2015-07-27 06:00:00,2015-07-27 06:00:00,22.0,90.5,1.5,994.0,25.0,4.0,,,D,7,False,False
2015-006,2015,6,BOB,KOMEN,2015-07-27 12:00:00,2015-07-27 12:00:00,22.0,90.5,1.5,994.0,25.0,4.0,,,D,8,False,False
2015-006,2015,6,BOB,KOMEN,2015-07-27 18:00:00,2015-07-27 18:00:00,22.0,90.5,1.5,994.0,25.0,4.0,,,D,9,False,False
2015-006,2015,6,BOB,KOMEN,2015-07-28 00:00:00,2015-07-28 00:00:00,22.0,90.5,1.5,994.0,25.0,4.0,,,D,10,False,False
2015-006,2015,6,BOB,KOMEN,2015-07-28 03:00:00,2015-07-28 03:00:00,22.0,90.5,1.5,994.0,25.0,4.0,,,D,11,False,False
2015-006,2015,6,BOB,KOMEN,2015-07-28 06:00:00,2015-07-28 06:00:00,21.8,90.3,1.5,994.0,25.0,4.0,,,D,12,False,False
2015-006,2015,6,BOB,KOMEN,2015-07-28 12:00:00,2015-07-28 12:00:00,21.5,90.2,1.5,994.0,25.0,4.0,,,D,13,False,False
2015-006,2015,6,BOB,KOMEN,2015-07-28 18:00:00,2015-07-28 18:00:00,21.3,90.6,1.5,992.0,25.0,4.0,,,D,14,False,False
2015-006,2015,6,BOB,KOMEN,2015-07-29 00:00:00,2015-07-29 00:00:00,21.0,91.0,2.0,990.0,30.0,5.0,,,DD,15,False,False
2015-006,2015,6,BOB,KOMEN,2015-07-29 03:00:00,2015-07-29 03:00:00,21.1,91.0,2.0,990.0,30.0,5.0,,,DD,16,False,False
2015-006,2015,6,BOB,KOMEN,2015-07-29 06:00:00,2015-07-29 06:00:00,21.2,91.1,2.0,990.0,30.0,5.0,,,DD,17,False,False
2015-006,2015,6,BOB,KOMEN,2015-07-29 12:00:00,2015-07-29 12:00:00,21.5,91.4,2.0,988.0,30.0,6.0,,,DD,18,False,False
2015-006,2015,6,BOB,KOMEN,2015-07-29 18:00:00,2015-07-29 18:00:00,21.6,91.4,2.5,986.0,35.0,7.0,,,CS,19,False,False
2015-006,2015,6,BOB,KOMEN,2015-07-30 00:00:00,2015-07-30 00:00:00,21.7,91.4,2.5,986.0,35.0,7.0,,,CS,20,False,False
2015-006,2015,6,BOB,KOMEN,2015-07-30 03:00:00,2015-07-30 03:00:00,22.0,91.4,2.5,986.0,35.0,7.0,,,CS,21,False,False
2015-006,2015,6,BOB,KOMEN,2015-07-30 06:00:00,2015-07-30 06:00:00,22.2,91.4,2.5,986.0,40.0,8.0,,,CS,22,False,False
2015-006,2015,6,BOB,KOMEN,2015-07-30 09:00:00,2015-07-30 09:00:00,22.3,91.4,2.5,986.0,40.0,8.0,,,CS,23,False,False
2015-006,2015,6,BOB,KOMEN,2015-07-30 12:00:00,2015-07-30 12:00:00,22.4,91.4,2.5,988.0,35.0,7.0,,,CS,24,False,False
2015-006,2015,6,BOB,KOMEN,2015-07-30 15:00:00,2015-07-30 15:00:00,22.6,91.3,,988.0,35.0,7.0,,,CS,25,False,False
2015-006,2015,6,BOB,KOMEN,2015-07-30 18:00:00,2015-07-30 18:00:00,22.8,91.1,,988.0,35.0,7.0,,,CS,26,False,False
2015-006,2015,6,BOB,KOMEN,2015-07-30 21:00:00,2015-07-30 21:00:00,23.0,91.0,,988.0,30.0,6.0,,,DD,27,False,False
2015-006,2015,6,BOB,KOMEN,2015-07-31 00:00:00,2015-07-31 00:00:00,23.1,90.0,,990.0,30.0,5.0,,,DD,28,False,False
2015-006,2015,6,BOB,KOMEN,2015-07-31 03:00:00,2015-07-31 03:00:00,23.1,90.0,,990.0,30.0,5.0,,,DD,29,False,False
2015-006,2015,6,BOB,KOMEN,2015-07-31 06:00:00,2015-07-31 06:00:00,23.1,89.8,,992.0,30.0,5.0,,,DD,30,False,False
2015-006,2015,6,BOB,KOMEN,2015-07-31 12:00:00,2015-07-31 12:00:00,23.1,89.5,,994.0,25.0,4.0,,,D,31,False,False
2015-006,2015,6,BOB,KOMEN,2015-07-31 18:00:00,2015-07-31 18:00:00,23.1,89.4,,994.0,25.0,4.0,,,D,32,False,False
2015-006,2015,6,BOB,KOMEN,2015-08-01 00:00:00,2015-08-01 00:00:00,23.2,89.2,,994.0,20.0,4.0,,,D,33,False,False
2015-006,2015,6,BOB,KOMEN,2015-08-01 03:00:00,2015-08-01 03:00:00,23.2,89.2,,994.0,20.0,4.0,,,D,34,False,False
2015-006,2015,6,BOB,KOMEN,2015-08-01 06:00:00,2015-08-01 06:00:00,23.5,88.8,,994.0,20.0,4.0,,,D,35,False,False
2015-006,2015,6,BOB,KOMEN,2015-08-01 12:00:00,2015-08-01 12:00:00,23.8,88.4,,994.0,20.0,4.0,,,D,36,False,False
2015-006,2015,6,BOB,KOMEN,2015-08-01 18:00:00,2015-08-01 18:00:00,23.8,87.5,,994.0,20.0,4.0,,,D,37,False,False
2015-006,2015,6,BOB,KOMEN,2015-08-02 00:00:00,2015-08-02 00:00:00,23.8,86.7,,996.0,20.0,3.0,,,D,38,False,False
2015-006,2015,6,BOB,KOMEN,2015-08-02 03:00:00,2015-08-02 03:00:00,23.5,86.0,,996.0,20.0,3.0,,,D,39,False,False
2015-006,2015,6,BOB,KOMEN,2015-08-02 06:00:00,2015-08-02 06:00:00,23.3,85.7,,996.0,20.0,3.0,,,D,40,False,False
2015-006,2015,6,BOB,KOMEN,2015-08-02 09:00:00,2015-08-02 09:00:00,23.1,85.5,,996.0,20.0,3.0,,,D,41,False,False
2015-007,2015,7,LAND,,2015-08-04 03:00:00,2015-08-04 03:00:00,22.7,80.5,,998.0,25.0,3.0,,,D,0,False,False
2015-007,2015,7,LAND,,2015-08-04 06:00:00,2015-08-04 06:00:00,22.7,80.0,,998.0,25.0,3.0,,,D,1,False,False
2015-007,2015,7,LAND,,2015-08-04 09:00:00,2015-08-04 09:00:00,22.7,79.5,,998.0,25.0,3.0,,,D,2,False,False
2015-007,2015,7,LAND,,2015-08-04 12:00:00,2015-08-04 12:00:00,22.7,77.8,,998.0,25.0,4.0,,,D,3,False,False
2015-007,2015,7,LAND,,2015-08-04 18:00:00,2015-08-04 18:00:00,22.7,77.8,,998.0,25.0,4.0,,,D,4,False,False
2015-008,2015,8,LAND,,2015-09-16 03:00:00,2015-09-16 03:00:00,19.6,83.5,,998.0,25.0,3.0,,,D,0,False,False
2015-008,2015,8,LAND,,2015-09-16 06:00:00,2015-09-16 06:00:00,20.3,83.0,,998.0,25.0,3.0,,,D,1,False,False
2015-008,2015,8,LAND,,2015-09-16 09:00:00,2015-09-16 09:00:00,20.4,82.7,,998.0,25.0,3.0,,,D,2,False,False
2015-008,2015,8,LAND,,2015-09-16 12:00:00,2015-09-16 12:00:00,20.5,82.5,,998.0,25.0,4.0,,,D,3,False,False
2015-008,2015,8,LAND,,2015-09-16 15:00:00,2015-09-16 15:00:00,20.6,82.0,,998.0,25.0,4.0,,,D,4,False,False
2015-008,2015,8,LAND,,2015-09-16 18:00:00,2015-09-16 18:00:00,20.8,81.9,,998.0,25.0,4.0,,,D,5,False,False
2015-008,2015,8,LAND,,2015-09-16 21:00:00,2015-09-16 21:00:00,21.0,81.9,,998.0,25.0,4.0,,,D,6,False,False
2015-008,2015,8,LAND,,2015-09-17 00:00:00,2015-09-17 00:00:00,21.1,81.5,,998.0,25.0,4.0,,,D,7,False,False
2015-008,2015,8,LAND,,2015-09-17 03:00:00,2015-09-17 03:00:00,21.0,79.5,,998.0,30.0,4.0,,,DD,8,False,False
2015-008,2015,8,LAND,,2015-09-17 06:00:00,2015-09-17 06:00:00,20.5,79.5,,998.0,30.0,4.0,,,DD,9,False,False
2015-008,2015,8,LAND,,2015-09-17 09:00:00,2015-09-17 09:00:00,20.0,79.5,,998.0,30.0,4.0,,,DD,10,False,False
2015-008,2015,8,LAND,,2015-09-17 12:00:00,2015-09-17 12:00:00,20.5,79.0,,996.0,30.0,5.0,,,DD,11,False,False
2015-008,2015,8,LAND,,2015-09-17 15:00:00,2015-09-17 15:00:00,20.0,77.5,,996.0,30.0,5.0,,,DD,12,False,False
2015-008,2015,8,LAND,,2015-09-17 18:00:00,2015-09-17 18:00:00,20.0,77.0,,996.0,30.0,5.0,,,DD,13,False,False
2015-008,2015,8,LAND,,2015-09-17 21:00:00,2015-09-17 21:00:00,20.0,76.4,,996.0,30.0,5.0,,,DD,14,False,False
2015-008,2015,8,LAND,,2015-09-18 00:00:00,2015-09-18 00:00:00,20.8,77.4,,996.0,25.0,5.0,,,DD,15,False,False
2015-008,2015,8,LAND,,2015-09-18 03:00:00,2015-09-18 03:00:00,20.7,77.0,,996.0,30.0,4.0,,,D,16,False,False
2015-008,2015,8,LAND,,2015-09-18 06:00:00,2015-09-18 06:00:00,20.0,77.0,,998.0,30.0,4.0,,,D,17,False,False
2015-008,2015,8,LAND,,2015-09-18 09:00:00,2015-09-18 09:00:00,20.7,76.5,,998.0,25.0,4.0,,,D,18,False,False
2015-008,2015,8,LAND,,2015-09-18 12:00:00,2015-09-18 12:00:00,20.5,76.0,,998.0,25.0,4.0,,,D,19,False,False
2015-008,2015,8,LAND,,2015-09-18 15:00:00,2015-09-18 15:00:00,20.5,75.8,,998.0,25.0,4.0,,,D,20,False,False
2015-008,2015,8,LAND,,2015-09-18 18:00:00,2015-09-18 18:00:00,20.5,75.5,,998.0,25.0,4.0,,,D,21,False,False
2015-008,2015,8,LAND,,2015-09-18 21:00:00,2015-09-18 21:00:00,20.8,75.0,,998.0,25.0,4.0,,,D,22,False,False
2015-008,2015,8,LAND,,2015-09-19 00:00:00,2015-09-19 00:00:00,21.0,74.5,,998.0,25.0,4.0,,,D,23,False,False
2015-009,2015,9,ARB,,2015-10-09 00:00:00,2015-10-09 00:00:00,14.0,70.3,1.5,1004.0,25.0,3.0,,,D,0,False,False
2015-009,2015,9,ARB,,2015-10-09 03:00:00,2015-10-09 03:00:00,14.0,70.3,1.5,1004.0,25.0,4.0,,,D,1,False,False
2015-009,2015,9,ARB,,2015-10-09 06:00:00,2015-10-09 06:00:00,14.1,70.3,1.5,1004.0,25.0,4.0,,,D,2,False,False
2015-009,2015,9,ARB,,2015-10-09 12:00:00,2015-10-09 12:00:00,14.3,70.2,1.5,1002.0,25.0,4.0,,,D,3,False,False
2015-009,2015,9,ARB,,2015-10-09 18:00:00,2015-10-09 18:00:00,14.7,69.9,2.0,1001.0,30.0,5.0,,,DD,4,False,False
2015-009,2015,9,ARB,,2015-10-10 00:00:00,2015-10-10 00:00:00,15.0,69.6,2.0,1001.0,30.0,5.0,,,DD,5,False,False
2015-009,2015,9,ARB,,2015-10-10 03:00:00,2015-10-10 03:00:00,15.1,69.5,2.0,1001.0,30.0,5.0,,,DD,6,False,False
2015-009,2015,9,ARB,,2015-10-10 06:00:00,2015-10-10 06:00:00,15.1,69.4,2.0,1000.0,30.0,6.0,,,DD,7,False,False
2015-009,2015,9,ARB,,2015-10-10 12:00:00,2015-10-10 12:00:00,15.2,69.3,2.0,1000.0,30.0,6.0,,,DD,8,False,False
2015-009,2015,9,ARB,,2015-10-10 18:00:00,2015-10-10 18:00:00,15.3,69.2,2.0,1000.0,30.0,6.0,,,DD,9,False,False
2015-009,2015,9,ARB,,2015-10-11 00:00:00,2015-10-11 00:00:00,15.5,69.2,2.0,1001.0,30.0,5.0,,,DD,10,False,False
2015-009,2015,9,ARB,,2015-10-11 03:00:00,2015-10-11 03:00:00,15.6,69.2,1.5,1003.0,25.0,4.0,,,D,11,False,False
2015-009,2015,9,ARB,,2015-10-11 06:00:00,2015-10-11 06:00:00,15.7,69.2,1.5,1003.0,25.0,4.0,,,D,12,False,False
2015-009,2015,9,ARB,,2015-10-11 12:00:00,2015-10-11 12:00:00,15.9,69.2,1.5,1004.0,25.0,3.0,,,D,13,False,False
2015-009,2015,9,ARB,,2015-10-11 18:00:00,2015-10-11 18:00:00,16.0,69.2,1.5,1004.0,25.0,3.0,,,D,14,False,False
2015-009,2015,9,ARB,,2015-10-12 00:00:00,2015-10-12 00:00:00,16.1,69.0,1.5,1004.0,20.0,3.0,,,D,15,False,False
2015-010,2015,10,ARB,CHAPALA,2015-10-28 03:00:00,2015-10-28 03:00:00,11.5,65.0,1.5,1005.0,25.0,3.0,,,D,0,False,False
2015-010,2015,10,ARB,CHAPALA,2015-10-28 06:00:00,2015-10-28 06:00:00,11.8,64.9,2.0,1004.0,25.0,4.0,,,D,1,False,False
2015-010,2015,10,ARB,CHAPALA,2015-10-28 12:00:00,2015-10-28 12:00:00,12.5,64.7,2.0,1001.0,30.0,5.0,,,DD,2,False,False
2015-010,2015,10,ARB,CHAPALA,2015-10-28 18:00:00,2015-10-28 18:00:00,13.0,64.7,2.0,1001.0,30.0,5.0,,,DD,3,False,False
2015-010,2015,10,ARB,CHAPALA,2015-10-29 00:00:00,2015-10-29 00:00:00,13.7,64.3,2.5,999.0,35.0,7.0,,,CS,4,False,False
2015-010,2015,10,ARB,CHAPALA,2015-10-29 03:00:00,2015-10-29 03:00:00,13.8,64.2,2.5,997.0,40.0,9.0,,,CS,5,False,False
2015-010,2015,10,ARB,CHAPALA,2015-10-29 06:00:00,2015-10-29 06:00:00,13.9,63.8,3.0,996.0,45.0,10.0,,,CS,6,False,False
2015-010,2015,10,ARB,CHAPALA,2015-10-29 09:00:00,2015-10-29 09:00:00,14.0,63.5,3.0,994.0,50.0,12.0,,,SCS,7,False,False
2015-010,2015,10,ARB,CHAPALA,2015-10-29 12:00:00,2015-10-29 12:00:00,14.1,63.3,3.5,990.0,55.0,16.0,,,SCS,8,False,False
2015-010,2015,10,ARB,CHAPALA,2015-10-29 15:00:00,2015-10-29 15:00:00,14.3,62.8,3.5,988.0,60.0,18.0,,,SCS,9,False,False
2015-010,2015,10,ARB,CHAPALA,2015-10-29 18:00:00,2015-10-29 18:00:00,14.3,62.5,4.0,984.0,65.0,22.0,,,VSCS,10,False,False
2015-010,2015,10,ARB,CHAPALA,2015-10-29 21:00:00,2015-10-29 21:00:00,14.3,62.3,4.5,976.0,75.0,30.0,,,VSCS,11,False,False
2015-010,2015,10,ARB,CHAPALA,2015-10-30 00:00:00,2015-10-30 00:00:00,14.3,61.8,5.0,966.0,90.0,40.0,,,ESCS,12,False,False
2015-010,2015,10,ARB,CHAPALA,2015-10-30 03:00:00,2015-10-30 03:00:00,14.3,61.5,5.5,954.0,105.0,52.0,,,ESCS,13,False,False
2015-010,2015,10,ARB,CHAPALA,2015-10-30 06:00:00,2015-10-30 06:00:00,14.3,61.1,5.5,948.0,110.0,58.0,,,ESCS,14,False,False
2015-010,2015,10,ARB,CHAPALA,2015-10-30 09:00:00,2015-10-30 09:00:00,14.2,60.8,6.0,940.0,115.0,66.0,,,ESCS,15,False,False
2015-010,2015,10,ARB,CHAPALA,2015-10-30 12:00:00,2015-10-30 12:00:00,14.1,60.6,6.0,940.0,115.0,66.0,,,ESCS,16,False,False
2015-010,2015,10,ARB,CHAPALA,2015-10-30 15:00:00,2015-10-30 15:00:00,14.0,60.4,6.0,940.0,115.0,66.0,,,ESCS,17,False,False
2015-010,2015,10,ARB,CHAPALA,2015-10-30 18:00:00,2015-10-30 18:00:00,13.9,60.2,6.0,940.0,115.0,66.0,,,ESCS,18,False,False
2015-010,2015,10,ARB,CHAPALA,2015-10-30 21:00:00,2015-10-30 21:00:00,13.9,59.9,6.0,942.0,115.0,64.0,,,ESCS,19,False,False
2015-010,2015,10,ARB,CHAPALA,2015-10-31 00:00:00,2015-10-31 00:00:00,13.9,59.6,5.5,944.0,110.0,62.0,,,ESCS,20,False,False
2015-010,2015,10,ARB,CHAPALA,2015-10-31 03:00:00,2015-10-31 03:00:00,13.8,59.2,5.5,946.0,110.0,60.0,,,ESCS,21,False,False
2015-010,2015,10,ARB,CHAPALA,2015-10-31 06:00:00,2015-10-31 06:00:00,13.8,58.7,5.5,950.0,105.0,56.0,,,ESCS,22,False,False
2015-010,2015,10,ARB,CHAPALA,2015-10-31 09:00:00,2015-10-31 09:00:00,13.8,58.3,5.5,950.0,105.0,56.0,,,ESCS,23,False,False
2015-010,2015,10,ARB,CHAPALA,2015-10-31 12:00:00,2015-10-31 12:00:00,13.8,57.9,5.5,950.0,105.0,56.0,,,ESCS,24,False,False
2015-010,2015,10,ARB,CHAPALA,2015-10-31 15:00:00,2015-10-31 15:00:00,13.8,57.5,5.5,950.0,105.0,56.0,,,ESCS,25,False,False
2015-010,2015,10,ARB,CHAPALA,2015-10-31 18:00:00,2015-10-31 18:00:00,13.8,57.2,5.5,950.0,105.0,56.0,,,ESCS,26,False,False
2015-010,2015,10,ARB,CHAPALA,2015-10-31 21:00:00,2015-10-31 21:00:00,13.7,56.8,5.5,950.0,105.0,56.0,,,ESCS,27,False,False
2015-010,2015,10,ARB,CHAPALA,2015-11-01 00:00:00,2015-11-01 00:00:00,13.7,56.4,5.5,950.0,105.0,56.0,,,ESCS,28,False,False
2015-010,2015,10,ARB,CHAPALA,2015-11-01 03:00:00,2015-11-01 03:00:00,13.6,56.1,5.5,952.0,105.0,54.0,,,ESCS,29,False,False
2015-010,2015,10,ARB,CHAPALA,2015-11-01 06:00:00,2015-11-01 06:00:00,13.6,55.6,5.5,954.0,100.0,52.0,,,ESCS,30,False,False
2015-010,2015,10,ARB,CHAPALA,2015-11-01 09:00:00,2015-11-01 09:00:00,13.6,55.1,5.5,956.0,100.0,50.0,,,ESCS,31,False,False
2015-010,2015,10,ARB,CHAPALA,2015-11-01 12:00:00,2015-11-01 12:00:00,13.6,54.6,5.5,956.0,100.0,50.0,,,ESCS,32,False,False
2015-010,2015,10,ARB,CHAPALA,2015-11-01 15:00:00,2015-11-01 15:00:00,13.6,54.2,5.5,956.0,100.0,50.0,,,ESCS,33,False,False
2015-010,2015,10,ARB,CHAPALA,2015-11-01 18:00:00,2015-11-01 18:00:00,13.4,53.7,5.5,956.0,100.0,50.0,,,ESCS,34,False,False
2015-010,2015,10,ARB,CHAPALA,2015-11-01 21:00:00,2015-11-01 21:00:00,13.3,53.1,5.5,956.0,100.0,50.0,,,ESCS,35,False,False
2015-010,2015,10,ARB,CHAPALA,2015-11-02 00:00:00,2015-11-02 00:00:00,13.2,52.5,5.5,958.0,100.0,48.0,,,ESCS,36,False,False
2015-010,2015,10,ARB,CHAPALA,2015-11-02 03:00:00,2015-11-02 03:00:00,13.2,52.2,5.0,960.0,95.0,46.0,,,ESCS,37,False,False
2015-010,2015,10,ARB,CHAPALA,2015-11-02 06:00:00,2015-11-02 06:00:00,13.3,51.6,5.0,964.0,90.0,42.0,,,ESCS,38,False,False
2015-010,2015,10,ARB,CHAPALA,2015-11-02 09:00:00,2015-11-02 09:00:00,13.3,51.0,5.0,966.0,90.0,40.0,,,ESCS,39,False,False
2015-010,2015,10,ARB,CHAPALA,2015-11-02 12:00:00,2015-11-02 12:00:00,13.4,50.5,4.5,968.0,85.0,38.0,,,VSCS,40,False,False
2015-010,2015,10,ARB,CHAPALA,2015-11-02 15:00:00,2015-11-02 15:00:00,13.5,50.0,4.5,970.0,85.0,36.0,,,VSCS,41,False,False
2015-010,2015,10,ARB,CHAPALA,2015-11-02 18:00:00,2015-11-02 18:00:00,13.7,49.6,4.5,974.0,80.0,32.0,,,VSCS,42,False,False
2015-010,2015,10,ARB,CHAPALA,2015-11-02 21:00:00,2015-11-02 21:00:00,13.8,49.3,4.0,978.0,75.0,28.0,,,VSCS,43,False,False
2015-010,2015,10,ARB,CHAPALA,2015-11-03 00:00:00,2015-11-03 00:00:00,14.0,48.8,4.0,984.0,65.0,22.0,,,VSCS,44,False,False
2015-010,2015,10,ARB,CHAPALA,2015-11-03 03:00:00,2015-11-03 03:00:00,14.2,48.4,,990.0,55.0,16.0,,,SCS,45,False,False
2015-010,2015,10,ARB,CHAPALA,2015-11-03 06:00:00,2015-11-03 06:00:00,14.2,47.8,,996.0,45.0,10.0,,,CS,46,False,False
2015-010,2015,10,ARB,CHAPALA,2015-11-03 09:00:00,2015-11-03 09:00:00,14.2,47.6,,998.0,40.0,8.0,,,CS,47,False,False
2015-010,2015,10,ARB,CHAPALA,2015-11-03 12:00:00,2015-11-03 12:00:00,14.2,47.3,,998.0,40.0,8.0,,,CS,48,False,False
2015-010,2015,10,ARB,CHAPALA,2015-11-03 15:00:00,2015-11-03 15:00:00,14.2,47.1,,998.0,40.0,8.0,,,CS,49,False,False
2015-010,2015,10,ARB,CHAPALA,2015-11-03 18:00:00,2015-11-03 18:00:00,14.3,47.0,,1001.0,30.0,5.0,,,DD,50,False,False
2015-010,2015,10,ARB,CHAPALA,2015-11-04 00:00:00,2015-11-04 00:00:00,14.8,46.5,,1003.0,25.0,3.0,,,D,51,False,False
2015-011,2015,11,ARB,MEGH,2015-11-05 00:00:00,2015-11-05 00:00:00,14.1,66.0,1.5,1006.0,25.0,3.0,,,D,0,False,False
2015-011,2015,11,ARB,MEGH,2015-11-05 03:00:00,2015-11-05 03:00:00,14.1,65.6,1.5,1004.0,25.0,4.0,,,D,1,False,False
2015-011,2015,11,ARB,MEGH,2015-11-05 06:00:00,2015-11-05 06:00:00,14.1,64.8,2.0,1002.0,30.0,5.0,,,DD,2,False,False
2015-011,2015,11,ARB,MEGH,2015-11-05 12:00:00,2015-11-05 12:00:00,14.0,64.0,2.5,998.0,35.0,7.0,,,CS,3,False,False
2015-011,2015,11,ARB,MEGH,2015-11-05 15:00:00,2015-11-05 15:00:00,13.9,63.7,2.5,996.0,40.0,8.0,,,CS,4,False,False
2015-011,2015,11,ARB,MEGH,2015-11-05 18:00:00,2015-11-05 18:00:00,13.9,63.4,3.0,994.0,45.0,10.0,,,CS,5,False,False
2015-011,2015,11,ARB,MEGH,2015-11-05 21:00:00,2015-11-05 21:00:00,13.8,63.0,3.0,994.0,45.0,10.0,,,CS,6,False,False
2015-011,2015,11,ARB,MEGH,2015-11-06 00:00:00,2015-11-06 00:00:00,13.7,62.5,3.0,994.0,45.0,10.0,,,CS,7,False,False
2015-011,2015,11,ARB,MEGH,2015-11-06 03:00:00,2015-11-06 03:00:00,13.5,62.2,3.0,994.0,45.0,10.0,,,CS,8,False,False
2015-011,2015,11,ARB,MEGH,2015-11-06 06:00:00,2015-11-06 06:00:00,13.2,61.9,3.0,994.0,45.0,10.0,,,CS,9,False,False
2015-011,2015,11,ARB,MEGH,2015-11-06 09:00:00,2015-11-06 09:00:00,13.1,61.5,3.0,994.0,45.0,10.0,,,CS,10,False,False
2015-011,2015,11,ARB,MEGH,2015-11-06 12:00:00,2015-11-06 12:00:00,13.0,61.0,3.0,994.0,45.0,10.0,,,CS,11,False,False
2015-011,2015,11,ARB,MEGH,2015-11-06 15:00:00,2015-11-06 15:00:00,12.9,60.8,3.0,994.0,45.0,10.0,,,CS,12,False,False
2015-011,2015,11,ARB,MEGH,2015-11-06 18:00:00,2015-11-06 18:00:00,12.9,60.6,3.0,994.0,45.0,10.0,,,CS,13,False,False
2015-011,2015,11,ARB,MEGH,2015-11-06 21:00:00,2015-11-06 21:00:00,12.8,60.4,3.0,994.0,45.0,10.0,,,CS,14,False,False
2015-011,2015,11,ARB,MEGH,2015-11-07 00:00:00,2015-11-07 00:00:00,12.8,60.1,3.0,994.0,45.0,10.0,,,CS,15,False,False
2015-011,2015,11,ARB,MEGH,2015-11-07 03:00:00,2015-11-07 03:00:00,12.8,59.6,3.0,994.0,45.0,10.0,,,CS,16,False,False
2015-011,2015,11,ARB,MEGH,2015-11-07 06:00:00,2015-11-07 06:00:00,12.7,59.2,3.0,992.0,50.0,12.0,,,SCS,17,False,False
2015-011,2015,11,ARB,MEGH,2015-11-07 09:00:00,2015-11-07 09:00:00,12.6,58.8,3.5,990.0,55.0,16.0,,,SCS,18,False,False
2015-011,2015,11,ARB,MEGH,2015-11-07 12:00:00,2015-11-07 12:00:00,12.7,58.4,3.5,988.0,60.0,18.0,,,SCS,19,False,False
2015-011,2015,11,ARB,MEGH,2015-11-07 15:00:00,2015-11-07 15:00:00,12.6,57.9,4.0,984.0,65.0,22.0,,,VSCS,20,False,False
2015-011,2015,11,ARB,MEGH,2015-11-07 18:00:00,2015-11-07 18:00:00,12.7,57.3,4.0,980.0,70.0,26.0,,,VSCS,21,False,False
2015-011,2015,11,ARB,MEGH,2015-11-07 21:00:00,2015-11-07 21:00:00,12.7,56.7,4.5,976.0,80.0,32.0,,,VSCS,22,False,False
2015-011,2015,11,ARB,MEGH,2015-11-08 00:00:00,2015-11-08 00:00:00,12.7,56.1,4.5,974.0,85.0,36.0,,,VSCS,23,False,False
2015-011,2015,11,ARB,MEGH,2015-11-08 03:00:00,2015-11-08 03:00:00,12.7,55.5,5.0,968.0,90.0,40.0,,,ESCS,24,False,False
2015-011,2015,11,ARB,MEGH,2015-11-08 06:00:00,2015-11-08 06:00:00,12.7,54.9,5.0,964.0,95.0,44.0,,,ESCS,25,False,False
2015-011,2015,11,ARB,MEGH,2015-11-08 09:00:00,2015-11-08 09:00:00,12.7,54.2,5.0,964.0,95.0,44.0,,,ESCS,26,False,False
2015-011,2015,11,ARB,MEGH,2015-11-08 12:00:00,2015-11-08 12:00:00,12.7,53.5,5.0,970.0,90.0,40.0,,,ESCS,27,False,False
2015-011,2015,11,ARB,MEGH,2015-11-08 15:00:00,2015-11-08 15:00:00,12.7,52.9,5.0,970.0,90.0,40.0,,,ESCS,28,False,False
2015-011,2015,11,ARB,MEGH,2015-11-08 18:00:00,2015-11-08 18:00:00,12.5,52.4,5.0,970.0,90.0,40.0,,,ESCS,29,False,False
2015-011,2015,11,ARB,MEGH,2015-11-08 21:00:00,2015-11-08 21:00:00,12.5,51.7,5.0,970.0,90.0,40.0,,,ESCS,30,False,False
2015-011,2015,11,ARB,MEGH,2015-11-09 00:00:00,2015-11-09 00:00:00,12.3,51.0,4.5,974.0,85.0,36.0,,,VSCS,31,False,False
2015-011,2015,11,ARB,MEGH,2015-11-09 03:00:00,2015-11-09 03:00:00,12.3,50.3,4.5,976.0,80.0,32.0,,,VSCS,32,False,False
2015-011,2015,11,ARB,MEGH,2015-11-09 06:00:00,2015-11-09 06:00:00,12.3,49.6,4.5,978.0,80.0,30.0,,,VSCS,33,False,False
2015-011,2015,11,ARB,MEGH,2015-11-09 09:00:00,2015-11-09 09:00:00,12.4,48.8,4.0,980.0,75.0,28.0,,,VSCS,34,False,False
2015-011,2015,11,ARB,MEGH,2015-11-09 12:00:00,2015-11-09 12:00:00,12.5,48.0,4.0,982.0,70.0,26.0,,,VSCS,35,False,False
2015-011,2015,11,ARB,MEGH,2015-11-09 15:00:00,2015-11-09 15:00:00,12.5,47.6,4.0,986.0,65.0,22.0,,,VSCS,36,False,False
2015-011,2015,11,ARB,MEGH,2015-11-09 18:00:00,2015-11-09 18:00:00,12.6,47.2,4.0,988.0,65.0,20.0,,,VSCS,37,False,False
2015-011,2015,11,ARB,MEGH,2015-11-09 21:00:00,2015-11-09 21:00:00,12.7,46.8,3.5,990.0,60.0,18.0,,,SCS,38,False,False
2015-011,2015,11,ARB,MEGH,2015-11-10 00:00:00,2015-11-10 00:00:00,12.9,46.4,3.0,996.0,50.0,14.0,,,SCS,39,False,False
2015-011,2015,11,ARB,MEGH,2015-11-10 03:00:00,2015-11-10 03:00:00,13.1,46.2,3.0,998.0,40.0,12.0,,,CS,40,False,False
2015-011,2015,11,ARB,MEGH,2015-11-10 06:00:00,2015-11-10 06:00:00,13.3,46.1,2.0,1003.0,30.0,5.0,,,DD,41,False,False
2015-011,2015,11,ARB,MEGH,2015-11-10 12:00:00,2015-11-10 12:00:00,13.6,46.5,1.5,1005.0,25.0,3.0,,,D,42,False,False
2015-012,2015,12,BOB,,2015-11-08 03:00:00,2015-11-08 03:00:00,10.7,83.7,1.5,1003.0,25.0,3.0,,,D,0,False,False
2015-012,2015,12,BOB,,2015-11-08 06:00:00,2015-11-08 06:00:00,10.8,83.2,1.5,1003.0,25.0,3.0,,,D,1,False,False
2015-012,2015,12,BOB,,2015-11-08 12:00:00,2015-11-08 12:00:00,11.0,82.5,1.5,1002.0,25.0,4.0,,,D,2,False,False
2015-012,2015,12,BOB,,2015-11-08 18:00:00,2015-11-08 18:00:00,11.2,81.4,2.0,1000.0,30.0,5.0,,,DD,3,False,False
2015-012,2015,12,BOB,,2015-11-09 00:00:00,2015-11-09 00:00:00,11.4,80.7,2.0,999.0,30.0,6.0,,,DD,4,False,False
2015-012,2015,12,BOB,,2015-11-09 03:00:00,2015-11-09 03:00:00,11.6,80.3,2.0,998.0,30.0,6.0,,,DD,5,False,False
2015-012,2015,12,BOB,,2015-11-09 06:00:00,2015-11-09 06:00:00,11.7,80.1,2.0,996.0,30.0,6.0,,,DD,6,False,False
2015-012,2015,12,BOB,,2015-11-09 12:00:00,2015-11-09 12:00:00,12.1,80.0,2.0,996.0,30.0,6.0,,,DD,7,False,False
2015-012,2015,12,BOB,,2015-11-09 18:00:00,2015-11-09 18:00:00,12.4,79.9,,998.0,30.0,6.0,,,DD,8,False,False
2015-012,2015,12,BOB,,2015-11-10 00:00:00,2015-11-10 00:00:00,12.4,79.6,,1000.0,30.0,5.0,,,DD,9,False,False
2015-012,2015,12,BOB,,2015-11-10 03:00:00,2015-11-10 03:00:00,12.4,79.3,,1002.0,20.0,4.0,,,D,10,False,False
2016-001,2016,1,BOB,ROANU,2016-05-17 03:00:00,2016-05-17 03:00:00,11.0,81.0,1.5,1000.0,25.0,3.0,,,D,0,False,False
2016-001,2016,1,BOB,ROANU,2016-05-17 06:00:00,2016-05-17 06:00:00,11.3,80.9,1.5,999.0,25.0,3.0,,,D,1,False,False
2016-001,2016,1,BOB,ROANU,2016-05-17 12:00:00,2016-05-17 12:00:00,12.0,80.7,1.5,998.0,25.0,3.0,,,D,2,False,False
2016-001,2016,1,BOB,ROANU,2016-05-17 18:00:00,2016-05-17 18:00:00,12.5,80.7,1.5,998.0,25.0,4.0,,,D,3,False,False
2016-001,2016,1,BOB,ROANU,2016-05-18 00:00:00,2016-05-18 00:00:00,13.0,80.8,1.5,998.0,25.0,4.0,,,D,4,False,False
2016-001,2016,1,BOB,ROANU,2016-05-18 03:00:00,2016-05-18 03:00:00,13.3,81.0,2.0,997.0,30.0,5.0,,,DD,5,False,False
2016-001,2016,1,BOB,ROANU,2016-05-18 06:00:00,2016-05-18 06:00:00,13.8,81.0,2.0,996.0,30.0,5.0,,,DD,6,False,False
2016-001,2016,1,BOB,ROANU,2016-05-18 12:00:00,2016-05-18 12:00:00,14.4,81.0,2.0,996.0,30.0,5.0,,,DD,7,False,False
2016-001,2016,1,BOB,ROANU,2016-05-18 18:00:00,2016-05-18 18:00:00,14.4,81.0,2.0,994.0,30.0,7.0,,,DD,8,False,False
2016-001,2016,1,BOB,ROANU,2016-05-19 00:00:00,2016-05-19 00:00:00,15.1,81.4,2.5,990.0,35.0,7.0,,,CS,9,False,False
2016-001,2016,1,BOB,ROANU,2016-05-19 03:00:00,2016-05-19 03:00:00,15.6,81.6,2.5,990.0,35.0,8.0,,,CS,10,False,False
2016-001,2016,1,BOB,ROANU,2016-05-19 06:00:00,2016-05-19 06:00:00,15.6,81.6,2.5,988.0,40.0,8.0,,,CS,11,False,False
2016-001,2016,1,BOB,ROANU,2016-05-19 12:00:00,2016-05-19 12:00:00,16.0,81.9,2.5,988.0,40.0,8.0,,,CS,12,False,False
2016-001,2016,1,BOB,ROANU,2016-05-19 15:00:00,2016-05-19 15:00:00,16.2,82.2,2.5,988.0,40.0,8.0,,,CS,13,False,False
2016-001,2016,1,BOB,ROANU,2016-05-19 18:00:00,2016-05-19 18:00:00,16.4,82.6,2.5,988.0,40.0,8.0,,,CS,14,False,False
2016-001,2016,1,BOB,ROANU,2016-05-19 21:00:00,2016-05-19 21:00:00,16.8,82.8,2.5,988.0,40.0,8.0,,,CS,15,False,False
2016-001,2016,1,BOB,ROANU,2016-05-20 00:00:00,2016-05-20 00:00:00,17.2,83.3,2.5,988.0,40.0,8.0,,,CS,16,False,False
2016-001,2016,1,BOB,ROANU,2016-05-20 03:00:00,2016-05-20 03:00:00,18.0,84.2,2.5,988.0,40.0,8.0,,,CS,17,False,False
2016-001,2016,1,BOB,ROANU,2016-05-20 06:00:00,2016-05-20 06:00:00,18.4,84.6,2.5,988.0,40.0,9.0,,,CS,18,False,False
2016-001,2016,1,BOB,ROANU,2016-05-20 09:00:00,2016-05-20 09:00:00,18.8,85.0,2.5,988.0,40.0,9.0,,,CS,19,False,False
2016-001,2016,1,BOB,ROANU,2016-05-20 12:00:00,2016-05-20 12:00:00,19.7,86.5,2.5,988.0,40.0,9.0,,,CS,20,False,False
2016-001,2016,1,BOB,ROANU,2016-05-20 15:00:00,2016-05-20 15:00:00,20.1,87.1,2.5,986.0,40.0,9.0,,,CS,21,False,False
2016-001,2016,1,BOB,ROANU,2016-05-20 18:00:00,2016-05-20 18:00:00,20.4,87.7,2.5,984.0,45.0,11.0,,,CS,22,False,False
2016-001,2016,1,BOB,ROANU,2016-05-20 21:00:00,2016-05-20 21:00:00,20.7,88.4,2.5,983.0,45.0,11.0,,,CS,23,False,False
2016-001,2016,1,BOB,ROANU,2016-05-21 00:00:00,2016-05-21 00:00:00,21.0,89.0,3.0,983.0,45.0,11.0,,,CS,24,False,False
2016-001,2016,1,BOB,ROANU,2016-05-21 03:00:00,2016-05-21 03:00:00,21.5,90.3,3.0,983.0,45.0,11.0,,,CS,25,False,False
2016-001,2016,1,BOB,ROANU,2016-05-21 06:00:00,2016-05-21 06:00:00,21.9,91.0,3.0,983.0,45.0,11.0,,,CS,26,False,False
2016-001,2016,1,BOB,ROANU,2016-05-21 09:00:00,2016-05-21 09:00:00,22.5,91.5,3.0,983.0,45.0,11.0,,,CS,27,False,False
2016-001,2016,1,BOB,ROANU,2016-05-21 12:00:00,2016-05-21 12:00:00,22.8,92.0,,990.0,35.0,6.0,,,CS,28,False,False
2016-001,2016,1,BOB,ROANU,2016-05-21 15:00:00,2016-05-21 15:00:00,23.5,93.0,,992.0,30.0,4.0,,,DD,29,False,False
2016-001,2016,1,BOB,ROANU,2016-05-21 18:00:00,2016-05-21 18:00:00,24.0,94.0,,994.0,30.0,4.0,,,DD,30,False,False
2016-001,2016,1,BOB,ROANU,2016-05-22 00:00:00,2016-05-22 00:00:00,24.5,94.7,,996.0,20.0,3.0,,,D,31,False,False
2016-002,2016,2,ARB,,2016-06-27 09:00:00,2016-06-27 09:00:00,21.5,64.5,1.5,996.0,25.0,4.0,,,D,0,False,False
2016-002,2016,2,ARB,,2016-06-27 12:00:00,2016-06-27 12:00:00,21.5,64.0,1.5,996.0,25.0,4.0,,,D,1,False,False
2016-002,2016,2,ARB,,2016-06-27 18:00:00,2016-06-27 18:00:00,21.5,64.0,1.5,996.0,25.0,4.0,,,D,2,False,False
2016-002,2016,2,ARB,,2016-06-28 00:00:00,2016-06-28 00:00:00,21.8,64.0,1.5,996.0,25.0,4.0,,,D,3,False,False
2016-002,2016,2,ARB,,2016-06-28 03:00:00,2016-06-28 03:00:00,21.3,62.5,1.5,996.0,25.0,4.0,,,D,4,False,False
2016-002,2016,2,ARB,,2016-06-28 06:00:00,2016-06-28 06:00:00,21.3,62.5,1.5,996.0,25.0,4.0,,,D,5,False,False
2016-002,2016,2,ARB,,2016-06-28 12:00:00,2016-06-28 12:00:00,20.8,62.3,1.5,996.0,25.0,4.0,,,D,6,False,False
2016-002,2016,2,ARB,,2016-06-28 18:00:00,2016-06-28 18:00:00,20.3,62.4,1.5,996.0,25.0,4.0,,,D,7,False,False
2016-002,2016,2,ARB,,2016-06-29 00:00:00,2016-06-29 00:00:00,20.3,62.3,1.5,996.0,25.0,4.0,,,D,8,False,False
2016-003,2016,3,LAND,,2016-07-06 03:00:00,2016-07-06 03:00:00,24.8,81.5,,996.0,25.0,3.0,,,D,0,False,False
2016-003,2016,3,LAND,,2016-07-06 06:00:00,2016-07-06 06:00:00,24.8,81.5,,996.0,25.0,4.0,,,D,1,False,False
2016-003,2016,3,LAND,,2016-07-06 12:00:00,2016-07-06 12:00:00,24.8,81.0,,996.0,25.0,4.0,,,D,2,False,False
2016-003,2016,3,LAND,,2016-07-06 18:00:00,2016-07-06 18:00:00,24.8,81.0,,996.0,25.0,4.0,,,D,3,False,False
2016-003,2016,3,LAND,,2016-07-07 00:00:00,2016-07-07 00:00:00,24.8,81.0,,996.0,25.0,4.0,,,D,4,False,False
2016-004,2016,4,LAND,,2016-08-09 09:00:00,2016-08-09 09:00:00,22.0,88.5,,996.0,25.0,4.0,,,D,0,False,False
2016-004,2016,4,LAND,,2016-08-09 12:00:00,2016-08-09 12:00:00,22.0,88.5,,996.0,25.0,4.0,,,D,1,False,False
2016-004,2016,4,LAND,,2016-08-09 18:00:00,2016-08-09 18:00:00,22.5,89.0,,995.0,25.0,4.0,,,D,2,False,False
2016-004,2016,4,LAND,,2016-08-10 00:00:00,2016-08-10 00:00:00,22.8,89.7,,995.0,25.0,4.0,,,D,3,False,False
2016-004,2016,4,LAND,,2016-08-10 03:00:00,2016-08-10 03:00:00,23.0,89.4,,994.0,30.0,5.0,,,DD,4,False,False
2016-004,2016,4,LAND,,2016-08-10 06:00:00,2016-08-10 06:00:00,23.1,89.3,,994.0,30.0,5.0,,,DD,5,False,False
2016-004,2016,4,LAND,,2016-08-10 12:00:00,2016-08-10 12:00:00,23.4,89.1,,994.0,30.0,5.0,,,DD,6,False,False
2016-004,2016,4,LAND,,2016-08-10 18:00:00,2016-08-10 18:00:00,23.6,88.5,,994.0,30.0,5.0,,,DD,7,False,False
2016-004,2016,4,LAND,,2016-08-11 00:00:00,2016-08-11 00:00:00,23.8,87.8,,994.0,30.0,5.0,,,DD,8,False,False
2016-004,2016,4,LAND,,2016-08-11 03:00:00,2016-08-11 03:00:00,24.0,87.4,,994.0,30.0,5.0,,,DD,9,False,False
2016-004,2016,4,LAND,,2016-08-11 06:00:00,2016-08-11 06:00:00,24.0,87.0,,996.0,25.0,4.0,,,D,10,False,False
2016-004,2016,4,LAND,,2016-08-11 12:00:00,2016-08-11 12:00:00,24.0,86.5,,996.0,25.0,4.0,,,D,11,False,False
2016-004,2016,4,LAND,,2016-08-11 18:00:00,2016-08-11 18:00:00,24.0,85.7,,996.0,25.0,4.0,,,D,12,False,False
2016-004,2016,4,LAND,,2016-08-12 00:00:00,2016-08-12 00:00:00,24.0,85.0,,996.0,25.0,4.0,,,D,13,False,False
2016-004,2016,4,LAND,,2016-08-12 03:00:00,2016-08-12 03:00:00,24.0,84.5,,996.0,25.0,4.0,,,D,14,False,False
2016-004,2016,4,LAND,,2016-08-12 06:00:00,2016-08-12 06:00:00,24.0,84.5,,996.0,25.0,4.0,,,D,15,False,False
2016-004,2016,4,LAND,,2016-08-12 12:00:00,2016-08-12 12:00:00,24.2,84.5,,996.0,25.0,4.0,,,D,16,False,False
2016-004,2016,4,LAND,,2016-08-12 18:00:00,2016-08-12 18:00:00,24.4,84.0,,996.0,20.0,3.0,,,D,17,False,False
2016-005,2016,5,BOB,,2016-08-16 00:00:00,2016-08-16 00:00:00,21.4,88.4,1.5,996.0,20.0,3.0,,,D,0,False,False
2016-005,2016,5,BOB,,2016-08-16 12:00:00,2016-08-16 12:00:00,21.0,89.0,1.5,996.0,20.0,3.0,,,D,1,False,False
2016-005,2016,5,BOB,,2016-08-16 18:00:00,2016-08-16 18:00:00,21.2,88.7,1.5,996.0,20.0,3.0,,,D,2,False,False
2016-005,2016,5,BOB,,2016-08-17 03:00:00,2016-08-17 03:00:00,21.5,88.5,1.5,996.0,20.0,3.0,,,D,3,False,False
2016-005,2016,5,BOB,,2016-08-17 06:00:00,2016-08-17 06:00:00,21.5,88.5,1.5,996.0,20.0,3.0,,,D,4,False,False
2016-005,2016,5,BOB,,2016-08-17 12:00:00,2016-08-17 12:00:00,22.0,88.2,,994.0,25.0,4.0,,,DD,5,False,False
2016-005,2016,5,BOB,,2016-08-17 18:00:00,2016-08-17 18:00:00,22.9,86.9,,994.0,25.0,4.0,,,DD,6,False,False
2016-005,2016,5,BOB,,2016-08-18 00:00:00,2016-08-18 00:00:00,23.7,85.7,,994.0,25.0,4.0,,,DD,7,False,False
2016-005,2016,5,BOB,,2016-08-18 03:00:00,2016-08-18 03:00:00,24.0,85.0,,994.0,25.0,4.0,,,DD,8,False,False
2016-005,2016,5,BOB,,2016-08-18 06:00:00,2016-08-18 06:00:00,24.0,84.4,,994.0,25.0,4.0,,,DD,9,False,False
2016-005,2016,5,BOB,,2016-08-18 12:00:00,2016-08-18 12:00:00,24.1,83.4,,994.0,25.0,4.0,,,DD,10,False,False
2016-005,2016,5,BOB,,2016-08-18 18:00:00,2016-08-18 18:00:00,24.4,82.7,,994.0,25.0,4.0,,,DD,11,False,False
2016-005,2016,5,BOB,,2016-08-19 00:00:00,2016-08-19 00:00:00,24.7,82.1,,994.0,25.0,4.0,,,DD,12,False,False
2016-005,2016,5,BOB,,2016-08-19 03:00:00,2016-08-19 03:00:00,25.0,82.3,,994.0,25.0,4.0,,,DD,13,False,False
2016-005,2016,5,BOB,,2016-08-19 06:00:00,2016-08-19 06:00:00,24.8,80.6,,994.0,25.0,4.0,,,DD,14,False,False
2016-005,2016,5,BOB,,2016-08-19 12:00:00,2016-08-19 12:00:00,24.7,79.0,,994.0,25.0,4.0,,,DD,15,False,False
2016-005,2016,5,BOB,,2016-08-19 18:00:00,2016-08-19 18:00:00,24.7,78.4,,994.0,25.0,4.0,,,DD,16,False,False
2016-005,2016,5,BOB,,2016-08-20 00:00:00,2016-08-20 00:00:00,24.7,77.8,,994.0,25.0,4.0,,,DD,17,False,False
2016-005,2016,5,BOB,,2016-08-20 03:00:00,2016-08-20 03:00:00,24.8,77.5,,994.0,25.0,4.0,,,DD,18,False,False
2016-005,2016,5,BOB,,2016-08-20 06:00:00,2016-08-20 06:00:00,24.8,77.3,,994.0,25.0,4.0,,,DD,19,False,False
2016-005,2016,5,BOB,,2016-08-20 12:00:00,2016-08-20 12:00:00,24.8,77.2,,994.0,20.0,4.0,,,DD,20,False,False
2016-005,2016,5,BOB,,2016-08-20 18:00:00,2016-08-20 18:00:00,25.0,76.5,,996.0,15.0,3.0,,,D,21,False,False
2016-006,2016,6,BOB,KYANT,2016-10-21 00:00:00,2016-10-21 00:00:00,13.5,88.5,1.5,1003.0,25.0,3.0,,,D,0,False,False
2016-006,2016,6,BOB,KYANT,2016-10-21 03:00:00,2016-10-21 03:00:00,13.6,88.8,1.5,1003.0,25.0,3.0,,,D,1,False,False
2016-006,2016,6,BOB,KYANT,2016-10-21 06:00:00,2016-10-21 06:00:00,13.7,89.3,1.5,1003.0,25.0,3.0,,,D,2,False,False
2016-006,2016,6,BOB,KYANT,2016-10-21 12:00:00,2016-10-21 12:00:00,13.9,89.8,1.5,1003.0,25.0,3.0,,,D,3,False,False
2016-006,2016,6,BOB,KYANT,2016-10-21 18:00:00,2016-10-21 18:00:00,13.9,89.9,1.5,1003.0,25.0,3.0,,,D,4,False,False
2016-006,2016,6,BOB,KYANT,2016-10-22 00:00:00,2016-10-22 00:00:00,13.9,90.0,1.5,1002.0,25.0,4.0,,,D,5,False,False
2016-006,2016,6,BOB,KYANT,2016-10-22 03:00:00,2016-10-22 03:00:00,14.0,90.5,1.5,1002.0,25.0,4.0,,,D,6,False,False
2016-006,2016,6,BOB,KYANT,2016-10-22 06:00:00,2016-10-22 06:00:00,14.5,91.3,1.5,1002.0,25.0,4.0,,,D,7,False,False
2016-006,2016,6,BOB,KYANT,2016-10-22 12:00:00,2016-10-22 12:00:00,14.9,92.0,1.5,1002.0,25.0,4.0,,,D,8,False,False
2016-006,2016,6,BOB,KYANT,2016-10-22 18:00:00,2016-10-22 18:00:00,15.2,92.5,1.5,1002.0,25.0,4.0,,,D,9,False,False
2016-006,2016,6,BOB,KYANT,2016-10-23 00:00:00,2016-10-23 00:00:00,15.5,93.0,1.5,1002.0,25.0,4.0,,,D,10,False,False
2016-006,2016,6,BOB,KYANT,2016-10-23 03:00:00,2016-10-23 03:00:00,15.5,93.0,2.0,1000.0,30.0,5.0,,,DD,11,False,False
2016-006,2016,6,BOB,KYANT,2016-10-23 06:00:00,2016-10-23 06:00:00,15.5,93.0,2.0,1000.0,30.0,5.0,,,DD,12,False,False
2016-006,2016,6,BOB,KYANT,2016-10-23 12:00:00,2016-10-23 12:00:00,15.7,93.1,2.0,1000.0,30.0,5.0,,,DD,13,False,False
2016-006,2016,6,BOB,KYANT,2016-10-23 18:00:00,2016-10-23 18:00:00,16.0,93.2,2.0,1000.0,30.0,5.0,,,DD,14,False,False
2016-006,2016,6,BOB,KYANT,2016-10-24 00:00:00,2016-10-24 00:00:00,16.4,93.2,2.0,1000.0,30.0,5.0,,,DD,15,False,False
2016-006,2016,6,BOB,KYANT,2016-10-24 03:00:00,2016-10-24 03:00:00,16.4,93.2,2.0,1000.0,30.0,5.0,,,DD,16,False,False
2016-006,2016,6,BOB,KYANT,2016-10-24 06:00:00,2016-10-24 06:00:00,16.5,93.1,2.0,1000.0,30.0,5.0,,,DD,17,False,False
2016-006,2016,6,BOB,KYANT,2016-10-24 12:00:00,2016-10-24 12:00:00,16.7,92.7,2.0,1000.0,30.0,5.0,,,DD,18,False,False
2016-006,2016,6,BOB,KYANT,2016-10-24 18:00:00,2016-10-24 18:00:00,16.8,92.3,2.0,1000.0,30.0,5.0,,,DD,19,False,False
2016-006,2016,6,BOB,KYANT,2016-10-25 00:00:00,2016-10-25 00:00:00,16.9,91.7,2.0,1000.0,30.0,5.0,,,DD,20,False,False
2016-006,2016,6,BOB,KYANT,2016-10-25 03:00:00,2016-10-25 03:00:00,17.0,91.2,2.5,998.0,35.0,6.0,,,CS,21,False,False
2016-006,2016,6,BOB,KYANT,2016-10-25 06:00:00,2016-10-25 06:00:00,17.0,90.9,2.5,998.0,35.0,6.0,,,CS,22,False,False
2016-006,2016,6,BOB,KYANT,2016-10-25 09:00:00,2016-10-25 09:00:00,16.8,90.6,2.5,998.0,35.0,6.0,,,CS,23,False,False
2016-006,2016,6,BOB,KYANT,2016-10-25 12:00:00,2016-10-25 12:00:00,16.9,90.5,2.5,998.0,35.0,6.0,,,CS,24,False,False
2016-006,2016,6,BOB,KYANT,2016-10-25 15:00:00,2016-10-25 15:00:00,16.7,90.2,2.5,998.0,35.0,6.0,,,CS,25,False,False
2016-006,2016,6,BOB,KYANT,2016-10-25 18:00:00,2016-10-25 18:00:00,16.7,89.8,2.5,998.0,35.0,6.0,,,CS,26,False,False
2016-006,2016,6,BOB,KYANT,2016-10-25 21:00:00,2016-10-25 21:00:00,16.5,89.6,2.5,997.0,35.0,7.0,,,CS,27,False,False
2016-006,2016,6,BOB,KYANT,2016-10-26 00:00:00,2016-10-26 00:00:00,16.6,89.0,2.5,996.0,40.0,8.0,,,CS,28,False,False
2016-006,2016,6,BOB,KYANT,2016-10-26 03:00:00,2016-10-26 03:00:00,16.6,88.5,2.5,996.0,40.0,8.0,,,CS,29,False,False
2016-006,2016,6,BOB,KYANT,2016-10-26 06:00:00,2016-10-26 06:00:00,16.5,88.0,2.5,996.0,40.0,8.0,,,CS,30,False,False
2016-006,2016,6,BOB,KYANT,2016-10-26 09:00:00,2016-10-26 09:00:00,16.4,87.5,2.5,996.0,40.0,8.0,,,CS,31,False,False
2016-006,2016,6,BOB,KYANT,2016-10-26 12:00:00,2016-10-26 12:00:00,16.3,87.0,2.5,996.0,40.0,8.0,,,CS,32,False,False
2016-006,2016,6,BOB,KYANT,2016-10-26 15:00:00,2016-10-26 15:00:00,16.2,86.6,2.5,997.0,40.0,7.0,,,CS,33,False,False
2016-006,2016,6,BOB,KYANT,2016-10-26 18:00:00,2016-10-26 18:00:00,16.1,86.4,2.5,998.0,35.0,6.0,,,CS,34,False,False
2016-006,2016,6,BOB,KYANT,2016-10-26 21:00:00,2016-10-26 21:00:00,15.9,85.9,2.0,1000.0,30.0,5.0,,,DD,35,False,False
2016-006,2016,6,BOB,KYANT,2016-10-27 00:00:00,2016-10-27 00:00:00,15.7,85.5,2.0,1002.0,30.0,5.0,,,DD,36,False,False
2016-006,2016,6,BOB,KYANT,2016-10-27 03:00:00,2016-10-27 03:00:00,15.6,85.0,2.0,1002.0,30.0,5.0,,,DD,37,False,False
2016-006,2016,6,BOB,KYANT,2016-10-27 06:00:00,2016-10-27 06:00:00,15.6,84.5,2.0,1003.0,30.0,5.0,,,DD,38,False,False
2016-006,2016,6,BOB,KYANT,2016-10-27 12:00:00,2016-10-27 12:00:00,15.5,83.5,1.5,1004.0,30.0,4.0,,,D,39,False,False
2016-006,2016,6,BOB,KYANT,2016-10-27 18:00:00,2016-10-27 18:00:00,15.4,83.0,1.5,1004.0,25.0,3.0,,,D,40,False,False
2016-007,2016,7,BOB,,2016-11-02 18:00:00,2016-11-02 18:00:00,12.7,88.0,1.5,1004.0,25.0,4.0,,,D,0,False,False
2016-007,2016,7,BOB,,2016-11-03 00:00:00,2016-11-03 00:00:00,13.0,87.0,1.5,1004.0,25.0,4.0,,,D,1,False,False
2016-007,2016,7,BOB,,2016-11-03 03:00:00,2016-11-03 03:00:00,13.4,86.5,1.5,1004.0,25.0,4.0,,,D,2,False,False
2016-007,2016,7,BOB,,2016-11-03 06:00:00,2016-11-03 06:00:00,13.7,86.0,1.5,1004.0,25.0,4.0,,,D,3,False,False
2016-007,2016,7,BOB,,2016-11-03 12:00:00,2016-11-03 12:00:00,14.2,85.5,1.5,1004.0,25.0,4.0,,,D,4,False,False
2016-007,2016,7,BOB,,2016-11-03 18:00:00,2016-11-03 18:00:00,14.6,85.0,1.5,1004.0,25.0,4.0,,,D,5,False,False
2016-007,2016,7,BOB,,2016-11-04 00:00:00,2016-11-04 00:00:00,15.5,84.8,1.5,1002.0,25.0,4.0,,,D,6,False,False
2016-007,2016,7,BOB,,2016-11-04 03:00:00,2016-11-04 03:00:00,16.0,84.7,1.5,1002.0,25.0,4.0,,,D,7,False,False
2016-007,2016,7,BOB,,2016-11-04 06:00:00,2016-11-04 06:00:00,16.0,84.7,1.5,1000.0,25.0,4.0,,,D,8,False,False
2016-007,2016,7,BOB,,2016-11-04 12:00:00,2016-11-04 12:00:00,16.3,84.7,1.5,1000.0,25.0,4.0,,,D,9,False,False
2016-007,2016,7,BOB,,2016-11-04 18:00:00,2016-11-04 18:00:00,16.9,85.0,1.5,1000.0,25.0,4.0,,,D,10,False,False
2016-007,2016,7,BOB,,2016-11-05 00:00:00,2016-11-05 00:00:00,17.7,86.0,1.5,1000.0,25.0,4.0,,,D,11,False,False
2016-007,2016,7,BOB,,2016-11-05 03:00:00,2016-11-05 03:00:00,18.3,87.0,1.5,1000.0,25.0,4.0,,,D,12,False,False
2016-007,2016,7,BOB,,2016-11-05 06:00:00,2016-11-05 06:00:00,18.5,87.0,1.5,1000.0,25.0,4.0,,,D,13,False,False
2016-007,2016,7,BOB,,2016-11-05 12:00:00,2016-11-05 12:00:00,19.0,88.7,1.5,1000.0,25.0,4.0,,,D,14,False,False
2016-007,2016,7,BOB,,2016-11-05 18:00:00,2016-11-05 18:00:00,19.5,89.5,1.5,1000.0,25.0,4.0,,,D,15,False,False
2016-007,2016,7,BOB,,2016-11-06 00:00:00,2016-11-06 00:00:00,20.5,91.0,1.5,1000.0,25.0,4.0,,,D,16,False,False
2016-007,2016,7,BOB,,2016-11-06 03:00:00,2016-11-06 03:00:00,21.0,91.5,1.5,1000.0,25.0,4.0,,,D,17,False,False
2016-007,2016,7,BOB,,2016-11-06 06:00:00,2016-11-06 06:00:00,21.5,91.8,1.5,1002.0,25.0,4.0,,,D,18,False,False
2016-007,2016,7,BOB,,2016-11-06 09:00:00,2016-11-06 09:00:00,21.6,91.9,1.5,1003.0,25.0,3.0,,,D,19,False,False
2016-008,2016,8,BOB,NADA,2016-11-29 12:00:00,2016-11-29 12:00:00,6.5,87.5,1.5,1004.0,25.0,2.0,,,D,0,False,False
2016-008,2016,8,BOB,NADA,2016-11-29 18:00:00,2016-11-29 18:00:00,7.2,86.7,1.5,1003.0,25.0,2.0,,,D,1,False,False
2016-008,2016,8,BOB,NADA,2016-11-30 00:00:00,2016-11-30 00:00:00,7.8,85.7,2.0,1002.0,30.0,3.0,,,DD,2,False,False
2016-008,2016,8,BOB,NADA,2016-11-30 03:00:00,2016-11-30 03:00:00,8.2,85.3,2.5,1002.0,35.0,4.0,,,CS,3,False,False
2016-008,2016,8,BOB,NADA,2016-11-30 06:00:00,2016-11-30 06:00:00,8.7,85.0,2.5,1002.0,35.0,4.0,,,CS,4,False,False
2016-008,2016,8,BOB,NADA,2016-11-30 09:00:00,2016-11-30 09:00:00,9.5,84.3,2.5,1002.0,35.0,4.0,,,CS,5,False,False
2016-008,2016,8,BOB,NADA,2016-11-30 12:00:00,2016-11-30 12:00:00,9.8,84.0,2.5,1000.0,40.0,4.0,,,CS,6,False,False
2016-008,2016,8,BOB,NADA,2016-11-30 15:00:00,2016-11-30 15:00:00,10.0,83.5,2.5,1000.0,40.0,4.0,,,CS,7,False,False
2016-008,2016,8,BOB,NADA,2016-11-30 18:00:00,2016-11-30 18:00:00,10.3,83.0,2.5,1000.0,40.0,4.0,,,CS,8,False,False
2016-008,2016,8,BOB,NADA,2016-11-30 21:00:00,2016-11-30 21:00:00,10.4,82.0,2.5,1000.0,40.0,4.0,,,CS,9,False,False
2016-008,2016,8,BOB,NADA,2016-12-01 00:00:00,2016-12-01 00:00:00,10.4,81.8,2.5,1000.0,35.0,4.0,,,CS,10,False,False
2016-008,2016,8,BOB,NADA,2016-12-01 03:00:00,2016-12-01 03:00:00,10.4,81.7,2.5,1001.0,30.0,4.0,,,CS,11,False,False
2016-008,2016,8,BOB,NADA,2016-12-01 06:00:00,2016-12-01 06:00:00,10.6,81.2,2.0,1003.0,30.0,3.0,,,DD,12,False,False
2016-008,2016,8,BOB,NADA,2016-12-01 12:00:00,2016-12-01 12:00:00,10.7,80.7,2.0,1004.0,30.0,3.0,,,DD,13,False,False
2016-008,2016,8,BOB,NADA,2016-12-01 18:00:00,2016-12-01 18:00:00,10.8,80.2,1.5,1006.0,25.0,2.0,,,D,14,False,False
2016-008,2016,8,BOB,NADA,2016-12-02 00:00:00,2016-12-02 00:00:00,10.8,79.7,1006.0,25.0,2.0,,,,,15,False,False
2016-009,2016,9,BOB,VARDAH,2016-12-06 09:00:00,2016-12-06 09:00:00,8.5,91.0,1.5,1002.0,25.0,3.0,,,D,0,False,False
2016-009,2016,9,BOB,VARDAH,2016-12-06 12:00:00,2016-12-06 12:00:00,8.5,90.5,1.5,1002.0,25.0,3.0,,,D,1,False,False
2016-009,2016,9,BOB,VARDAH,2016-12-06 18:00:00,2016-12-06 18:00:00,9.5,90.5,1.5,1002.0,25.0,3.0,,,D,2,False,False
2016-009,2016,9,BOB,VARDAH,2016-12-07 00:00:00,2016-12-07 00:00:00,9.8,90.5,1.5,1002.0,25.0,4.0,,,D,3,False,False
2016-009,2016,9,BOB,VARDAH,2016-12-07 03:00:00,2016-12-07 03:00:00,9.8,90.5,1.5,1002.0,25.0,4.0,,,D,4,False,False
2016-009,2016,9,BOB,VARDAH,2016-12-07 06:00:00,2016-12-07 06:00:00,9.8,90.5,1.5,1002.0,25.0,4.0,,,D,5,False,False
2016-009,2016,9,BOB,VARDAH,2016-12-07 12:00:00,2016-12-07 12:00:00,10.0,90.5,1.5,1002.0,25.0,4.0,,,D,6,False,False
2016-009,2016,9,BOB,VARDAH,2016-12-07 18:00:00,2016-12-07 18:00:00,10.8,90.5,2.0,1000.0,30.0,5.0,,,DD,7,False,False
2016-009,2016,9,BOB,VARDAH,2016-12-08 00:00:00,2016-12-08 00:00:00,11.2,90.5,2.5,998.0,35.0,6.0,,,CS,8,False,False
2016-009,2016,9,BOB,VARDAH,2016-12-08 03:00:00,2016-12-08 03:00:00,11.5,90.5,2.5,998.0,35.0,7.0,,,CS,9,False,False
2016-009,2016,9,BOB,VARDAH,2016-12-08 06:00:00,2016-12-08 06:00:00,11.5,90.5,2.5,998.0,35.0,7.0,,,CS,10,False,False
2016-009,2016,9,BOB,VARDAH,2016-12-08 09:00:00,2016-12-08 09:00:00,11.5,90.5,2.5,998.0,35.0,7.0,,,CS,11,False,False
2016-009,2016,9,BOB,VARDAH,2016-12-08 12:00:00,2016-12-08 12:00:00,11.7,90.5,2.5,997.0,40.0,8.0,,,CS,12,False,False
2016-009,2016,9,BOB,VARDAH,2016-12-08 15:00:00,2016-12-08 15:00:00,11.7,90.5,2.5,997.0,40.0,8.0,,,CS,13,False,False
2016-009,2016,9,BOB,VARDAH,2016-12-08 18:00:00,2016-12-08 18:00:00,11.8,90.5,2.5,997.0,40.0,8.0,,,CS,14,False,False
2016-009,2016,9,BOB,VARDAH,2016-12-08 21:00:00,2016-12-08 21:00:00,12.0,90.5,2.5,997.0,40.0,8.0,,,CS,15,False,False
2016-009,2016,9,BOB,VARDAH,2016-12-09 00:00:00,2016-12-09 00:00:00,12.0,90.4,3.0,996.0,45.0,10.0,,,CS,16,False,False
2016-009,2016,9,BOB,VARDAH,2016-12-09 03:00:00,2016-12-09 03:00:00,12.1,90.4,3.0,996.0,45.0,10.0,,,CS,17,False,False
2016-009,2016,9,BOB,VARDAH,2016-12-09 06:00:00,2016-12-09 06:00:00,12.1,90.3,3.0,996.0,45.0,10.0,,,CS,18,False,False
2016-009,2016,9,BOB,VARDAH,2016-12-09 09:00:00,2016-12-09 09:00:00,12.2,90.3,3.0,996.0,45.0,10.0,,,CS,19,False,False
2016-009,2016,9,BOB,VARDAH,2016-12-09 12:00:00,2016-12-09 12:00:00,12.2,90.0,3.0,996.0,45.0,10.0,,,CS,20,False,False
2016-009,2016,9,BOB,VARDAH,2016-12-09 15:00:00,2016-12-09 15:00:00,12.2,89.9,3.0,994.0,45.0,12.0,,,CS,21,False,False
2016-009,2016,9,BOB,VARDAH,2016-12-09 18:00:00,2016-12-09 18:00:00,12.3,89.6,3.0,992.0,50.0,14.0,,,SCS,22,False,False
2016-009,2016,9,BOB,VARDAH,2016-12-09 21:00:00,2016-12-09 21:00:00,12.5,89.0,3.5,990.0,55.0,16.0,,,SCS,23,False,False
2016-009,2016,9,BOB,VARDAH,2016-12-10 00:00:00,2016-12-10 00:00:00,12.6,88.4,3.5,990.0,55.0,16.0,,,SCS,24,False,False
2016-009,2016,9,BOB,VARDAH,2016-12-10 03:00:00,2016-12-10 03:00:00,12.7,88.0,3.5,990.0,55.0,16.0,,,SCS,25,False,False
2016-009,2016,9,BOB,VARDAH,2016-12-10 06:00:00,2016-12-10 06:00:00,13.0,87.4,3.5,990.0,55.0,16.0,,,SCS,26,False,False
2016-009,2016,9,BOB,VARDAH,2016-12-10 09:00:00,2016-12-10 09:00:00,13.1,86.8,3.5,988.0,60.0,18.0,,,SCS,27,False,False
2016-009,2016,9,BOB,VARDAH,2016-12-10 12:00:00,2016-12-10 12:00:00,13.2,86.4,4.0,984.0,65.0,22.0,,,VSCS,28,False,False
2016-009,2016,9,BOB,VARDAH,2016-12-10 15:00:00,2016-12-10 15:00:00,13.3,85.9,4.0,984.0,65.0,22.0,,,VSCS,29,False,False
2016-009,2016,9,BOB,VARDAH,2016-12-10 18:00:00,2016-12-10 18:00:00,13.3,85.3,4.0,984.0,65.0,22.0,,,VSCS,30,False,False
2016-009,2016,9,BOB,VARDAH,2016-12-10 21:00:00,2016-12-10 21:00:00,13.3,85.0,4.0,982.0,65.0,22.0,,,VSCS,31,False,False
2016-009,2016,9,BOB,VARDAH,2016-12-11 00:00:00,2016-12-11 00:00:00,13.3,84.7,4.0,980.0,70.0,24.0,,,VSCS,32,False,False
2016-009,2016,9,BOB,VARDAH,2016-12-11 03:00:00,2016-12-11 03:00:00,13.1,84.3,4.0,980.0,70.0,24.0,,,VSCS,33,False,False
2016-009,2016,9,BOB,VARDAH,2016-12-11 06:00:00,2016-12-11 06:00:00,13.1,83.7,4.0,980.0,70.0,24.0,,,VSCS,34,False,False
2016-009,2016,9,BOB,VARDAH,2016-12-11 09:00:00,2016-12-11 09:00:00,13.1,83.3,4.0,980.0,70.0,24.0,,,VSCS,35,False,False
2016-009,2016,9,BOB,VARDAH,2016-12-11 12:00:00,2016-12-11 12:00:00,13.3,83.0,4.0,980.0,70.0,24.0,,,VSCS,36,False,False
2016-009,2016,9,BOB,VARDAH,2016-12-11 15:00:00,2016-12-11 15:00:00,13.3,82.5,4.0,980.0,70.0,24.0,,,VSCS,37,False,False
2016-009,2016,9,BOB,VARDAH,2016-12-11 18:00:00,2016-12-11 18:00:00,13.1,82.3,4.0,980.0,70.0,24.0,,,VSCS,38,False,False
2016-009,2016,9,BOB,VARDAH,2016-12-11 21:00:00,2016-12-11 21:00:00,13.2,81.9,4.0,978.0,70.0,26.0,,,VSCS,39,False,False
2016-009,2016,9,BOB,VARDAH,2016-12-12 00:00:00,2016-12-12 00:00:00,13.2,81.6,4.0,975.0,70.0,26.0,,,VSCS,40,False,False
2016-009,2016,9,BOB,VARDAH,2016-12-12 03:00:00,2016-12-12 03:00:00,13.2,81.2,4.0,975.0,70.0,26.0,,,VSCS,41,False,False
2016-009,2016,9,BOB,VARDAH,2016-12-12 06:00:00,2016-12-12 06:00:00,13.2,80.7,4.0,975.0,70.0,26.0,,,VSCS,42,False,False
2016-009,2016,9,BOB,VARDAH,2016-12-12 09:00:00,2016-12-12 09:00:00,13.1,80.3,3.5,975.0,60.0,26.0,,,SCS,43,False,False
2016-009,2016,9,BOB,VARDAH,2016-12-12 12:00:00,2016-12-12 12:00:00,13.0,79.9,3.5,984.0,50.0,18.0,,,SCS,44,False,False
2016-009,2016,9,BOB,VARDAH,2016-12-12 15:00:00,2016-12-12 15:00:00,12.9,79.5,3.0,994.0,40.0,10.0,,,CS,45,False,False
2016-009,2016,9,BOB,VARDAH,2016-12-12 18:00:00,2016-12-12 18:00:00,12.7,79.1,2.0,1002.0,30.0,5.0,,,DD,46,False,False
2016-009,2016,9,BOB,VARDAH,2016-12-13 00:00:00,2016-12-13 00:00:00,12.5,78.0,1.5,1003.0,20.0,3.0,,,D,47,False,False
2016-010,2016,10,ARB,,2016-12-17 03:00:00,2016-12-17 03:00:00,11.0,62.5,1.5,998.0,25.0,3.0,,,D,0,False,False
2016-010,2016,10,ARB,,2016-12-17 06:00:00,2016-12-17 06:00:00,11.8,61.7,1.5,998.0,25.0,3.0,,,D,1,False,False
2016-010,2016,10,ARB,,2016-12-17 12:00:00,2016-12-17 12:00:00,11.3,60.5,1.5,998.0,25.0,3.0,,,D,2,False,False
2016-010,2016,10,ARB,,2016-12-17 18:00:00,2016-12-17 18:00:00,10.8,59.8,1.5,998.0,25.0,3.0,,,D,3,False,False
2016-010,2016,10,ARB,,2016-12-18 00:00:00,2016-12-18 00:00:00,9.8,58.0,1.5,996.0,25.0,3.0,,,D,4,False,False
2016-010,2016,10,ARB,,2016-12-18 03:00:00,2016-12-18 03:00:00,9.4,56.8,1.5,994.0,20.0,3.0,,,D,5,False,False
2017-001,2017,1,BOB,MAARUTHA,2017-04-15 00:00:00,2017-04-15 00:00:00,12.0,88.0,1.5,1001.0,25.0,3.0,,,D,0,False,False
2017-001,2017,1,BOB,MAARUTHA,2017-04-15 03:00:00,2017-04-15 03:00:00,12.5,88.3,1.5,1001.0,25.0,3.0,,,D,1,False,False
2017-001,2017,1,BOB,MAARUTHA,2017-04-15 06:00:00,2017-04-15 06:00:00,13.2,89.0,1.5,1000.0,25.0,4.0,,,D,2,False,False
2017-001,2017,1,BOB,MAARUTHA,2017-04-15 09:00:00,2017-04-15 09:00:00,13.7,89.5,2.0,999.0,30.0,5.0,,,DD,3,False,False
2017-001,2017,1,BOB,MAARUTHA,2017-04-15 12:00:00,2017-04-15 12:00:00,14.3,90.1,2.0,999.0,30.0,5.0,,,DD,4,False,False
2017-001,2017,1,BOB,MAARUTHA,2017-04-15 18:00:00,2017-04-15 18:00:00,15.3,91.0,2.5,998.0,35.0,6.0,,,CS,5,False,False
2017-001,2017,1,BOB,MAARUTHA,2017-04-15 21:00:00,2017-04-15 21:00:00,15.5,91.2,2.5,996.0,40.0,8.0,,,CS,6,False,False
2017-001,2017,1,BOB,MAARUTHA,2017-04-16 00:00:00,2017-04-16 00:00:00,16.2,92.0,2.5,996.0,40.0,8.0,,,CS,7,False,False
2017-001,2017,1,BOB,MAARUTHA,2017-04-16 03:00:00,2017-04-16 03:00:00,16.7,92.5,2.5,996.0,40.0,8.0,,,CS,8,False,False
2017-001,2017,1,BOB,MAARUTHA,2017-04-16 06:00:00,2017-04-16 06:00:00,17.0,92.9,2.5,996.0,40.0,8.0,,,CS,9,False,False
2017-001,2017,1,BOB,MAARUTHA,2017-04-16 09:00:00,2017-04-16 09:00:00,17.5,93.2,2.5,996.0,40.0,8.0,,,CS,10,False,False
2017-001,2017,1,BOB,MAARUTHA,2017-04-16 12:00:00,2017-04-16 12:00:00,17.8,93.6,2.5,996.0,40.0,8.0,,,CS,11,False,False
2017-001,2017,1,BOB,MAARUTHA,2017-04-16 15:00:00,2017-04-16 15:00:00,18.1,93.9,2.5,996.0,40.0,8.0,,,CS,12,False,False
2017-001,2017,1,BOB,MAARUTHA,2017-04-16 18:00:00,2017-04-16 18:00:00,18.4,94.3,2.5,996.0,40.0,8.0,,,CS,13,False,False
2017-001,2017,1,BOB,MAARUTHA,2017-04-16 21:00:00,2017-04-16 21:00:00,19.0,95.0,,1000.0,30.0,5.0,,,DD,14,False,False
2017-001,2017,1,BOB,MAARUTHA,2017-04-17 00:00:00,2017-04-17 00:00:00,19.5,95.5,,1002.0,20.0,3.0,,,D,15,False,False
2017-002,2017,2,BOB,MORA,2017-05-28 00:00:00,2017-05-28 00:00:00,14.0,88.5,1.5,998.0,25.0,3.0,,,D,0,False,False
2017-002,2017,2,BOB,MORA,2017-05-28 03:00:00,2017-05-28 03:00:00,14.5,89.5,1.5,998.0,25.0,3.0,,,D,1,False,False
2017-002,2017,2,BOB,MORA,2017-05-28 06:00:00,2017-05-28 06:00:00,15.0,90.0,1.5,997.0,25.0,3.0,,,D,2,False,False
2017-002,2017,2,BOB,MORA,2017-05-28 09:00:00,2017-05-28 09:00:00,15.4,90.5,2.0,996.0,30.0,4.0,,,DD,3,False,False
2017-002,2017,2,BOB,MORA,2017-05-28 12:00:00,2017-05-28 12:00:00,15.7,90.7,2.0,995.0,30.0,5.0,,,DD,4,False,False
2017-002,2017,2,BOB,MORA,2017-05-28 15:00:00,2017-05-28 15:00:00,16.0,91.0,2.5,994.0,35.0,6.0,,,CS,5,False,False
2017-002,2017,2,BOB,MORA,2017-05-28 18:00:00,2017-05-28 18:00:00,16.3,91.2,2.5,994.0,35.0,6.0,,,CS,6,False,False
2017-002,2017,2,BOB,MORA,2017-05-28 21:00:00,2017-05-28 21:00:00,16.6,91.3,2.5,992.0,40.0,8.0,,,CS,7,False,False
2017-002,2017,2,BOB,MORA,2017-05-29 00:00:00,2017-05-29 00:00:00,17.0,91.3,3.0,990.0,45.0,10.0,,,CS,8,False,False
2017-002,2017,2,BOB,MORA,2017-05-29 03:00:00,2017-05-29 03:00:00,17.3,91.3,3.0,990.0,45.0,10.0,,,CS,9,False,False
2017-002,2017,2,BOB,MORA,2017-05-29 06:00:00,2017-05-29 06:00:00,17.8,91.4,3.0,988.0,45.0,10.0,,,CS,10,False,False
2017-002,2017,2,BOB,MORA,2017-05-29 09:00:00,2017-05-29 09:00:00,18.3,91.5,3.0,986.0,45.0,11.0,,,CS,11,False,False
2017-002,2017,2,BOB,MORA,2017-05-29 12:00:00,2017-05-29 12:00:00,18.6,91.5,3.0,984.0,50.0,12.0,,,SCS,12,False,False
2017-002,2017,2,BOB,MORA,2017-05-29 15:00:00,2017-05-29 15:00:00,18.8,91.5,3.5,980.0,55.0,16.0,,,SCS,13,False,False
2017-002,2017,2,BOB,MORA,2017-05-29 18:00:00,2017-05-29 18:00:00,20.0,91.6,3.5,980.0,55.0,16.0,,,SCS,14,False,False
2017-002,2017,2,BOB,MORA,2017-05-29 21:00:00,2017-05-29 21:00:00,20.3,91.6,3.5,978.0,60.0,18.0,,,SCS,15,False,False
2017-002,2017,2,BOB,MORA,2017-05-30 00:00:00,2017-05-30 00:00:00,21.1,91.8,3.5,978.0,60.0,18.0,,,SCS,16,False,False
2017-002,2017,2,BOB,MORA,2017-05-30 03:00:00,2017-05-30 03:00:00,21.8,91.9,3.5,978.0,60.0,18.0,,,SCS,17,False,False
2017-002,2017,2,BOB,MORA,2017-05-30 06:00:00,2017-05-30 06:00:00,22.8,91.9,,982.0,55.0,16.0,,,SCS,18,False,False
2017-002,2017,2,BOB,MORA,2017-05-30 09:00:00,2017-05-30 09:00:00,23.6,92.1,,988.0,40.0,10.0,,,CS,19,False,False
2017-002,2017,2,BOB,MORA,2017-05-30 12:00:00,2017-05-30 12:00:00,24.2,92.2,,990.0,30.0,6.0,,,DD,20,False,False
2017-002,2017,2,BOB,MORA,2017-05-30 18:00:00,2017-05-30 18:00:00,25.3,92.4,,994.0,20.0,4.0,,,D,21,False,False
2017-003,2017,3,BOB,,2017-06-11 12:00:00,2017-06-11 12:00:00,20.5,89.5,1.5,990.0,25.0,4.0,,,D,0,False,False
2017-003,2017,3,BOB,,2017-06-11 18:00:00,2017-06-11 18:00:00,21.5,90.0,2.0,988.0,25.0,6.0,,,DD,1,False,False
2017-003,2017,3,BOB,,2017-06-12 00:00:00,2017-06-12 00:00:00,22.5,90.5,,988.0,30.0,6.0,,,DD,2,False,False
2017-003,2017,3,BOB,,2017-06-12 03:00:00,2017-06-12 03:00:00,23.0,90.5,,990.0,30.0,5.0,,,DD,3,False,False
2017-003,2017,3,BOB,,2017-06-12 06:00:00,2017-06-12 06:00:00,23.5,90.7,,990.0,30.0,5.0,,,DD,4,False,False
2017-003,2017,3,BOB,,2017-06-12 12:00:00,2017-06-12 12:00:00,24.0,91.0,,990.0,30.0,5.0,,,DD,5,False,False
2017-003,2017,3,BOB,,2017-06-12 18:00:00,2017-06-12 18:00:00,24.5,91.5,,995.0,25.0,3.0,,,D,6,False,False
2017-004,2017,4,BOB,,2017-07-18 00:00:00,2017-07-18 00:00:00,19.0,86.0,1.5,992.0,25.0,4.0,,,D,0,False,False
2017-004,2017,4,BOB,,2017-07-18 03:00:00,2017-07-18 03:00:00,19.0,86.0,1.5,992.0,25.0,4.0,,,D,1,False,False
2017-004,2017,4,BOB,,2017-07-18 06:00:00,2017-07-18 06:00:00,19.5,85.5,1.5,992.0,25.0,4.0,,,D,2,False,False
2017-004,2017,4,BOB,,2017-07-18 12:00:00,2017-07-18 12:00:00,19.9,85.3,1.5,992.0,25.0,4.0,,,D,3,False,False
2017-004,2017,4,BOB,,2017-07-18 18:00:00,2017-07-18 18:00:00,19.9,85.3,,994.0,25.0,3.0,,,D,4,False,False
2017-004,2017,4,BOB,,2017-07-19 00:00:00,2017-07-19 00:00:00,20.1,85.2,,994.0,25.0,3.0,,,D,5,False,False
2017-005,2017,5,LAND,,2017-07-26 00:00:00,2017-07-26 00:00:00,24.0,85.0,,993.0,25.0,3.0,,,D,0,False,False
2017-005,2017,5,LAND,,2017-07-26 03:00:00,2017-07-26 03:00:00,24.0,85.0,,994.0,25.0,3.0,,,D,1,False,False
2017-005,2017,5,LAND,,2017-07-26 06:00:00,2017-07-26 06:00:00,24.0,85.0,,994.0,25.0,3.0,,,D,2,False,False
2017-005,2017,5,LAND,,2017-07-26 12:00:00,2017-07-26 12:00:00,24.0,85.0,,994.0,20.0,3.0,,,D,3,False,False
2017-005,2017,5,LAND,,2017-07-26 18:00:00,2017-07-26 18:00:00,24.0,85.0,,995.0,20.0,3.0,,,D,4,False,False
2017-005,2017,5,LAND,,2017-07-27 00:00:00,2017-07-27 00:00:00,24.0,85.0,,995.0,20.0,3.0,,,D,5,False,False
2017-006,2017,6,BOB,,2017-09-10 00:00:00,2017-10-09 00:00:00,22.4,88.4,1.5,996.0,25.0,4.0,,,D,0,False,True
2017-006,2017,6,BOB,,2017-09-10 03:00:00,2017-10-09 03:00:00,22.5,88.4,,996.0,30.0,5.0,,,DD,1,False,True
2017-006,2017,6,BOB,,2017-09-10 06:00:00,2017-10-09 06:00:00,22.6,88.3,,996.0,30.0,5.0,,,DD,2,False,True
2017-006,2017,6,BOB,,2017-09-10 12:00:00,2017-10-09 12:00:00,22.9,88.1,,997.0,30.0,5.0,,,DD,3,False,True
2017-006,2017,6,BOB,,2017-09-10 18:00:00,2017-10-09 18:00:00,23.1,87.8,,997.0,30.0,5.0,,,DD,4,False,True
2017-006,2017,6,BOB,,2017-10-10 00:00:00,2017-10-10 00:00:00,23.2,87.1,,998.0,30.0,5.0,,,DD,5,False,False
2017-006,2017,6,BOB,,2017-10-10 03:00:00,2017-10-10 03:00:00,23.5,86.7,,1000.0,30.0,5.0,,,DD,6,False,False
2017-006,2017,6,BOB,,2017-10-10 06:00:00,2017-10-10 06:00:00,23.8,86.6,,1000.0,25.0,3.0,,,D,7,False,False
2017-007,2017,7,BOB,,2017-10-19 00:00:00,2017-10-19 00:00:00,16.5,86.5,1.5,999.0,25.0,3.0,,,D,0,False,False
2017-007,2017,7,BOB,,2017-10-19 03:00:00,2017-10-19 03:00:00,16.8,86.5,1.5,998.0,25.0,4.0,,,D,1,False,False
2017-007,2017,7,BOB,,2017-10-19 06:00:00,2017-10-19 06:00:00,17.3,86.3,1.5,998.0,25.0,4.0,,,D,2,False,False
2017-007,2017,7,BOB,,2017-10-19 12:00:00,2017-10-19 12:00:00,20.0,86.5,1.5,998.0,25.0,4.0,,,D,3,False,False
2017-007,2017,7,BOB,,2017-10-19 18:00:00,2017-10-19 18:00:00,20.3,,,998.0,25.0,4.0,,,D,4,False,False
2017-007,2017,7,BOB,,2017-10-20 00:00:00,2017-10-20 00:00:00,20.8,,,998.0,25.0,4.0,,,D,5,False,False
2017-007,2017,7,BOB,,2017-10-20 03:00:00,2017-10-20 03:00:00,21.0,,,998.0,25.0,4.0,,,D,6,False,False
2017-007,2017,7,BOB,,2017-10-20 06:00:00,2017-10-20 06:00:00,21.5,,,998.0,25.0,4.0,,,D,7,False,False
2017-007,2017,7,BOB,,2017-10-20 12:00:00,2017-10-20 12:00:00,22.2,,,998.0,25.0,4.0,,,D,8,False,False
2017-007,2017,7,BOB,,2017-10-20 18:00:00,2017-10-20 18:00:00,22.8,,,998.0,25.0,4.0,,,D,9,False,False
2017-007,2017,7,BOB,,2017-10-21 00:00:00,2017-10-21 00:00:00,23.0,,,997.0,25.0,4.0,,,D,10,False,False
2017-007,2017,7,BOB,,2017-10-21 03:00:00,2017-10-21 03:00:00,24.0,,,997.0,25.0,4.0,,,D,11,False,False
2017-007,2017,7,BOB,,2017-10-21 06:00:00,2017-10-21 06:00:00,24.2,,,997.0,25.0,4.0,,,D,12,False,False
2017-007,2017,7,BOB,,2017-10-21 12:00:00,2017-10-21 12:00:00,24.2,,,997.0,20.0,4.0,,,D,13,False,False
2017-007,2017,7,BOB,,2017-10-21 18:00:00,2017-10-21 18:00:00,24.3,,,998.0,20.0,3.0,,,D,14,False,False
2017-008,2017,8,BOB,,2017-11-15 03:00:00,2017-11-15 03:00:00,15.0,83.0,1.5,1004.0,25.0,4.0,,,D,0,False,False
2017-008,2017,8,BOB,,2017-11-15 06:00:00,2017-11-15 06:00:00,15.5,83.0,1.5,1004.0,25.0,4.0,,,D,1,False,False
2017-008,2017,8,BOB,,2017-11-15 12:00:00,2017-11-15 12:00:00,16.2,83.3,1.5,1001.0,25.0,4.0,,,D,2,False,False
2017-008,2017,8,BOB,,2017-11-15 18:00:00,2017-11-15 18:00:00,17.0,83.8,1.5,1002.0,25.0,4.0,,,D,3,False,False
2017-008,2017,8,BOB,,2017-11-16 00:00:00,2017-11-16 00:00:00,17.5,84.1,1.5,1004.0,25.0,4.0,,,D,4,False,False
2017-008,2017,8,BOB,,2017-11-16 03:00:00,2017-11-16 03:00:00,17.7,84.3,1.5,1004.0,25.0,4.0,,,D,5,False,False
2017-008,2017,8,BOB,,2017-11-16 06:00:00,2017-11-16 06:00:00,17.7,84.3,1.5,1004.0,25.0,4.0,,,D,6,False,False
2017-008,2017,8,BOB,,2017-11-16 12:00:00,2017-11-16 12:00:00,18.1,85.0,1.5,1004.0,25.0,4.0,,,D,7,False,False
2017-008,2017,8,BOB,,2017-11-16 18:00:00,2017-11-16 18:00:00,18.5,85.5,1.5,1004.0,25.0,4.0,,,D,8,False,False
2017-008,2017,8,BOB,,2017-11-17 00:00:00,2017-11-17 00:00:00,18.8,85.8,1.5,1004.0,25.0,4.0,,,D,9,False,False
2017-008,2017,8,BOB,,2017-11-17 03:00:00,2017-11-17 03:00:00,19.5,86.3,1.5,1006.0,25.0,4.0,,,D,10,False,False
2017-009,2017,9,BOB,OCKHI,2017-11-29 03:00:00,2017-11-29 03:00:00,6.5,81.8,1.5,1004.0,25.0,3.0,,,D,0,False,False
2017-009,2017,9,BOB,OCKHI,2017-11-29 06:00:00,2017-11-29 06:00:00,6.5,80.4,1.5,1004.0,25.0,4.0,,,D,1,False,False
2017-009,2017,9,BOB,OCKHI,2017-11-29 12:00:00,2017-11-29 12:00:00,6.2,80.0,1.5,1002.0,25.0,4.0,,,D,2,False,False
2017-009,2017,9,BOB,OCKHI,2017-11-29 18:00:00,2017-11-29 18:00:00,6.3,79.2,1.5,1002.0,25.0,4.0,,,D,3,False,False
2017-009,2017,9,BOB,OCKHI,2017-11-29 21:00:00,2017-11-29 21:00:00,6.5,78.6,2.0,1001.0,30.0,5.0,,,DD,4,False,False
2017-009,2017,9,BOB,OCKHI,2017-11-30 00:00:00,2017-11-30 00:00:00,6.7,78.3,2.0,1000.0,30.0,6.0,,,DD,5,False,False
2017-009,2017,9,BOB,OCKHI,2017-11-30 03:00:00,2017-11-30 03:00:00,7.5,77.5,2.5,999.0,35.0,7.0,,,CS,6,False,False
2017-009,2017,9,BOB,OCKHI,2017-11-30 06:00:00,2017-11-30 06:00:00,7.8,76.9,2.5,998.0,40.0,8.0,,,CS,7,False,False
2017-009,2017,9,BOB,OCKHI,2017-11-30 09:00:00,2017-11-30 09:00:00,7.9,76.4,3.0,996.0,45.0,10.0,,,CS,8,False,False
2017-009,2017,9,BOB,OCKHI,2017-11-30 12:00:00,2017-11-30 12:00:00,8.2,75.8,3.0,996.0,45.0,10.0,,,CS,9,False,False
2017-009,2017,9,BOB,OCKHI,2017-11-30 15:00:00,2017-11-30 15:00:00,8.3,75.4,3.0,996.0,45.0,10.0,,,CS,10,False,False
2017-009,2017,9,BOB,OCKHI,2017-11-30 18:00:00,2017-11-30 18:00:00,8.5,74.9,3.0,994.0,45.0,12.0,,,CS,11,False,False
2017-009,2017,9,BOB,OCKHI,2017-11-30 21:00:00,2017-11-30 21:00:00,8.6,74.5,3.0,994.0,45.0,12.0,,,CS,12,False,False
2017-009,2017,9,BOB,OCKHI,2017-12-01 00:00:00,2017-12-01 00:00:00,8.8,74.0,3.0,992.0,50.0,14.0,,,SCS,13,False,False
2017-009,2017,9,BOB,OCKHI,2017-12-01 03:00:00,2017-12-01 03:00:00,8.9,73.8,3.5,990.0,55.0,16.0,,,SCS,14,False,False
2017-009,2017,9,BOB,OCKHI,2017-12-01 06:00:00,2017-12-01 06:00:00,9.0,73.4,3.5,989.0,60.0,18.0,,,SCS,15,False,False
2017-009,2017,9,BOB,OCKHI,2017-12-01 09:00:00,2017-12-01 09:00:00,9.1,73.0,4.0,988.0,65.0,21.0,,,VSCS,16,False,False
2017-009,2017,9,BOB,OCKHI,2017-12-01 12:00:00,2017-12-01 12:00:00,9.2,72.8,4.0,986.0,65.0,22.0,,,VSCS,17,False,False
2017-009,2017,9,BOB,OCKHI,2017-12-01 15:00:00,2017-12-01 15:00:00,9.3,72.5,4.0,984.0,65.0,24.0,,,VSCS,18,False,False
2017-009,2017,9,BOB,OCKHI,2017-12-01 18:00:00,2017-12-01 18:00:00,9.4,72.1,4.0,982.0,70.0,26.0,,,VSCS,19,False,False
2017-009,2017,9,BOB,OCKHI,2017-12-01 21:00:00,2017-12-01 21:00:00,9.5,71.8,4.0,980.0,75.0,28.0,,,VSCS,20,False,False
2017-009,2017,9,BOB,OCKHI,2017-12-02 00:00:00,2017-12-02 00:00:00,9.6,71.5,4.5,978.0,80.0,30.0,,,VSCS,21,False,False
2017-009,2017,9,BOB,OCKHI,2017-12-02 03:00:00,2017-12-02 03:00:00,9.7,71.2,4.5,978.0,80.0,32.0,,,VSCS,22,False,False
2017-009,2017,9,BOB,OCKHI,2017-12-02 06:00:00,2017-12-02 06:00:00,9.8,71.0,4.5,976.0,85.0,34.0,,,VSCS,23,False,False
2017-009,2017,9,BOB,OCKHI,2017-12-02 09:00:00,2017-12-02 09:00:00,10.2,70.6,4.5,976.0,85.0,34.0,,,VSCS,24,False,False
2017-009,2017,9,BOB,OCKHI,2017-12-02 12:00:00,2017-12-02 12:00:00,10.5,70.3,4.5,976.0,85.0,34.0,,,VSCS,25,False,False
2017-009,2017,9,BOB,OCKHI,2017-12-02 15:00:00,2017-12-02 15:00:00,10.8,70.0,4.5,976.0,85.0,34.0,,,VSCS,26,False,False
2017-009,2017,9,BOB,OCKHI,2017-12-02 18:00:00,2017-12-02 18:00:00,11.1,69.7,4.5,976.0,85.0,34.0,,,VSCS,27,False,False
2017-009,2017,9,BOB,OCKHI,2017-12-02 21:00:00,2017-12-02 21:00:00,11.3,69.5,4.5,976.0,85.0,34.0,,,VSCS,28,False,False
2017-009,2017,9,BOB,OCKHI,2017-12-03 00:00:00,2017-12-03 00:00:00,11.7,69.2,4.5,976.0,85.0,34.0,,,VSCS,29,False,False
2017-009,2017,9,BOB,OCKHI,2017-12-03 03:00:00,2017-12-03 03:00:00,12.1,69.0,4.5,977.0,80.0,32.0,,,VSCS,30,False,False
2017-009,2017,9,BOB,OCKHI,2017-12-03 06:00:00,2017-12-03 06:00:00,12.3,68.9,4.5,978.0,75.0,30.0,,,VSCS,31,False,False
2017-009,2017,9,BOB,OCKHI,2017-12-03 09:00:00,2017-12-03 09:00:00,12.4,68.8,4.5,980.0,75.0,28.0,,,VSCS,32,False,False
2017-009,2017,9,BOB,OCKHI,2017-12-03 12:00:00,2017-12-03 12:00:00,12.9,68.7,4.5,982.0,75.0,28.0,,,VSCS,33,False,False
2017-009,2017,9,BOB,OCKHI,2017-12-03 15:00:00,2017-12-03 15:00:00,13.1,68.6,4.5,982.0,75.0,28.0,,,VSCS,34,False,False
2017-009,2017,9,BOB,OCKHI,2017-12-03 18:00:00,2017-12-03 18:00:00,13.5,68.5,4.5,982.0,75.0,28.0,,,VSCS,35,False,False
2017-009,2017,9,BOB,OCKHI,2017-12-03 21:00:00,2017-12-03 21:00:00,14.0,68.5,4.5,982.0,75.0,28.0,,,VSCS,36,False,False
2017-009,2017,9,BOB,OCKHI,2017-12-04 00:00:00,2017-12-04 00:00:00,14.5,68.5,4.0,984.0,70.0,24.0,,,VSCS,37,False,False
2017-009,2017,9,BOB,OCKHI,2017-12-04 03:00:00,2017-12-04 03:00:00,14.7,68.5,4.0,986.0,65.0,22.0,,,VSCS,38,False,False
2017-009,2017,9,BOB,OCKHI,2017-12-04 06:00:00,2017-12-04 06:00:00,14.9,68.7,4.0,986.0,65.0,22.0,,,VSCS,39,False,False
2017-009,2017,9,BOB,OCKHI,2017-12-04 09:00:00,2017-12-04 09:00:00,15.2,69.0,4.0,986.0,65.0,22.0,,,VSCS,40,False,False
2017-009,2017,9,BOB,OCKHI,2017-12-04 12:00:00,2017-12-04 12:00:00,15.7,69.2,3.5,988.0,60.0,18.0,,,VSCS,41,False,False
2017-009,2017,9,BOB,OCKHI,2017-12-04 15:00:00,2017-12-04 15:00:00,16.1,69.5,3.5,988.0,60.0,18.0,,,VSCS,42,False,False
2017-009,2017,9,BOB,OCKHI,2017-12-04 18:00:00,2017-12-04 18:00:00,16.5,69.8,3.5,990.0,55.0,16.0,,,SCS,43,False,False
2017-009,2017,9,BOB,OCKHI,2017-12-04 21:00:00,2017-12-04 21:00:00,16.9,70.1,3.5,992.0,55.0,14.0,,,SCS,44,False,False
2017-009,2017,9,BOB,OCKHI,2017-12-05 00:00:00,2017-12-05 00:00:00,17.3,70.4,3.5,994.0,50.0,12.0,,,SCS,45,False,False
2017-009,2017,9,BOB,OCKHI,2017-12-05 03:00:00,2017-12-05 03:00:00,17.7,70.7,3.0,996.0,45.0,10.0,,,CS,46,False,False
2017-009,2017,9,BOB,OCKHI,2017-12-05 06:00:00,2017-12-05 06:00:00,18.1,71.0,2.5,998.0,40.0,8.0,,,CS,47,False,False
2017-009,2017,9,BOB,OCKHI,2017-12-05 09:00:00,2017-12-05 09:00:00,18.3,71.2,2.0,1000.0,30.0,6.0,,,DD,48,False,False
2017-009,2017,9,BOB,OCKHI,2017-12-05 12:00:00,2017-12-05 12:00:00,18.5,71.4,2.0,1002.0,30.0,5.0,,,DD,49,False,False
2017-009,2017,9,BOB,OCKHI,2017-12-05 15:00:00,2017-12-05 15:00:00,18.8,71.6,1.5,1003.0,25.0,4.0,,,D,50,False,False
2017-009,2017,9,BOB,OCKHI,2017-12-05 18:00:00,2017-12-05 18:00:00,19.2,71.9,1.5,1004.0,20.0,3.0,,,D,51,False,False
2017-010,2017,10,BOB,,2017-06-12 03:00:00,2017-12-06 03:00:00,8.5,88.5,1.5,1004.0,25.0,4.0,,,D,0,False,True
2017-010,2017,10,BOB,,2017-06-12 06:00:00,2017-12-06 06:00:00,8.8,88.3,1.5,1004.0,25.0,4.0,,,D,1,False,True
2017-010,2017,10,BOB,,2017-06-12 12:00:00,2017-12-06 12:00:00,9.8,88.0,1.5,1004.0,25.0,4.0,,,D,2,False,True
2017-010,2017,10,BOB,,2017-06-12 18:00:00,2017-12-06 18:00:00,10.0,88.0,1.5,1004.0,25.0,4.0,,,D,3,False,True
2017-010,2017,10,BOB,,2017-07-12 00:00:00,2017-12-07 00:00:00,11.1,88.0,1.5,1004.0,25.0,4.0,,,D,4,False,True
2017-010,2017,10,BOB,,2017-07-12 03:00:00,2017-12-07 03:00:00,12.0,88.0,1.5,1004.0,25.0,4.0,,,D,5,False,True
2017-010,2017,10,BOB,,2017-07-12 06:00:00,2017-12-07 06:00:00,12.2,87.9,1.5,1004.0,25.0,4.0,,,D,6,False,True
2017-010,2017,10,BOB,,2017-07-12 12:00:00,2017-12-07 12:00:00,12.8,87.7,1.5,1004.0,25.0,4.0,,,D,7,False,True
2017-010,2017,10,BOB,,2017-07-12 18:00:00,2017-12-07 18:00:00,13.4,87.6,1.5,1004.0,25.0,4.0,,,D,8,False,True
2017-010,2017,10,BOB,,2017-08-12 00:00:00,2017-12-08 00:00:00,14.3,87.0,2.0,1002.0,30.0,6.0,,,DD,9,False,True
2017-010,2017,10,BOB,,2017-08-12 03:00:00,2017-12-08 03:00:00,15.0,86.8,2.0,1002.0,30.0,6.0,,,DD,10,False,True
2017-010,2017,10,BOB,,2017-08-12 06:00:00,2017-12-08 06:00:00,15.5,86.7,2.0,1002.0,30.0,6.0,,,DD,11,False,True
2017-010,2017,10,BOB,,2017-08-12 12:00:00,2017-12-08 12:00:00,16.5,86.3,2.0,1002.0,30.0,6.0,,,DD,12,False,True
2017-010,2017,10,BOB,,2017-08-12 18:00:00,2017-12-08 18:00:00,18.0,86.2,1.5,1004.0,25.0,4.0,,,D,13,False,True
2017-010,2017,10,BOB,,2017-09-12 00:00:00,2017-12-09 00:00:00,19.0,86.3,1.5,1004.0,25.0,4.0,,,D,14,False,True
2017-010,2017,10,BOB,,2017-09-12 03:00:00,2017-12-09 03:00:00,19.2,86.5,1.5,1004.0,25.0,4.0,,,D,15,False,True
2017-010,2017,10,BOB,,2017-09-12 06:00:00,2017-12-09 06:00:00,19.5,86.7,1.5,1004.0,25.0,4.0,,,D,16,False,True
2018-001,2018,1,ARB,,2018-03-13 03:00:00,2018-03-13 03:00:00,5.0,76.0,1.0,1006.0,25.0,3.0,,,D,0,False,False
2018-001,2018,1,ARB,,2018-03-13 06:00:00,2018-03-13 06:00:00,5.5,75.8,1.5,1006.0,25.0,3.0,,,D,1,False,False
2018-001,2018,1,ARB,,2018-03-13 12:00:00,2018-03-13 12:00:00,6.5,75.0,1.5,1006.0,25.0,3.0,,,D,2,False,False
2018-001,2018,1,ARB,,2018-03-13 18:00:00,2018-03-13 18:00:00,6.7,74.8,1.5,1006.0,25.0,3.0,,,D,3,False,False
2018-001,2018,1,ARB,,2018-03-14 00:00:00,2018-03-14 00:00:00,7.0,74.5,1.5,1006.0,25.0,3.0,,,D,4,False,False
2018-001,2018,1,ARB,,2018-03-14 03:00:00,2018-03-14 03:00:00,7.5,74.0,1.5,1006.0,25.0,3.0,,,D,5,False,False
2018-001,2018,1,ARB,,2018-03-14 06:00:00,2018-03-14 06:00:00,8.0,73.5,1.5,1006.0,25.0,3.0,,,D,6,False,False
2018-001,2018,1,ARB,,2018-03-14 12:00:00,2018-03-14 12:00:00,8.7,72.8,1.5,1006.0,25.0,3.0,,,D,7,False,False
2018-001,2018,1,ARB,,2018-03-14 18:00:00,2018-03-14 18:00:00,9.1,72.5,1.5,1006.0,25.0,3.0,,,D,8,False,False
2018-002,2018,2,ARB,SAGAR,2018-05-16 12:00:00,2018-05-16 12:00:00,13.0,50.0,1.5,1001.0,25.0,3.0,,,D,0,False,False
2018-002,2018,2,ARB,SAGAR,2018-05-16 18:00:00,2018-05-16 18:00:00,13.2,49.6,1.5,1001.0,30.0,4.0,,,D,1,False,False
2018-002,2018,2,ARB,SAGAR,2018-05-17 00:00:00,2018-05-17 00:00:00,13.2,49.0,2.5,999.0,30.0,5.0,,,DD,2,False,False
2018-002,2018,2,ARB,SAGAR,2018-05-17 03:00:00,2018-05-17 03:00:00,13.2,48.7,2.5,997.0,35.0,7.0,,,CS,3,False,False
2018-002,2018,2,ARB,SAGAR,2018-05-17 06:00:00,2018-05-17 06:00:00,13.0,48.4,2.5,997.0,35.0,7.0,,,CS,4,False,False
2018-002,2018,2,ARB,SAGAR,2018-05-17 09:00:00,2018-05-17 09:00:00,13.0,48.3,2.5,997.0,35.0,7.0,,,CS,5,False,False
2018-002,2018,2,ARB,SAGAR,2018-05-17 12:00:00,2018-05-17 12:00:00,13.0,48.1,2.5,996.0,40.0,8.0,,,CS,6,False,False
2018-002,2018,2,ARB,SAGAR,2018-05-17 15:00:00,2018-05-17 15:00:00,13.0,47.8,2.5,996.0,40.0,8.0,,,CS,7,False,False
2018-002,2018,2,ARB,SAGAR,2018-05-17 18:00:00,2018-05-17 18:00:00,12.8,47.5,2.5,996.0,40.0,8.0,,,CS,8,False,False
2018-002,2018,2,ARB,SAGAR,2018-05-17 21:00:00,2018-05-17 21:00:00,12.7,47.2,2.5,996.0,40.0,8.0,,,CS,9,False,False
2018-002,2018,2,ARB,SAGAR,2018-05-18 00:00:00,2018-05-18 00:00:00,12.4,46.6,3.0,996.0,45.0,10.0,,,CS,10,False,False
2018-002,2018,2,ARB,SAGAR,2018-05-18 03:00:00,2018-05-18 03:00:00,12.2,46.3,3.0,994.0,45.0,10.0,,,CS,11,False,False
2018-002,2018,2,ARB,SAGAR,2018-05-18 06:00:00,2018-05-18 06:00:00,12.0,46.0,3.0,994.0,45.0,10.0,,,CS,12,False,False
2018-002,2018,2,ARB,SAGAR,2018-05-18 09:00:00,2018-05-18 09:00:00,11.8,45.6,3.0,994.0,45.0,10.0,,,CS,13,False,False
2018-002,2018,2,ARB,SAGAR,2018-05-18 12:00:00,2018-05-18 12:00:00,11.6,45.5,3.0,994.0,45.0,10.0,,,CS,14,False,False
2018-002,2018,2,ARB,SAGAR,2018-05-18 15:00:00,2018-05-18 15:00:00,11.4,45.3,3.0,994.0,45.0,10.0,,,CS,15,False,False
2018-002,2018,2,ARB,SAGAR,2018-05-18 18:00:00,2018-05-18 18:00:00,11.3,45.1,3.0,994.0,45.0,10.0,,,CS,16,False,False
2018-002,2018,2,ARB,SAGAR,2018-05-18 21:00:00,2018-05-18 21:00:00,11.2,45.0,3.0,994.0,45.0,10.0,,,CS,17,False,False
2018-002,2018,2,ARB,SAGAR,2018-05-19 00:00:00,2018-05-19 00:00:00,11.1,44.8,3.0,994.0,45.0,10.0,,,CS,18,False,False
2018-002,2018,2,ARB,SAGAR,2018-05-19 03:00:00,2018-05-19 03:00:00,10.9,44.4,3.0,994.0,45.0,10.0,,,CS,19,False,False
2018-002,2018,2,ARB,SAGAR,2018-05-19 06:00:00,2018-05-19 06:00:00,10.8,44.1,3.0,996.0,40.0,8.0,,,CS,20,False,False
2018-002,2018,2,ARB,SAGAR,2018-05-19 09:00:00,2018-05-19 09:00:00,10.6,43.9,,998.0,40.0,8.0,,,CS,21,False,False
2018-002,2018,2,ARB,SAGAR,2018-05-19 12:00:00,2018-05-19 12:00:00,10.4,43.6,,1000.0,35.0,7.0,,,CS,22,False,False
2018-002,2018,2,ARB,SAGAR,2018-05-19 18:00:00,2018-05-19 18:00:00,10.2,43.3,,1001.0,30.0,5.0,,,DD,23,False,False
2018-002,2018,2,ARB,SAGAR,2018-05-20 00:00:00,2018-05-20 00:00:00,10.0,42.9,,1003.0,25.0,3.0,,,D,24,False,False
2018-003,2018,3,ARB,MEKUNU,2018-05-21 12:00:00,2018-05-21 12:00:00,8.5,58.5,1.5,1004.0,25.0,3.0,,,D,0,False,False
2018-003,2018,3,ARB,MEKUNU,2018-05-21 18:00:00,2018-05-21 18:00:00,8.7,58.0,1.5,1003.0,25.0,4.0,,,D,1,False,False
2018-003,2018,3,ARB,MEKUNU,2018-05-22 00:00:00,2018-05-22 00:00:00,9.0,57.5,1.5,1002.0,25.0,4.0,,,D,2,False,False
2018-003,2018,3,ARB,MEKUNU,2018-05-22 03:00:00,2018-05-22 03:00:00,9.2,57.2,2.0,1001.0,30.0,5.0,,,DD,3,False,False
2018-003,2018,3,ARB,MEKUNU,2018-05-22 06:00:00,2018-05-22 06:00:00,9.5,57.0,2.0,1000.0,30.0,6.0,,,DD,4,False,False
2018-003,2018,3,ARB,MEKUNU,2018-05-22 12:00:00,2018-05-22 12:00:00,10.2,56.8,2.5,998.0,35.0,7.0,,,CS,5,False,False
2018-003,2018,3,ARB,MEKUNU,2018-05-22 15:00:00,2018-05-22 15:00:00,10.5,56.7,2.5,998.0,35.0,7.0,,,CS,6,False,False
2018-003,2018,3,ARB,MEKUNU,2018-05-22 18:00:00,2018-05-22 18:00:00,10.7,56.4,2.5,996.0,40.0,8.0,,,CS,7,False,False
2018-003,2018,3,ARB,MEKUNU,2018-05-22 21:00:00,2018-05-22 21:00:00,10.8,56.2,2.5,996.0,40.0,9.0,,,CS,8,False,False
2018-003,2018,3,ARB,MEKUNU,2018-05-23 00:00:00,2018-05-23 00:00:00,11.0,56.0,3.0,994.0,45.0,10.0,,,CS,9,False,False
2018-003,2018,3,ARB,MEKUNU,2018-05-23 03:00:00,2018-05-23 03:00:00,11.2,55.9,3.5,984.0,55.0,15.0,,,SCS,10,False,False
2018-003,2018,3,ARB,MEKUNU,2018-05-23 06:00:00,2018-05-23 06:00:00,11.4,55.9,3.5,980.0,60.0,18.0,,,SCS,11,False,False
2018-003,2018,3,ARB,MEKUNU,2018-05-23 09:00:00,2018-05-23 09:00:00,11.8,55.9,3.5,978.0,65.0,20.0,,,VSCS,12,False,False
2018-003,2018,3,ARB,MEKUNU,2018-05-23 12:00:00,2018-05-23 12:00:00,12.0,55.9,4.0,978.0,65.0,22.0,,,VSCS,13,False,False
2018-003,2018,3,ARB,MEKUNU,2018-05-23 15:00:00,2018-05-23 15:00:00,12.3,55.9,4.0,976.0,70.0,24.0,,,VSCS,14,False,False
2018-003,2018,3,ARB,MEKUNU,2018-05-23 18:00:00,2018-05-23 18:00:00,12.5,55.8,4.0,976.0,70.0,24.0,,,VSCS,15,False,False
2018-003,2018,3,ARB,MEKUNU,2018-05-23 21:00:00,2018-05-23 21:00:00,12.8,55.7,4.0,976.0,70.0,24.0,,,VSCS,16,False,False
2018-003,2018,3,ARB,MEKUNU,2018-05-24 00:00:00,2018-05-24 00:00:00,13.0,55.6,4.0,974.0,70.0,24.0,,,VSCS,17,False,False
2018-003,2018,3,ARB,MEKUNU,2018-05-24 03:00:00,2018-05-24 03:00:00,13.3,55.4,4.5,972.0,75.0,28.0,,,VSCS,18,False,False
2018-003,2018,3,ARB,MEKUNU,2018-05-24 06:00:00,2018-05-24 06:00:00,13.7,55.3,4.5,970.0,80.0,32.0,,,VSCS,19,False,False
2018-003,2018,3,ARB,MEKUNU,2018-05-24 09:00:00,2018-05-24 09:00:00,14.0,55.2,4.5,970.0,80.0,32.0,,,VSCS,20,False,False
2018-003,2018,3,ARB,MEKUNU,2018-05-24 12:00:00,2018-05-24 12:00:00,14.3,55.2,4.5,970.0,80.0,32.0,,,VSCS,21,False,False
2018-003,2018,3,ARB,MEKUNU,2018-05-24 15:00:00,2018-05-24 15:00:00,14.6,55.1,4.5,970.0,80.0,32.0,,,VSCS,22,False,False
2018-003,2018,3,ARB,MEKUNU,2018-05-24 18:00:00,2018-05-24 18:00:00,14.9,54.9,4.5,970.0,80.0,32.0,,,VSCS,23,False,False
2018-003,2018,3,ARB,MEKUNU,2018-05-24 21:00:00,2018-05-24 21:00:00,15.1,54.7,4.5,970.0,80.0,32.0,,,VSCS,24,False,False
2018-003,2018,3,ARB,MEKUNU,2018-05-25 00:00:00,2018-05-25 00:00:00,15.2,54.5,4.5,968.0,85.0,36.0,,,VSCS,25,False,False
2018-003,2018,3,ARB,MEKUNU,2018-05-25 03:00:00,2018-05-25 03:00:00,15.4,54.5,4.5,964.0,90.0,40.0,,,ESCS,26,False,False
2018-003,2018,3,ARB,MEKUNU,2018-05-25 06:00:00,2018-05-25 06:00:00,15.8,54.4,5.0,964.0,90.0,40.0,,,ESCS,27,False,False
2018-003,2018,3,ARB,MEKUNU,2018-05-25 09:00:00,2018-05-25 09:00:00,16.2,54.2,5.0,962.0,90.0,42.0,,,ESCS,28,False,False
2018-003,2018,3,ARB,MEKUNU,2018-05-25 12:00:00,2018-05-25 12:00:00,16.4,54.1,5.0,960.0,95.0,45.0,,,ESCS,29,False,False
2018-003,2018,3,ARB,MEKUNU,2018-05-25 15:00:00,2018-05-25 15:00:00,16.5,54.0,5.0,960.0,95.0,45.0,,,ESCS,30,False,False
2018-003,2018,3,ARB,MEKUNU,2018-05-25 18:00:00,2018-05-25 18:00:00,16.7,53.9,5.0,960.0,95.0,45.0,,,ESCS,31,False,False
2018-003,2018,3,ARB,MEKUNU,2018-05-25 21:00:00,2018-05-25 21:00:00,17.1,53.6,,964.0,90.0,40.0,,,ESCS,32,False,False
2018-003,2018,3,ARB,MEKUNU,2018-05-26 00:00:00,2018-05-26 00:00:00,17.2,53.5,,976.0,75.0,28.0,,,VSCS,33,False,False
2018-003,2018,3,ARB,MEKUNU,2018-05-26 03:00:00,2018-05-26 03:00:00,17.4,53.4,,986.0,60.0,18.0,,,SCS,34,False,False
2018-003,2018,3,ARB,MEKUNU,2018-05-26 06:00:00,2018-05-26 06:00:00,17.8,53.2,,988.0,50.0,12.0,,,SCS,35,False,False
2018-003,2018,3,ARB,MEKUNU,2018-05-26 09:00:00,2018-05-26 09:00:00,18.1,53.1,,990.0,45.0,10.0,,,CS,36,False,False
2018-003,2018,3,ARB,MEKUNU,2018-05-26 12:00:00,2018-05-26 12:00:00,18.3,53.0,,992.0,40.0,8.0,,,CS,37,False,False
2018-003,2018,3,ARB,MEKUNU,2018-05-26 15:00:00,2018-05-26 15:00:00,18.5,52.9,,994.0,35.0,7.0,,,CS,38,False,False
2018-003,2018,3,ARB,MEKUNU,2018-05-26 18:00:00,2018-05-26 18:00:00,18.6,52.8,,996.0,30.0,5.0,,,DD,39,False,False
2018-003,2018,3,ARB,MEKUNU,2018-05-27 00:00:00,2018-05-27 00:00:00,19.0,52.6,,1000.0,25.0,3.0,,,D,40,False,False
2018-004,2018,4,BOB,,2018-05-29 06:00:00,2018-05-29 06:00:00,18.5,92.2,1.5,998.0,25.0,3.0,,,D,0,False,False
2018-004,2018,4,BOB,,2018-05-29 12:00:00,2018-05-29 12:00:00,19.2,93.0,1.5,992.0,30.0,4.0,,,D,1,False,False
2018-004,2018,4,BOB,,2018-05-29 18:00:00,2018-05-29 18:00:00,19.8,93.7,2.0,994.0,30.0,4.0,,,DD,2,False,False
2018-004,2018,4,BOB,,2018-05-30 00:00:00,2018-05-30 00:00:00,21.3,95.2,,996.0,25.0,3.0,,,DD,3,False,False
2018-004,2018,4,BOB,,2018-05-30 03:00:00,2018-05-30 03:00:00,21.8,95.8,,998.0,20.0,2.0,,,D,4,False,False
2018-005,2018,5,BOB,,2018-06-10 06:00:00,2018-06-10 06:00:00,22.3,91.5,1.5,990.0,25.0,3.0,,,D,0,False,False
2018-005,2018,5,BOB,,2018-06-10 12:00:00,2018-06-10 12:00:00,22.7,91.4,1.5,988.0,25.0,4.0,,,D,1,False,False
2018-005,2018,5,BOB,,2018-06-10 18:00:00,2018-06-10 18:00:00,23.0,91.3,,990.0,20.0,3.0,,,D,2,False,False
2018-006,2018,6,BOB,,2018-07-21 03:00:00,2018-07-21 03:00:00,21.0,88.0,1.5,989.0,25.0,4.0,,,D,0,False,False
2018-006,2018,6,BOB,,2018-07-21 06:00:00,2018-07-21 06:00:00,21.4,87.7,1.5,989.0,25.0,4.0,,,D,1,False,False
2018-006,2018,6,BOB,,2018-07-21 09:00:00,2018-07-21 09:00:00,21.5,87.6,2.0,988.0,30.0,5.0,,,DD,2,False,False
2018-006,2018,6,BOB,,2018-07-21 12:00:00,2018-07-21 12:00:00,21.7,87.4,,988.0,30.0,5.0,,,DD,3,False,False
2018-006,2018,6,BOB,,2018-07-21 18:00:00,2018-07-21 18:00:00,22.0,87.0,,990.0,25.0,3.0,,,D,4,False,False
2018-006,2018,6,BOB,,2018-07-22 00:00:00,2018-07-22 00:00:00,22.2,86.8,,992.0,25.0,3.0,,,D,5,False,False
2018-006,2018,6,BOB,,2018-07-22 03:00:00,2018-07-22 03:00:00,22.6,86.2,,992.0,25.0,3.0,,,D,6,False,False
2018-006,2018,6,BOB,,2018-07-22 06:00:00,2018-07-22 06:00:00,22.7,86.1,,992.0,25.0,3.0,,,D,7,False,False
2018-006,2018,6,BOB,,2018-07-22 12:00:00,2018-07-22 12:00:00,23.0,85.1,,992.0,25.0,3.0,,,D,8,False,False
2018-006,2018,6,BOB,,2018-07-22 18:00:00,2018-07-22 18:00:00,23.5,84.5,,993.0,20.0,3.0,,,D,9,False,False
2018-006,2018,6,BOB,,2018-07-23 00:00:00,2018-07-23 00:00:00,23.9,84.0,,993.0,20.0,3.0,,,D,10,False,False
2018-007,2018,7,BOB,,2018-08-07 09:00:00,2018-08-07 09:00:00,21.5,87.5,1.5,992.0,25.0,4.0,,,D,0,False,False
2018-007,2018,7,BOB,,2018-08-07 12:00:00,2018-08-07 12:00:00,21.5,87.0,1.5,994.0,25.0,3.0,,,D,1,False,False
2018-007,2018,7,BOB,,2018-08-07 18:00:00,2018-08-07 18:00:00,21.6,86.0,,995.0,25.0,3.0,,,D,2,False,False
2018-007,2018,7,BOB,,2018-08-08 00:00:00,2018-08-08 00:00:00,21.7,84.5,,996.0,20.0,3.0,,,D,3,False,False
2018-008,2018,8,LAND,,2018-08-15 03:00:00,2018-08-15 03:00:00,20.0,86.0,,993.0,25.0,4.0,,,D,0,False,False
2018-008,2018,8,LAND,,2018-08-15 06:00:00,2018-08-15 06:00:00,20.1,85.6,,993.0,25.0,4.0,,,D,1,False,False
2018-008,2018,8,LAND,,2018-08-15 12:00:00,2018-08-15 12:00:00,20.2,85.0,,993.0,25.0,4.0,,,D,2,False,False
2018-008,2018,8,LAND,,2018-08-15 18:00:00,2018-08-15 18:00:00,20.3,84.0,,993.0,25.0,4.0,,,D,3,False,False
2018-008,2018,8,LAND,,2018-08-16 00:00:00,2018-08-16 00:00:00,20.5,82.0,,994.0,25.0,3.0,,,D,4,False,False
2018-008,2018,8,LAND,,2018-08-16 03:00:00,2018-08-16 03:00:00,20.6,81.0,,994.0,20.0,3.0,,,D,5,False,False
2018-008,2018,8,LAND,,2018-08-16 06:00:00,2018-08-16 06:00:00,20.7,80.5,,994.0,20.0,3.0,,,D,6,False,False
2018-008,2018,8,LAND,,2018-08-16 12:00:00,2018-08-16 12:00:00,21.1,78.3,,994.0,20.0,3.0,,,D,7,False,False
2018-008,2018,8,LAND,,2018-08-16 18:00:00,2018-08-16 18:00:00,21.2,77.5,,994.0,20.0,3.0,,,D,8,False,False
2018-008,2018,8,LAND,,2018-08-17 00:00:00,2018-08-17 00:00:00,21.8,75.8,,994.0,20.0,3.0,,,D,9,False,False
2018-009,2018,9,BOB,,2018-09-06 00:00:00,2018-09-06 00:00:00,21.8,88.0,1.5,992.0,25.0,4.0,,,D,0,False,False
2018-009,2018,9,BOB,,2018-09-06 03:00:00,2018-09-06 03:00:00,21.8,87.9,2.0,990.0,30.0,5.0,,,DD,1,False,False
2018-009,2018,9,BOB,,2018-09-06 06:00:00,2018-09-06 06:00:00,21.8,87.6,,990.0,30.0,5.0,,,DD,2,False,False
2018-009,2018,9,BOB,,2018-09-06 12:00:00,2018-09-06 12:00:00,21.7,86.8,,990.0,30.0,5.0,,,DD,3,False,False
2018-009,2018,9,BOB,,2018-09-06 18:00:00,2018-09-06 18:00:00,21.9,86.0,,990.0,30.0,5.0,,,DD,4,False,False
2018-009,2018,9,BOB,,2018-09-07 00:00:00,2018-09-07 00:00:00,22.2,84.0,,991.0,25.0,4.0,,,D,5,False,False
2018-009,2018,9,BOB,,2018-09-07 03:00:00,2018-09-07 03:00:00,22.9,83.3,,992.0,20.0,3.0,,,D,6,False,False
2018-010,2018,10,BOB,DAYE,2018-09-19 15:00:00,2018-09-19 15:00:00,17.2,89.0,1.5,997.0,25.0,3.0,,,D,0,False,False
2018-010,2018,10,BOB,DAYE,2018-09-19 18:00:00,2018-09-19 18:00:00,17.4,88.8,1.5,996.0,25.0,4.0,,,D,1,False,False
2018-010,2018,10,BOB,DAYE,2018-09-20 00:00:00,2018-09-20 00:00:00,17.5,87.5,1.5,996.0,25.0,4.0,,,D,2,False,False
2018-010,2018,10,BOB,DAYE,2018-09-20 03:00:00,2018-09-20 03:00:00,17.5,87.0,2.0,995.0,30.0,5.0,,,DD,3,False,False
2018-010,2018,10,BOB,DAYE,2018-09-20 06:00:00,2018-09-20 06:00:00,17.6,86.8,2.0,995.0,30.0,5.0,,,DD,4,False,False
2018-010,2018,10,BOB,DAYE,2018-09-20 12:00:00,2018-09-20 12:00:00,18.4,85.8,2.0,994.0,30.0,6.0,,,DD,5,False,False
2018-010,2018,10,BOB,DAYE,2018-09-20 15:00:00,2018-09-20 15:00:00,18.7,85.6,2.5,992.0,35.0,8.0,,,CS,6,False,False
2018-010,2018,10,BOB,DAYE,2018-09-20 18:00:00,2018-09-20 18:00:00,19.2,85.0,2.5,992.0,35.0,8.0,,,CS,7,False,False
2018-010,2018,10,BOB,DAYE,2018-09-21 00:00:00,2018-09-21 00:00:00,20.0,83.7,,994.0,30.0,6.0,,,DD,8,False,False
2018-010,2018,10,BOB,DAYE,2018-09-21 03:00:00,2018-09-21 03:00:00,20.5,82.5,,994.0,30.0,6.0,,,DD,9,False,False
2018-010,2018,10,BOB,DAYE,2018-09-21 06:00:00,2018-09-21 06:00:00,21.0,81.4,,995.0,30.0,5.0,,,DD,10,False,False
2018-010,2018,10,BOB,DAYE,2018-09-21 12:00:00,2018-09-21 12:00:00,21.4,80.2,,996.0,25.0,4.0,,,D,11,False,False
2018-010,2018,10,BOB,DAYE,2018-09-21 18:00:00,2018-09-21 18:00:00,21.4,78.7,,996.0,25.0,4.0,,,D,12,False,False
2018-010,2018,10,BOB,DAYE,2018-09-21 21:00:00,2018-09-21 21:00:00,19.6,84.4,,993.0,35.0,7.0,,,CS,13,True,False
2018-010,2018,10,BOB,DAYE,2018-09-22 00:00:00,2018-09-22 00:00:00,22.3,76.9,,997.0,25.0,4.0,,,D,14,False,False
2018-010,2018,10,BOB,DAYE,2018-09-22 03:00:00,2018-09-22 03:00:00,22.9,76.3,,998.0,20.0,3.0,,,D,15,False,False
2018-010,2018,10,BOB,DAYE,2018-09-22 06:00:00,2018-09-22 06:00:00,22.9,76.3,,999.0,20.0,3.0,,,D,16,False,False
2018-011,2018,11,ARB,LUBAN,2018-10-06 09:00:00,2018-10-06 09:00:00,11.2,67.0,1.5,1003.0,25.0,3.0,,,D,0,False,False
2018-011,2018,11,ARB,LUBAN,2018-10-06 12:00:00,2018-10-06 12:00:00,11.3,66.9,1.5,1002.0,25.0,4.0,,,D,1,False,False
2018-011,2018,11,ARB,LUBAN,2018-10-06 18:00:00,2018-10-06 18:00:00,11.6,66.5,1.5,1002.0,25.0,4.0,,,D,2,False,False
2018-011,2018,11,ARB,LUBAN,2018-10-07 00:00:00,2018-10-07 00:00:00,11.9,65.8,1.5,1002.0,25.0,4.0,,,D,3,False,False
2018-011,2018,11,ARB,LUBAN,2018-10-07 03:00:00,2018-10-07 03:00:00,12.0,65.6,1.5,1002.0,25.0,4.0,,,D,4,False,False
2018-011,2018,11,ARB,LUBAN,2018-10-07 06:00:00,2018-10-07 06:00:00,12.0,65.4,1.5,1002.0,25.0,4.0,,,D,5,False,False
2018-011,2018,11,ARB,LUBAN,2018-10-07 09:00:00,2018-10-07 09:00:00,12.0,64.8,2.0,1001.0,30.0,5.0,,,DD,6,False,False
2018-011,2018,11,ARB,LUBAN,2018-10-07 12:00:00,2018-10-07 12:00:00,12.1,64.3,2.0,1001.0,30.0,5.0,,,DD,7,False,False
2018-011,2018,11,ARB,LUBAN,2018-10-07 18:00:00,2018-10-07 18:00:00,12.2,63.5,2.0,1000.0,30.0,6.0,,,DD,8,False,False
2018-011,2018,11,ARB,LUBAN,2018-10-08 00:00:00,2018-10-08 00:00:00,12.3,62.4,2.5,999.0,35.0,7.0,,,CS,9,False,False
2018-011,2018,11,ARB,LUBAN,2018-10-08 03:00:00,2018-10-08 03:00:00,12.4,62.0,2.5,998.0,40.0,8.0,,,CS,10,False,False
2018-011,2018,11,ARB,LUBAN,2018-10-08 06:00:00,2018-10-08 06:00:00,12.4,61.8,2.5,997.0,40.0,9.0,,,CS,11,False,False
2018-011,2018,11,ARB,LUBAN,2018-10-08 09:00:00,2018-10-08 09:00:00,12.5,61.5,3.0,996.0,45.0,10.0,,,CS,12,False,False
2018-011,2018,11,ARB,LUBAN,2018-10-08 12:00:00,2018-10-08 12:00:00,12.5,61.0,3.0,996.0,45.0,10.0,,,CS,13,False,False
2018-011,2018,11,ARB,LUBAN,2018-10-08 15:00:00,2018-10-08 15:00:00,12.6,60.8,3.0,996.0,45.0,10.0,,,CS,14,False,False
2018-011,2018,11,ARB,LUBAN,2018-10-08 18:00:00,2018-10-08 18:00:00,12.7,60.5,3.0,994.0,45.0,12.0,,,CS,15,False,False
2018-011,2018,11,ARB,LUBAN,2018-10-08 21:00:00,2018-10-08 21:00:00,12.8,60.2,3.0,994.0,45.0,12.0,,,CS,16,False,False
2018-011,2018,11,ARB,LUBAN,2018-10-09 00:00:00,2018-10-09 00:00:00,12.9,60.2,3.0,994.0,45.0,12.0,,,CS,17,False,False
2018-011,2018,11,ARB,LUBAN,2018-10-09 03:00:00,2018-10-09 03:00:00,13.0,60.1,3.0,994.0,45.0,12.0,,,CS,18,False,False
2018-011,2018,11,ARB,LUBAN,2018-10-09 06:00:00,2018-10-09 06:00:00,13.1,60.1,3.0,994.0,45.0,12.0,,,CS,19,False,False
2018-011,2018,11,ARB,LUBAN,2018-10-09 09:00:00,2018-10-09 09:00:00,13.2,60.0,3.5,992.0,50.0,14.0,,,SCS,20,False,False
2018-011,2018,11,ARB,LUBAN,2018-10-09 12:00:00,2018-10-09 12:00:00,13.3,59.7,3.5,990.0,55.0,16.0,,,SCS,21,False,False
2018-011,2018,11,ARB,LUBAN,2018-10-09 15:00:00,2018-10-09 15:00:00,13.4,59.5,3.5,990.0,55.0,16.0,,,SCS,22,False,False
2018-011,2018,11,ARB,LUBAN,2018-10-09 18:00:00,2018-10-09 18:00:00,13.5,59.3,3.5,990.0,55.0,16.0,,,SCS,23,False,False
2018-011,2018,11,ARB,LUBAN,2018-10-09 21:00:00,2018-10-09 21:00:00,13.6,59.1,3.5,988.0,60.0,18.0,,,SCS,24,False,False
2018-011,2018,11,ARB,LUBAN,2018-10-10 00:00:00,2018-10-10 00:00:00,14.1,59.0,4.0,985.0,65.0,21.0,,,VSCS,25,False,False
2018-011,2018,11,ARB,LUBAN,2018-10-10 03:00:00,2018-10-10 03:00:00,14.1,59.0,4.0,984.0,65.0,22.0,,,VSCS,26,False,False
2018-011,2018,11,ARB,LUBAN,2018-10-10 06:00:00,2018-10-10 06:00:00,14.2,58.9,4.5,978.0,75.0,28.0,,,VSCS,27,False,False
2018-011,2018,11,ARB,LUBAN,2018-10-10 09:00:00,2018-10-10 09:00:00,14.4,58.7,4.5,978.0,75.0,28.0,,,VSCS,28,False,False
2018-011,2018,11,ARB,LUBAN,2018-10-10 12:00:00,2018-10-10 12:00:00,14.4,58.6,4.0,978.0,75.0,28.0,,,VSCS,29,False,False
2018-011,2018,11,ARB,LUBAN,2018-10-10 15:00:00,2018-10-10 15:00:00,14.5,58.5,4.0,978.0,75.0,28.0,,,VSCS,30,False,False
2018-011,2018,11,ARB,LUBAN,2018-10-10 18:00:00,2018-10-10 18:00:00,14.6,58.4,4.0,978.0,75.0,28.0,,,VSCS,31,False,False
2018-011,2018,11,ARB,LUBAN,2018-10-10 21:00:00,2018-10-10 21:00:00,14.6,58.4,4.0,978.0,75.0,28.0,,,VSCS,32,False,False
2018-011,2018,11,ARB,LUBAN,2018-10-13 00:00:00,2018-10-13 00:00:00,14.8,56.0,3.0,994.0,45.0,12.0,,,CS,33,False,False
2018-011,2018,11,ARB,LUBAN,2018-10-13 03:00:00,2018-10-13 03:00:00,14.8,55.6,2.5,994.0,40.0,12.0,,,CS,34,False,False
2018-011,2018,11,ARB,LUBAN,2018-10-13 06:00:00,2018-10-13 06:00:00,14.9,55.2,2.5,994.0,40.0,12.0,,,CS,35,False,False
2018-011,2018,11,ARB,LUBAN,2018-10-13 09:00:00,2018-10-13 09:00:00,14.9,54.8,2.5,994.0,40.0,12.0,,,CS,36,False,False
2018-011,2018,11,ARB,LUBAN,2018-10-13 12:00:00,2018-10-13 12:00:00,14.9,54.4,2.5,994.0,40.0,12.0,,,CS,37,False,False
2018-011,2018,11,ARB,LUBAN,2018-10-13 15:00:00,2018-10-13 15:00:00,14.9,54.0,2.5,994.0,40.0,12.0,,,CS,38,False,False
2018-011,2018,11,ARB,LUBAN,2018-10-13 18:00:00,2018-10-13 18:00:00,15.0,53.7,2.5,996.0,40.0,10.0,,,CS,39,False,False
2018-011,2018,11,ARB,LUBAN,2018-10-13 21:00:00,2018-10-13 21:00:00,15.1,53.3,2.5,996.0,40.0,10.0,,,CS,40,False,False
2018-011,2018,11,ARB,LUBAN,2018-10-14 00:00:00,2018-10-14 00:00:00,15.3,52.8,2.5,998.0,40.0,8.0,,,CS,41,False,False
2018-011,2018,11,ARB,LUBAN,2018-10-14 03:00:00,2018-10-14 03:00:00,15.6,52.5,2.5,998.0,40.0,8.0,,,CS,42,False,False
2018-011,2018,11,ARB,LUBAN,2018-10-14 06:00:00,2018-10-14 06:00:00,15.9,52.1,,999.0,35.0,7.0,,,CS,43,False,False
2018-011,2018,11,ARB,LUBAN,2018-10-14 09:00:00,2018-10-14 09:00:00,15.9,51.7,,1000.0,30.0,6.0,,,DD,44,False,False
2018-011,2018,11,ARB,LUBAN,2018-10-14 12:00:00,2018-10-14 12:00:00,15.9,51.2,,1001.0,30.0,5.0,,,DD,45,False,False
2018-011,2018,11,ARB,LUBAN,2018-10-14 18:00:00,2018-10-14 18:00:00,16.2,50.7,,1002.0,25.0,4.0,,,D,46,False,False
2018-011,2018,11,ARB,LUBAN,2018-10-15 00:00:00,2018-10-15 00:00:00,16.2,49.0,,1003.0,25.0,3.0,,,D,47,False,False
2018-011,2018,11,ARB,LUBAN,2018-11-10 00:00:00,2018-10-11 00:00:00,14.7,58.1,4.0,978.0,75.0,28.0,,,VSCS,48,False,True
2018-011,2018,11,ARB,LUBAN,2018-11-10 03:00:00,2018-10-11 03:00:00,14.5,58.0,4.0,980.0,70.0,26.0,,,VSCS,49,False,True
2018-011,2018,11,ARB,LUBAN,2018-11-10 06:00:00,2018-10-11 06:00:00,14.5,57.8,4.0,980.0,70.0,26.0,,,VSCS,50,False,True
2018-011,2018,11,ARB,LUBAN,2018-11-10 09:00:00,2018-10-11 09:00:00,14.5,57.8,4.0,980.0,70.0,26.0,,,VSCS,51,False,True
2018-011,2018,11,ARB,LUBAN,2018-11-10 12:00:00,2018-10-11 12:00:00,14.5,57.7,4.0,980.0,70.0,26.0,,,VSCS,52,False,True
2018-011,2018,11,ARB,LUBAN,2018-11-10 15:00:00,2018-10-11 15:00:00,14.5,57.7,4.0,980.0,70.0,26.0,,,VSCS,53,False,True
2018-011,2018,11,ARB,LUBAN,2018-11-10 18:00:00,2018-10-11 18:00:00,14.6,57.6,4.0,980.0,70.0,26.0,,,VSCS,54,False,True
2018-011,2018,11,ARB,LUBAN,2018-11-10 21:00:00,2018-10-11 21:00:00,14.7,57.6,4.0,980.0,65.0,26.0,,,VSCS,55,False,True
2018-011,2018,11,ARB,LUBAN,2018-12-10 00:00:00,2018-10-12 00:00:00,14.7,57.6,3.5,984.0,60.0,22.0,,,VSCS,56,False,True
2018-011,2018,11,ARB,LUBAN,2018-12-10 03:00:00,2018-10-12 03:00:00,14.7,57.4,3.0,987.0,55.0,25.0,,,SCS,57,False,True
2018-011,2018,11,ARB,LUBAN,2018-12-10 06:00:00,2018-10-12 06:00:00,14.7,57.3,3.0,990.0,50.0,16.0,,,SCS,58,False,True
2018-011,2018,11,ARB,LUBAN,2018-12-10 09:00:00,2018-10-12 09:00:00,14.7,57.2,3.0,990.0,50.0,16.0,,,SCS,59,False,True
2018-011,2018,11,ARB,LUBAN,2018-12-10 12:00:00,2018-10-12 12:00:00,14.7,57.1,3.0,991.0,50.0,15.0,,,SCS,60,False,True
2018-011,2018,11,ARB,LUBAN,2018-12-10 15:00:00,2018-10-12 15:00:00,14.7,56.9,3.0,992.0,50.0,14.0,,,SCS,61,False,True
2018-011,2018,11,ARB,LUBAN,2018-12-10 18:00:00,2018-10-12 18:00:00,14.8,56.6,3.0,994.0,45.0,12.0,,,CS,62,False,True
2018-011,2018,11,ARB,LUBAN,2018-12-10 21:00:00,2018-10-12 21:00:00,14.8,56.3,3.0,994.0,45.0,12.0,,,CS,63,False,True
2018-012,2018,12,BOB,TITLI,2018-10-08 03:00:00,2018-10-08 03:00:00,14.0,88.8,1.5,1002.0,25.0,3.0,,,D,0,False,False
2018-012,2018,12,BOB,TITLI,2018-10-08 06:00:00,2018-10-08 06:00:00,14.0,88.8,1.5,1002.0,25.0,4.0,,,D,1,False,False
2018-012,2018,12,BOB,TITLI,2018-10-08 12:00:00,2018-10-08 12:00:00,14.3,88.2,1.5,1002.0,25.0,4.0,,,D,2,False,False
2018-012,2018,12,BOB,TITLI,2018-10-08 18:00:00,2018-10-08 18:00:00,14.5,87.6,2.0,1000.0,30.0,5.0,,,DD,3,False,False
2018-012,2018,12,BOB,TITLI,2018-10-09 00:00:00,2018-10-09 00:00:00,14.7,87.1,2.0,1000.0,30.0,5.0,,,DD,4,False,False
2018-012,2018,12,BOB,TITLI,2018-10-09 03:00:00,2018-10-09 03:00:00,14.7,86.9,2.0,999.0,30.0,6.0,,,DD,5,False,False
2018-012,2018,12,BOB,TITLI,2018-10-09 06:00:00,2018-10-09 06:00:00,14.8,86.7,2.5,998.0,35.0,7.0,,,CS,6,False,False
2018-012,2018,12,BOB,TITLI,2018-10-09 09:00:00,2018-10-09 09:00:00,14.9,86.6,2.5,997.0,35.0,7.0,,,CS,7,False,False
2018-012,2018,12,BOB,TITLI,2018-10-09 12:00:00,2018-10-09 12:00:00,15.1,86.4,2.5,996.0,40.0,8.0,,,CS,8,False,False
2018-012,2018,12,BOB,TITLI,2018-10-09 15:00:00,2018-10-09 15:00:00,15.3,86.2,2.5,995.0,40.0,9.0,,,CS,9,False,False
2018-012,2018,12,BOB,TITLI,2018-10-09 18:00:00,2018-10-09 18:00:00,15.5,86.0,3.0,996.0,45.0,10.0,,,CS,10,False,False
2018-012,2018,12,BOB,TITLI,2018-10-09 21:00:00,2018-10-09 21:00:00,15.7,85.8,3.0,994.0,50.0,12.0,,,SCS,11,False,False
2018-012,2018,12,BOB,TITLI,2018-10-10 00:00:00,2018-10-10 00:00:00,16.0,85.8,3.5,990.0,55.0,16.0,,,SCS,12,False,False
2018-012,2018,12,BOB,TITLI,2018-10-10 03:00:00,2018-10-10 03:00:00,16.5,85.8,3.5,988.0,60.0,18.0,,,SCS,13,False,False
2018-012,2018,12,BOB,TITLI,2018-10-10 06:00:00,2018-10-10 06:00:00,17.0,85.6,4.0,982.0,70.0,24.0,,,VSCS,14,False,False
2018-012,2018,12,BOB,TITLI,2018-10-10 09:00:00,2018-10-10 09:00:00,17.3,85.4,4.5,976.0,75.0,28.0,,,VSCS,15,False,False
2018-012,2018,12,BOB,TITLI,2018-10-10 12:00:00,2018-10-10 12:00:00,17.5,85.3,4.5,972.0,80.0,32.0,,,VSCS,16,False,False
2018-012,2018,12,BOB,TITLI,2018-10-10 15:00:00,2018-10-10 15:00:00,17.7,85.2,4.5,972.0,80.0,32.0,,,VSCS,17,False,False
2018-012,2018,12,BOB,TITLI,2018-10-10 18:00:00,2018-10-10 18:00:00,18.2,85.1,4.5,972.0,80.0,32.0,,,VSCS,18,False,False
2018-012,2018,12,BOB,TITLI,2018-10-10 21:00:00,2018-10-10 21:00:00,18.6,84.7,4.5,972.0,80.0,32.0,,,VSCS,19,False,False
2018-012,2018,12,BOB,TITLI,2018-10-11 00:00:00,2018-10-11 00:00:00,18.8,84.4,,972.0,80.0,32.0,,,VSCS,20,False,False
2018-012,2018,12,BOB,TITLI,2018-10-11 03:00:00,2018-10-11 03:00:00,19.0,84.1,,985.0,65.0,21.0,,,VSCS,21,False,False
2018-012,2018,12,BOB,TITLI,2018-10-11 06:00:00,2018-10-11 06:00:00,19.3,83.8,,988.0,60.0,18.0,,,SCS,22,False,False
2018-012,2018,12,BOB,TITLI,2018-10-11 09:00:00,2018-10-11 09:00:00,19.6,83.8,,994.0,50.0,12.0,,,SCS,23,False,False
2018-012,2018,12,BOB,TITLI,2018-10-11 12:00:00,2018-10-11 12:00:00,19.9,83.7,,996.0,45.0,10.0,,,CS,24,False,False
2018-012,2018,12,BOB,TITLI,2018-10-11 15:00:00,2018-10-11 15:00:00,20.1,84.0,,998.0,40.0,8.0,,,CS,25,False,False
2018-012,2018,12,BOB,TITLI,2018-10-11 18:00:00,2018-10-11 18:00:00,20.3,84.3,,999.0,30.0,6.0,,,DD,26,False,False
2018-012,2018,12,BOB,TITLI,2018-10-12 00:00:00,2018-10-12 00:00:00,20.5,84.7,,1000.0,30.0,6.0,,,DD,27,False,False
2018-012,2018,12,BOB,TITLI,2018-10-12 03:00:00,2018-10-12 03:00:00,20.6,84.9,,1001.0,30.0,5.0,,,DD,28,False,False
2018-012,2018,12,BOB,TITLI,2018-10-12 06:00:00,2018-10-12 06:00:00,20.8,85.2,,1001.0,30.0,5.0,,,DD,29,False,False
2018-012,2018,12,BOB,TITLI,2018-10-12 09:00:00,2018-10-12 09:00:00,20.9,85.5,,1002.0,25.0,4.0,,,D,30,False,False
2018-012,2018,12,BOB,TITLI,2018-10-12 12:00:00,2018-10-12 12:00:00,21.2,86.1,,1002.0,25.0,4.0,,,D,31,False,False
2018-012,2018,12,BOB,TITLI,2018-10-12 18:00:00,2018-10-12 18:00:00,21.9,87.2,,1003.0,25.0,4.0,,,D,32,False,False
2018-012,2018,12,BOB,TITLI,2018-10-12 21:00:00,2018-10-12 21:00:00,22.1,87.5,,1004.0,20.0,3.0,,,D,33,False,False
2018-013,2018,13,BOB,GAJA,2018-11-10 00:00:00,2018-11-10 00:00:00,13.4,89.3,2.5,999.0,35.0,7.0,,,CS,0,False,False
2018-013,2018,13,BOB,GAJA,2018-11-10 03:00:00,2018-11-10 03:00:00,11.7,92.5,1.5,1003.0,25.0,3.0,,,D,1,False,False
2018-013,2018,13,BOB,GAJA,2018-11-10 06:00:00,2018-11-10 06:00:00,12.0,92.0,1.5,1002.0,25.0,4.0,,,D,2,False,False
2018-013,2018,13,BOB,GAJA,2018-11-10 12:00:00,2018-11-10 12:00:00,12.6,90.8,2.0,1001.0,30.0,5.0,,,DD,3,False,False
2018-013,2018,13,BOB,GAJA,2018-11-10 18:00:00,2018-11-10 18:00:00,13.0,89.9,2.0,1000.0,30.0,6.0,,,DD,4,False,False
2018-013,2018,13,BOB,GAJA,2018-11-11 03:00:00,2018-11-11 03:00:00,13.5,88.9,2.5,999.0,35.0,7.0,,,CS,5,False,False
2018-013,2018,13,BOB,GAJA,2018-11-11 06:00:00,2018-11-11 06:00:00,13.5,88.5,2.5,998.0,40.0,8.0,,,CS,6,False,False
2018-013,2018,13,BOB,GAJA,2018-11-11 09:00:00,2018-11-11 09:00:00,13.5,88.2,2.5,998.0,40.0,8.0,,,CS,7,False,False
2018-013,2018,13,BOB,GAJA,2018-11-11 12:00:00,2018-11-11 12:00:00,13.5,88.0,2.5,998.0,40.0,8.0,,,CS,8,False,False
2018-013,2018,13,BOB,GAJA,2018-11-11 15:00:00,2018-11-11 15:00:00,13.5,87.7,2.5,998.0,40.0,8.0,,,CS,9,False,False
2018-013,2018,13,BOB,GAJA,2018-11-11 18:00:00,2018-11-11 18:00:00,13.4,87.4,2.5,998.0,40.0,8.0,,,CS,10,False,False
2018-013,2018,13,BOB,GAJA,2018-11-11 21:00:00,2018-11-11 21:00:00,13.5,87.2,2.5,998.0,40.0,8.0,,,CS,11,False,False
2018-013,2018,13,BOB,GAJA,2018-11-12 00:00:00,2018-11-12 00:00:00,13.3,87.1,2.5,998.0,40.0,8.0,,,CS,12,False,False
2018-013,2018,13,BOB,GAJA,2018-11-12 03:00:00,2018-11-12 03:00:00,13.1,87.0,2.5,998.0,40.0,8.0,,,CS,13,False,False
2018-013,2018,13,BOB,GAJA,2018-11-12 06:00:00,2018-11-12 06:00:00,12.9,86.9,2.5,998.0,40.0,8.0,,,CS,14,False,False
2018-013,2018,13,BOB,GAJA,2018-11-12 09:00:00,2018-11-12 09:00:00,12.9,86.9,2.5,998.0,40.0,8.0,,,CS,15,False,False
2018-013,2018,13,BOB,GAJA,2018-11-12 12:00:00,2018-11-12 12:00:00,12.6,87.3,2.5,998.0,40.0,8.0,,,CS,16,False,False
2018-013,2018,13,BOB,GAJA,2018-11-12 15:00:00,2018-11-12 15:00:00,12.9,87.5,2.5,998.0,40.0,8.0,,,CS,17,False,False
2018-013,2018,13,BOB,GAJA,2018-11-12 18:00:00,2018-11-12 18:00:00,13.2,87.5,2.5,996.0,45.0,8.0,,,CS,18,False,False
2018-013,2018,13,BOB,GAJA,2018-11-12 21:00:00,2018-11-12 21:00:00,13.2,87.3,2.5,996.0,45.0,8.0,,,CS,19,False,False
2018-013,2018,13,BOB,GAJA,2018-11-13 00:00:00,2018-11-13 00:00:00,13.2,87.2,2.5,998.0,40.0,8.0,,,CS,20,False,False
2018-013,2018,13,BOB,GAJA,2018-11-13 03:00:00,2018-11-13 03:00:00,13.3,87.1,2.5,998.0,40.0,8.0,,,CS,21,False,False
2018-013,2018,13,BOB,GAJA,2018-11-13 06:00:00,2018-11-13 06:00:00,13.5,86.6,2.5,998.0,40.0,8.0,,,CS,22,False,False
2018-013,2018,13,BOB,GAJA,2018-11-13 09:00:00,2018-11-13 09:00:00,13.4,86.4,2.5,998.0,40.0,8.0,,,CS,23,False,False
2018-013,2018,13,BOB,GAJA,2018-11-13 12:00:00,2018-11-13 12:00:00,13.4,86.0,2.5,998.0,40.0,8.0,,,CS,24,False,False
2018-013,2018,13,BOB,GAJA,2018-11-13 15:00:00,2018-11-13 15:00:00,13.2,85.8,2.5,998.0,40.0,8.0,,,CS,25,False,False
2018-013,2018,13,BOB,GAJA,2018-11-13 18:00:00,2018-11-13 18:00:00,13.2,85.6,2.5,998.0,40.0,8.0,,,CS,26,False,False
2018-013,2018,13,BOB,GAJA,2018-11-13 21:00:00,2018-11-13 21:00:00,13.1,85.5,2.5,998.0,40.0,8.0,,,CS,27,False,False
2018-013,2018,13,BOB,GAJA,2018-11-14 00:00:00,2018-11-14 00:00:00,13.1,85.3,2.5,998.0,40.0,8.0,,,CS,28,False,False
2018-013,2018,13,BOB,GAJA,2018-11-14 03:00:00,2018-11-14 03:00:00,13.0,85.1,2.5,998.0,40.0,8.0,,,CS,29,False,False
2018-013,2018,13,BOB,GAJA,2018-11-14 06:00:00,2018-11-14 06:00:00,12.8,84.8,2.5,996.0,45.0,10.0,,,CS,30,False,False
2018-013,2018,13,BOB,GAJA,2018-11-14 09:00:00,2018-11-14 09:00:00,12.6,84.6,2.5,996.0,45.0,10.0,,,CS,31,False,False
2018-013,2018,13,BOB,GAJA,2018-11-14 12:00:00,2018-11-14 12:00:00,12.4,84.2,2.5,996.0,45.0,10.0,,,CS,32,False,False
2018-013,2018,13,BOB,GAJA,2018-11-14 15:00:00,2018-11-14 15:00:00,12.2,84.2,2.5,996.0,45.0,10.0,,,CS,33,False,False
2018-013,2018,13,BOB,GAJA,2018-11-14 18:00:00,2018-11-14 18:00:00,12.0,83.8,2.5,996.0,45.0,10.0,,,CS,34,False,False
2018-013,2018,13,BOB,GAJA,2018-11-14 21:00:00,2018-11-14 21:00:00,11.8,83.4,2.5,996.0,45.0,10.0,,,CS,35,False,False
2018-013,2018,13,BOB,GAJA,2018-11-15 00:00:00,2018-11-15 00:00:00,11.5,83.2,2.5,996.0,45.0,10.0,,,CS,36,False,False
2018-013,2018,13,BOB,GAJA,2018-11-15 03:00:00,2018-11-15 03:00:00,11.3,82.6,3.0,994.0,50.0,12.0,,,SCS,37,False,False
2018-013,2018,13,BOB,GAJA,2018-11-15 06:00:00,2018-11-15 06:00:00,11.2,82.0,3.5,990.0,55.0,15.0,,,SCS,38,False,False
2018-013,2018,13,BOB,GAJA,2018-11-15 09:00:00,2018-11-15 09:00:00,11.0,81.5,3.5,989.0,55.0,16.0,,,SCS,39,False,False
2018-013,2018,13,BOB,GAJA,2018-11-15 12:00:00,2018-11-15 12:00:00,10.8,81.2,3.5,988.0,60.0,18.0,,,SCS,40,False,False
2018-013,2018,13,BOB,GAJA,2018-11-15 15:00:00,2018-11-15 15:00:00,10.6,80.7,4.0,984.0,65.0,21.0,,,VSCS,41,False,False
2018-013,2018,13,BOB,GAJA,2018-11-15 18:00:00,2018-11-15 18:00:00,10.5,80.3,4.0,976.0,70.0,30.0,,,VSCS,42,False,False
2018-013,2018,13,BOB,GAJA,2018-11-15 21:00:00,2018-11-15 21:00:00,10.4,79.7,,976.0,70.0,30.0,,,VSCS,43,False,False
2018-013,2018,13,BOB,GAJA,2018-11-16 00:00:00,2018-11-16 00:00:00,10.4,79.2,,990.0,55.0,15.0,,,SCS,44,False,False
2018-013,2018,13,BOB,GAJA,2018-11-16 03:00:00,2018-11-16 03:00:00,10.4,78.5,,996.0,45.0,10.0,,,CS,45,False,False
2018-013,2018,13,BOB,GAJA,2018-11-16 06:00:00,2018-11-16 06:00:00,10.5,77.6,,1000.0,30.0,6.0,,,DD,46,False,False
2018-013,2018,13,BOB,GAJA,2018-11-16 12:00:00,2018-11-16 12:00:00,10.1,76.4,1.5,1002.0,25.0,4.0,,,D,47,False,False
2018-013,2018,13,BOB,GAJA,2018-11-16 18:00:00,2018-11-16 18:00:00,9.9,75.3,1.5,1002.0,25.0,4.0,,,D,48,False,False
2018-013,2018,13,BOB,GAJA,2018-11-17 00:00:00,2018-11-17 00:00:00,9.8,74.3,2.0,1003.0,30.0,5.0,,,DD,49,False,False
2018-013,2018,13,BOB,GAJA,2018-11-17 03:00:00,2018-11-17 03:00:00,9.8,73.7,2.0,1003.0,30.0,5.0,,,DD,50,False,False
2018-013,2018,13,BOB,GAJA,2018-11-17 06:00:00,2018-11-17 06:00:00,9.8,73.2,2.0,1003.0,30.0,5.0,,,DD,51,False,False
2018-013,2018,13,BOB,GAJA,2018-11-17 12:00:00,2018-11-17 12:00:00,9.9,71.7,2.0,1003.0,30.0,5.0,,,DD,52,False,False
2018-013,2018,13,BOB,GAJA,2018-11-17 18:00:00,2018-11-17 18:00:00,10.1,70.5,2.0,1003.0,30.0,5.0,,,DD,53,False,False
2018-013,2018,13,BOB,GAJA,2018-11-18 00:00:00,2018-11-18 00:00:00,10.3,69.6,2.0,1003.0,30.0,5.0,,,DD,54,False,False
2018-013,2018,13,BOB,GAJA,2018-11-18 03:00:00,2018-11-18 03:00:00,10.4,69.4,2.0,1003.0,30.0,5.0,,,DD,55,False,False
2018-013,2018,13,BOB,GAJA,2018-11-18 06:00:00,2018-11-18 06:00:00,10.5,69.0,2.0,1003.0,30.0,5.0,,,DD,56,False,False
2018-013,2018,13,BOB,GAJA,2018-11-18 12:00:00,2018-11-18 12:00:00,10.7,68.5,2.0,1003.0,30.0,5.0,,,DD,57,False,False
2018-013,2018,13,BOB,GAJA,2018-11-18 18:00:00,2018-11-18 18:00:00,10.8,67.5,2.0,1003.0,30.0,5.0,,,DD,58,False,False
2018-013,2018,13,BOB,GAJA,2018-11-19 00:00:00,2018-11-19 00:00:00,11.0,66.6,2.0,1003.0,30.0,5.0,,,DD,59,False,False
2018-013,2018,13,BOB,GAJA,2018-11-19 03:00:00,2018-11-19 03:00:00,11.1,66.3,2.0,1003.0,30.0,5.0,,,DD,60,False,False
2018-013,2018,13,BOB,GAJA,2018-11-19 06:00:00,2018-11-19 06:00:00,11.2,65.8,1.5,1004.0,25.0,4.0,,,D,61,False,False
2018-013,2018,13,BOB,GAJA,2018-11-19 12:00:00,2018-11-19 12:00:00,11.2,65.0,1.5,1004.0,25.0,4.0,,,D,62,False,False
2018-014,2018,14,BOB,PHETHAI,2018-12-13 00:00:00,2018-12-13 00:00:00,6.5,88.7,1.5,1004.0,25.0,3.0,,,D,0,False,False
2018-014,2018,14,BOB,PHETHAI,2018-12-13 00:00:00,2018-12-13 00:00:00,8.2,87.6,2.0,1002.0,30.0,5.0,,,DD,1,False,False
2018-014,2018,14,BOB,PHETHAI,2018-12-13 03:00:00,2018-12-13 03:00:00,6.7,88.6,1.5,1004.0,25.0,3.0,,,D,2,False,False
2018-014,2018,14,BOB,PHETHAI,2018-12-13 06:00:00,2018-12-13 06:00:00,6.8,88.5,1.5,1003.0,25.0,4.0,,,D,3,False,False
2018-014,2018,14,BOB,PHETHAI,2018-12-13 12:00:00,2018-12-13 12:00:00,7.3,88.2,1.5,1003.0,25.0,4.0,,,D,4,False,False
2018-014,2018,14,BOB,PHETHAI,2018-12-13 18:00:00,2018-12-13 18:00:00,7.6,88.0,2.0,1002.0,30.0,5.0,,,DD,5,False,False
2018-014,2018,14,BOB,PHETHAI,2018-12-14 03:00:00,2018-12-14 03:00:00,8.5,87.4,2.0,1002.0,30.0,5.0,,,DD,6,False,False
2018-014,2018,14,BOB,PHETHAI,2018-12-14 06:00:00,2018-12-14 06:00:00,8.5,87.4,2.0,1002.0,30.0,5.0,,,DD,7,False,False
2018-014,2018,14,BOB,PHETHAI,2018-12-14 12:00:00,2018-12-14 12:00:00,8.6,86.8,2.0,1002.0,30.0,5.0,,,DD,8,False,False
2018-014,2018,14,BOB,PHETHAI,2018-12-14 18:00:00,2018-12-14 18:00:00,8.8,86.2,2.0,1002.0,30.0,5.0,,,DD,9,False,False
2018-014,2018,14,BOB,PHETHAI,2018-12-15 00:00:00,2018-12-15 00:00:00,9.0,85.5,2.0,1002.0,30.0,5.0,,,DD,10,False,False
2018-014,2018,14,BOB,PHETHAI,2018-12-15 03:00:00,2018-12-15 03:00:00,9.2,85.2,2.0,1001.0,30.0,6.0,,,DD,11,False,False
2018-014,2018,14,BOB,PHETHAI,2018-12-15 06:00:00,2018-12-15 06:00:00,9.4,85.1,2.0,1001.0,30.0,6.0,,,DD,12,False,False
2018-014,2018,14,BOB,PHETHAI,2018-12-15 12:00:00,2018-12-15 12:00:00,10.3,84.9,2.5,1000.0,35.0,7.0,,,CS,13,False,False
2018-014,2018,14,BOB,PHETHAI,2018-12-15 15:00:00,2018-12-15 15:00:00,10.7,84.7,2.5,1000.0,35.0,7.0,,,CS,14,False,False
2018-014,2018,14,BOB,PHETHAI,2018-12-15 18:00:00,2018-12-15 18:00:00,11.0,84.6,2.5,1000.0,35.0,7.0,,,CS,15,False,False
2018-014,2018,14,BOB,PHETHAI,2018-12-15 21:00:00,2018-12-15 21:00:00,11.1,84.5,2.5,1000.0,35.0,7.0,,,CS,16,False,False
2018-014,2018,14,BOB,PHETHAI,2018-12-16 00:00:00,2018-12-16 00:00:00,11.3,84.3,3.0,998.0,40.0,8.0,,,CS,17,False,False
2018-014,2018,14,BOB,PHETHAI,2018-12-16 03:00:00,2018-12-16 03:00:00,11.8,84.1,3.0,996.0,45.0,10.0,,,CS,18,False,False
2018-014,2018,14,BOB,PHETHAI,2018-12-16 06:00:00,2018-12-16 06:00:00,12.2,83.9,3.0,996.0,45.0,10.0,,,CS,19,False,False
2018-014,2018,14,BOB,PHETHAI,2018-12-16 09:00:00,2018-12-16 09:00:00,12.0,83.6,3.0,994.0,50.0,13.0,,,SCS,20,False,False
2018-014,2018,14,BOB,PHETHAI,2018-12-16 12:00:00,2018-12-16 12:00:00,13.3,83.0,3.5,992.0,55.0,15.0,,,SCS,21,False,False
2018-014,2018,14,BOB,PHETHAI,2018-12-16 15:00:00,2018-12-16 15:00:00,13.8,82.7,3.5,992.0,55.0,15.0,,,SCS,22,False,False
2018-014,2018,14,BOB,PHETHAI,2018-12-16 18:00:00,2018-12-16 18:00:00,14.0,82.5,3.5,992.0,55.0,15.0,,,SCS,23,False,False
2018-014,2018,14,BOB,PHETHAI,2018-12-16 21:00:00,2018-12-16 21:00:00,14.5,82.2,3.5,992.0,55.0,15.0,,,SCS,24,False,False
2018-014,2018,14,BOB,PHETHAI,2018-12-17 00:00:00,2018-12-17 00:00:00,15.2,82.2,3.0,994.0,50.0,13.0,,,SCS,25,False,False
2018-014,2018,14,BOB,PHETHAI,2018-12-17 03:00:00,2018-12-17 03:00:00,15.8,82.2,3.0,997.0,45.0,10.0,,,CS,26,False,False
2018-014,2018,14,BOB,PHETHAI,2018-12-17 06:00:00,2018-12-17 06:00:00,16.2,82.2,3.0,997.0,45.0,10.0,,,CS,27,False,False
2018-014,2018,14,BOB,PHETHAI,2018-12-17 09:00:00,2018-12-17 09:00:00,16.7,82.3,,998.0,40.0,8.0,,,CS,28,False,False
2018-014,2018,14,BOB,PHETHAI,2018-12-17 12:00:00,2018-12-17 12:00:00,16.9,82.4,2.0,1001.0,30.0,6.0,,,DD,29,False,False
2018-014,2018,14,BOB,PHETHAI,2018-12-17 15:00:00,2018-12-17 15:00:00,17.3,82.5,,1004.0,30.0,5.0,,,DD,30,False,False
2018-014,2018,14,BOB,PHETHAI,2018-12-17 18:00:00,2018-12-17 18:00:00,17.5,82.5,,1006.0,25.0,3.0,,,D,31,False,False
2019-001,2019,1,BOB,PABUK,2019-01-04 12:00:00,2019-01-04 12:00:00,8.5,99.7,,998.0,45.0,10.0,,,CS,0,False,False
2019-001,2019,1,BOB,PABUK,2019-01-04 15:00:00,2019-01-04 15:00:00,8.6,99.5,,998.0,45.0,10.0,,,CS,1,False,False
2019-001,2019,1,BOB,PABUK,2019-01-04 18:00:00,2019-01-04 18:00:00,8.7,99.2,,998.0,45.0,10.0,,,CS,2,False,False
2019-001,2019,1,BOB,PABUK,2019-01-04 21:00:00,2019-01-04 21:00:00,8.8,99.0,,998.0,45.0,10.0,,,CS,3,False,False
2019-001,2019,1,BOB,PABUK,2019-01-05 00:00:00,2019-01-05 00:00:00,8.9,98.7,,1000.0,40.0,8.0,,,CS,4,False,False
2019-001,2019,1,BOB,PABUK,2019-01-05 03:00:00,2019-01-05 03:00:00,9.1,98.1,,1000.0,40.0,8.0,,,CS,5,False,False
2019-001,2019,1,BOB,PABUK,2019-01-05 06:00:00,2019-01-05 06:00:00,9.3,97.6,2.5,1000.0,40.0,8.0,,,CS,6,False,False
2019-001,2019,1,BOB,PABUK,2019-01-05 09:00:00,2019-01-05 09:00:00,9.5,97.3,2.5,1000.0,40.0,8.0,,,CS,7,False,False
2019-001,2019,1,BOB,PABUK,2019-01-05 12:00:00,2019-01-05 12:00:00,9.8,97.1,2.5,1000.0,40.0,8.0,,,CS,8,False,False
2019-001,2019,1,BOB,PABUK,2019-01-05 15:00:00,2019-01-05 15:00:00,10.1,96.8,2.5,1000.0,40.0,8.0,,,CS,9,False,False
2019-001,2019,1,BOB,PABUK,2019-01-05 18:00:00,2019-01-05 18:00:00,10.4,96.5,2.5,1001.0,35.0,7.0,,,CS,10,False,False
2019-001,2019,1,BOB,PABUK,2019-01-05 21:00:00,2019-01-05 21:00:00,10.7,96.0,2.5,1001.0,35.0,7.0,,,CS,11,False,False
2019-001,2019,1,BOB,PABUK,2019-01-06 00:00:00,2019-01-06 00:00:00,11.0,95.5,2.5,1001.0,35.0,7.0,,,CS,12,False,False
2019-001,2019,1,BOB,PABUK,2019-01-06 03:00:00,2019-01-06 03:00:00,11.1,94.6,2.5,1001.0,35.0,7.0,,,CS,13,False,False
2019-001,2019,1,BOB,PABUK,2019-01-06 06:00:00,2019-01-06 06:00:00,11.2,94.0,2.0,1002.0,30.0,6.0,,,DD,14,False,False
2019-001,2019,1,BOB,PABUK,2019-01-06 12:00:00,2019-01-06 12:00:00,11.5,92.9,2.0,1003.0,30.0,5.0,,,DD,15,False,False
2019-001,2019,1,BOB,PABUK,2019-01-06 18:00:00,2019-01-06 18:00:00,12.0,92.2,2.0,1003.0,30.0,5.0,,,DD,16,False,False
2019-001,2019,1,BOB,PABUK,2019-01-07 00:00:00,2019-01-07 00:00:00,12.6,92.0,1.5,1004.0,25.0,4.0,,,D,17,False,False
2019-001,2019,1,BOB,PABUK,2019-01-07 03:00:00,2019-01-07 03:00:00,12.8,92.0,1.5,1004.0,25.0,4.0,,,D,18,False,False
2019-001,2019,1,BOB,PABUK,2019-01-07 06:00:00,2019-01-07 06:00:00,12.8,92.0,1.5,1004.0,25.0,4.0,,,D,19,False,False
2019-001,2019,1,BOB,PABUK,2019-01-07 12:00:00,2019-01-07 12:00:00,13.1,92.0,1.5,1004.0,25.0,4.0,,,D,20,False,False
2019-001,2019,1,BOB,PABUK,2019-01-07 18:00:00,2019-01-07 18:00:00,13.1,92.0,1.5,1005.0,20.0,3.0,,,D,21,False,False
2019-002,2019,2,BOB,FANI,2019-04-26 03:00:00,2019-04-26 03:00:00,2.7,89.7,1.5,998.0,25.0,4.0,,,D,0,False,False
2019-002,2019,2,BOB,FANI,2019-04-26 06:00:00,2019-04-26 06:00:00,3.0,89.4,1.5,998.0,25.0,4.0,,,D,1,False,False
2019-002,2019,2,BOB,FANI,2019-04-26 12:00:00,2019-04-26 12:00:00,3.2,89.2,1.5,998.0,25.0,4.0,,,D,2,False,False
2019-002,2019,2,BOB,FANI,2019-04-26 18:00:00,2019-04-26 18:00:00,3.7,88.8,1.5,998.0,25.0,4.0,,,D,3,False,False
2019-002,2019,2,BOB,FANI,2019-04-27 00:00:00,2019-04-27 00:00:00,4.5,88.8,2.0,997.0,30.0,5.0,,,DD,4,False,False
2019-002,2019,2,BOB,FANI,2019-04-27 03:00:00,2019-04-27 03:00:00,4.9,88.7,2.0,996.0,30.0,6.0,,,DD,5,False,False
2019-002,2019,2,BOB,FANI,2019-04-27 06:00:00,2019-04-27 06:00:00,5.2,88.6,2.5,995.0,35.0,7.0,,,CS,6,False,False
2019-002,2019,2,BOB,FANI,2019-04-27 09:00:00,2019-04-27 09:00:00,5.4,88.5,2.5,994.0,40.0,8.0,,,CS,7,False,False
2019-002,2019,2,BOB,FANI,2019-04-27 12:00:00,2019-04-27 12:00:00,5.9,88.5,3.0,992.0,45.0,10.0,,,CS,8,False,False
2019-002,2019,2,BOB,FANI,2019-04-27 15:00:00,2019-04-27 15:00:00,6.3,88.5,3.0,992.0,45.0,10.0,,,CS,9,False,False
2019-002,2019,2,BOB,FANI,2019-04-27 18:00:00,2019-04-27 18:00:00,6.6,88.2,3.0,992.0,45.0,10.0,,,CS,10,False,False
2019-002,2019,2,BOB,FANI,2019-04-27 21:00:00,2019-04-27 21:00:00,6.9,87.9,3.0,992.0,45.0,10.0,,,CS,11,False,False
2019-002,2019,2,BOB,FANI,2019-04-28 00:00:00,2019-04-28 00:00:00,7.3,87.9,3.0,992.0,45.0,10.0,,,CS,12,False,False
2019-002,2019,2,BOB,FANI,2019-04-28 03:00:00,2019-04-28 03:00:00,7.3,87.9,3.0,992.0,45.0,10.0,,,CS,13,False,False
2019-002,2019,2,BOB,FANI,2019-04-28 06:00:00,2019-04-28 06:00:00,7.4,87.8,3.0,992.0,45.0,10.0,,,CS,14,False,False
2019-002,2019,2,BOB,FANI,2019-04-28 09:00:00,2019-04-28 09:00:00,7.7,87.5,3.0,992.0,45.0,10.0,,,CS,15,False,False
2019-002,2019,2,BOB,FANI,2019-04-28 12:00:00,2019-04-28 12:00:00,8.2,87.0,3.0,992.0,45.0,10.0,,,CS,16,False,False
2019-002,2019,2,BOB,FANI,2019-04-28 15:00:00,2019-04-28 15:00:00,8.3,86.9,3.0,992.0,45.0,10.0,,,CS,17,False,False
2019-002,2019,2,BOB,FANI,2019-04-28 18:00:00,2019-04-28 18:00:00,8.4,86.9,3.0,992.0,45.0,10.0,,,CS,18,False,False
2019-002,2019,2,BOB,FANI,2019-04-28 21:00:00,2019-04-28 21:00:00,8.5,86.9,3.0,992.0,45.0,10.0,,,CS,19,False,False
2019-002,2019,2,BOB,FANI,2019-04-29 00:00:00,2019-04-29 00:00:00,8.6,86.9,3.0,992.0,45.0,10.0,,,CS,20,False,False
2019-002,2019,2,BOB,FANI,2019-04-29 03:00:00,2019-04-29 03:00:00,8.7,86.9,3.0,992.0,45.0,10.0,,,CS,21,False,False
2019-002,2019,2,BOB,FANI,2019-04-29 06:00:00,2019-04-29 06:00:00,9.2,86.9,3.0,992.0,45.0,10.0,,,CS,22,False,False
2019-002,2019,2,BOB,FANI,2019-04-29 09:00:00,2019-04-29 09:00:00,9.7,86.8,3.0,992.0,45.0,10.0,,,CS,23,False,False
2019-002,2019,2,BOB,FANI,2019-04-29 12:00:00,2019-04-29 12:00:00,10.1,86.7,3.5,986.0,55.0,16.0,,,SCS,24,False,False
2019-002,2019,2,BOB,FANI,2019-04-29 15:00:00,2019-04-29 15:00:00,10.4,86.7,3.5,986.0,55.0,16.0,,,SCS,25,False,False
2019-002,2019,2,BOB,FANI,2019-04-29 18:00:00,2019-04-29 18:00:00,10.8,86.6,3.5,986.0,55.0,16.0,,,SCS,26,False,False
2019-002,2019,2,BOB,FANI,2019-04-29 21:00:00,2019-04-29 21:00:00,11.1,86.5,4.0,982.0,65.0,20.0,,,VSCS,27,False,False
2019-002,2019,2,BOB,FANI,2019-04-30 00:00:00,2019-04-30 00:00:00,11.7,86.5,4.0,980.0,70.0,22.0,,,VSCS,28,False,False
2019-002,2019,2,BOB,FANI,2019-04-30 03:00:00,2019-04-30 03:00:00,12.3,86.2,4.5,974.0,75.0,28.0,,,VSCS,29,False,False
2019-002,2019,2,BOB,FANI,2019-04-30 06:00:00,2019-04-30 06:00:00,12.6,85.7,4.5,970.0,80.0,32.0,,,VSCS,30,False,False
2019-002,2019,2,BOB,FANI,2019-04-30 09:00:00,2019-04-30 09:00:00,13.0,85.3,4.5,966.0,85.0,36.0,,,VSCS,31,False,False
2019-002,2019,2,BOB,FANI,2019-04-30 12:00:00,2019-04-30 12:00:00,13.3,84.7,5.0,962.0,90.0,40.0,,,ESCS,32,False,False
2019-002,2019,2,BOB,FANI,2019-04-30 15:00:00,2019-04-30 15:00:00,13.4,84.5,5.0,957.0,95.0,45.0,,,ESCS,33,False,False
2019-002,2019,2,BOB,FANI,2019-04-30 18:00:00,2019-04-30 18:00:00,13.5,84.4,5.0,957.0,95.0,45.0,,,ESCS,34,False,False
2019-002,2019,2,BOB,FANI,2019-04-30 21:00:00,2019-04-30 21:00:00,13.6,84.2,5.0,957.0,95.0,45.0,,,ESCS,35,False,False
2019-002,2019,2,BOB,FANI,2019-05-01 00:00:00,2019-05-01 00:00:00,13.9,84.0,5.0,957.0,95.0,45.0,,,ESCS,36,False,False
2019-002,2019,2,BOB,FANI,2019-05-01 03:00:00,2019-05-01 03:00:00,14.1,83.9,5.0,957.0,95.0,45.0,,,ESCS,37,False,False
2019-002,2019,2,BOB,FANI,2019-05-01 06:00:00,2019-05-01 06:00:00,14.2,83.9,5.0,957.0,95.0,45.0,,,ESCS,38,False,False
2019-002,2019,2,BOB,FANI,2019-05-01 09:00:00,2019-05-01 09:00:00,14.5,84.1,5.0,955.0,95.0,45.0,,,ESCS,39,False,False
2019-002,2019,2,BOB,FANI,2019-05-01 12:00:00,2019-05-01 12:00:00,14.9,84.1,5.5,950.0,100.0,50.0,,,ESCS,40,False,False
2019-002,2019,2,BOB,FANI,2019-05-01 15:00:00,2019-05-01 15:00:00,15.1,84.1,5.5,950.0,100.0,50.0,,,ESCS,41,False,False
2019-002,2019,2,BOB,FANI,2019-05-01 18:00:00,2019-05-01 18:00:00,15.2,84.1,5.5,950.0,100.0,50.0,,,ESCS,42,False,False
2019-002,2019,2,BOB,FANI,2019-05-01 21:00:00,2019-05-01 21:00:00,15.5,84.2,5.5,950.0,100.0,50.0,,,ESCS,43,False,False
2019-002,2019,2,BOB,FANI,2019-05-02 00:00:00,2019-05-02 00:00:00,15.9,84.5,5.5,945.0,105.0,55.0,,,ESCS,44,False,False
2019-002,2019,2,BOB,FANI,2019-05-02 03:00:00,2019-05-02 03:00:00,16.2,84.6,5.5,945.0,105.0,55.0,,,ESCS,45,False,False
2019-002,2019,2,BOB,FANI,2019-05-02 06:00:00,2019-05-02 06:00:00,16.7,84.8,6.0,940.0,110.0,60.0,,,ESCS,46,False,False
2019-002,2019,2,BOB,FANI,2019-05-02 09:00:00,2019-05-02 09:00:00,17.1,84.8,6.0,932.0,115.0,66.0,,,ESCS,47,False,False
2019-002,2019,2,BOB,FANI,2019-05-02 12:00:00,2019-05-02 12:00:00,17.5,84.8,6.0,932.0,115.0,66.0,,,ESCS,48,False,False
2019-002,2019,2,BOB,FANI,2019-05-02 15:00:00,2019-05-02 15:00:00,17.8,84.9,6.0,934.0,115.0,66.0,,,ESCS,49,False,False
2019-002,2019,2,BOB,FANI,2019-05-02 18:00:00,2019-05-02 18:00:00,18.2,85.0,6.0,934.0,115.0,66.0,,,ESCS,50,False,False
2019-002,2019,2,BOB,FANI,2019-05-02 21:00:00,2019-05-02 21:00:00,18.6,85.2,6.0,934.0,115.0,66.0,,,ESCS,51,False,False
2019-002,2019,2,BOB,FANI,2019-05-03 00:00:00,2019-05-03 00:00:00,19.1,85.5,6.0,945.0,105.0,55.0,,,ESCS,52,False,False
2019-002,2019,2,BOB,FANI,2019-05-03 03:00:00,2019-05-03 03:00:00,19.6,85.7,5.5,952.0,100.0,50.0,,,ESCS,53,False,False
2019-002,2019,2,BOB,FANI,2019-05-03 06:00:00,2019-05-03 06:00:00,20.2,85.9,,966.0,85.0,36.0,,,VSCS,54,False,False
2019-002,2019,2,BOB,FANI,2019-05-03 09:00:00,2019-05-03 09:00:00,20.6,86.0,,970.0,75.0,28.0,,,VSCS,55,False,False
2019-002,2019,2,BOB,FANI,2019-05-03 12:00:00,2019-05-03 12:00:00,21.1,86.5,,976.0,70.0,22.0,,,VSCS,56,False,False
2019-002,2019,2,BOB,FANI,2019-05-03 15:00:00,2019-05-03 15:00:00,21.5,86.7,,980.0,60.0,18.0,,,SCS,57,False,False
2019-002,2019,2,BOB,FANI,2019-05-03 18:00:00,2019-05-03 18:00:00,21.9,87.1,,984.0,55.0,16.0,,,SCS,58,False,False
2019-002,2019,2,BOB,FANI,2019-05-03 21:00:00,2019-05-03 21:00:00,22.5,87.9,,986.0,50.0,12.0,,,SCS,59,False,False
2019-002,2019,2,BOB,FANI,2019-05-04 00:00:00,2019-05-04 00:00:00,23.1,88.2,,994.0,40.0,8.0,,,CS,60,False,False
2019-002,2019,2,BOB,FANI,2019-05-04 03:00:00,2019-05-04 03:00:00,23.6,88.8,,996.0,30.0,6.0,,,DD,61,False,False
2019-002,2019,2,BOB,FANI,2019-05-04 06:00:00,2019-05-04 06:00:00,24.3,89.3,,998.0,25.0,5.0,,,D,62,False,False
2019-002,2019,2,BOB,FANI,2019-05-04 12:00:00,2019-05-04 12:00:00,25.2,90.7,,1000.0,20.0,4.0,,,D,63,False,False
2019-003,2019,3,ARB,VAYU,2019-06-10 00:00:00,2019-06-10 00:00:00,11.7,71.0,1.5,998.0,25.0,3.0,,,D,0,False,False
2019-003,2019,3,ARB,VAYU,2019-06-10 03:00:00,2019-06-10 03:00:00,12.5,71.0,1.5,998.0,25.0,3.0,,,D,1,False,False
2019-003,2019,3,ARB,VAYU,2019-06-10 06:00:00,2019-06-10 06:00:00,12.5,70.9,2.0,997.0,30.0,4.0,,,DD,2,False,False
2019-003,2019,3,ARB,VAYU,2019-06-10 12:00:00,2019-06-10 12:00:00,13.3,70.8,2.0,996.0,30.0,5.0,,,DD,3,False,False
2019-003,2019,3,ARB,VAYU,2019-06-10 18:00:00,2019-06-10 18:00:00,13.9,70.6,2.5,995.0,35.0,6.0,,,CS,4,False,False
2019-003,2019,3,ARB,VAYU,2019-06-10 21:00:00,2019-06-10 21:00:00,14.2,70.6,2.5,994.0,35.0,7.0,,,CS,5,False,False
2019-003,2019,3,ARB,VAYU,2019-06-11 00:00:00,2019-06-11 00:00:00,14.7,70.6,2.5,993.0,40.0,8.0,,,CS,6,False,False
2019-003,2019,3,ARB,VAYU,2019-06-11 03:00:00,2019-06-11 03:00:00,15.0,70.6,2.5,992.0,40.0,9.0,,,CS,7,False,False
2019-003,2019,3,ARB,VAYU,2019-06-11 06:00:00,2019-06-11 06:00:00,15.2,70.6,3.0,990.0,45.0,10.0,,,CS,8,False,False
2019-003,2019,3,ARB,VAYU,2019-06-11 09:00:00,2019-06-11 09:00:00,15.7,70.6,3.0,988.0,45.0,12.0,,,CS,9,False,False
2019-003,2019,3,ARB,VAYU,2019-06-11 12:00:00,2019-06-11 12:00:00,16.1,70.6,3.5,986.0,55.0,15.0,,,SCS,10,False,False
2019-003,2019,3,ARB,VAYU,2019-06-11 15:00:00,2019-06-11 15:00:00,16.7,70.6,3.5,983.0,60.0,18.0,,,SCS,11,False,False
2019-003,2019,3,ARB,VAYU,2019-06-11 18:00:00,2019-06-11 18:00:00,17.1,70.6,4.0,980.0,65.0,21.0,,,VSCS,12,False,False
2019-003,2019,3,ARB,VAYU,2019-06-11 21:00:00,2019-06-11 21:00:00,17.5,70.6,4.0,977.0,70.0,24.0,,,VSCS,13,False,False
2019-003,2019,3,ARB,VAYU,2019-06-12 00:00:00,2019-06-12 00:00:00,17.8,70.4,4.5,975.0,75.0,26.0,,,VSCS,14,False,False
2019-003,2019,3,ARB,VAYU,2019-06-12 03:00:00,2019-06-12 03:00:00,18.0,70.3,4.5,973.0,75.0,28.0,,,VSCS,15,False,False
2019-003,2019,3,ARB,VAYU,2019-06-12 06:00:00,2019-06-12 06:00:00,18.4,70.0,4.5,971.0,75.0,30.0,,,VSCS,16,False,False
2019-003,2019,3,ARB,VAYU,2019-06-12 09:00:00,2019-06-12 09:00:00,18.8,69.9,4.5,970.0,80.0,32.0,,,VSCS,17,False,False
2019-003,2019,3,ARB,VAYU,2019-06-12 12:00:00,2019-06-12 12:00:00,19.1,69.9,4.5,970.0,80.0,32.0,,,VSCS,18,False,False
2019-003,2019,3,ARB,VAYU,2019-06-12 15:00:00,2019-06-12 15:00:00,19.5,69.8,4.5,970.0,80.0,32.0,,,VSCS,19,False,False
2019-003,2019,3,ARB,VAYU,2019-06-12 18:00:00,2019-06-12 18:00:00,19.7,69.7,4.5,970.0,80.0,32.0,,,VSCS,20,False,False
2019-003,2019,3,ARB,VAYU,2019-06-12 21:00:00,2019-06-12 21:00:00,20.0,69.6,4.5,970.0,80.0,32.0,,,VSCS,21,False,False
2019-003,2019,3,ARB,VAYU,2019-06-13 00:00:00,2019-06-13 00:00:00,20.3,69.5,4.5,970.0,80.0,32.0,,,VSCS,22,False,False
2019-003,2019,3,ARB,VAYU,2019-06-13 03:00:00,2019-06-13 03:00:00,20.4,69.4,4.5,970.0,80.0,32.0,,,VSCS,23,False,False
2019-003,2019,3,ARB,VAYU,2019-06-13 06:00:00,2019-06-13 06:00:00,20.5,69.3,4.5,970.0,80.0,32.0,,,VSCS,24,False,False
2019-003,2019,3,ARB,VAYU,2019-06-13 09:00:00,2019-06-13 09:00:00,20.7,69.1,4.5,970.0,80.0,32.0,,,VSCS,25,False,False
2019-003,2019,3,ARB,VAYU,2019-06-13 12:00:00,2019-06-13 12:00:00,20.9,69.0,4.5,970.0,80.0,32.0,,,VSCS,26,False,False
2019-003,2019,3,ARB,VAYU,2019-06-13 15:00:00,2019-06-13 15:00:00,20.9,68.8,4.5,970.0,80.0,32.0,,,VSCS,27,False,False
2019-003,2019,3,ARB,VAYU,2019-06-13 18:00:00,2019-06-13 18:00:00,20.9,68.8,4.5,970.0,80.0,32.0,,,VSCS,28,False,False
2019-003,2019,3,ARB,VAYU,2019-06-13 21:00:00,2019-06-13 21:00:00,20.9,68.6,4.5,970.0,80.0,32.0,,,VSCS,29,False,False
2019-003,2019,3,ARB,VAYU,2019-06-14 00:00:00,2019-06-14 00:00:00,21.0,68.5,4.5,970.0,80.0,32.0,,,VSCS,30,False,False
2019-003,2019,3,ARB,VAYU,2019-06-14 03:00:00,2019-06-14 03:00:00,21.0,68.3,4.5,973.0,75.0,28.0,,,VSCS,31,False,False
2019-003,2019,3,ARB,VAYU,2019-06-14 06:00:00,2019-06-14 06:00:00,21.0,68.2,4.5,973.0,75.0,28.0,,,VSCS,32,False,False
2019-003,2019,3,ARB,VAYU,2019-06-14 09:00:00,2019-06-14 09:00:00,20.9,68.1,4.5,973.0,75.0,26.0,,,VSCS,33,False,False
2019-003,2019,3,ARB,VAYU,2019-06-14 12:00:00,2019-06-14 12:00:00,20.8,68.0,4.0,976.0,70.0,24.0,,,VSCS,34,False,False
2019-003,2019,3,ARB,VAYU,2019-06-14 15:00:00,2019-06-14 15:00:00,20.8,67.9,4.0,976.0,70.0,24.0,,,VSCS,35,False,False
2019-003,2019,3,ARB,VAYU,2019-06-14 18:00:00,2019-06-14 18:00:00,20.8,67.8,4.0,978.0,65.0,22.0,,,VSCS,36,False,False
2019-003,2019,3,ARB,VAYU,2019-06-14 21:00:00,2019-06-14 21:00:00,20.8,67.5,4.0,978.0,65.0,22.0,,,VSCS,37,False,False
2019-003,2019,3,ARB,VAYU,2019-06-15 00:00:00,2019-06-15 00:00:00,20.7,67.4,4.0,978.0,65.0,22.0,,,VSCS,38,False,False
2019-003,2019,3,ARB,VAYU,2019-06-15 03:00:00,2019-06-15 03:00:00,20.7,67.4,4.0,979.0,65.0,21.0,,,VSCS,39,False,False
2019-003,2019,3,ARB,VAYU,2019-06-15 06:00:00,2019-06-15 06:00:00,20.7,66.9,4.0,979.0,65.0,21.0,,,VSCS,40,False,False
2019-003,2019,3,ARB,VAYU,2019-06-15 09:00:00,2019-06-15 09:00:00,20.7,66.7,4.0,980.0,65.0,21.0,,,VSCS,41,False,False
2019-003,2019,3,ARB,VAYU,2019-06-15 12:00:00,2019-06-15 12:00:00,20.7,66.4,4.0,980.0,65.0,21.0,,,VSCS,42,False,False
2019-003,2019,3,ARB,VAYU,2019-06-15 15:00:00,2019-06-15 15:00:00,20.7,66.3,4.0,980.0,65.0,21.0,,,VSCS,43,False,False
2019-003,2019,3,ARB,VAYU,2019-06-15 18:00:00,2019-06-15 18:00:00,20.7,66.0,4.0,981.0,65.0,21.0,,,VSCS,44,False,False
2019-003,2019,3,ARB,VAYU,2019-06-15 21:00:00,2019-06-15 21:00:00,20.7,65.9,4.0,981.0,65.0,21.0,,,VSCS,45,False,False
2019-003,2019,3,ARB,VAYU,2019-06-16 00:00:00,2019-06-16 00:00:00,20.7,65.5,3.5,983.0,60.0,18.0,,,SCS,46,False,False
2019-003,2019,3,ARB,VAYU,2019-06-16 03:00:00,2019-06-16 03:00:00,20.8,65.2,3.5,985.0,55.0,16.0,,,SCS,47,False,False
2019-003,2019,3,ARB,VAYU,2019-06-16 06:00:00,2019-06-16 06:00:00,20.9,65.1,3.5,985.0,55.0,16.0,,,SCS,48,False,False
2019-003,2019,3,ARB,VAYU,2019-06-16 09:00:00,2019-06-16 09:00:00,20.9,65.0,3.5,986.0,55.0,15.0,,,SCS,49,False,False
2019-003,2019,3,ARB,VAYU,2019-06-16 12:00:00,2019-06-16 12:00:00,21.0,65.1,3.0,988.0,50.0,12.0,,,SCS,50,False,False
2019-003,2019,3,ARB,VAYU,2019-06-16 15:00:00,2019-06-16 15:00:00,21.2,65.5,3.0,990.0,45.0,10.0,,,CS,51,False,False
2019-003,2019,3,ARB,VAYU,2019-06-16 18:00:00,2019-06-16 18:00:00,21.3,66.0,2.5,992.0,40.0,8.0,,,CS,52,False,False
2019-003,2019,3,ARB,VAYU,2019-06-16 21:00:00,2019-06-16 21:00:00,21.5,66.4,2.5,993.0,40.0,7.0,,,CS,53,False,False
2019-003,2019,3,ARB,VAYU,2019-06-17 00:00:00,2019-06-17 00:00:00,21.7,66.7,2.5,995.0,35.0,6.0,,,CS,54,False,False
2019-003,2019,3,ARB,VAYU,2019-06-17 03:00:00,2019-06-17 03:00:00,21.8,66.8,2.0,996.0,30.0,5.0,,,DD,55,False,False
2019-003,2019,3,ARB,VAYU,2019-06-17 06:00:00,2019-06-17 06:00:00,22.0,67.0,2.0,997.0,30.0,5.0,,,DD,56,False,False
2019-003,2019,3,ARB,VAYU,2019-06-17 09:00:00,2019-06-17 09:00:00,22.2,67.4,1.5,998.0,25.0,4.0,,,D,57,False,False
2019-003,2019,3,ARB,VAYU,2019-06-17 12:00:00,2019-06-17 12:00:00,22.5,67.8,1.5,998.0,20.0,3.0,,,D,58,False,False
2019-004,2019,4,BOB,,2019-08-06 03:00:00,2019-08-06 03:00:00,20.5,88.0,1.5,990.0,25.0,3.0,,,D,0,False,False
2019-004,2019,4,BOB,,2019-08-06 06:00:00,2019-08-06 06:00:00,20.5,88.0,1.5,990.0,25.0,3.0,,,D,1,False,False
2019-004,2019,4,BOB,,2019-08-06 12:00:00,2019-08-06 12:00:00,20.7,87.8,1.5,990.0,25.0,3.0,,,D,2,False,False
2019-004,2019,4,BOB,,2019-08-06 18:00:00,2019-08-06 18:00:00,20.8,87.6,1.5,990.0,25.0,3.0,,,D,3,False,False
2019-004,2019,4,BOB,,2019-08-07 00:00:00,2019-08-07 00:00:00,21.0,87.4,2.0,988.0,30.0,5.0,,,DD,4,False,False
2019-004,2019,4,BOB,,2019-08-07 03:00:00,2019-08-07 03:00:00,21.1,87.4,2.0,988.0,30.0,5.0,,,DD,5,False,False
2019-004,2019,4,BOB,,2019-08-07 06:00:00,2019-08-07 06:00:00,21.2,87.2,2.0,988.0,30.0,5.0,,,DD,6,False,False
2019-004,2019,4,BOB,,2019-08-07 12:00:00,2019-08-07 12:00:00,21.9,86.5,,988.0,30.0,5.0,,,DD,7,False,False
2019-004,2019,4,BOB,,2019-08-07 18:00:00,2019-08-07 18:00:00,22.4,85.6,,988.0,30.0,5.0,,,DD,8,False,False
2019-004,2019,4,BOB,,2019-08-08 00:00:00,2019-08-08 00:00:00,22.8,84.0,,999.0,25.0,4.0,,,D,9,False,False
2019-004,2019,4,BOB,,2019-08-08 03:00:00,2019-08-08 03:00:00,23.0,82.9,,999.0,25.0,4.0,,,D,10,False,False
2019-004,2019,4,BOB,,2019-08-08 06:00:00,2019-08-08 06:00:00,23.4,81.9,,999.0,25.0,4.0,,,D,11,False,False
2019-004,2019,4,BOB,,2019-08-08 12:00:00,2019-08-08 12:00:00,23.6,80.2,,999.0,25.0,4.0,,,D,12,False,False
2019-004,2019,4,BOB,,2019-08-08 18:00:00,2019-08-08 18:00:00,23.6,79.8,,1000.0,25.0,3.0,,,D,13,False,False
2019-004,2019,4,BOB,,2019-08-09 00:00:00,2019-08-09 00:00:00,23.6,78.6,,1000.0,25.0,3.0,,,D,14,False,False
2019-004,2019,4,BOB,,2019-08-09 03:00:00,2019-08-09 03:00:00,23.8,77.3,,1000.0,25.0,3.0,,,D,15,False,False
2019-004,2019,4,BOB,,2019-08-09 06:00:00,2019-08-09 06:00:00,24.0,76.1,,1000.0,25.0,3.0,,,D,16,False,False
2019-005,2019,5,ARB,HIKKA,2019-09-22 03:00:00,2019-09-22 03:00:00,19.8,69.4,1.5,1002.0,25.0,3.0,,,D,0,False,False
2019-005,2019,5,ARB,HIKKA,2019-09-22 06:00:00,2019-09-22 06:00:00,20.0,69.0,1.5,1000.0,25.0,4.0,,,D,1,False,False
2019-005,2019,5,ARB,HIKKA,2019-09-22 12:00:00,2019-09-22 12:00:00,20.4,68.2,2.0,999.0,30.0,5.0,,,DD,2,False,False
2019-005,2019,5,ARB,HIKKA,2019-09-22 18:00:00,2019-09-22 18:00:00,20.5,67.2,2.0,998.0,30.0,6.0,,,DD,3,False,False
2019-005,2019,5,ARB,HIKKA,2019-09-23 00:00:00,2019-09-23 00:00:00,20.5,66.2,2.5,997.0,35.0,7.0,,,CS,4,False,False
2019-005,2019,5,ARB,HIKKA,2019-09-23 03:00:00,2019-09-23 03:00:00,20.4,65.7,2.5,996.0,40.0,8.0,,,CS,5,False,False
2019-005,2019,5,ARB,HIKKA,2019-09-23 06:00:00,2019-09-23 06:00:00,20.3,65.0,3.0,994.0,45.0,10.0,,,CS,6,False,False
2019-005,2019,5,ARB,HIKKA,2019-09-23 09:00:00,2019-09-23 09:00:00,20.2,64.2,3.5,988.0,55.0,16.0,,,SCS,7,False,False
2019-005,2019,5,ARB,HIKKA,2019-09-23 12:00:00,2019-09-23 12:00:00,20.2,63.7,3.5,988.0,55.0,16.0,,,SCS,8,False,False
2019-005,2019,5,ARB,HIKKA,2019-09-23 15:00:00,2019-09-23 15:00:00,20.2,62.9,3.5,988.0,55.0,16.0,,,SCS,9,False,False
2019-005,2019,5,ARB,HIKKA,2019-09-23 18:00:00,2019-09-23 18:00:00,20.2,62.3,3.5,986.0,60.0,18.0,,,SCS,10,False,False
2019-005,2019,5,ARB,HIKKA,2019-09-23 21:00:00,2019-09-23 21:00:00,20.2,61.5,3.5,986.0,60.0,18.0,,,SCS,11,False,False
2019-005,2019,5,ARB,HIKKA,2019-09-24 00:00:00,2019-09-24 00:00:00,20.1,61.0,4.0,980.0,70.0,24.0,,,VSCS,12,False,False
2019-005,2019,5,ARB,HIKKA,2019-09-24 03:00:00,2019-09-24 03:00:00,20.1,60.3,4.5,978.0,75.0,27.0,,,VSCS,13,False,False
2019-005,2019,5,ARB,HIKKA,2019-09-24 06:00:00,2019-09-24 06:00:00,20.0,59.5,4.5,978.0,75.0,27.0,,,VSCS,14,False,False
2019-005,2019,5,ARB,HIKKA,2019-09-24 09:00:00,2019-09-24 09:00:00,19.9,58.9,4.5,978.0,75.0,27.0,,,VSCS,15,False,False
2019-005,2019,5,ARB,HIKKA,2019-09-24 12:00:00,2019-09-24 12:00:00,19.8,58.3,4.5,978.0,75.0,27.0,,,VSCS,16,False,False
2019-005,2019,5,ARB,HIKKA,2019-09-24 15:00:00,2019-09-24 15:00:00,19.7,57.6,,986.0,60.0,18.0,,,SCS,17,False,False
2019-005,2019,5,ARB,HIKKA,2019-09-24 18:00:00,2019-09-24 18:00:00,19.7,57.1,,989.0,55.0,15.0,,,SCS,18,False,False
2019-005,2019,5,ARB,HIKKA,2019-09-24 21:00:00,2019-09-24 21:00:00,19.6,56.6,,994.0,45.0,10.0,,,CS,19,False,False
2019-005,2019,5,ARB,HIKKA,2019-09-25 00:00:00,2019-09-25 00:00:00,19.6,55.9,,997.0,35.0,7.0,,,CS,20,False,False
2019-005,2019,5,ARB,HIKKA,2019-09-25 03:00:00,2019-09-25 03:00:00,19.5,55.5,,999.0,30.0,5.0,,,DD,21,False,False
2019-005,2019,5,ARB,HIKKA,2019-09-25 06:00:00,2019-09-25 06:00:00,19.3,55.0,,1002.0,25.0,3.0,,,D,22,False,False
2019-006,2019,6,LAND,,2019-09-29 12:00:00,2019-09-29 12:00:00,23.1,70.2,,1002.0,25.0,4.0,,,D,0,False,False
2019-006,2019,6,LAND,,2019-09-29 18:00:00,2019-09-29 18:00:00,23.1,70.2,,1002.0,25.0,4.0,,,D,1,False,False
2019-006,2019,6,LAND,,2019-09-30 00:00:00,2019-09-30 00:00:00,23.2,70.5,,1002.0,25.0,4.0,,,D,2,False,False
2019-006,2019,6,LAND,,2019-09-30 03:00:00,2019-09-30 03:00:00,23.4,70.7,,1002.0,25.0,4.0,,,D,3,False,False
2019-006,2019,6,LAND,,2019-09-30 06:00:00,2019-09-30 06:00:00,23.5,71.3,,1002.0,25.0,4.0,,,D,4,False,False
2019-006,2019,6,LAND,,2019-09-30 12:00:00,2019-09-30 12:00:00,23.5,71.9,,1002.0,25.0,4.0,,,D,5,False,False
2019-006,2019,6,LAND,,2019-09-30 18:00:00,2019-09-30 18:00:00,23.7,72.7,,1002.0,25.0,4.0,,,D,6,False,False
2019-006,2019,6,LAND,,2019-10-01 00:00:00,2019-10-01 00:00:00,24.0,74.1,,1002.0,25.0,4.0,,,D,7,False,False
2019-007,2019,7,ARB,KYAAR,2019-10-24 03:00:00,2019-10-24 03:00:00,15.4,70.4,1.5,1000.0,25.0,3.0,,,D,0,False,False
2019-007,2019,7,ARB,KYAAR,2019-10-24 06:00:00,2019-10-24 06:00:00,15.4,70.4,1.5,1000.0,25.0,3.0,,,D,1,False,False
2019-007,2019,7,ARB,KYAAR,2019-10-24 12:00:00,2019-10-24 12:00:00,15.5,70.8,1.5,998.0,30.0,5.0,,,DD,2,False,False
2019-007,2019,7,ARB,KYAAR,2019-10-24 18:00:00,2019-10-24 18:00:00,15.7,71.3,2.0,997.0,30.0,6.0,,,DD,3,False,False
2019-007,2019,7,ARB,KYAAR,2019-10-25 00:00:00,2019-10-25 00:00:00,15.9,71.5,2.5,996.0,40.0,8.0,,,CS,4,False,False
2019-007,2019,7,ARB,KYAAR,2019-10-25 03:00:00,2019-10-25 03:00:00,16.0,71.6,2.5,996.0,40.0,8.0,,,CS,5,False,False
2019-007,2019,7,ARB,KYAAR,2019-10-25 06:00:00,2019-10-25 06:00:00,16.1,71.8,3.0,994.0,45.0,10.0,,,CS,6,False,False
2019-007,2019,7,ARB,KYAAR,2019-10-25 09:00:00,2019-10-25 09:00:00,16.2,71.7,3.0,994.0,45.0,10.0,,,CS,7,False,False
2019-007,2019,7,ARB,KYAAR,2019-10-25 12:00:00,2019-10-25 12:00:00,16.3,71.7,3.0,992.0,50.0,12.0,,,SCS,8,False,False
2019-007,2019,7,ARB,KYAAR,2019-10-25 15:00:00,2019-10-25 15:00:00,16.3,71.7,3.5,991.0,55.0,15.0,,,SCS,9,False,False
2019-007,2019,7,ARB,KYAAR,2019-10-25 18:00:00,2019-10-25 18:00:00,16.4,71.5,3.5,990.0,55.0,16.0,,,SCS,10,False,False
2019-007,2019,7,ARB,KYAAR,2019-10-25 21:00:00,2019-10-25 21:00:00,16.5,71.2,3.5,988.0,60.0,18.0,,,SCS,11,False,False
2019-007,2019,7,ARB,KYAAR,2019-10-26 00:00:00,2019-10-26 00:00:00,16.5,70.8,4.0,984.0,65.0,22.0,,,VSCS,12,False,False
2019-007,2019,7,ARB,KYAAR,2019-10-26 03:00:00,2019-10-26 03:00:00,16.6,70.5,4.0,984.0,65.0,22.0,,,VSCS,13,False,False
2019-007,2019,7,ARB,KYAAR,2019-10-26 06:00:00,2019-10-26 06:00:00,16.6,70.0,4.5,978.0,75.0,28.0,,,VSCS,14,False,False
2019-007,2019,7,ARB,KYAAR,2019-10-26 09:00:00,2019-10-26 09:00:00,16.6,69.8,4.5,974.0,80.0,32.0,,,VSCS,15,False,False
2019-007,2019,7,ARB,KYAAR,2019-10-26 12:00:00,2019-10-26 12:00:00,16.7,69.4,4.5,970.0,85.0,36.0,,,VSCS,16,False,False
2019-007,2019,7,ARB,KYAAR,2019-10-26 15:00:00,2019-10-26 15:00:00,16.7,69.1,5.0,966.0,90.0,40.0,,,ESCS,17,False,False
2019-007,2019,7,ARB,KYAAR,2019-10-26 18:00:00,2019-10-26 18:00:00,16.8,68.9,5.5,950.0,105.0,56.0,,,ESCS,18,False,False
2019-007,2019,7,ARB,KYAAR,2019-10-26 21:00:00,2019-10-26 21:00:00,16.9,68.5,6.0,946.0,110.0,60.0,,,ESCS,19,False,False
2019-007,2019,7,ARB,KYAAR,2019-10-27 00:00:00,2019-10-27 00:00:00,17.0,68.2,6.0,934.0,120.0,72.0,,,SuCS,20,False,False
2019-007,2019,7,ARB,KYAAR,2019-10-27 03:00:00,2019-10-27 03:00:00,17.1,67.8,6.5,928.0,125.0,78.0,,,SuCS,21,False,False
2019-007,2019,7,ARB,KYAAR,2019-10-27 06:00:00,2019-10-27 06:00:00,17.2,67.3,6.5,928.0,125.0,78.0,,,SuCS,22,False,False
2019-007,2019,7,ARB,KYAAR,2019-10-27 09:00:00,2019-10-27 09:00:00,17.4,67.0,6.5,922.0,130.0,84.0,,,SuCS,23,False,False
2019-007,2019,7,ARB,KYAAR,2019-10-27 12:00:00,2019-10-27 12:00:00,17.5,66.7,6.5,922.0,130.0,84.0,,,SuCS,24,False,False
2019-007,2019,7,ARB,KYAAR,2019-10-27 15:00:00,2019-10-27 15:00:00,17.5,66.5,6.5,922.0,130.0,84.0,,,SuCS,25,False,False
2019-007,2019,7,ARB,KYAAR,2019-10-27 18:00:00,2019-10-27 18:00:00,17.8,66.3,6.5,922.0,130.0,84.0,,,SuCS,26,False,False
2019-007,2019,7,ARB,KYAAR,2019-10-27 21:00:00,2019-10-27 21:00:00,18.0,65.7,6.5,926.0,125.0,80.0,,,SuCS,27,False,False
2019-007,2019,7,ARB,KYAAR,2019-10-28 00:00:00,2019-10-28 00:00:00,18.1,65.4,6.5,928.0,125.0,78.0,,,SuCS,28,False,False
2019-007,2019,7,ARB,KYAAR,2019-10-28 03:00:00,2019-10-28 03:00:00,18.2,65.0,6.5,928.0,125.0,78.0,,,SuCS,29,False,False
2019-007,2019,7,ARB,KYAAR,2019-10-28 06:00:00,2019-10-28 06:00:00,18.3,64.7,6.5,928.0,125.0,78.0,,,SuCS,30,False,False
2019-007,2019,7,ARB,KYAAR,2019-10-28 09:00:00,2019-10-28 09:00:00,18.4,64.5,6.5,928.0,125.0,78.0,,,SuCS,31,False,False
2019-007,2019,7,ARB,KYAAR,2019-10-28 12:00:00,2019-10-28 12:00:00,18.5,64.3,6.5,928.0,125.0,78.0,,,SuCS,32,False,False
2019-007,2019,7,ARB,KYAAR,2019-10-28 15:00:00,2019-10-28 15:00:00,18.7,64.1,6.5,928.0,125.0,78.0,,,SuCS,33,False,False
2019-007,2019,7,ARB,KYAAR,2019-10-28 18:00:00,2019-10-28 18:00:00,18.8,63.9,6.5,930.0,125.0,76.0,,,SuCS,34,False,False
2019-007,2019,7,ARB,KYAAR,2019-10-28 21:00:00,2019-10-28 21:00:00,18.9,63.8,6.5,930.0,125.0,76.0,,,SuCS,35,False,False
2019-007,2019,7,ARB,KYAAR,2019-10-29 00:00:00,2019-10-29 00:00:00,19.1,63.5,6.0,934.0,120.0,72.0,,,SuCS,36,False,False
2019-007,2019,7,ARB,KYAAR,2019-10-29 03:00:00,2019-10-29 03:00:00,19.2,63.4,6.0,940.0,115.0,66.0,,,ESCS,37,False,False
2019-007,2019,7,ARB,KYAAR,2019-10-29 06:00:00,2019-10-29 06:00:00,19.4,63.2,5.5,946.0,110.0,60.0,,,ESCS,38,False,False
2019-007,2019,7,ARB,KYAAR,2019-10-29 09:00:00,2019-10-29 09:00:00,19.4,63.1,5.5,950.0,105.0,56.0,,,ESCS,39,False,False
2019-007,2019,7,ARB,KYAAR,2019-10-29 12:00:00,2019-10-29 12:00:00,19.5,63.1,5.5,956.0,100.0,50.0,,,ESCS,40,False,False
2019-007,2019,7,ARB,KYAAR,2019-10-29 15:00:00,2019-10-29 15:00:00,19.5,62.9,5.5,956.0,100.0,50.0,,,ESCS,41,False,False
2019-007,2019,7,ARB,KYAAR,2019-10-29 18:00:00,2019-10-29 18:00:00,19.6,62.8,5.0,960.0,95.0,46.0,,,ESCS,42,False,False
2019-007,2019,7,ARB,KYAAR,2019-10-29 21:00:00,2019-10-29 21:00:00,19.6,62.6,5.0,966.0,90.0,40.0,,,ESCS,43,False,False
2019-007,2019,7,ARB,KYAAR,2019-10-30 00:00:00,2019-10-30 00:00:00,19.6,62.3,4.5,970.0,85.0,36.0,,,VSCS,44,False,False
2019-007,2019,7,ARB,KYAAR,2019-10-30 03:00:00,2019-10-30 03:00:00,19.6,62.1,4.5,974.0,80.0,32.0,,,VSCS,45,False,False
2019-007,2019,7,ARB,KYAAR,2019-10-30 06:00:00,2019-10-30 06:00:00,19.4,61.8,4.5,978.0,75.0,28.0,,,VSCS,46,False,False
2019-007,2019,7,ARB,KYAAR,2019-10-30 09:00:00,2019-10-30 09:00:00,19.3,61.7,4.0,982.0,70.0,24.0,,,VSCS,47,False,False
2019-007,2019,7,ARB,KYAAR,2019-10-30 12:00:00,2019-10-30 12:00:00,19.0,61.5,4.0,984.0,65.0,22.0,,,VSCS,48,False,False
2019-007,2019,7,ARB,KYAAR,2019-10-30 15:00:00,2019-10-30 15:00:00,18.9,61.2,3.5,988.0,60.0,18.0,,,SCS,49,False,False
2019-007,2019,7,ARB,KYAAR,2019-10-30 18:00:00,2019-10-30 18:00:00,18.7,61.0,3.5,990.0,55.0,16.0,,,SCS,50,False,False
2019-007,2019,7,ARB,KYAAR,2019-10-30 21:00:00,2019-10-30 21:00:00,18.5,60.7,3.5,991.0,55.0,15.0,,,SCS,51,False,False
2019-007,2019,7,ARB,KYAAR,2019-10-31 00:00:00,2019-10-31 00:00:00,18.4,60.5,3.0,994.0,50.0,12.0,,,SCS,52,False,False
2019-007,2019,7,ARB,KYAAR,2019-10-31 03:00:00,2019-10-31 03:00:00,18.0,60.2,3.0,996.0,45.0,10.0,,,CS,53,False,False
2019-007,2019,7,ARB,KYAAR,2019-10-31 06:00:00,2019-10-31 06:00:00,17.7,60.1,2.5,998.0,40.0,8.0,,,CS,54,False,False
2019-007,2019,7,ARB,KYAAR,2019-10-31 09:00:00,2019-10-31 09:00:00,17.5,60.0,2.5,998.0,40.0,8.0,,,CS,55,False,False
2019-007,2019,7,ARB,KYAAR,2019-10-31 12:00:00,2019-10-31 12:00:00,17.4,59.9,2.5,999.0,35.0,7.0,,,CS,56,False,False
2019-007,2019,7,ARB,KYAAR,2019-10-31 15:00:00,2019-10-31 15:00:00,17.2,59.6,2.0,1001.0,30.0,5.0,,,DD,57,False,False
2019-007,2019,7,ARB,KYAAR,2019-10-31 18:00:00,2019-10-31 18:00:00,16.8,59.6,2.0,1001.0,30.0,5.0,,,DD,58,False,False
2019-007,2019,7,ARB,KYAAR,2019-10-31 21:00:00,2019-10-31 21:00:00,16.7,59.5,2.0,1001.0,30.0,5.0,,,DD,59,False,False
2019-007,2019,7,ARB,KYAAR,2019-11-01 00:00:00,2019-11-01 00:00:00,16.5,59.3,1.5,1002.0,25.0,4.0,,,D,60,False,False
2019-007,2019,7,ARB,KYAAR,2019-11-01 03:00:00,2019-11-01 03:00:00,16.3,59.0,1.5,1002.0,25.0,4.0,,,D,61,False,False
2019-007,2019,7,ARB,KYAAR,2019-11-01 06:00:00,2019-11-01 06:00:00,16.0,58.7,1.5,1002.0,25.0,4.0,,,D,62,False,False
2019-007,2019,7,ARB,KYAAR,2019-11-01 09:00:00,2019-11-01 09:00:00,15.8,58.4,1.5,1002.0,25.0,4.0,,,D,63,False,False
2019-007,2019,7,ARB,KYAAR,2019-11-01 12:00:00,2019-11-01 12:00:00,15.4,57.5,1.5,1002.0,25.0,4.0,,,D,64,False,False
2019-007,2019,7,ARB,KYAAR,2019-11-01 15:00:00,2019-11-01 15:00:00,15.0,57.4,1.5,1002.0,25.0,4.0,,,D,65,False,False
2019-007,2019,7,ARB,KYAAR,2019-11-01 18:00:00,2019-11-01 18:00:00,14.5,57.0,1.5,1002.0,25.0,4.0,,,D,66,False,False
2019-007,2019,7,ARB,KYAAR,2019-11-01 21:00:00,2019-11-01 21:00:00,14.0,56.4,1.5,1002.0,25.0,4.0,,,D,67,False,False
2019-007,2019,7,ARB,KYAAR,2019-11-02 00:00:00,2019-11-02 00:00:00,13.7,55.8,1.5,1002.0,25.0,4.0,,,D,68,False,False
2019-007,2019,7,ARB,KYAAR,2019-11-02 03:00:00,2019-11-02 03:00:00,13.5,55.0,1.5,1003.0,25.0,3.0,,,D,69,False,False
2019-007,2019,7,ARB,KYAAR,2019-11-02 06:00:00,2019-11-02 06:00:00,13.1,54.1,1.5,1003.0,25.0,3.0,,,D,70,False,False
2019-007,2019,7,ARB,KYAAR,2019-11-02 09:00:00,2019-11-02 09:00:00,12.5,53.8,1.5,1003.0,25.0,3.0,,,D,71,False,False
2019-007,2019,7,ARB,KYAAR,2019-11-02 12:00:00,2019-11-02 12:00:00,12.5,53.0,1.5,1003.0,20.0,3.0,,,D,72,False,False
2019-007,2019,7,ARB,KYAAR,2019-11-02 15:00:00,2019-11-02 15:00:00,12.0,52.5,1.5,1003.0,20.0,3.0,,,D,73,False,False
2019-008,2019,8,ARB,MAHA,2019-10-30 00:00:00,2019-10-30 00:00:00,6.5,76.2,1.5,1003.0,25.0,3.0,,,D,0,False,False
2019-008,2019,8,ARB,MAHA,2019-10-30 03:00:00,2019-10-30 03:00:00,8.0,75.0,1.5,1003.0,25.0,3.0,,,D,1,False,False
2019-008,2019,8,ARB,MAHA,2019-10-30 06:00:00,2019-10-30 06:00:00,8.0,75.0,1.5,1002.0,25.0,4.0,,,D,2,False,False
2019-008,2019,8,ARB,MAHA,2019-10-30 09:00:00,2019-10-30 09:00:00,8.5,74.5,2.0,1001.0,30.0,5.0,,,DD,3,False,False
2019-008,2019,8,ARB,MAHA,2019-10-30 12:00:00,2019-10-30 12:00:00,9.0,74.1,2.5,1000.0,35.0,6.0,,,CS,4,False,False
2019-008,2019,8,ARB,MAHA,2019-10-30 15:00:00,2019-10-30 15:00:00,9.6,73.8,2.5,998.0,40.0,8.0,,,CS,5,False,False
2019-008,2019,8,ARB,MAHA,2019-10-30 18:00:00,2019-10-30 18:00:00,10.2,73.3,2.5,998.0,40.0,8.0,,,CS,6,False,False
2019-008,2019,8,ARB,MAHA,2019-10-30 21:00:00,2019-10-30 21:00:00,10.6,73.1,2.5,998.0,40.0,8.0,,,CS,7,False,False
2019-008,2019,8,ARB,MAHA,2019-10-31 00:00:00,2019-10-31 00:00:00,11.0,73.0,3.0,996.0,45.0,10.0,,,CS,8,False,False
2019-008,2019,8,ARB,MAHA,2019-10-31 03:00:00,2019-10-31 03:00:00,11.5,72.8,3.0,996.0,45.0,10.0,,,CS,9,False,False
2019-008,2019,8,ARB,MAHA,2019-10-31 06:00:00,2019-10-31 06:00:00,11.9,72.8,3.0,994.0,50.0,12.0,,,SCS,10,False,False
2019-008,2019,8,ARB,MAHA,2019-10-31 09:00:00,2019-10-31 09:00:00,12.3,72.8,3.0,994.0,50.0,12.0,,,SCS,11,False,False
2019-008,2019,8,ARB,MAHA,2019-10-31 12:00:00,2019-10-31 12:00:00,12.8,72.4,3.0,992.0,50.0,14.0,,,SCS,12,False,False
2019-008,2019,8,ARB,MAHA,2019-10-31 15:00:00,2019-10-31 15:00:00,13.3,72.2,3.5,990.0,55.0,16.0,,,SCS,13,False,False
2019-008,2019,8,ARB,MAHA,2019-10-31 18:00:00,2019-10-31 18:00:00,13.7,72.1,3.5,990.0,55.0,16.0,,,SCS,14,False,False
2019-008,2019,8,ARB,MAHA,2019-10-31 21:00:00,2019-10-31 21:00:00,13.9,72.0,3.5,990.0,55.0,16.0,,,SCS,15,False,False
2019-008,2019,8,ARB,MAHA,2019-11-01 00:00:00,2019-11-01 00:00:00,14.6,71.7,3.5,990.0,55.0,16.0,,,SCS,16,False,False
2019-008,2019,8,ARB,MAHA,2019-11-01 03:00:00,2019-11-01 03:00:00,14.8,71.0,3.5,990.0,55.0,16.0,,,SCS,17,False,False
2019-008,2019,8,ARB,MAHA,2019-11-01 06:00:00,2019-11-01 06:00:00,15.2,70.5,3.5,990.0,55.0,16.0,,,SCS,18,False,False
2019-008,2019,8,ARB,MAHA,2019-11-01 09:00:00,2019-11-01 09:00:00,15.4,70.0,3.5,990.0,55.0,16.0,,,SCS,19,False,False
2019-008,2019,8,ARB,MAHA,2019-11-01 12:00:00,2019-11-01 12:00:00,15.6,69.5,3.0,992.0,50.0,14.0,,,SCS,20,False,False
2019-008,2019,8,ARB,MAHA,2019-11-01 15:00:00,2019-11-01 15:00:00,15.7,69.2,3.0,992.0,50.0,14.0,,,SCS,21,False,False
2019-008,2019,8,ARB,MAHA,2019-11-01 18:00:00,2019-11-01 18:00:00,15.9,69.1,3.0,992.0,50.0,14.0,,,SCS,22,False,False
2019-008,2019,8,ARB,MAHA,2019-11-01 21:00:00,2019-11-01 21:00:00,16.2,68.8,3.0,992.0,50.0,14.0,,,SCS,23,False,False
2019-008,2019,8,ARB,MAHA,2019-11-02 00:00:00,2019-11-02 00:00:00,16.3,68.5,3.0,992.0,50.0,14.0,,,SCS,24,False,False
2019-008,2019,8,ARB,MAHA,2019-11-02 03:00:00,2019-11-02 03:00:00,16.4,68.3,3.0,992.0,50.0,14.0,,,SCS,25,False,False
2019-008,2019,8,ARB,MAHA,2019-11-02 06:00:00,2019-11-02 06:00:00,16.5,68.2,3.0,992.0,50.0,14.0,,,SCS,26,False,False
2019-008,2019,8,ARB,MAHA,2019-11-02 09:00:00,2019-11-02 09:00:00,16.8,67.9,3.0,992.0,50.0,14.0,,,SCS,27,False,False
2019-008,2019,8,ARB,MAHA,2019-11-02 12:00:00,2019-11-02 12:00:00,17.0,67.6,3.5,990.0,55.0,16.0,,,SCS,28,False,False
2019-008,2019,8,ARB,MAHA,2019-11-02 15:00:00,2019-11-02 15:00:00,17.1,67.3,3.5,990.0,55.0,16.0,,,SCS,29,False,False
2019-008,2019,8,ARB,MAHA,2019-11-02 18:00:00,2019-11-02 18:00:00,17.2,67.0,3.5,988.0,60.0,18.0,,,SCS,30,False,False
2019-008,2019,8,ARB,MAHA,2019-11-02 21:00:00,2019-11-02 21:00:00,17.5,66.8,3.5,988.0,60.0,18.0,,,SCS,31,False,False
2019-008,2019,8,ARB,MAHA,2019-11-03 00:00:00,2019-11-03 00:00:00,17.6,66.5,3.5,988.0,60.0,18.0,,,SCS,32,False,False
2019-008,2019,8,ARB,MAHA,2019-11-03 03:00:00,2019-11-03 03:00:00,17.6,66.4,3.5,988.0,60.0,18.0,,,SCS,33,False,False
2019-008,2019,8,ARB,MAHA,2019-11-03 06:00:00,2019-11-03 06:00:00,17.6,66.2,3.5,988.0,60.0,18.0,,,SCS,34,False,False
2019-008,2019,8,ARB,MAHA,2019-11-03 09:00:00,2019-11-03 09:00:00,17.6,65.9,4.0,984.0,65.0,22.0,,,VSCS,35,False,False
2019-008,2019,8,ARB,MAHA,2019-11-03 12:00:00,2019-11-03 12:00:00,17.7,65.7,4.0,982.0,70.0,24.0,,,VSCS,36,False,False
2019-008,2019,8,ARB,MAHA,2019-11-03 15:00:00,2019-11-03 15:00:00,17.8,65.6,4.5,978.0,75.0,28.0,,,VSCS,37,False,False
2019-008,2019,8,ARB,MAHA,2019-11-03 18:00:00,2019-11-03 18:00:00,17.9,65.4,4.5,974.0,80.0,32.0,,,VSCS,38,False,False
2019-008,2019,8,ARB,MAHA,2019-11-03 21:00:00,2019-11-03 21:00:00,18.0,65.0,4.5,970.0,85.0,36.0,,,VSCS,39,False,False
2019-008,2019,8,ARB,MAHA,2019-11-04 00:00:00,2019-11-04 00:00:00,18.1,64.8,5.0,966.0,90.0,40.0,,,ESCS,40,False,False
2019-008,2019,8,ARB,MAHA,2019-11-04 03:00:00,2019-11-04 03:00:00,18.3,64.6,5.0,966.0,90.0,40.0,,,ESCS,41,False,False
2019-008,2019,8,ARB,MAHA,2019-11-04 06:00:00,2019-11-04 06:00:00,18.6,64.3,5.0,966.0,90.0,40.0,,,ESCS,42,False,False
2019-008,2019,8,ARB,MAHA,2019-11-04 09:00:00,2019-11-04 09:00:00,18.7,64.2,5.0,962.0,95.0,44.0,,,ESCS,43,False,False
2019-008,2019,8,ARB,MAHA,2019-11-04 12:00:00,2019-11-04 12:00:00,18.9,64.1,5.5,956.0,100.0,50.0,,,ESCS,44,False,False
2019-008,2019,8,ARB,MAHA,2019-11-04 15:00:00,2019-11-04 15:00:00,19.2,63.9,5.5,956.0,100.0,50.0,,,ESCS,45,False,False
2019-008,2019,8,ARB,MAHA,2019-11-04 18:00:00,2019-11-04 18:00:00,19.3,63.7,5.5,956.0,100.0,50.0,,,ESCS,46,False,False
2019-008,2019,8,ARB,MAHA,2019-11-04 21:00:00,2019-11-04 21:00:00,19.5,63.6,5.5,956.0,100.0,50.0,,,ESCS,47,False,False
2019-008,2019,8,ARB,MAHA,2019-11-05 00:00:00,2019-11-05 00:00:00,19.6,63.6,5.0,966.0,90.0,40.0,,,ESCS,48,False,False
2019-008,2019,8,ARB,MAHA,2019-11-05 03:00:00,2019-11-05 03:00:00,19.7,63.6,4.5,970.0,85.0,36.0,,,VSCS,49,False,False
2019-008,2019,8,ARB,MAHA,2019-11-05 06:00:00,2019-11-05 06:00:00,19.8,63.7,4.5,974.0,80.0,32.0,,,VSCS,50,False,False
2019-008,2019,8,ARB,MAHA,2019-11-05 09:00:00,2019-11-05 09:00:00,19.8,63.8,4.5,974.0,80.0,32.0,,,VSCS,51,False,False
2019-008,2019,8,ARB,MAHA,2019-11-05 12:00:00,2019-11-05 12:00:00,19.8,64.1,4.0,982.0,70.0,24.0,,,VSCS,52,False,False
2019-008,2019,8,ARB,MAHA,2019-11-05 15:00:00,2019-11-05 15:00:00,19.8,64.3,4.0,982.0,70.0,24.0,,,VSCS,53,False,False
2019-008,2019,8,ARB,MAHA,2019-11-05 18:00:00,2019-11-05 18:00:00,19.8,64.9,4.0,982.0,70.0,24.0,,,VSCS,54,False,False
2019-008,2019,8,ARB,MAHA,2019-11-05 21:00:00,2019-11-05 21:00:00,19.8,65.5,4.0,982.0,70.0,24.0,,,VSCS,55,False,False
2019-008,2019,8,ARB,MAHA,2019-11-06 00:00:00,2019-11-06 00:00:00,19.8,65.8,3.5,988.0,60.0,18.0,,,SCS,56,False,False
2019-008,2019,8,ARB,MAHA,2019-11-06 03:00:00,2019-11-06 03:00:00,19.8,66.3,3.5,990.0,55.0,16.0,,,SCS,57,False,False
2019-008,2019,8,ARB,MAHA,2019-11-06 06:00:00,2019-11-06 06:00:00,19.7,66.5,3.0,994.0,50.0,12.0,,,SCS,58,False,False
2019-008,2019,8,ARB,MAHA,2019-11-06 09:00:00,2019-11-06 09:00:00,19.6,67.1,3.0,994.0,50.0,12.0,,,SCS,59,False,False
2019-008,2019,8,ARB,MAHA,2019-11-06 12:00:00,2019-11-06 12:00:00,19.7,67.7,3.0,996.0,45.0,10.0,,,CS,60,False,False
2019-008,2019,8,ARB,MAHA,2019-11-06 15:00:00,2019-11-06 15:00:00,19.8,68.3,2.5,998.0,40.0,8.0,,,CS,61,False,False
2019-008,2019,8,ARB,MAHA,2019-11-06 18:00:00,2019-11-06 18:00:00,19.8,68.4,2.5,998.0,40.0,8.0,,,CS,62,False,False
2019-008,2019,8,ARB,MAHA,2019-11-06 21:00:00,2019-11-06 21:00:00,19.8,68.9,2.5,1000.0,35.0,7.0,,,CS,63,False,False
2019-008,2019,8,ARB,MAHA,2019-11-07 00:00:00,2019-11-07 00:00:00,19.8,69.4,2.0,1003.0,30.0,5.0,,,DD,64,False,False
2019-008,2019,8,ARB,MAHA,2019-11-07 03:00:00,2019-11-07 03:00:00,20.0,70.0,2.0,1003.0,30.0,5.0,,,DD,65,False,False
2019-008,2019,8,ARB,MAHA,2019-11-07 06:00:00,2019-11-07 06:00:00,20.0,70.4,1.5,1005.0,25.0,3.0,,,D,66,False,False
2019-008,2019,8,ARB,MAHA,2019-11-07 09:00:00,2019-11-07 09:00:00,20.2,70.6,1.5,1005.0,20.0,3.0,,,D,67,False,False
2019-009,2019,9,BOB,BULBUL,2019-11-05 00:00:00,2019-11-05 00:00:00,13.1,91.5,1.5,1004.0,20.0,3.0,,,D,0,False,False
2019-009,2019,9,BOB,BULBUL,2019-11-05 03:00:00,2019-11-05 03:00:00,13.1,91.0,1.5,1003.0,25.0,3.0,,,D,1,False,False
2019-009,2019,9,BOB,BULBUL,2019-11-05 06:00:00,2019-11-05 06:00:00,13.1,90.7,1.5,1003.0,25.0,3.0,,,D,2,False,False
2019-009,2019,9,BOB,BULBUL,2019-11-05 12:00:00,2019-11-05 12:00:00,13.2,90.1,1.5,1003.0,25.0,3.0,,,D,3,False,False
2019-009,2019,9,BOB,BULBUL,2019-11-05 18:00:00,2019-11-05 18:00:00,13.3,89.8,1.5,1002.0,25.0,4.0,,,D,4,False,False
2019-009,2019,9,BOB,BULBUL,2019-11-06 00:00:00,2019-11-06 00:00:00,13.4,89.7,2.0,1001.0,30.0,5.0,,,DD,5,False,False
2019-009,2019,9,BOB,BULBUL,2019-11-06 03:00:00,2019-11-06 03:00:00,13.4,89.6,2.0,1001.0,30.0,5.0,,,DD,6,False,False
2019-009,2019,9,BOB,BULBUL,2019-11-06 06:00:00,2019-11-06 06:00:00,13.4,89.4,2.0,1001.0,30.0,5.0,,,DD,7,False,False
2019-009,2019,9,BOB,BULBUL,2019-11-06 12:00:00,2019-11-06 12:00:00,13.5,89.3,2.0,1000.0,30.0,6.0,,,DD,8,False,False
2019-009,2019,9,BOB,BULBUL,2019-11-06 18:00:00,2019-11-06 18:00:00,13.8,89.3,2.5,998.0,35.0,7.0,,,CS,9,False,False
2019-009,2019,9,BOB,BULBUL,2019-11-07 00:00:00,2019-11-07 00:00:00,14.2,89.3,2.5,998.0,35.0,7.0,,,CS,10,False,False
2019-009,2019,9,BOB,BULBUL,2019-11-07 03:00:00,2019-11-07 03:00:00,14.7,89.3,2.5,998.0,35.0,7.0,,,CS,11,False,False
2019-009,2019,9,BOB,BULBUL,2019-11-07 06:00:00,2019-11-07 06:00:00,15.3,88.7,2.5,996.0,40.0,8.0,,,CS,12,False,False
2019-009,2019,9,BOB,BULBUL,2019-11-07 09:00:00,2019-11-07 09:00:00,15.5,88.4,3.0,995.0,45.0,9.0,,,CS,13,False,False
2019-009,2019,9,BOB,BULBUL,2019-11-07 12:00:00,2019-11-07 12:00:00,15.9,88.0,3.0,994.0,45.0,10.0,,,CS,14,False,False
2019-009,2019,9,BOB,BULBUL,2019-11-07 15:00:00,2019-11-07 15:00:00,16.2,87.9,3.0,992.0,50.0,12.0,,,SCS,15,False,False
2019-009,2019,9,BOB,BULBUL,2019-11-07 18:00:00,2019-11-07 18:00:00,16.4,87.8,3.5,989.0,55.0,15.0,,,SCS,16,False,False
2019-009,2019,9,BOB,BULBUL,2019-11-07 21:00:00,2019-11-07 21:00:00,16.6,87.7,3.5,986.0,60.0,18.0,,,SCS,17,False,False
2019-009,2019,9,BOB,BULBUL,2019-11-08 00:00:00,2019-11-08 00:00:00,16.9,87.6,4.0,983.0,65.0,21.0,,,VSCS,18,False,False
2019-009,2019,9,BOB,BULBUL,2019-11-08 03:00:00,2019-11-08 03:00:00,17.2,87.6,4.0,982.0,65.0,22.0,,,VSCS,19,False,False
2019-009,2019,9,BOB,BULBUL,2019-11-08 06:00:00,2019-11-08 06:00:00,17.6,87.6,4.0,980.0,70.0,24.0,,,VSCS,20,False,False
2019-009,2019,9,BOB,BULBUL,2019-11-08 09:00:00,2019-11-08 09:00:00,18.1,87.6,4.0,980.0,70.0,24.0,,,VSCS,21,False,False
2019-009,2019,9,BOB,BULBUL,2019-11-08 12:00:00,2019-11-08 12:00:00,18.5,87.6,4.0,976.0,75.0,28.0,,,VSCS,22,False,False
2019-009,2019,9,BOB,BULBUL,2019-11-08 15:00:00,2019-11-08 15:00:00,19.2,87.7,4.0,976.0,75.0,28.0,,,VSCS,23,False,False
2019-009,2019,9,BOB,BULBUL,2019-11-08 18:00:00,2019-11-08 18:00:00,19.3,87.6,4.0,976.0,75.0,28.0,,,VSCS,24,False,False
2019-009,2019,9,BOB,BULBUL,2019-11-08 21:00:00,2019-11-08 21:00:00,19.6,87.7,4.0,976.0,75.0,28.0,,,VSCS,25,False,False
2019-009,2019,9,BOB,BULBUL,2019-11-09 00:00:00,2019-11-09 00:00:00,20.0,87.6,4.0,976.0,75.0,28.0,,,VSCS,26,False,False
2019-009,2019,9,BOB,BULBUL,2019-11-09 03:00:00,2019-11-09 03:00:00,20.4,87.6,4.0,980.0,70.0,24.0,,,VSCS,27,False,False
2019-009,2019,9,BOB,BULBUL,2019-11-09 06:00:00,2019-11-09 06:00:00,20.6,87.8,4.0,982.0,70.0,22.0,,,VSCS,28,False,False
2019-009,2019,9,BOB,BULBUL,2019-11-09 09:00:00,2019-11-09 09:00:00,20.9,87.9,4.0,982.0,70.0,22.0,,,VSCS,29,False,False
2019-009,2019,9,BOB,BULBUL,2019-11-09 12:00:00,2019-11-09 12:00:00,21.2,88.1,4.5,982.0,70.0,22.0,,,VSCS,30,False,False
2019-009,2019,9,BOB,BULBUL,2019-11-09 15:00:00,2019-11-09 15:00:00,21.4,88.3,4.5,986.0,60.0,18.0,,,SCS,31,False,False
2019-009,2019,9,BOB,BULBUL,2019-11-09 18:00:00,2019-11-09 18:00:00,21.6,88.6,,990.0,60.0,18.0,,,SCS,32,False,False
2019-009,2019,9,BOB,BULBUL,2019-11-09 21:00:00,2019-11-09 21:00:00,21.9,89.1,,996.0,50.0,12.0,,,SCS,33,False,False
2019-009,2019,9,BOB,BULBUL,2019-11-10 00:00:00,2019-11-10 00:00:00,22.1,89.5,,998.0,45.0,10.0,,,CS,34,False,False
2019-009,2019,9,BOB,BULBUL,2019-11-10 03:00:00,2019-11-10 03:00:00,22.2,89.7,,1000.0,40.0,8.0,,,CS,35,False,False
2019-009,2019,9,BOB,BULBUL,2019-11-10 06:00:00,2019-11-10 06:00:00,22.3,90.0,,1000.0,40.0,8.0,,,CS,36,False,False
2019-009,2019,9,BOB,BULBUL,2019-11-10 09:00:00,2019-11-10 09:00:00,22.4,90.1,,1002.0,30.0,6.0,,,DD,37,False,False
2019-009,2019,9,BOB,BULBUL,2019-11-10 12:00:00,2019-11-10 12:00:00,22.5,90.4,,1002.0,30.0,5.0,,,DD,38,False,False
2019-009,2019,9,BOB,BULBUL,2019-11-10 18:00:00,2019-11-10 18:00:00,22.7,91.2,,1002.0,30.0,5.0,,,DD,39,False,False
2019-009,2019,9,BOB,BULBUL,2019-11-11 00:00:00,2019-11-11 00:00:00,23.1,91.9,,1004.0,20.0,3.0,,,D,40,False,False
2019-010,2019,10,ARB,PAWAN,2019-12-02 12:00:00,2019-12-02 12:00:00,5.7,56.6,1.5,1003.0,25.0,3.0,,,D,0,False,False
2019-010,2019,10,ARB,PAWAN,2019-12-02 18:00:00,2019-12-02 18:00:00,6.1,56.5,1.5,1002.0,25.0,4.0,,,D,1,False,False
2019-010,2019,10,ARB,PAWAN,2019-12-03 00:00:00,2019-12-03 00:00:00,6.5,56.5,2.0,1001.0,30.0,5.0,,,DD,2,False,False
2019-010,2019,10,ARB,PAWAN,2019-12-03 03:00:00,2019-12-03 03:00:00,6.8,56.4,2.0,1000.0,30.0,6.0,,,DD,3,False,False
2019-010,2019,10,ARB,PAWAN,2019-12-03 06:00:00,2019-12-03 06:00:00,7.0,56.3,2.0,1000.0,30.0,6.0,,,DD,4,False,False
2019-010,2019,10,ARB,PAWAN,2019-12-03 12:00:00,2019-12-03 12:00:00,7.0,56.5,2.0,1000.0,30.0,6.0,,,DD,5,False,False
2019-010,2019,10,ARB,PAWAN,2019-12-03 18:00:00,2019-12-03 18:00:00,7.0,56.6,2.0,1000.0,30.0,6.0,,,DD,6,False,False
2019-010,2019,10,ARB,PAWAN,2019-12-04 00:00:00,2019-12-04 00:00:00,7.2,56.6,2.0,1000.0,30.0,6.0,,,DD,7,False,False
2019-010,2019,10,ARB,PAWAN,2019-12-04 03:00:00,2019-12-04 03:00:00,7.4,56.6,2.0,1000.0,30.0,6.0,,,DD,8,False,False
2019-010,2019,10,ARB,PAWAN,2019-12-04 06:00:00,2019-12-04 06:00:00,7.4,56.6,2.0,1000.0,30.0,6.0,,,DD,9,False,False
2019-010,2019,10,ARB,PAWAN,2019-12-04 12:00:00,2019-12-04 12:00:00,7.4,56.6,2.0,1000.0,30.0,6.0,,,DD,10,False,False
2019-010,2019,10,ARB,PAWAN,2019-12-04 18:00:00,2019-12-04 18:00:00,8.5,56.7,2.0,1000.0,30.0,6.0,,,DD,11,False,False
2019-010,2019,10,ARB,PAWAN,2019-12-05 00:00:00,2019-12-05 00:00:00,9.2,56.4,2.5,999.0,35.0,7.0,,,CS,12,False,False
2019-010,2019,10,ARB,PAWAN,2019-12-05 03:00:00,2019-12-05 03:00:00,9.2,56.4,2.5,999.0,35.0,7.0,,,CS,13,False,False
2019-010,2019,10,ARB,PAWAN,2019-12-05 06:00:00,2019-12-05 06:00:00,9.5,56.3,2.5,999.0,35.0,7.0,,,CS,14,False,False
2019-010,2019,10,ARB,PAWAN,2019-12-05 09:00:00,2019-12-05 09:00:00,9.5,55.6,2.5,999.0,35.0,7.0,,,CS,15,False,False
2019-010,2019,10,ARB,PAWAN,2019-12-05 12:00:00,2019-12-05 12:00:00,9.6,55.1,2.5,998.0,40.0,8.0,,,CS,16,False,False
2019-010,2019,10,ARB,PAWAN,2019-12-05 15:00:00,2019-12-05 15:00:00,9.6,54.9,2.5,999.0,35.0,7.0,,,CS,17,False,False
2019-010,2019,10,ARB,PAWAN,2019-12-05 18:00:00,2019-12-05 18:00:00,9.3,54.5,2.5,999.0,35.0,7.0,,,CS,18,False,False
2019-010,2019,10,ARB,PAWAN,2019-12-05 21:00:00,2019-12-05 21:00:00,9.0,54.0,2.5,999.0,35.0,7.0,,,CS,19,False,False
2019-010,2019,10,ARB,PAWAN,2019-12-06 00:00:00,2019-12-06 00:00:00,8.5,53.3,2.5,999.0,35.0,7.0,,,CS,20,False,False
2019-010,2019,10,ARB,PAWAN,2019-12-06 03:00:00,2019-12-06 03:00:00,8.3,53.0,2.5,999.0,35.0,7.0,,,CS,21,False,False
2019-010,2019,10,ARB,PAWAN,2019-12-06 06:00:00,2019-12-06 06:00:00,8.0,52.6,2.5,999.0,35.0,7.0,,,CS,22,False,False
2019-010,2019,10,ARB,PAWAN,2019-12-06 09:00:00,2019-12-06 09:00:00,7.9,52.6,2.5,999.0,35.0,7.0,,,CS,23,False,False
2019-010,2019,10,ARB,PAWAN,2019-12-06 12:00:00,2019-12-06 12:00:00,7.9,52.3,2.5,999.0,35.0,7.0,,,CS,24,False,False
2019-010,2019,10,ARB,PAWAN,2019-12-06 15:00:00,2019-12-06 15:00:00,7.7,51.8,2.5,999.0,35.0,7.0,,,CS,25,False,False
2019-010,2019,10,ARB,PAWAN,2019-12-06 18:00:00,2019-12-06 18:00:00,7.5,51.3,2.5,999.0,35.0,7.0,,,CS,26,False,False
2019-010,2019,10,ARB,PAWAN,2019-12-06 21:00:00,2019-12-06 21:00:00,7.5,50.9,2.5,999.0,35.0,7.0,,,CS,27,False,False
2019-010,2019,10,ARB,PAWAN,2019-12-07 00:00:00,2019-12-07 00:00:00,7.4,49.8,2.5,999.0,35.0,7.0,,,CS,28,False,False
2019-010,2019,10,ARB,PAWAN,2019-12-07 03:00:00,2019-12-07 03:00:00,7.4,49.5,2.0,1000.0,30.0,6.0,,,DD,29,False,False
2019-010,2019,10,ARB,PAWAN,2019-12-07 06:00:00,2019-12-07 06:00:00,7.4,48.9,2.0,1001.0,30.0,5.0,,,DD,30,False,False
2019-010,2019,10,ARB,PAWAN,2019-12-07 09:00:00,2019-12-07 09:00:00,7.3,48.3,1.5,1003.0,25.0,3.0,,,D,31,False,False
2019-011,2019,11,ARB,,2019-12-03 18:00:00,2019-12-03 18:00:00,12.7,71.0,1.5,1002.0,25.0,4.0,,,D,0,False,False
2019-011,2019,11,ARB,,2019-12-04 00:00:00,2019-12-04 00:00:00,14.0,70.0,2.0,1000.0,30.0,6.0,,,DD,1,False,False
2019-011,2019,11,ARB,,2019-12-04 03:00:00,2019-12-04 03:00:00,14.7,69.5,2.0,1000.0,30.0,6.0,,,DD,2,False,False
2019-011,2019,11,ARB,,2019-12-04 06:00:00,2019-12-04 06:00:00,14.9,69.1,2.0,1000.0,30.0,6.0,,,DD,3,False,False
2019-011,2019,11,ARB,,2019-12-04 12:00:00,2019-12-04 12:00:00,14.9,68.4,2.0,1000.0,30.0,6.0,,,DD,4,False,False
2019-011,2019,11,ARB,,2019-12-04 18:00:00,2019-12-04 18:00:00,15.0,68.0,2.0,1000.0,30.0,6.0,,,DD,5,False,False
2019-011,2019,11,ARB,,2019-12-05 00:00:00,2019-12-05 00:00:00,15.1,67.9,1.5,1002.0,25.0,4.0,,,D,6,False,False
2019-011,2019,11,ARB,,2019-12-05 03:00:00,2019-12-05 03:00:00,15.2,67.5,1.5,1002.0,25.0,4.0,,,D,7,False,False
2019-011,2019,11,ARB,,2019-12-05 06:00:00,2019-12-05 06:00:00,15.4,67.2,1.5,1004.0,20.0,2.0,,,D,8,False,False
2019-012,2019,12,ARB,,2019-12-08 09:00:00,2019-12-08 09:00:00,9.4,62.2,1.5,1002.0,25.0,4.0,,,D,0,False,False
2019-012,2019,12,ARB,,2019-12-08 12:00:00,2019-12-08 12:00:00,9.6,61.6,1.5,1002.0,25.0,4.0,,,D,1,False,False
2019-012,2019,12,ARB,,2019-12-08 18:00:00,2019-12-08 18:00:00,10.0,61.0,1.5,1002.0,25.0,4.0,,,D,2,False,False
2019-012,2019,12,ARB,,2019-12-09 00:00:00,2019-12-09 00:00:00,10.4,60.4,2.0,1000.0,30.0,6.0,,,DD,3,False,False
2019-012,2019,12,ARB,,2019-12-09 03:00:00,2019-12-09 03:00:00,10.5,60.0,2.0,1000.0,30.0,6.0,,,DD,4,False,False
2019-012,2019,12,ARB,,2019-12-09 06:00:00,2019-12-09 06:00:00,10.6,59.4,2.0,1000.0,30.0,6.0,,,DD,5,False,False
2019-012,2019,12,ARB,,2019-12-09 12:00:00,2019-12-09 12:00:00,10.6,58.5,1.5,1002.0,25.0,4.0,,,D,6,False,False
2019-012,2019,12,ARB,,2019-12-09 18:00:00,2019-12-09 18:00:00,10.6,57.0,1.5,1002.0,25.0,4.0,,,D,7,False,False
2019-012,2019,12,ARB,,2019-12-10 00:00:00,2019-12-10 00:00:00,10.6,55.7,1.5,1002.0,25.0,4.0,,,D,8,False,False
2019-012,2019,12,ARB,,2019-12-10 03:00:00,2019-12-10 03:00:00,10.6,55.2,1.5,1002.0,25.0,4.0,,,D,9,False,False
2020-001,2020,1,BOB,AMPHAN,2020-05-16 00:00:00,2020-05-16 00:00:00,10.4,87.0,1.5,1000.0,25.0,3.0,,,D,0,False,False
2020-001,2020,1,BOB,AMPHAN,2020-05-16 03:00:00,2020-05-16 03:00:00,10.7,86.5,1.5,1000.0,25.0,3.0,,,D,1,False,False
2020-001,2020,1,BOB,AMPHAN,2020-05-16 06:00:00,2020-05-16 06:00:00,10.9,86.3,1.5,1000.0,25.0,3.0,,,D,2,False,False
2020-001,2020,1,BOB,AMPHAN,2020-05-16 09:00:00,2020-05-16 09:00:00,10.9,86.3,2.0,998.0,30.0,5.0,,,DD,3,False,False
2020-001,2020,1,BOB,AMPHAN,2020-05-16 12:00:00,2020-05-16 12:00:00,10.9,86.3,2.5,996.0,35.0,7.0,,,CS,4,False,False
2020-001,2020,1,BOB,AMPHAN,2020-05-16 15:00:00,2020-05-16 15:00:00,11.0,86.2,2.5,995.0,40.0,8.0,,,CS,5,False,False
2020-001,2020,1,BOB,AMPHAN,2020-05-16 18:00:00,2020-05-16 18:00:00,11.1,86.1,2.5,995.0,40.0,8.0,,,CS,6,False,False
2020-001,2020,1,BOB,AMPHAN,2020-05-16 21:00:00,2020-05-16 21:00:00,11.3,86.1,3.0,994.0,45.0,10.0,,,CS,7,False,False
2020-001,2020,1,BOB,AMPHAN,2020-05-17 00:00:00,2020-05-17 00:00:00,11.4,86.0,3.0,993.0,45.0,11.0,,,CS,8,False,False
2020-001,2020,1,BOB,AMPHAN,2020-05-17 03:00:00,2020-05-17 03:00:00,11.4,86.0,3.0,990.0,50.0,12.0,,,SCS,9,False,False
2020-001,2020,1,BOB,AMPHAN,2020-05-17 06:00:00,2020-05-17 06:00:00,11.5,86.0,3.5,988.0,55.0,15.0,,,SCS,10,False,False
2020-001,2020,1,BOB,AMPHAN,2020-05-17 09:00:00,2020-05-17 09:00:00,11.7,86.0,4.0,980.0,65.0,22.0,,,VSCS,11,False,False
2020-001,2020,1,BOB,AMPHAN,2020-05-17 12:00:00,2020-05-17 12:00:00,12.0,86.0,4.0,978.0,70.0,25.0,,,VSCS,12,False,False
2020-001,2020,1,BOB,AMPHAN,2020-05-17 15:00:00,2020-05-17 15:00:00,12.8,86.2,4.5,972.0,75.0,28.0,,,VSCS,13,False,False
2020-001,2020,1,BOB,AMPHAN,2020-05-17 18:00:00,2020-05-17 18:00:00,12.5,86.1,4.5,970.0,80.0,32.0,,,VSCS,14,False,False
2020-001,2020,1,BOB,AMPHAN,2020-05-17 21:00:00,2020-05-17 21:00:00,12.9,86.4,5.0,962.0,90.0,40.0,,,ESCS,15,False,False
2020-001,2020,1,BOB,AMPHAN,2020-05-18 00:00:00,2020-05-18 00:00:00,13.2,86.3,5.5,952.0,100.0,50.0,,,ESCS,16,False,False
2020-001,2020,1,BOB,AMPHAN,2020-05-18 03:00:00,2020-05-18 03:00:00,13.3,86.2,6.0,936.0,115.0,66.0,,,ESCS,17,False,False
2020-001,2020,1,BOB,AMPHAN,2020-05-18 06:00:00,2020-05-18 06:00:00,13.4,86.2,6.5,930.0,120.0,72.0,,,SuCS,18,False,False
2020-001,2020,1,BOB,AMPHAN,2020-05-18 09:00:00,2020-05-18 09:00:00,13.7,86.2,6.5,930.0,120.0,72.0,,,SuCS,19,False,False
2020-001,2020,1,BOB,AMPHAN,2020-05-18 12:00:00,2020-05-18 12:00:00,14.0,86.3,6.5,926.0,125.0,76.0,,,SuCS,20,False,False
2020-001,2020,1,BOB,AMPHAN,2020-05-18 15:00:00,2020-05-18 15:00:00,14.5,86.4,6.5,926.0,125.0,76.0,,,SuCS,21,False,False
2020-001,2020,1,BOB,AMPHAN,2020-05-18 18:00:00,2020-05-18 18:00:00,14.9,86.5,6.5,920.0,130.0,84.0,,,SuCS,22,False,False
2020-001,2020,1,BOB,AMPHAN,2020-05-18 21:00:00,2020-05-18 21:00:00,15.2,86.6,6.5,920.0,130.0,84.0,,,SuCS,23,False,False
2020-001,2020,1,BOB,AMPHAN,2020-05-19 00:00:00,2020-05-19 00:00:00,15.6,86.7,6.5,926.0,125.0,76.0,,,SuCS,24,False,False
2020-001,2020,1,BOB,AMPHAN,2020-05-19 03:00:00,2020-05-19 03:00:00,16.0,86.8,6.5,930.0,120.0,72.0,,,SuCS,25,False,False
2020-001,2020,1,BOB,AMPHAN,2020-05-19 06:00:00,2020-05-19 06:00:00,16.5,86.9,6.0,936.0,115.0,66.0,,,ESCS,26,False,False
2020-001,2020,1,BOB,AMPHAN,2020-05-19 09:00:00,2020-05-19 09:00:00,17.0,86.9,6.0,942.0,110.0,60.0,,,ESCS,27,False,False
2020-001,2020,1,BOB,AMPHAN,2020-05-19 12:00:00,2020-05-19 12:00:00,17.4,87.0,5.5,946.0,105.0,56.0,,,ESCS,28,False,False
2020-001,2020,1,BOB,AMPHAN,2020-05-19 15:00:00,2020-05-19 15:00:00,18.1,87.1,5.5,948.0,100.0,50.0,,,ESCS,29,False,False
2020-001,2020,1,BOB,AMPHAN,2020-05-19 18:00:00,2020-05-19 18:00:00,18.4,87.2,5.5,948.0,100.0,50.0,,,ESCS,30,False,False
2020-001,2020,1,BOB,AMPHAN,2020-05-19 21:00:00,2020-05-19 21:00:00,18.7,87.2,5.5,948.0,100.0,50.0,,,ESCS,31,False,False
2020-001,2020,1,BOB,AMPHAN,2020-05-20 00:00:00,2020-05-20 00:00:00,19.1,87.5,5.0,952.0,95.0,46.0,,,ESCS,32,False,False
2020-001,2020,1,BOB,AMPHAN,2020-05-20 03:00:00,2020-05-20 03:00:00,19.8,87.7,5.0,954.0,95.0,44.0,,,ESCS,33,False,False
2020-001,2020,1,BOB,AMPHAN,2020-05-20 06:00:00,2020-05-20 06:00:00,20.6,88.0,5.0,956.0,90.0,42.0,,,ESCS,34,False,False
2020-001,2020,1,BOB,AMPHAN,2020-05-20 09:00:00,2020-05-20 09:00:00,21.4,88.1,5.0,960.0,90.0,42.0,,,ESCS,35,False,False
2020-001,2020,1,BOB,AMPHAN,2020-05-20 12:00:00,2020-05-20 12:00:00,21.9,88.4,,957.0,85.0,36.0,,,VSCS,36,False,False
2020-001,2020,1,BOB,AMPHAN,2020-05-20 15:00:00,2020-05-20 15:00:00,22.7,88.6,,968.0,65.0,34.0,,,VSCS,37,False,False
2020-001,2020,1,BOB,AMPHAN,2020-05-20 18:00:00,2020-05-20 18:00:00,23.3,89.0,,978.0,50.0,14.0,,,SCS,38,False,False
2020-001,2020,1,BOB,AMPHAN,2020-05-20 21:00:00,2020-05-20 21:00:00,24.2,89.0,,986.0,45.0,12.0,,,CS,39,False,False
2020-001,2020,1,BOB,AMPHAN,2020-05-21 00:00:00,2020-05-21 00:00:00,24.2,89.3,,988.0,40.0,10.0,,,CS,40,False,False
2020-001,2020,1,BOB,AMPHAN,2020-05-21 03:00:00,2020-05-21 03:00:00,24.7,89.5,,990.0,35.0,8.0,,,CS,41,False,False
2020-001,2020,1,BOB,AMPHAN,2020-05-21 06:00:00,2020-05-21 06:00:00,25.0,89.6,,992.0,30.0,6.0,,,DD,42,False,False
2020-001,2020,1,BOB,AMPHAN,2020-05-21 12:00:00,2020-05-21 12:00:00,25.4,89.6,,995.0,20.0,4.0,,,D,43,False,False
2020-002,2020,2,ARB,,2020-05-29 09:00:00,2020-05-29 09:00:00,17.3,54.3,,1000.0,25.0,3.0,,,D,0,False,False
2020-002,2020,2,ARB,,2020-05-29 12:00:00,2020-05-29 12:00:00,17.3,54.3,,1000.0,25.0,3.0,,,D,1,False,False
2020-002,2020,2,ARB,,2020-05-29 18:00:00,2020-05-29 18:00:00,17.3,54.3,,1000.0,25.0,3.0,,,D,2,False,False
2020-002,2020,2,ARB,,2020-05-30 00:00:00,2020-05-30 00:00:00,17.3,54.2,,1000.0,25.0,3.0,,,D,3,False,False
2020-002,2020,2,ARB,,2020-05-30 03:00:00,2020-05-30 03:00:00,17.3,54.2,,1000.0,25.0,3.0,,,D,4,False,False
2020-002,2020,2,ARB,,2020-05-30 06:00:00,2020-05-30 06:00:00,17.2,54.0,,1000.0,25.0,3.0,,,D,5,False,False
2020-002,2020,2,ARB,,2020-05-30 12:00:00,2020-05-30 12:00:00,17.2,54.0,,1000.0,25.0,3.0,,,D,6,False,False
2020-002,2020,2,ARB,,2020-05-30 18:00:00,2020-05-30 18:00:00,17.2,54.0,,1000.0,25.0,3.0,,,D,7,False,False
2020-002,2020,2,ARB,,2020-05-31 00:00:00,2020-05-31 00:00:00,17.1,53.8,,1000.0,25.0,3.0,,,D,8,False,False
2020-002,2020,2,ARB,,2020-05-31 03:00:00,2020-05-31 03:00:00,17.1,53.8,,1000.0,25.0,3.0,,,D,9,False,False
2020-002,2020,2,ARB,,2020-05-31 06:00:00,2020-05-31 06:00:00,17.0,53.5,,1000.0,25.0,3.0,,,D,10,False,False
2020-002,2020,2,ARB,,2020-05-31 12:00:00,2020-05-31 12:00:00,16.9,53.1,,1000.0,25.0,3.0,,,D,11,False,False
2020-002,2020,2,ARB,,2020-05-31 18:00:00,2020-05-31 18:00:00,16.8,52.9,,1000.0,25.0,3.0,,,D,12,False,False
2020-003,2020,3,ARB,NISARGA,2020-06-01 00:00:00,2020-06-01 00:00:00,13.0,71.4,1.5,1004.0,25.0,3.0,,,D,0,False,False
2020-003,2020,3,ARB,NISARGA,2020-06-01 03:00:00,2020-06-01 03:00:00,13.2,71.4,1.5,1004.0,25.0,3.0,,,D,1,False,False
2020-003,2020,3,ARB,NISARGA,2020-06-01 06:00:00,2020-06-01 06:00:00,13.7,71.3,1.5,1004.0,25.0,3.0,,,D,2,False,False
2020-003,2020,3,ARB,NISARGA,2020-06-01 12:00:00,2020-06-01 12:00:00,14.2,71.2,1.5,1003.0,25.0,4.0,,,D,3,False,False
2020-003,2020,3,ARB,NISARGA,2020-06-01 18:00:00,2020-06-01 18:00:00,14.4,71.2,1.5,1003.0,25.0,4.0,,,D,4,False,False
2020-003,2020,3,ARB,NISARGA,2020-06-02 00:00:00,2020-06-02 00:00:00,15.0,71.2,2.0,1000.0,30.0,6.0,,,DD,5,False,False
2020-003,2020,3,ARB,NISARGA,2020-06-02 03:00:00,2020-06-02 03:00:00,15.3,71.2,2.0,1000.0,30.0,6.0,,,DD,6,False,False
2020-003,2020,3,ARB,NISARGA,2020-06-02 06:00:00,2020-06-02 06:00:00,15.6,71.2,2.5,999.0,35.0,7.0,,,CS,7,False,False
2020-003,2020,3,ARB,NISARGA,2020-06-02 09:00:00,2020-06-02 09:00:00,16.0,71.2,2.5,999.0,35.0,7.0,,,CS,8,False,False
2020-003,2020,3,ARB,NISARGA,2020-06-02 12:00:00,2020-06-02 12:00:00,16.3,71.3,2.5,996.0,40.0,8.0,,,CS,9,False,False
2020-003,2020,3,ARB,NISARGA,2020-06-02 15:00:00,2020-06-02 15:00:00,16.0,71.4,2.5,996.0,40.0,8.0,,,CS,10,False,False
2020-003,2020,3,ARB,NISARGA,2020-06-02 18:00:00,2020-06-02 18:00:00,16.8,71.6,2.5,996.0,40.0,8.0,,,CS,11,False,False
2020-003,2020,3,ARB,NISARGA,2020-06-02 21:00:00,2020-06-02 21:00:00,17.1,71.8,3.0,994.0,45.0,10.0,,,CS,12,False,False
2020-003,2020,3,ARB,NISARGA,2020-06-03 00:00:00,2020-06-03 00:00:00,17.3,72.1,3.0,992.0,50.0,12.0,,,SCS,13,False,False
2020-003,2020,3,ARB,NISARGA,2020-06-03 03:00:00,2020-06-03 03:00:00,17.6,72.3,3.5,988.0,55.0,16.0,,,SCS,14,False,False
2020-003,2020,3,ARB,NISARGA,2020-06-03 06:00:00,2020-06-03 06:00:00,18.1,72.8,4.0,984.0,60.0,20.0,,,SCS,15,False,False
2020-003,2020,3,ARB,NISARGA,2020-06-03 09:00:00,2020-06-03 09:00:00,18.5,73.2,,992.0,55.0,14.0,,,SCS,16,False,False
2020-003,2020,3,ARB,NISARGA,2020-06-03 12:00:00,2020-06-03 12:00:00,19.0,73.7,,998.0,40.0,8.0,,,CS,17,False,False
2020-003,2020,3,ARB,NISARGA,2020-06-03 15:00:00,2020-06-03 15:00:00,19.6,74.0,,1000.0,30.0,6.0,,,DD,18,False,False
2020-003,2020,3,ARB,NISARGA,2020-06-03 18:00:00,2020-06-03 18:00:00,19.8,74.8,,1001.0,30.0,5.0,,,DD,19,False,False
2020-003,2020,3,ARB,NISARGA,2020-06-04 00:00:00,2020-06-04 00:00:00,20.5,76.0,,1004.0,25.0,4.0,,,D,20,False,False
2020-003,2020,3,ARB,NISARGA,2020-06-04 03:00:00,2020-06-04 03:00:00,21.2,76.9,,1005.0,20.0,3.0,,,D,21,False,False
2020-003,2020,3,ARB,NISARGA,2020-06-04 06:00:00,2020-06-04 06:00:00,21.8,77.6,,1005.0,20.0,3.0,,,D,22,False,False
2020-004,2020,4,BOB,,2020-10-11 00:00:00,2020-10-11 00:00:00,15.3,86.5,1.5,999.0,20.0,3.0,,,D,0,False,False
2020-004,2020,4,BOB,,2020-10-11 03:00:00,2020-10-11 03:00:00,15.4,86.2,1.5,998.0,25.0,4.0,,,D,1,False,False
2020-004,2020,4,BOB,,2020-10-11 06:00:00,2020-10-11 06:00:00,15.4,85.8,1.5,998.0,25.0,4.0,,,D,2,False,False
2020-004,2020,4,BOB,,2020-10-11 12:00:00,2020-10-11 12:00:00,15.5,85.4,1.5,998.0,25.0,4.0,,,D,3,False,False
2020-004,2020,4,BOB,,2020-10-11 18:00:00,2020-10-11 18:00:00,15.6,85.2,1.5,998.0,25.0,4.0,,,D,4,False,False
2020-004,2020,4,BOB,,2020-10-12 00:00:00,2020-10-12 00:00:00,15.7,85.0,1.5,998.0,25.0,4.0,,,D,5,False,False
2020-004,2020,4,BOB,,2020-10-12 03:00:00,2020-10-12 03:00:00,15.7,85.0,2.0,997.0,30.0,5.0,,,DD,6,False,False
2020-004,2020,4,BOB,,2020-10-12 06:00:00,2020-10-12 06:00:00,15.9,84.8,2.0,997.0,30.0,5.0,,,DD,7,False,False
2020-004,2020,4,BOB,,2020-10-12 12:00:00,2020-10-12 12:00:00,16.1,84.6,2.0,997.0,30.0,5.0,,,DD,8,False,False
2020-004,2020,4,BOB,,2020-10-12 18:00:00,2020-10-12 18:00:00,16.5,83.4,2.0,997.0,30.0,5.0,,,DD,9,False,False
2020-004,2020,4,BOB,,2020-10-13 00:00:00,2020-10-13 00:00:00,16.9,82.5,,997.0,30.0,5.0,,,DD,10,False,False
2020-004,2020,4,BOB,,2020-10-13 03:00:00,2020-10-13 03:00:00,17.0,82.1,,996.0,30.0,6.0,,,DD,11,False,False
2020-004,2020,4,BOB,,2020-10-13 06:00:00,2020-10-13 06:00:00,17.3,81.5,,998.0,25.0,4.0,,,D,12,False,False
2020-004,2020,4,BOB,,2020-10-13 12:00:00,2020-10-13 12:00:00,17.5,80.5,,998.0,25.0,4.0,,,D,13,False,False
2020-004,2020,4,BOB,,2020-10-13 18:00:00,2020-10-13 18:00:00,17.6,79.5,,998.0,25.0,4.0,,,D,14,False,False
2020-004,2020,4,BOB,,2020-10-14 00:00:00,2020-10-14 00:00:00,17.7,78.1,,1000.0,20.0,3.0,,,D,15,False,False
2020-004,2020,4,BOB,,2020-10-14 03:00:00,2020-10-14 03:00:00,17.7,77.5,,1000.0,20.0,3.0,,,D,16,False,False
2020-004,2020,4,BOB,,2020-10-14 06:00:00,2020-10-14 06:00:00,17.7,77.0,,1000.0,20.0,3.0,,,D,17,False,False
2020-005,2020,5,ARB,,2020-10-17 03:00:00,2020-10-17 03:00:00,17.8,69.0,1.5,1004.0,20.0,3.0,,,D,0,False,False
2020-005,2020,5,ARB,,2020-10-17 06:00:00,2020-10-17 06:00:00,17.8,68.2,1.5,1004.0,20.0,3.0,,,D,1,False,False
2020-005,2020,5,ARB,,2020-10-17 12:00:00,2020-10-17 12:00:00,17.8,67.5,1.5,1003.0,25.0,4.0,,,D,2,False,False
2020-005,2020,5,ARB,,2020-10-17 18:00:00,2020-10-17 18:00:00,17.8,66.8,1.5,1003.0,25.0,4.0,,,D,3,False,False
2020-005,2020,5,ARB,,2020-10-18 00:00:00,2020-10-18 00:00:00,17.8,66.4,1.5,1003.0,25.0,4.0,,,D,4,False,False
2020-005,2020,5,ARB,,2020-10-18 03:00:00,2020-10-18 03:00:00,17.8,65.8,1.5,1004.0,20.0,3.0,,,D,5,False,False
2020-005,2020,5,ARB,,2020-10-18 06:00:00,2020-10-18 06:00:00,17.8,65.3,1.5,1004.0,20.0,3.0,,,D,6,False,False
2020-005,2020,5,ARB,,2020-10-18 12:00:00,2020-10-18 12:00:00,17.8,64.8,1.5,1004.0,20.0,3.0,,,D,7,False,False
2020-005,2020,5,ARB,,2020-10-18 18:00:00,2020-10-18 18:00:00,17.8,64.3,1.5,1004.0,20.0,3.0,,,D,8,False,False
2020-006,2020,6,BOB,,2020-10-22 03:00:00,2020-10-22 03:00:00,18.7,87.0,1.5,999.0,20.0,3.0,,,D,0,False,False
2020-006,2020,6,BOB,,2020-10-22 06:00:00,2020-10-22 06:00:00,19.0,87.0,1.5,998.0,25.0,4.0,,,D,1,False,False
2020-006,2020,6,BOB,,2020-10-22 12:00:00,2020-10-22 12:00:00,19.7,87.3,1.5,998.0,25.0,4.0,,,D,2,False,False
2020-006,2020,6,BOB,,2020-10-22 18:00:00,2020-10-22 18:00:00,20.2,87.6,1.5,998.0,25.0,4.0,,,D,3,False,False
2020-006,2020,6,BOB,,2020-10-23 00:00:00,2020-10-23 00:00:00,21.2,88.2,1.5,998.0,25.0,4.0,,,D,4,False,False
2020-006,2020,6,BOB,,2020-10-23 03:00:00,2020-10-23 03:00:00,21.4,88.4,1.5,998.0,25.0,4.0,,,D,5,False,False
2020-006,2020,6,BOB,,2020-10-23 06:00:00,2020-10-23 06:00:00,21.7,88.5,1.5,998.0,25.0,4.0,,,D,6,False,False
2020-006,2020,6,BOB,,2020-10-23 09:00:00,2020-10-23 09:00:00,22.5,89.1,1.5,998.0,25.0,4.0,,,D,7,False,False
2020-006,2020,6,BOB,,2020-10-23 12:00:00,2020-10-23 12:00:00,23.3,89.5,1.5,1000.0,20.0,3.0,,,D,8,False,False
2020-006,2020,6,BOB,,2020-10-23 18:00:00,2020-10-23 18:00:00,24.0,89.9,1.5,1000.0,20.0,3.0,,,D,9,False,False
2020-007,2020,7,BOB,NIVAR,2020-11-22 21:00:00,2020-11-22 21:00:00,8.5,85.3,1.5,1002.0,25.0,3.0,,,D,0,False,False
2020-007,2020,7,BOB,NIVAR,2020-11-23 00:00:00,2020-11-23 00:00:00,9.3,84.5,1.5,1002.0,25.0,3.0,,,D,1,False,False
2020-007,2020,7,BOB,NIVAR,2020-11-23 03:00:00,2020-11-23 03:00:00,9.5,84.2,1.5,1002.0,25.0,3.0,,,D,2,False,False
2020-007,2020,7,BOB,NIVAR,2020-11-23 06:00:00,2020-11-23 06:00:00,9.6,84.0,1.5,1001.0,25.0,4.0,,,D,3,False,False
2020-007,2020,7,BOB,NIVAR,2020-11-23 12:00:00,2020-11-23 12:00:00,9.8,83.6,2.0,999.0,30.0,5.0,,,DD,4,False,False
2020-007,2020,7,BOB,NIVAR,2020-11-23 18:00:00,2020-11-23 18:00:00,10.0,83.3,2.0,998.0,30.0,6.0,,,DD,5,False,False
2020-007,2020,7,BOB,NIVAR,2020-11-24 00:00:00,2020-11-24 00:00:00,10.0,83.0,2.5,997.0,35.0,7.0,,,CS,6,False,False
2020-007,2020,7,BOB,NIVAR,2020-11-24 03:00:00,2020-11-24 03:00:00,10.0,83.0,2.5,997.0,35.0,7.0,,,CS,7,False,False
2020-007,2020,7,BOB,NIVAR,2020-11-24 06:00:00,2020-11-24 06:00:00,10.0,82.7,2.5,994.0,40.0,8.0,,,CS,8,False,False
2020-007,2020,7,BOB,NIVAR,2020-11-24 09:00:00,2020-11-24 09:00:00,10.0,82.6,3.0,992.0,45.0,10.0,,,CS,9,False,False
2020-007,2020,7,BOB,NIVAR,2020-11-24 12:00:00,2020-11-24 12:00:00,10.1,82.5,3.0,992.0,45.0,10.0,,,CS,10,False,False
2020-007,2020,7,BOB,NIVAR,2020-11-24 15:00:00,2020-11-24 15:00:00,10.1,82.4,3.0,992.0,45.0,10.0,,,CS,11,False,False
2020-007,2020,7,BOB,NIVAR,2020-11-24 18:00:00,2020-11-24 18:00:00,10.2,82.3,3.5,990.0,50.0,12.0,,,SCS,12,False,False
2020-007,2020,7,BOB,NIVAR,2020-11-24 21:00:00,2020-11-24 21:00:00,10.3,82.2,3.5,988.0,55.0,16.0,,,SCS,13,False,False
2020-007,2020,7,BOB,NIVAR,2020-11-25 00:00:00,2020-11-25 00:00:00,10.5,82.0,3.5,986.0,60.0,18.0,,,SCS,14,False,False
2020-007,2020,7,BOB,NIVAR,2020-11-25 03:00:00,2020-11-25 03:00:00,10.7,81.7,3.5,986.0,60.0,18.0,,,SCS,15,False,False
2020-007,2020,7,BOB,NIVAR,2020-11-25 06:00:00,2020-11-25 06:00:00,11.0,81.3,3.5,986.0,60.0,18.0,,,SCS,16,False,False
2020-007,2020,7,BOB,NIVAR,2020-11-25 09:00:00,2020-11-25 09:00:00,11.2,81.0,4.0,982.0,65.0,22.0,,,VSCS,17,False,False
2020-007,2020,7,BOB,NIVAR,2020-11-25 12:00:00,2020-11-25 12:00:00,11.4,80.7,4.0,982.0,65.0,22.0,,,VSCS,18,False,False
2020-007,2020,7,BOB,NIVAR,2020-11-25 15:00:00,2020-11-25 15:00:00,11.7,80.4,4.0,982.0,65.0,22.0,,,VSCS,19,False,False
2020-007,2020,7,BOB,NIVAR,2020-11-25 18:00:00,2020-11-25 18:00:00,12.0,80.1,4.0,982.0,65.0,22.0,,,VSCS,20,False,False
2020-007,2020,7,BOB,NIVAR,2020-11-25 21:00:00,2020-11-25 21:00:00,12.1,79.9,,986.0,60.0,18.0,,,SCS,21,False,False
2020-007,2020,7,BOB,NIVAR,2020-11-26 00:00:00,2020-11-26 00:00:00,12.3,79.7,,992.0,50.0,12.0,,,SCS,22,False,False
2020-007,2020,7,BOB,NIVAR,2020-11-26 03:00:00,2020-11-26 03:00:00,12.6,79.4,,996.0,40.0,8.0,,,CS,23,False,False
2020-007,2020,7,BOB,NIVAR,2020-11-26 06:00:00,2020-11-26 06:00:00,12.9,79.3,,998.0,35.0,7.0,,,CS,24,False,False
2020-007,2020,7,BOB,NIVAR,2020-11-26 09:00:00,2020-11-26 09:00:00,13.3,79.3,,999.0,30.0,5.0,,,DD,25,False,False
2020-007,2020,7,BOB,NIVAR,2020-11-26 12:00:00,2020-11-26 12:00:00,13.6,79.4,,1000.0,30.0,5.0,,,DD,26,False,False
2020-007,2020,7,BOB,NIVAR,2020-11-26 18:00:00,2020-11-26 18:00:00,14.0,79.6,,1002.0,20.0,3.0,,,D,27,False,False
2020-008,2020,8,ARB,GATI,2020-11-21 18:00:00,2020-11-21 18:00:00,11.2,57.4,1.5,1000.0,25.0,4.0,,,D,0,False,False
2020-008,2020,8,ARB,GATI,2020-11-22 00:00:00,2020-11-22 00:00:00,11.1,55.4,2.0,998.0,30.0,6.0,,,DD,1,False,False
2020-008,2020,8,ARB,GATI,2020-11-22 03:00:00,2020-11-22 03:00:00,10.7,53.8,2.5,996.0,40.0,8.0,,,CS,2,False,False
2020-008,2020,8,ARB,GATI,2020-11-22 06:00:00,2020-11-22 06:00:00,10.4,52.7,3.0,992.0,50.0,12.0,,,SCS,3,False,False
2020-008,2020,8,ARB,GATI,2020-11-22 09:00:00,2020-11-22 09:00:00,10.4,52.0,4.0,982.0,65.0,22.0,,,VSCS,4,False,False
2020-008,2020,8,ARB,GATI,2020-11-22 12:00:00,2020-11-22 12:00:00,10.4,51.5,4.5,976.0,75.0,26.0,,,VSCS,5,False,False
2020-008,2020,8,ARB,GATI,2020-11-22 15:00:00,2020-11-22 15:00:00,10.4,51.0,,976.0,75.0,26.0,,,VSCS,6,False,False
2020-008,2020,8,ARB,GATI,2020-11-22 18:00:00,2020-11-22 18:00:00,10.4,50.5,,982.0,65.0,22.0,,,VSCS,7,False,False
2020-008,2020,8,ARB,GATI,2020-11-22 21:00:00,2020-11-22 21:00:00,10.4,50.1,,986.0,60.0,18.0,,,SCS,8,False,False
2020-008,2020,8,ARB,GATI,2020-11-23 00:00:00,2020-11-23 00:00:00,10.5,50.0,,994.0,45.0,10.0,,,CS,9,False,False
2020-008,2020,8,ARB,GATI,2020-11-23 03:00:00,2020-11-23 03:00:00,10.7,49.7,,997.0,35.0,7.0,,,CS,10,False,False
2020-008,2020,8,ARB,GATI,2020-11-23 06:00:00,2020-11-23 06:00:00,10.9,49.2,,998.0,30.0,6.0,,,DD,11,False,False
2020-008,2020,8,ARB,GATI,2020-11-23 12:00:00,2020-11-23 12:00:00,11.3,48.5,2.0,999.0,30.0,5.0,,,DD,12,False,False
2020-008,2020,8,ARB,GATI,2020-11-23 18:00:00,2020-11-23 18:00:00,11.7,47.5,2.0,1000.0,30.0,5.0,,,DD,13,False,False
2020-008,2020,8,ARB,GATI,2020-11-24 00:00:00,2020-11-24 00:00:00,11.6,47.0,1.5,1001.0,25.0,4.0,,,D,14,False,False
2020-008,2020,8,ARB,GATI,2020-11-24 03:00:00,2020-11-24 03:00:00,11.6,46.8,1.5,1002.0,20.0,3.0,,,D,15,False,False
2020-009,2020,9,BOB,BUREVI,2020-11-30 00:00:00,2020-11-30 00:00:00,7.5,88.0,1.5,1003.0,20.0,3.0,,,D,0,False,False
2020-009,2020,9,BOB,BUREVI,2020-11-30 03:00:00,2020-11-30 03:00:00,7.7,87.7,1.5,1002.0,25.0,4.0,,,D,1,False,False
2020-009,2020,9,BOB,BUREVI,2020-11-30 06:00:00,2020-11-30 06:00:00,7.8,87.4,1.5,1002.0,25.0,4.0,,,D,2,False,False
2020-009,2020,9,BOB,BUREVI,2020-11-30 12:00:00,2020-11-30 12:00:00,7.7,87.0,1.5,1002.0,25.0,4.0,,,D,3,False,False
2020-009,2020,9,BOB,BUREVI,2020-11-30 18:00:00,2020-11-30 18:00:00,7.8,86.6,1.5,1002.0,25.0,4.0,,,D,4,False,False
2020-009,2020,9,BOB,BUREVI,2020-12-01 00:00:00,2020-12-01 00:00:00,7.8,86.0,2.0,1000.0,30.0,6.0,,,DD,5,False,False
2020-009,2020,9,BOB,BUREVI,2020-12-01 03:00:00,2020-12-01 03:00:00,7.8,85.7,2.0,1000.0,30.0,6.0,,,DD,6,False,False
2020-009,2020,9,BOB,BUREVI,2020-12-01 06:00:00,2020-12-01 06:00:00,7.8,85.3,2.0,1000.0,30.0,6.0,,,DD,7,False,False
2020-009,2020,9,BOB,BUREVI,2020-12-01 12:00:00,2020-12-01 12:00:00,7.9,84.8,2.5,999.0,35.0,7.0,,,CS,8,False,False
2020-009,2020,9,BOB,BUREVI,2020-12-01 15:00:00,2020-12-01 15:00:00,7.9,84.5,2.5,999.0,35.0,7.0,,,CS,9,False,False
2020-009,2020,9,BOB,BUREVI,2020-12-01 18:00:00,2020-12-01 18:00:00,8.1,84.2,2.5,999.0,35.0,7.0,,,CS,10,False,False
2020-009,2020,9,BOB,BUREVI,2020-12-01 21:00:00,2020-12-01 21:00:00,8.4,83.4,2.5,999.0,35.0,7.0,,,CS,11,False,False
2020-009,2020,9,BOB,BUREVI,2020-12-02 00:00:00,2020-12-02 00:00:00,8.6,83.0,2.5,998.0,40.0,8.0,,,CS,12,False,False
2020-009,2020,9,BOB,BUREVI,2020-12-02 03:00:00,2020-12-02 03:00:00,8.7,82.5,2.5,998.0,40.0,8.0,,,CS,13,False,False
2020-009,2020,9,BOB,BUREVI,2020-12-02 06:00:00,2020-12-02 06:00:00,8.8,82.2,3.0,996.0,45.0,10.0,,,CS,14,False,False
2020-009,2020,9,BOB,BUREVI,2020-12-02 09:00:00,2020-12-02 09:00:00,8.8,81.8,3.0,996.0,45.0,10.0,,,CS,15,False,False
2020-009,2020,9,BOB,BUREVI,2020-12-02 12:00:00,2020-12-02 12:00:00,8.8,81.4,3.0,996.0,45.0,10.0,,,CS,16,False,False
2020-009,2020,9,BOB,BUREVI,2020-12-02 15:00:00,2020-12-02 15:00:00,8.8,81.4,3.0,996.0,45.0,10.0,,,CS,17,False,False
2020-009,2020,9,BOB,BUREVI,2020-12-02 18:00:00,2020-12-02 18:00:00,8.9,80.9,,996.0,45.0,10.0,,,CS,18,False,False
2020-009,2020,9,BOB,BUREVI,2020-12-02 21:00:00,2020-12-02 21:00:00,9.0,80.8,,998.0,40.0,8.0,,,CS,19,False,False
2020-009,2020,9,BOB,BUREVI,2020-12-03 00:00:00,2020-12-03 00:00:00,9.0,80.3,,998.0,40.0,8.0,,,CS,20,False,False
2020-009,2020,9,BOB,BUREVI,2020-12-03 03:00:00,2020-12-03 03:00:00,9.1,80.2,,998.0,40.0,8.0,,,CS,21,False,False
2020-009,2020,9,BOB,BUREVI,2020-12-03 06:00:00,2020-12-03 06:00:00,9.2,79.7,,998.0,40.0,8.0,,,CS,22,False,False
2020-009,2020,9,BOB,BUREVI,2020-12-03 09:00:00,2020-12-03 09:00:00,9.2,79.3,2.5,999.0,35.0,7.0,,,CS,23,False,False
2020-009,2020,9,BOB,BUREVI,2020-12-03 12:00:00,2020-12-03 12:00:00,9.2,79.1,2.0,1000.0,30.0,6.0,,,DD,24,False,False
2020-009,2020,9,BOB,BUREVI,2020-12-03 15:00:00,2020-12-03 15:00:00,9.2,78.8,2.0,1000.0,30.0,6.0,,,DD,25,False,False
2020-009,2020,9,BOB,BUREVI,2020-12-03 18:00:00,2020-12-03 18:00:00,9.1,78.6,2.0,1000.0,30.0,6.0,,,DD,26,False,False
2020-009,2020,9,BOB,BUREVI,2020-12-03 21:00:00,2020-12-03 21:00:00,9.1,78.6,2.0,1000.0,30.0,6.0,,,DD,27,False,False
2020-009,2020,9,BOB,BUREVI,2020-12-04 00:00:00,2020-12-04 00:00:00,9.1,78.6,2.0,1000.0,30.0,6.0,,,DD,28,False,False
2020-009,2020,9,BOB,BUREVI,2020-12-04 03:00:00,2020-12-04 03:00:00,9.1,78.6,2.0,1001.0,30.0,5.0,,,DD,29,False,False
2020-009,2020,9,BOB,BUREVI,2020-12-04 06:00:00,2020-12-04 06:00:00,9.1,78.6,2.0,1001.0,30.0,5.0,,,DD,30,False,False
2020-009,2020,9,BOB,BUREVI,2020-12-04 12:00:00,2020-12-04 12:00:00,9.1,78.6,1.5,1002.0,25.0,4.0,,,D,31,False,False
2020-009,2020,9,BOB,BUREVI,2020-12-04 18:00:00,2020-12-04 18:00:00,9.1,78.6,1.5,1003.0,25.0,4.0,,,D,32,False,False
2020-009,2020,9,BOB,BUREVI,2020-12-05 00:00:00,2020-12-05 00:00:00,9.1,78.6,1.5,1004.0,20.0,3.0,,,D,33,False,False
2020-009,2020,9,BOB,BUREVI,2020-12-05 03:00:00,2020-12-05 03:00:00,9.1,78.6,1.5,1006.0,20.0,3.0,,,D,34,False,False
2021-001,2021,1,BOB,,2021-04-02 00:00:00,2021-04-02 00:00:00,11.0,96.3,1.5,1000.0,25.0,3.0,,,D,0,False,False
2021-001,2021,1,BOB,,2021-04-02 03:00:00,2021-04-02 03:00:00,11.0,96.3,1.5,1000.0,25.0,3.0,,,D,1,False,False
2021-001,2021,1,BOB,,2021-04-02 06:00:00,2021-04-02 06:00:00,11.2,96.4,1.5,1000.0,25.0,3.0,,,D,2,False,False
2021-001,2021,1,BOB,,2021-04-02 12:00:00,2021-04-02 12:00:00,11.8,96.8,1.5,1000.0,25.0,3.0,,,D,3,False,False
2021-001,2021,1,BOB,,2021-04-02 18:00:00,2021-04-02 18:00:00,12.3,97.2,1.5,1000.0,25.0,3.0,,,D,4,False,False
2021-001,2021,1,BOB,,2021-04-03 00:00:00,2021-04-03 00:00:00,13.0,97.5,1.5,1002.0,25.0,3.0,,,D,5,False,False
2021-001,2021,1,BOB,,2021-04-03 03:00:00,2021-04-03 03:00:00,13.2,97.6,1.5,1004.0,20.0,2.0,,,D,6,False,False
2021-002,2021,2,ARB,TAUKTAE,2021-05-14 03:00:00,2021-05-14 03:00:00,10.5,72.3,1.5,997.0,25.0,3.0,,,D,0,False,False
2021-002,2021,2,ARB,TAUKTAE,2021-05-14 06:00:00,2021-05-14 06:00:00,11.0,72.5,1.5,996.0,25.0,4.0,,,D,1,False,False
2021-002,2021,2,ARB,TAUKTAE,2021-05-14 09:00:00,2021-05-14 09:00:00,11.5,72.5,2.0,995.0,30.0,5.0,,,D,2,False,False
2021-002,2021,2,ARB,TAUKTAE,2021-05-14 12:00:00,2021-05-14 12:00:00,11.6,72.6,2.0,995.0,30.0,6.0,,,DD,3,False,False
2021-002,2021,2,ARB,TAUKTAE,2021-05-14 18:00:00,2021-05-14 18:00:00,12.2,72.6,2.5,993.0,35.0,7.0,,,CS,4,False,False
2021-002,2021,2,ARB,TAUKTAE,2021-05-14 21:00:00,2021-05-14 21:00:00,12.2,72.6,2.5,992.0,40.0,8.0,,,CS,5,False,False
2021-002,2021,2,ARB,TAUKTAE,2021-05-15 00:00:00,2021-05-15 00:00:00,12.7,72.5,2.5,992.0,40.0,8.0,,,CS,6,False,False
2021-002,2021,2,ARB,TAUKTAE,2021-05-15 03:00:00,2021-05-15 03:00:00,12.8,72.5,2.5,992.0,40.0,8.0,,,CS,7,False,False
2021-002,2021,2,ARB,TAUKTAE,2021-05-15 06:00:00,2021-05-15 06:00:00,13.2,72.6,3.0,990.0,45.0,10.0,,,CS,8,False,False
2021-002,2021,2,ARB,TAUKTAE,2021-05-15 09:00:00,2021-05-15 09:00:00,13.5,72.7,3.0,990.0,45.0,10.0,,,CS,9,False,False
2021-002,2021,2,ARB,TAUKTAE,2021-05-15 12:00:00,2021-05-15 12:00:00,13.8,72.7,3.5,985.0,55.0,15.0,,,SCS,10,False,False
2021-002,2021,2,ARB,TAUKTAE,2021-05-15 15:00:00,2021-05-15 15:00:00,14.2,72.7,3.5,984.0,55.0,16.0,,,SCS,11,False,False
2021-002,2021,2,ARB,TAUKTAE,2021-05-15 18:00:00,2021-05-15 18:00:00,14.5,72.6,3.5,982.0,60.0,18.0,,,SCS,12,False,False
2021-002,2021,2,ARB,TAUKTAE,2021-05-15 21:00:00,2021-05-15 21:00:00,14.7,72.7,3.5,982.0,60.0,18.0,,,SCS,13,False,False
2021-002,2021,2,ARB,TAUKTAE,2021-05-16 00:00:00,2021-05-16 00:00:00,15.0,72.7,4.0,979.0,65.0,21.0,,,VSCS,14,False,False
2021-002,2021,2,ARB,TAUKTAE,2021-05-16 03:00:00,2021-05-16 03:00:00,15.3,72.7,4.0,976.0,70.0,24.0,,,VSCS,15,False,False
2021-002,2021,2,ARB,TAUKTAE,2021-05-16 06:00:00,2021-05-16 06:00:00,15.7,72.7,4.0,976.0,70.0,24.0,,,VSCS,16,False,False
2021-002,2021,2,ARB,TAUKTAE,2021-05-16 09:00:00,2021-05-16 09:00:00,16.2,72.6,4.0,976.0,70.0,24.0,,,VSCS,17,False,False
2021-002,2021,2,ARB,TAUKTAE,2021-05-16 12:00:00,2021-05-16 12:00:00,16.7,72.5,4.5,972.0,75.0,28.0,,,VSCS,18,False,False
2021-002,2021,2,ARB,TAUKTAE,2021-05-16 15:00:00,2021-05-16 15:00:00,17.2,72.3,4.5,968.0,80.0,32.0,,,VSCS,19,False,False
2021-002,2021,2,ARB,TAUKTAE,2021-05-16 18:00:00,2021-05-16 18:00:00,17.5,72.0,4.5,964.0,85.0,36.0,,,VSCS,20,False,False
2021-002,2021,2,ARB,TAUKTAE,2021-05-16 21:00:00,2021-05-16 21:00:00,18.0,71.7,5.0,960.0,90.0,40.0,,,ESCS,21,False,False
2021-002,2021,2,ARB,TAUKTAE,2021-05-17 00:00:00,2021-05-17 00:00:00,18.5,71.5,5.5,950.0,100.0,50.0,,,ESCS,22,False,False
2021-002,2021,2,ARB,TAUKTAE,2021-05-17 03:00:00,2021-05-17 03:00:00,18.8,71.5,5.5,950.0,100.0,50.0,,,ESCS,23,False,False
2021-002,2021,2,ARB,TAUKTAE,2021-05-17 06:00:00,2021-05-17 06:00:00,19.2,71.4,5.5,950.0,100.0,50.0,,,ESCS,24,False,False
2021-002,2021,2,ARB,TAUKTAE,2021-05-17 09:00:00,2021-05-17 09:00:00,19.6,71.4,5.5,950.0,100.0,50.0,,,ESCS,25,False,False
2021-002,2021,2,ARB,TAUKTAE,2021-05-17 12:00:00,2021-05-17 12:00:00,20.1,71.3,5.0,955.0,95.0,45.0,,,ESCS,26,False,False
2021-002,2021,2,ARB,TAUKTAE,2021-05-17 15:00:00,2021-05-17 15:00:00,20.5,71.2,5.0,960.0,90.0,40.0,,,ESCS,27,False,False
2021-002,2021,2,ARB,TAUKTAE,2021-05-17 18:00:00,2021-05-17 18:00:00,20.9,71.1,,964.0,85.0,36.0,,,VSCS,28,False,False
2021-002,2021,2,ARB,TAUKTAE,2021-05-17 21:00:00,2021-05-17 21:00:00,21.3,71.2,,972.0,75.0,28.0,,,VSCS,29,False,False
2021-002,2021,2,ARB,TAUKTAE,2021-05-18 00:00:00,2021-05-18 00:00:00,21.5,71.2,,978.0,65.0,22.0,,,VSCS,30,False,False
2021-002,2021,2,ARB,TAUKTAE,2021-05-18 03:00:00,2021-05-18 03:00:00,21.6,71.3,,984.0,55.0,16.0,,,SCS,31,False,False
2021-002,2021,2,ARB,TAUKTAE,2021-05-18 06:00:00,2021-05-18 06:00:00,22.0,71.5,,990.0,45.0,10.0,,,CS,32,False,False
2021-002,2021,2,ARB,TAUKTAE,2021-05-18 09:00:00,2021-05-18 09:00:00,22.5,71.8,,992.0,40.0,8.0,,,CS,33,False,False
2021-002,2021,2,ARB,TAUKTAE,2021-05-18 12:00:00,2021-05-18 12:00:00,23.1,72.3,,993.0,35.0,7.0,,,CS,34,False,False
2021-002,2021,2,ARB,TAUKTAE,2021-05-18 15:00:00,2021-05-18 15:00:00,23.6,72.6,,994.0,30.0,6.0,,,DD,35,False,False
2021-002,2021,2,ARB,TAUKTAE,2021-05-18 18:00:00,2021-05-18 18:00:00,24.1,73.0,,995.0,30.0,5.0,,,DD,36,False,False
2021-002,2021,2,ARB,TAUKTAE,2021-05-19 00:00:00,2021-05-19 00:00:00,24.5,73.3,,996.0,25.0,4.0,,,D,37,False,False
2021-002,2021,2,ARB,TAUKTAE,2021-05-19 03:00:00,2021-05-19 03:00:00,24.9,73.7,,997.0,20.0,3.0,,,D,38,False,False
2021-002,2021,2,ARB,TAUKTAE,2021-05-19 06:00:00,2021-05-19 06:00:00,25.8,74.8,,997.0,20.0,3.0,,,D,39,False,False
2021-003,2021,3,BOB,YAAS,2021-05-23 06:00:00,2021-05-23 06:00:00,16.1,90.2,1.5,996.0,25.0,4.0,,,D,0,False,False
2021-003,2021,3,BOB,YAAS,2021-05-23 12:00:00,2021-05-23 12:00:00,16.2,89.9,1.5,994.0,25.0,4.0,,,D,1,False,False
2021-003,2021,3,BOB,YAAS,2021-05-23 18:00:00,2021-05-23 18:00:00,16.3,89.7,2.0,992.0,30.0,5.0,,,DD,2,False,False
2021-003,2021,3,BOB,YAAS,2021-05-24 00:00:00,2021-05-24 00:00:00,16.3,89.7,2.5,990.0,35.0,7.0,,,CS,3,False,False
2021-003,2021,3,BOB,YAAS,2021-05-24 03:00:00,2021-05-24 03:00:00,16.5,89.6,2.5,988.0,40.0,8.0,,,CS,4,False,False
2021-003,2021,3,BOB,YAAS,2021-05-24 06:00:00,2021-05-24 06:00:00,16.4,89.6,2.5,988.0,40.0,8.0,,,CS,5,False,False
2021-003,2021,3,BOB,YAAS,2021-05-24 09:00:00,2021-05-24 09:00:00,16.8,89.5,2.5,988.0,40.0,8.0,,,CS,6,False,False
2021-003,2021,3,BOB,YAAS,2021-05-24 12:00:00,2021-05-24 12:00:00,17.1,89.3,3.0,986.0,45.0,10.0,,,CS,7,False,False
2021-003,2021,3,BOB,YAAS,2021-05-24 15:00:00,2021-05-24 15:00:00,17.4,89.2,3.0,986.0,45.0,10.0,,,CS,8,False,False
2021-003,2021,3,BOB,YAAS,2021-05-24 18:00:00,2021-05-24 18:00:00,17.6,89.0,3.0,984.0,50.0,12.0,,,SCS,9,False,False
2021-003,2021,3,BOB,YAAS,2021-05-24 21:00:00,2021-05-24 21:00:00,17.8,88.9,3.5,982.0,55.0,14.0,,,SCS,10,False,False
2021-003,2021,3,BOB,YAAS,2021-05-25 00:00:00,2021-05-25 00:00:00,18.0,88.6,3.5,980.0,55.0,16.0,,,SCS,11,False,False
2021-003,2021,3,BOB,YAAS,2021-05-25 03:00:00,2021-05-25 03:00:00,18.3,88.3,3.5,980.0,55.0,16.0,,,SCS,12,False,False
2021-003,2021,3,BOB,YAAS,2021-05-25 06:00:00,2021-05-25 06:00:00,18.7,88.0,3.5,978.0,60.0,18.0,,,SCS,13,False,False
2021-003,2021,3,BOB,YAAS,2021-05-25 09:00:00,2021-05-25 09:00:00,19.1,88.1,3.5,978.0,60.0,18.0,,,SCS,14,False,False
2021-003,2021,3,BOB,YAAS,2021-05-25 12:00:00,2021-05-25 12:00:00,19.5,88.0,4.0,976.0,65.0,20.0,,,VSCS,15,False,False
2021-003,2021,3,BOB,YAAS,2021-05-25 15:00:00,2021-05-25 15:00:00,19.8,87.9,4.0,976.0,65.0,20.0,,,VSCS,16,False,False
2021-003,2021,3,BOB,YAAS,2021-05-25 18:00:00,2021-05-25 18:00:00,20.1,87.8,4.0,974.0,70.0,24.0,,,VSCS,17,False,False
2021-003,2021,3,BOB,YAAS,2021-05-25 21:00:00,2021-05-25 21:00:00,20.4,87.6,4.0,970.0,75.0,28.0,,,VSCS,18,False,False
2021-003,2021,3,BOB,YAAS,2021-05-26 00:00:00,2021-05-26 00:00:00,20.8,87.3,4.0,970.0,75.0,28.0,,,VSCS,19,False,False
2021-003,2021,3,BOB,YAAS,2021-05-26 03:00:00,2021-05-26 03:00:00,21.2,87.1,4.0,970.0,75.0,28.0,,,VSCS,20,False,False
2021-003,2021,3,BOB,YAAS,2021-05-26 06:00:00,2021-05-26 06:00:00,21.4,86.9,,970.0,75.0,28.0,,,VSCS,21,False,False
2021-003,2021,3,BOB,YAAS,2021-05-26 09:00:00,2021-05-26 09:00:00,21.6,86.7,,978.0,55.0,16.0,,,SCS,22,False,False
2021-003,2021,3,BOB,YAAS,2021-05-26 12:00:00,2021-05-26 12:00:00,21.8,86.6,,984.0,45.0,10.0,,,CS,23,False,False
2021-003,2021,3,BOB,YAAS,2021-05-26 15:00:00,2021-05-26 15:00:00,22.2,86.2,,986.0,40.0,8.0,,,CS,24,False,False
2021-003,2021,3,BOB,YAAS,2021-05-26 18:00:00,2021-05-26 18:00:00,22.5,86.0,,988.0,30.0,6.0,,,DD,25,False,False
2021-003,2021,3,BOB,YAAS,2021-05-27 00:00:00,2021-05-27 00:00:00,22.8,85.8,,988.0,30.0,6.0,,,DD,26,False,False
2021-003,2021,3,BOB,YAAS,2021-05-27 03:00:00,2021-05-27 03:00:00,23.1,85.7,,990.0,30.0,6.0,,,DD,27,False,False
2021-003,2021,3,BOB,YAAS,2021-05-27 06:00:00,2021-05-27 06:00:00,23.5,85.6,,991.0,25.0,5.0,,,D,28,False,False
2021-003,2021,3,BOB,YAAS,2021-05-27 12:00:00,2021-05-27 12:00:00,24.3,85.3,,992.0,25.0,4.0,,,D,29,False,False
2021-003,2021,3,BOB,YAAS,2021-05-27 18:00:00,2021-05-27 18:00:00,24.7,84.8,,992.0,25.0,4.0,,,D,30,False,False
2021-004,2021,4,BOB,,2021-09-12 12:00:00,2021-09-12 12:00:00,20.3,87.4,1.5,992.0,25.0,4.0,,,D,0,False,False
2021-004,2021,4,BOB,,2021-09-12 18:00:00,2021-09-12 18:00:00,20.4,87.1,1.5,992.0,25.0,4.0,,,D,1,False,False
2021-004,2021,4,BOB,,2021-09-13 00:00:00,2021-09-13 00:00:00,20.6,87.0,2.0,990.0,30.0,4.0,,,DD,2,False,False
2021-004,2021,4,BOB,,2021-09-13 03:00:00,2021-09-13 03:00:00,20.9,86.5,2.0,990.0,30.0,6.0,,,DD,3,False,False
2021-004,2021,4,BOB,,2021-09-13 06:00:00,2021-09-13 06:00:00,21.1,86.2,,990.0,30.0,6.0,,,DD,4,False,False
2021-004,2021,4,BOB,,2021-09-13 12:00:00,2021-09-13 12:00:00,21.4,85.5,,990.0,30.0,6.0,,,DD,5,False,False
2021-004,2021,4,BOB,,2021-09-13 18:00:00,2021-09-13 18:00:00,21.6,84.8,,990.0,30.0,6.0,,,DD,6,False,False
2021-004,2021,4,BOB,,2021-09-14 00:00:00,2021-09-14 00:00:00,22.0,83.6,,990.0,30.0,6.0,,,DD,7,False,False
2021-004,2021,4,BOB,,2021-09-14 03:00:00,2021-09-14 03:00:00,22.1,83.4,,990.0,25.0,5.0,,,D,8,False,False
2021-004,2021,4,BOB,,2021-09-14 06:00:00,2021-09-14 06:00:00,22.4,83.0,,990.0,25.0,5.0,,,D,9,False,False
2021-004,2021,4,BOB,,2021-09-14 12:00:00,2021-09-14 12:00:00,22.7,82.5,,996.0,25.0,4.0,,,D,10,False,False
2021-004,2021,4,BOB,,2021-09-14 18:00:00,2021-09-14 18:00:00,23.0,82.0,,996.0,25.0,4.0,,,D,11,False,False
2021-005,2021,5,BOB,GULAB,2021-09-24 12:00:00,2021-09-24 12:00:00,18.3,91.2,1.5,1000.0,25.0,4.0,,,D,0,False,False
2021-005,2021,5,BOB,GULAB,2021-09-24 18:00:00,2021-09-24 18:00:00,18.4,90.4,1.5,1000.0,25.0,4.0,,,D,1,False,False
2021-005,2021,5,BOB,GULAB,2021-09-25 00:00:00,2021-09-25 00:00:00,18.4,89.7,2.0,999.0,30.0,5.0,,,DD,2,False,False
2021-005,2021,5,BOB,GULAB,2021-09-25 03:00:00,2021-09-25 03:00:00,18.4,89.3,2.0,998.0,30.0,6.0,,,DD,3,False,False
2021-005,2021,5,BOB,GULAB,2021-09-25 06:00:00,2021-09-25 06:00:00,18.4,88.7,2.0,998.0,30.0,6.0,,,DD,4,False,False
2021-005,2021,5,BOB,GULAB,2021-09-25 12:00:00,2021-09-25 12:00:00,18.3,88.3,2.5,997.0,35.0,7.0,,,CS,5,False,False
2021-005,2021,5,BOB,GULAB,2021-09-25 15:00:00,2021-09-25 15:00:00,18.3,88.1,2.5,997.0,35.0,7.0,,,CS,6,False,False
2021-005,2021,5,BOB,GULAB,2021-09-25 18:00:00,2021-09-25 18:00:00,18.3,87.9,2.5,996.0,35.0,7.0,,,CS,7,False,False
2021-005,2021,5,BOB,GULAB,2021-09-25 21:00:00,2021-09-25 21:00:00,18.3,87.6,2.5,996.0,35.0,7.0,,,CS,8,False,False
2021-005,2021,5,BOB,GULAB,2021-09-26 00:00:00,2021-09-26 00:00:00,18.3,87.3,2.5,994.0,40.0,8.0,,,CS,9,False,False
2021-005,2021,5,BOB,GULAB,2021-09-26 03:00:00,2021-09-26 03:00:00,18.4,86.4,2.5,994.0,40.0,8.0,,,CS,10,False,False
2021-005,2021,5,BOB,GULAB,2021-09-26 06:00:00,2021-09-26 06:00:00,18.4,85.9,3.0,992.0,45.0,10.0,,,CS,11,False,False
2021-005,2021,5,BOB,GULAB,2021-09-26 09:00:00,2021-09-26 09:00:00,18.4,85.3,3.0,992.0,45.0,10.0,,,CS,12,False,False
2021-005,2021,5,BOB,GULAB,2021-09-26 12:00:00,2021-09-26 12:00:00,18.4,84.6,3.0,992.0,45.0,10.0,,,CS,13,False,False
2021-005,2021,5,BOB,GULAB,2021-09-26 15:00:00,2021-09-26 15:00:00,18.3,83.8,,992.0,45.0,10.0,,,CS,14,False,False
2021-005,2021,5,BOB,GULAB,2021-09-26 18:00:00,2021-09-26 18:00:00,18.4,83.4,,994.0,35.0,7.0,,,CS,15,False,False
2021-005,2021,5,BOB,GULAB,2021-09-26 21:00:00,2021-09-26 21:00:00,18.4,83.0,,996.0,30.0,6.0,,,DD,16,False,False
2021-005,2021,5,BOB,GULAB,2021-09-27 00:00:00,2021-09-27 00:00:00,18.4,82.8,,996.0,30.0,6.0,,,DD,17,False,False
2021-005,2021,5,BOB,GULAB,2021-09-27 03:00:00,2021-09-27 03:00:00,18.4,82.5,,996.0,30.0,6.0,,,DD,18,False,False
2021-005,2021,5,BOB,GULAB,2021-09-27 06:00:00,2021-09-27 06:00:00,18.5,82.0,,996.0,30.0,6.0,,,DD,19,False,False
2021-005,2021,5,BOB,GULAB,2021-09-27 12:00:00,2021-09-27 12:00:00,18.6,80.1,,998.0,25.0,4.0,,,D,20,False,False
2021-005,2021,5,BOB,GULAB,2021-09-27 18:00:00,2021-09-27 18:00:00,18.7,79.4,,998.0,25.0,4.0,,,D,21,False,False
2021-005,2021,5,BOB,GULAB,2021-09-28 00:00:00,2021-09-28 00:00:00,19.0,78.2,,998.0,25.0,4.0,,,D,22,False,False
2021-005,2021,5,BOB,GULAB,2021-09-28 03:00:00,2021-09-28 03:00:00,19.4,77.3,,999.0,20.0,3.0,,,D,23,False,False
2021-006,2021,6,ARB,SHAHEEN,2021-09-30 00:00:00,2021-09-30 00:00:00,22.7,69.5,1.5,998.0,25.0,4.0,,,D,0,False,False
2021-006,2021,6,ARB,SHAHEEN,2021-09-30 03:00:00,2021-09-30 03:00:00,22.7,68.6,1.5,998.0,25.0,4.0,,,D,1,False,False
2021-006,2021,6,ARB,SHAHEEN,2021-09-30 06:00:00,2021-09-30 06:00:00,22.8,68.2,1.5,998.0,25.0,4.0,,,D,2,False,False
2021-006,2021,6,ARB,SHAHEEN,2021-09-30 12:00:00,2021-09-30 12:00:00,23.1,67.4,1.5,998.0,25.0,4.0,,,D,3,False,False
2021-006,2021,6,ARB,SHAHEEN,2021-09-30 18:00:00,2021-09-30 18:00:00,23.1,66.8,2.0,996.0,30.0,6.0,,,DD,4,False,False
2021-006,2021,6,ARB,SHAHEEN,2021-10-01 00:00:00,2021-10-01 00:00:00,23.2,65.5,2.5,995.0,35.0,7.0,,,CS,5,False,False
2021-006,2021,6,ARB,SHAHEEN,2021-10-01 03:00:00,2021-10-01 03:00:00,23.2,64.9,2.5,994.0,40.0,8.0,,,CS,6,False,False
2021-006,2021,6,ARB,SHAHEEN,2021-10-01 06:00:00,2021-10-01 06:00:00,23.2,64.5,3.0,992.0,45.0,10.0,,,CS,7,False,False
2021-006,2021,6,ARB,SHAHEEN,2021-10-01 09:00:00,2021-10-01 09:00:00,23.3,64.1,3.0,991.0,45.0,11.0,,,CS,8,False,False
2021-006,2021,6,ARB,SHAHEEN,2021-10-01 12:00:00,2021-10-01 12:00:00,23.4,63.7,3.5,987.0,55.0,15.0,,,SCS,9,False,False
2021-006,2021,6,ARB,SHAHEEN,2021-10-01 15:00:00,2021-10-01 15:00:00,23.6,63.4,3.5,986.0,55.0,16.0,,,SCS,10,False,False
2021-006,2021,6,ARB,SHAHEEN,2021-10-01 18:00:00,2021-10-01 18:00:00,23.6,63.2,3.5,984.0,60.0,18.0,,,SCS,11,False,False
2021-006,2021,6,ARB,SHAHEEN,2021-10-01 21:00:00,2021-10-01 21:00:00,23.8,62.8,3.5,984.0,60.0,18.0,,,SCS,12,False,False
2021-006,2021,6,ARB,SHAHEEN,2021-10-02 00:00:00,2021-10-02 00:00:00,23.8,62.4,3.5,984.0,60.0,18.0,,,SCS,13,False,False
2021-006,2021,6,ARB,SHAHEEN,2021-10-02 03:00:00,2021-10-02 03:00:00,23.9,62.1,3.5,984.0,60.0,18.0,,,SCS,14,False,False
2021-006,2021,6,ARB,SHAHEEN,2021-10-02 06:00:00,2021-10-02 06:00:00,24.1,61.8,3.5,984.0,60.0,18.0,,,SCS,15,False,False
2021-006,2021,6,ARB,SHAHEEN,2021-10-02 09:00:00,2021-10-02 09:00:00,24.3,61.3,3.5,984.0,60.0,18.0,,,SCS,16,False,False
2021-006,2021,6,ARB,SHAHEEN,2021-10-02 12:00:00,2021-10-02 12:00:00,24.5,60.7,3.5,984.0,60.0,18.0,,,SCS,17,False,False
2021-006,2021,6,ARB,SHAHEEN,2021-10-02 15:00:00,2021-10-02 15:00:00,24.5,60.4,3.5,984.0,60.0,18.0,,,SCS,18,False,False
2021-006,2021,6,ARB,SHAHEEN,2021-10-02 18:00:00,2021-10-02 18:00:00,24.4,60.0,3.5,984.0,60.0,18.0,,,SCS,19,False,False
2021-006,2021,6,ARB,SHAHEEN,2021-10-02 21:00:00,2021-10-02 21:00:00,24.4,59.7,3.5,984.0,60.0,18.0,,,SCS,20,False,False
2021-006,2021,6,ARB,SHAHEEN,2021-10-03 00:00:00,2021-10-03 00:00:00,24.3,59.5,3.5,984.0,60.0,18.0,,,SCS,21,False,False
2021-006,2021,6,ARB,SHAHEEN,2021-10-03 03:00:00,2021-10-03 03:00:00,24.2,59.0,3.5,984.0,60.0,18.0,,,SCS,22,False,False
2021-006,2021,6,ARB,SHAHEEN,2021-10-03 06:00:00,2021-10-03 06:00:00,24.1,58.6,3.5,984.0,60.0,18.0,,,SCS,23,False,False
2021-006,2021,6,ARB,SHAHEEN,2021-10-03 09:00:00,2021-10-03 09:00:00,24.1,58.3,3.5,984.0,60.0,18.0,,,SCS,24,False,False
2021-006,2021,6,ARB,SHAHEEN,2021-10-03 12:00:00,2021-10-03 12:00:00,24.0,58.0,3.5,984.0,60.0,18.0,,,SCS,25,False,False
2021-006,2021,6,ARB,SHAHEEN,2021-10-03 15:00:00,2021-10-03 15:00:00,24.0,57.7,3.5,984.0,60.0,18.0,,,SCS,26,False,False
2021-006,2021,6,ARB,SHAHEEN,2021-10-03 18:00:00,2021-10-03 18:00:00,23.9,57.3,3.5,986.0,55.0,16.0,,,SCS,27,False,False
2021-006,2021,6,ARB,SHAHEEN,2021-10-03 21:00:00,2021-10-03 21:00:00,23.8,57.2,,988.0,55.0,14.0,,,SCS,28,False,False
2021-006,2021,6,ARB,SHAHEEN,2021-10-04 00:00:00,2021-10-04 00:00:00,23.7,56.8,,994.0,40.0,8.0,,,CS,29,False,False
2021-006,2021,6,ARB,SHAHEEN,2021-10-04 03:00:00,2021-10-04 03:00:00,23.5,56.4,,998.0,30.0,5.0,,,DD,30,False,False
2021-006,2021,6,ARB,SHAHEEN,2021-10-04 06:00:00,2021-10-04 06:00:00,23.3,56.0,,1000.0,20.0,3.0,,,D,31,False,False
2021-007,2021,7,ARB,,2021-10-07 03:00:00,2021-10-07 03:00:00,14.0,67.5,1.5,1002.0,25.0,4.0,,,D,0,False,False
2021-007,2021,7,ARB,,2021-10-07 06:00:00,2021-10-07 06:00:00,14.2,67.2,1.5,1002.0,25.0,4.0,,,D,1,False,False
2021-007,2021,7,ARB,,2021-10-07 12:00:00,2021-10-07 12:00:00,14.3,67.0,1.5,1002.0,25.0,4.0,,,D,2,False,False
2021-007,2021,7,ARB,,2021-10-07 18:00:00,2021-10-07 18:00:00,14.5,66.8,1.5,1002.0,25.0,4.0,,,D,3,False,False
2021-007,2021,7,ARB,,2021-10-08 00:00:00,2021-10-08 00:00:00,14.6,66.6,1.5,1002.0,25.0,4.0,,,D,4,False,False
2021-007,2021,7,ARB,,2021-10-08 03:00:00,2021-10-08 03:00:00,14.7,66.4,1.5,1002.0,25.0,4.0,,,D,5,False,False
2021-007,2021,7,ARB,,2021-10-08 06:00:00,2021-10-08 06:00:00,14.7,66.2,1.5,1002.0,25.0,4.0,,,D,6,False,False
2021-007,2021,7,ARB,,2021-10-08 12:00:00,2021-10-08 12:00:00,14.6,65.9,1.5,1003.0,25.0,3.0,,,D,7,False,False
2021-007,2021,7,ARB,,2021-10-08 18:00:00,2021-10-08 18:00:00,14.5,65.8,1.5,1003.0,25.0,3.0,,,D,8,False,False
2021-008,2021,8,BOB,,2021-11-10 12:00:00,2021-11-10 12:00:00,10.6,83.4,1.5,1000.0,25.0,4.0,,,D,0,False,False
2021-008,2021,8,BOB,,2021-11-10 18:00:00,2021-11-10 18:00:00,11.3,82.3,1.5,1000.0,25.0,4.0,,,D,1,False,False
2021-008,2021,8,BOB,,2021-11-11 00:00:00,2021-11-11 00:00:00,12.0,81.5,1.5,1000.0,25.0,4.0,,,D,2,False,False
2021-008,2021,8,BOB,,2021-11-11 03:00:00,2021-11-11 03:00:00,12.3,81.2,1.5,1000.0,25.0,4.0,,,D,3,False,False
2021-008,2021,8,BOB,,2021-11-11 06:00:00,2021-11-11 06:00:00,12.6,80.8,1.5,1000.0,25.0,4.0,,,D,4,False,False
2021-008,2021,8,BOB,,2021-11-11 12:00:00,2021-11-11 12:00:00,12.9,80.3,1.5,1000.0,25.0,4.0,,,D,5,False,False
2021-008,2021,8,BOB,,2021-11-11 18:00:00,2021-11-11 18:00:00,13.1,79.8,1.5,1000.0,20.0,3.0,,,D,6,False,False
2021-009,2021,9,BOB,,2021-11-18 03:00:00,2021-11-18 03:00:00,11.0,82.3,1.5,1000.0,25.0,4.0,,,D,0,False,False
2021-009,2021,9,BOB,,2021-11-18 06:00:00,2021-11-18 06:00:00,11.2,81.7,1.5,1000.0,25.0,4.0,,,D,1,False,False
2021-009,2021,9,BOB,,2021-11-18 12:00:00,2021-11-18 12:00:00,11.8,80.9,1.5,1000.0,25.0,4.0,,,D,2,False,False
2021-009,2021,9,BOB,,2021-11-18 18:00:00,2021-11-18 18:00:00,12.2,80.5,1.5,1000.0,25.0,4.0,,,D,3,False,False
2021-009,2021,9,BOB,,2021-11-19 00:00:00,2021-11-19 00:00:00,12.5,80.0,,1000.0,25.0,4.0,,,D,4,False,False
2021-009,2021,9,BOB,,2021-11-19 03:00:00,2021-11-19 03:00:00,12.7,79.7,,1002.0,20.0,3.0,,,D,5,False,False
2021-010,2021,10,BOB,JAWAD,2021-12-02 12:00:00,2021-12-02 12:00:00,11.0,89.0,1.5,1004.0,25.0,4.0,,,D,0,False,False
2021-010,2021,10,BOB,JAWAD,2021-12-02 18:00:00,2021-12-02 18:00:00,12.0,87.5,1.5,1004.0,25.0,4.0,,,D,1,False,False
2021-010,2021,10,BOB,JAWAD,2021-12-03 00:00:00,2021-12-03 00:00:00,13.4,86.4,2.0,1002.0,30.0,5.0,,,DD,2,False,False
2021-010,2021,10,BOB,JAWAD,2021-12-03 03:00:00,2021-12-03 03:00:00,14.0,86.0,2.0,1002.0,30.0,6.0,,,DD,3,False,False
2021-010,2021,10,BOB,JAWAD,2021-12-03 06:00:00,2021-12-03 06:00:00,14.5,85.6,2.5,1001.0,35.0,7.0,,,CS,4,False,False
2021-010,2021,10,BOB,JAWAD,2021-12-03 09:00:00,2021-12-03 09:00:00,15.0,85.3,2.5,1001.0,35.0,7.0,,,CS,5,False,False
2021-010,2021,10,BOB,JAWAD,2021-12-03 12:00:00,2021-12-03 12:00:00,15.5,85.0,2.5,1000.0,40.0,8.0,,,CS,6,False,False
2021-010,2021,10,BOB,JAWAD,2021-12-03 15:00:00,2021-12-03 15:00:00,15.7,85.0,2.5,1000.0,40.0,8.0,,,CS,7,False,False
2021-010,2021,10,BOB,JAWAD,2021-12-03 18:00:00,2021-12-03 18:00:00,15.9,84.8,2.5,1000.0,40.0,8.0,,,CS,8,False,False
2021-010,2021,10,BOB,JAWAD,2021-12-03 21:00:00,2021-12-03 21:00:00,16.0,84.9,2.5,1000.0,40.0,8.0,,,CS,9,False,False
2021-010,2021,10,BOB,JAWAD,2021-12-04 00:00:00,2021-12-04 00:00:00,16.2,84.7,2.5,1000.0,40.0,8.0,,,CS,10,False,False
2021-010,2021,10,BOB,JAWAD,2021-12-04 03:00:00,2021-12-04 03:00:00,16.3,84.7,2.5,1000.0,40.0,8.0,,,CS,11,False,False
2021-010,2021,10,BOB,JAWAD,2021-12-04 06:00:00,2021-12-04 06:00:00,16.4,84.7,2.5,1001.0,35.0,7.0,,,CS,12,False,False
2021-010,2021,10,BOB,JAWAD,2021-12-04 09:00:00,2021-12-04 09:00:00,16.5,84.7,2.5,1001.0,35.0,7.0,,,CS,13,False,False
2021-010,2021,10,BOB,JAWAD,2021-12-04 12:00:00,2021-12-04 12:00:00,16.9,84.8,2.0,1002.0,30.0,6.0,,,DD,14,False,False
2021-010,2021,10,BOB,JAWAD,2021-12-04 18:00:00,2021-12-04 18:00:00,17.5,85.0,2.0,1002.0,30.0,6.0,,,DD,15,False,False
2021-010,2021,10,BOB,JAWAD,2021-12-05 00:00:00,2021-12-05 00:00:00,17.9,85.5,2.0,1002.0,30.0,6.0,,,DD,16,False,False
2021-010,2021,10,BOB,JAWAD,2021-12-05 03:00:00,2021-12-05 03:00:00,18.7,85.7,2.0,1003.0,30.0,5.0,,,DD,17,False,False
2021-010,2021,10,BOB,JAWAD,2021-12-05 06:00:00,2021-12-05 06:00:00,19.1,85.9,2.0,1003.0,30.0,5.0,,,DD,18,False,False
2021-010,2021,10,BOB,JAWAD,2021-12-05 09:00:00,2021-12-05 09:00:00,19.5,86.2,1.5,1004.0,25.0,4.0,,,D,19,False,False
2021-010,2021,10,BOB,JAWAD,2021-12-05 12:00:00,2021-12-05 12:00:00,20.1,86.9,1.5,1004.0,25.0,4.0,,,D,20,False,False
2021-010,2021,10,BOB,JAWAD,2021-12-05 18:00:00,2021-12-05 18:00:00,20.6,87.3,1.5,1004.0,25.0,4.0,,,D,21,False,False
2022-001,2022,1,BOB,,2022-03-03 00:00:00,2022-03-03 00:00:00,5.3,84.0,1.5,1004.0,25.0,3.0,,,D,0,False,False
2022-001,2022,1,BOB,,2022-03-03 03:00:00,2022-03-03 03:00:00,5.6,83.7,1.5,1004.0,25.0,3.0,,,D,1,False,False
2022-001,2022,1,BOB,,2022-03-03 06:00:00,2022-03-03 06:00:00,6.1,83.4,1.5,1004.0,25.0,3.0,,,D,2,False,False
2022-001,2022,1,BOB,,2022-03-03 12:00:00,2022-03-03 12:00:00,7.1,83.3,1.5,1004.0,25.0,3.0,,,D,3,False,False
2022-001,2022,1,BOB,,2022-03-03 18:00:00,2022-03-03 18:00:00,7.8,83.1,1.5,1004.0,25.0,3.0,,,D,4,False,False
2022-001,2022,1,BOB,,2022-03-04 00:00:00,2022-03-04 00:00:00,8.5,83.0,1.5,1004.0,25.0,3.0,,,D,5,False,False
2022-001,2022,1,BOB,,2022-03-04 03:00:00,2022-03-04 03:00:00,8.9,82.9,1.5,1004.0,25.0,3.0,,,D,6,False,False
2022-001,2022,1,BOB,,2022-03-04 06:00:00,2022-03-04 06:00:00,9.2,82.8,1.5,1003.0,25.0,4.0,,,D,7,False,False
2022-001,2022,1,BOB,,2022-03-04 12:00:00,2022-03-04 12:00:00,10.0,82.7,2.0,1002.0,30.0,5.0,,,DD,8,False,False
2022-001,2022,1,BOB,,2022-03-04 18:00:00,2022-03-04 18:00:00,10.3,82.6,2.0,1002.0,30.0,5.0,,,DD,9,False,False
2022-001,2022,1,BOB,,2022-03-05 00:00:00,2022-03-05 00:00:00,11.0,82.6,2.0,1002.0,30.0,5.0,,,DD,10,False,False
2022-001,2022,1,BOB,,2022-03-05 03:00:00,2022-03-05 03:00:00,11.4,82.6,2.0,1002.0,30.0,5.0,,,DD,11,False,False
2022-001,2022,1,BOB,,2022-03-05 06:00:00,2022-03-05 06:00:00,11.6,82.6,2.0,1002.0,30.0,5.0,,,DD,12,False,False
2022-001,2022,1,BOB,,2022-03-05 12:00:00,2022-03-05 12:00:00,11.7,82.5,2.0,1002.0,30.0,5.0,,,DD,13,False,False
2022-001,2022,1,BOB,,2022-03-05 18:00:00,2022-03-05 18:00:00,11.5,82.4,1.5,1003.0,25.0,4.0,,,D,14,False,False
2022-001,2022,1,BOB,,2022-03-06 00:00:00,2022-03-06 00:00:00,11.2,82.2,1.5,1004.0,25.0,3.0,,,D,15,False,False
2022-002,2022,2,BOB,,2022-03-20 00:00:00,2022-03-20 00:00:00,9.8,92.5,1.5,1002.0,25.0,3.0,,,D,0,False,False
2022-002,2022,2,BOB,,2022-03-20 03:00:00,2022-03-20 03:00:00,10.1,92.6,1.5,1002.0,25.0,3.0,,,D,1,False,False
2022-002,2022,2,BOB,,2022-03-20 06:00:00,2022-03-20 06:00:00,10.4,92.9,1.5,1002.0,25.0,3.0,,,D,2,False,False
2022-002,2022,2,BOB,,2022-03-20 12:00:00,2022-03-20 12:00:00,10.9,93.2,1.5,1002.0,25.0,3.0,,,D,3,False,False
2022-002,2022,2,BOB,,2022-03-20 18:00:00,2022-03-20 18:00:00,11.3,93.4,1.5,1001.0,25.0,4.0,,,D,4,False,False
2022-002,2022,2,BOB,,2022-03-21 00:00:00,2022-03-21 00:00:00,11.9,93.7,2.0,1000.0,30.0,5.0,,,DD,5,False,False
2022-002,2022,2,BOB,,2022-03-21 03:00:00,2022-03-21 03:00:00,12.3,93.8,2.0,1000.0,30.0,5.0,,,DD,6,False,False
2022-002,2022,2,BOB,,2022-03-21 06:00:00,2022-03-21 06:00:00,12.6,93.9,2.0,1000.0,30.0,5.0,,,DD,7,False,False
2022-002,2022,2,BOB,,2022-03-21 12:00:00,2022-03-21 12:00:00,13.3,94.0,2.0,1000.0,30.0,5.0,,,DD,8,False,False
2022-002,2022,2,BOB,,2022-03-21 18:00:00,2022-03-21 18:00:00,14.0,94.0,2.0,1000.0,30.0,5.0,,,DD,9,False,False
2022-002,2022,2,BOB,,2022-03-22 00:00:00,2022-03-22 00:00:00,14.9,94.2,2.0,1000.0,30.0,5.0,,,DD,10,False,False
2022-002,2022,2,BOB,,2022-03-22 03:00:00,2022-03-22 03:00:00,15.2,94.2,2.0,1000.0,30.0,5.0,,,DD,11,False,False
2022-002,2022,2,BOB,,2022-03-22 06:00:00,2022-03-22 06:00:00,15.8,94.2,2.0,1000.0,30.0,5.0,,,DD,12,False,False
2022-002,2022,2,BOB,,2022-03-22 09:00:00,2022-03-22 09:00:00,16.3,94.3,,1000.0,30.0,5.0,,,DD,13,False,False
2022-002,2022,2,BOB,,2022-03-22 12:00:00,2022-03-22 12:00:00,16.6,94.4,,1001.0,25.0,4.0,,,D,14,False,False
2022-002,2022,2,BOB,,2022-03-22 18:00:00,2022-03-22 18:00:00,17.6,94.5,1.5,1002.0,25.0,3.0,,,D,15,False,False
2022-002,2022,2,BOB,,2022-03-23 00:00:00,2022-03-23 00:00:00,19.0,94.6,,1003.0,20.0,3.0,,,D,16,False,False
2022-003,2022,3,BOB,ASANI,2022-05-07 06:00:00,2022-05-07 06:00:00,9.4,91.3,1.5,996.0,25.0,4.0,,,D,0,False,False
2022-003,2022,3,BOB,ASANI,2022-05-07 12:00:00,2022-05-07 12:00:00,10.3,90.4,2.0,995.0,30.0,5.0,,,DD,1,False,False
2022-003,2022,3,BOB,ASANI,2022-05-07 18:00:00,2022-05-07 18:00:00,10.8,90.1,2.0,994.0,30.0,5.0,,,DD,2,False,False
2022-003,2022,3,BOB,ASANI,2022-05-08 00:00:00,2022-05-08 00:00:00,11.3,89.3,2.5,992.0,35.0,7.0,,,CS,3,False,False
2022-003,2022,3,BOB,ASANI,2022-05-08 03:00:00,2022-05-08 03:00:00,11.5,89.0,2.5,990.0,40.0,8.0,,,CS,4,False,False
2022-003,2022,3,BOB,ASANI,2022-05-08 06:00:00,2022-05-08 06:00:00,11.8,88.7,3.0,988.0,45.0,10.0,,,CS,5,False,False
2022-003,2022,3,BOB,ASANI,2022-05-08 09:00:00,2022-05-08 09:00:00,12.0,88.4,3.0,988.0,45.0,10.0,,,CS,6,False,False
2022-003,2022,3,BOB,ASANI,2022-05-08 12:00:00,2022-05-08 12:00:00,12.3,88.2,3.0,986.0,50.0,12.0,,,SCS,7,False,False
2022-003,2022,3,BOB,ASANI,2022-05-08 15:00:00,2022-05-08 15:00:00,12.7,87.8,3.0,986.0,50.0,12.0,,,SCS,8,False,False
2022-003,2022,3,BOB,ASANI,2022-05-08 18:00:00,2022-05-08 18:00:00,13.1,87.5,3.5,984.0,55.0,14.0,,,SCS,9,False,False
2022-003,2022,3,BOB,ASANI,2022-05-08 21:00:00,2022-05-08 21:00:00,13.5,87.1,3.5,984.0,55.0,14.0,,,SCS,10,False,False
2022-003,2022,3,BOB,ASANI,2022-05-09 00:00:00,2022-05-09 00:00:00,13.9,86.8,3.5,983.0,55.0,15.0,,,SCS,11,False,False
2022-003,2022,3,BOB,ASANI,2022-05-09 03:00:00,2022-05-09 03:00:00,14.2,86.5,3.5,982.0,55.0,16.0,,,SCS,12,False,False
2022-003,2022,3,BOB,ASANI,2022-05-09 06:00:00,2022-05-09 06:00:00,14.6,86.3,3.5,982.0,55.0,16.0,,,SCS,13,False,False
2022-003,2022,3,BOB,ASANI,2022-05-09 09:00:00,2022-05-09 09:00:00,14.7,86.0,3.5,982.0,55.0,16.0,,,SCS,14,False,False
2022-003,2022,3,BOB,ASANI,2022-05-09 12:00:00,2022-05-09 12:00:00,14.9,85.8,3.5,982.0,55.0,16.0,,,SCS,15,False,False
2022-003,2022,3,BOB,ASANI,2022-05-09 15:00:00,2022-05-09 15:00:00,15.0,85.5,3.5,982.0,55.0,16.0,,,SCS,16,False,False
2022-003,2022,3,BOB,ASANI,2022-05-09 18:00:00,2022-05-09 18:00:00,15.1,85.2,3.5,982.0,55.0,16.0,,,SCS,17,False,False
2022-003,2022,3,BOB,ASANI,2022-05-09 21:00:00,2022-05-09 21:00:00,15.2,84.9,3.5,982.0,55.0,16.0,,,SCS,18,False,False
2022-003,2022,3,BOB,ASANI,2022-05-10 00:00:00,2022-05-10 00:00:00,15.3,84.6,3.5,982.0,55.0,16.0,,,SCS,19,False,False
2022-003,2022,3,BOB,ASANI,2022-05-10 03:00:00,2022-05-10 03:00:00,15.4,84.0,3.5,984.0,55.0,14.0,,,SCS,20,False,False
2022-003,2022,3,BOB,ASANI,2022-05-10 06:00:00,2022-05-10 06:00:00,15.5,83.5,3.5,984.0,55.0,14.0,,,SCS,21,False,False
2022-003,2022,3,BOB,ASANI,2022-05-10 09:00:00,2022-05-10 09:00:00,15.6,83.1,3.5,984.0,55.0,14.0,,,SCS,22,False,False
2022-003,2022,3,BOB,ASANI,2022-05-10 12:00:00,2022-05-10 12:00:00,15.7,82.8,3.0,984.0,50.0,14.0,,,SCS,23,False,False
2022-003,2022,3,BOB,ASANI,2022-05-10 15:00:00,2022-05-10 15:00:00,15.8,82.4,3.0,985.0,50.0,13.0,,,SCS,24,False,False
2022-003,2022,3,BOB,ASANI,2022-05-10 18:00:00,2022-05-10 18:00:00,15.9,82.1,3.0,986.0,50.0,12.0,,,SCS,25,False,False
2022-003,2022,3,BOB,ASANI,2022-05-10 21:00:00,2022-05-10 21:00:00,16.0,81.9,3.0,986.0,45.0,10.0,,,CS,26,False,False
2022-003,2022,3,BOB,ASANI,2022-05-11 00:00:00,2022-05-11 00:00:00,16.1,81.8,3.0,988.0,45.0,10.0,,,CS,27,False,False
2022-003,2022,3,BOB,ASANI,2022-05-11 03:00:00,2022-05-11 03:00:00,16.1,81.6,3.0,988.0,45.0,10.0,,,CS,28,False,False
2022-003,2022,3,BOB,ASANI,2022-05-11 06:00:00,2022-05-11 06:00:00,16.2,81.5,2.5,990.0,40.0,8.0,,,CS,29,False,False
2022-003,2022,3,BOB,ASANI,2022-05-11 09:00:00,2022-05-11 09:00:00,16.2,81.4,2.5,990.0,40.0,8.0,,,CS,30,False,False
2022-003,2022,3,BOB,ASANI,2022-05-11 12:00:00,2022-05-11 12:00:00,16.3,81.4,2.0,992.0,30.0,6.0,,,DD,31,False,False
2022-003,2022,3,BOB,ASANI,2022-05-11 15:00:00,2022-05-11 15:00:00,16.3,81.3,,993.0,30.0,5.0,,,DD,32,False,False
2022-003,2022,3,BOB,ASANI,2022-05-11 18:00:00,2022-05-11 18:00:00,16.3,81.2,,994.0,30.0,5.0,,,DD,33,False,False
2022-003,2022,3,BOB,ASANI,2022-05-12 00:00:00,2022-05-12 00:00:00,16.2,80.9,,996.0,25.0,4.0,,,D,34,False,False
2022-004,2022,4,BOB,,2022-05-20 03:00:00,2022-05-20 03:00:00,16.3,97.3,1.5,1000.0,25.0,4.0,,,D,0,False,False
2022-004,2022,4,BOB,,2022-05-20 06:00:00,2022-05-20 06:00:00,16.4,97.4,1.5,1000.0,25.0,4.0,,,D,1,False,False
2022-004,2022,4,BOB,,2022-05-20 09:00:00,2022-05-20 09:00:00,16.8,97.6,1.5,998.0,25.0,4.0,,,D,2,False,False
2022-004,2022,4,BOB,,2022-05-20 12:00:00,2022-05-20 12:00:00,17.1,97.8,1.5,999.0,25.0,3.0,,,D,3,False,False
2022-004,2022,4,BOB,,2022-05-20 18:00:00,2022-05-20 18:00:00,17.4,98.0,1.5,999.0,25.0,3.0,,,D,4,False,False
2022-005,2022,5,ARB,,2022-07-16 03:00:00,2022-07-16 03:00:00,21.6,69.0,1.5,992.0,25.0,4.0,,,D,0,False,False
2022-005,2022,5,ARB,,2022-07-16 06:00:00,2022-07-16 06:00:00,21.9,68.9,1.5,992.0,25.0,4.0,,,D,1,False,False
2022-005,2022,5,ARB,,2022-07-16 12:00:00,2022-07-16 12:00:00,22.1,68.8,1.5,992.0,25.0,4.0,,,D,2,False,False
2022-005,2022,5,ARB,,2022-07-16 18:00:00,2022-07-16 18:00:00,22.6,68.7,1.5,992.0,25.0,4.0,,,D,3,False,False
2022-005,2022,5,ARB,,2022-07-17 00:00:00,2022-07-17 00:00:00,22.8,68.5,1.5,992.0,25.0,4.0,,,D,4,False,False
2022-005,2022,5,ARB,,2022-07-17 03:00:00,2022-07-17 03:00:00,23.0,68.2,1.5,992.0,25.0,4.0,,,D,5,False,False
2022-005,2022,5,ARB,,2022-07-17 06:00:00,2022-07-17 06:00:00,23.2,67.8,1.5,992.0,25.0,4.0,,,D,6,False,False
2022-005,2022,5,ARB,,2022-07-17 12:00:00,2022-07-17 12:00:00,23.4,67.4,1.5,992.0,25.0,4.0,,,D,7,False,False
2022-005,2022,5,ARB,,2022-07-17 18:00:00,2022-07-17 18:00:00,23.4,66.3,1.5,993.0,20.0,3.0,,,D,8,False,False
2022-006,2022,6,LAND,,2022-08-09 03:00:00,2022-08-09 03:00:00,20.8,85.6,,990.0,25.0,4.0,,,D,0,False,False
2022-006,2022,6,LAND,,2022-08-09 06:00:00,2022-08-09 06:00:00,20.8,85.3,,990.0,25.0,4.0,,,D,1,False,False
2022-006,2022,6,LAND,,2022-08-09 12:00:00,2022-08-09 12:00:00,21.2,84.2,,990.0,25.0,4.0,,,D,2,False,False
2022-006,2022,6,LAND,,2022-08-09 18:00:00,2022-08-09 18:00:00,21.5,83.3,,991.0,20.0,3.0,,,D,3,False,False
2022-007,2022,7,ARB,,2022-08-12 03:00:00,2022-08-12 03:00:00,22.5,66.5,1.5,990.0,25.0,4.0,,,D,0,False,False
2022-007,2022,7,ARB,,2022-08-12 06:00:00,2022-08-12 06:00:00,22.4,66.0,1.5,990.0,25.0,4.0,,,D,1,False,False
2022-007,2022,7,ARB,,2022-08-12 12:00:00,2022-08-12 12:00:00,22.3,65.2,1.5,990.0,25.0,4.0,,,D,2,False,False
2022-007,2022,7,ARB,,2022-08-12 18:00:00,2022-08-12 18:00:00,22.2,64.5,1.5,990.0,25.0,4.0,,,D,3,False,False
2022-007,2022,7,ARB,,2022-08-13 00:00:00,2022-08-13 00:00:00,22.1,63.8,1.5,990.0,25.0,4.0,,,D,4,False,False
2022-007,2022,7,ARB,,2022-08-13 03:00:00,2022-08-13 03:00:00,22.0,63.6,1.5,990.0,25.0,4.0,,,D,5,False,False
2022-007,2022,7,ARB,,2022-08-13 06:00:00,2022-08-13 06:00:00,22.0,63.4,1.5,990.0,20.0,3.0,,,D,6,False,False
2022-008,2022,8,BOB,,2022-08-14 03:00:00,2022-08-14 03:00:00,21.7,87.8,1.5,994.0,25.0,4.0,,,D,0,False,False
2022-008,2022,8,BOB,,2022-08-14 06:00:00,2022-08-14 06:00:00,21.8,87.5,,994.0,25.0,4.0,,,D,1,False,False
2022-008,2022,8,BOB,,2022-08-14 12:00:00,2022-08-14 12:00:00,22.1,86.0,,994.0,25.0,4.0,,,D,2,False,False
2022-008,2022,8,BOB,,2022-08-14 18:00:00,2022-08-14 18:00:00,22.2,84.0,,994.0,25.0,4.0,,,D,3,False,False
2022-008,2022,8,BOB,,2022-08-15 00:00:00,2022-08-15 00:00:00,22.4,82.8,,994.0,25.0,4.0,,,D,4,False,False
2022-008,2022,8,BOB,,2022-08-15 03:00:00,2022-08-15 03:00:00,22.6,82.0,,994.0,25.0,4.0,,,D,5,False,False
2022-008,2022,8,BOB,,2022-08-15 06:00:00,2022-08-15 06:00:00,22.8,81.1,,994.0,25.0,4.0,,,D,6,False,False
2022-008,2022,8,BOB,,2022-08-15 12:00:00,2022-08-15 12:00:00,23.3,79.8,,994.0,25.0,4.0,,,D,7,False,False
2022-008,2022,8,BOB,,2022-08-15 18:00:00,2022-08-15 18:00:00,23.6,79.0,,994.0,25.0,4.0,,,D,8,False,False
2022-008,2022,8,BOB,,2022-08-16 00:00:00,2022-08-16 00:00:00,24.3,77.6,,994.0,25.0,4.0,,,D,9,False,False
2022-008,2022,8,BOB,,2022-08-16 03:00:00,2022-08-16 03:00:00,24.7,76.5,,994.0,25.0,4.0,,,D,10,False,False
2022-008,2022,8,BOB,,2022-08-16 06:00:00,2022-08-16 06:00:00,24.9,76.1,,995.0,20.0,3.0,,,D,11,False,False
2022-009,2022,9,BOB,,2022-08-19 00:00:00,2022-08-19 00:00:00,20.5,89.7,1.5,994.0,25.0,4.0,,,D,0,False,False
2022-009,2022,9,BOB,,2022-08-19 03:00:00,2022-08-19 03:00:00,20.8,89.2,1.5,994.0,25.0,4.0,,,D,1,False,False
2022-009,2022,9,BOB,,2022-08-19 06:00:00,2022-08-19 06:00:00,21.1,88.8,2.0,993.0,30.0,5.0,,,DD,2,False,False
2022-009,2022,9,BOB,,2022-08-19 12:00:00,2022-08-19 12:00:00,21.5,88.1,2.0,992.0,30.0,6.0,,,DD,3,False,False
2022-009,2022,9,BOB,,2022-08-19 15:00:00,2022-08-19 15:00:00,21.8,87.6,,992.0,30.0,6.0,,,DD,4,False,False
2022-009,2022,9,BOB,,2022-08-19 18:00:00,2022-08-19 18:00:00,22.1,87.0,,992.0,30.0,6.0,,,DD,5,False,False
2022-009,2022,9,BOB,,2022-08-20 00:00:00,2022-08-20 00:00:00,22.5,86.0,,992.0,30.0,6.0,,,DD,6,False,False
2022-009,2022,9,BOB,,2022-08-20 03:00:00,2022-08-20 03:00:00,22.6,85.6,,992.0,30.0,6.0,,,DD,7,False,False
2022-009,2022,9,BOB,,2022-08-20 06:00:00,2022-08-20 06:00:00,22.9,84.8,,993.0,30.0,5.0,,,DD,8,False,False
2022-009,2022,9,BOB,,2022-08-20 12:00:00,2022-08-20 12:00:00,23.3,83.6,,993.0,30.0,5.0,,,DD,9,False,False
2022-009,2022,9,BOB,,2022-08-20 18:00:00,2022-08-20 18:00:00,23.5,82.9,,993.0,30.0,5.0,,,DD,10,False,False
2022-009,2022,9,BOB,,2022-08-21 00:00:00,2022-08-21 00:00:00,23.7,82.2,,994.0,25.0,4.0,,,D,11,False,False
2022-009,2022,9,BOB,,2022-08-21 03:00:00,2022-08-21 03:00:00,23.8,81.7,,994.0,25.0,4.0,,,D,12,False,False
2022-009,2022,9,BOB,,2022-08-21 06:00:00,2022-08-21 06:00:00,24.0,81.2,,994.0,25.0,4.0,,,D,13,False,False
2022-009,2022,9,BOB,,2022-08-21 12:00:00,2022-08-21 12:00:00,24.2,80.5,,994.0,25.0,4.0,,,D,14,False,False
2022-009,2022,9,BOB,,2022-08-21 18:00:00,2022-08-21 18:00:00,24.25,79.8,,995.0,25.0,4.0,,,D,15,False,False
2022-009,2022,9,BOB,,2022-08-22 00:00:00,2022-08-22 00:00:00,24.3,79.1,,995.0,25.0,4.0,,,D,16,False,False
2022-009,2022,9,BOB,,2022-08-22 03:00:00,2022-08-22 03:00:00,24.3,78.4,,995.0,25.0,4.0,,,D,17,False,False
2022-009,2022,9,BOB,,2022-08-22 06:00:00,2022-08-22 06:00:00,24.4,77.8,,996.0,25.0,4.0,,,D,18,False,False
2022-009,2022,9,BOB,,2022-08-22 12:00:00,2022-08-22 12:00:00,24.4,77.4,,996.0,25.0,4.0,,,D,19,False,False
2022-009,2022,9,BOB,,2022-08-22 18:00:00,2022-08-22 18:00:00,24.6,76.6,,997.0,20.0,3.0,,,D,20,False,False
2022-009,2022,9,BOB,,2022-08-23 00:00:00,2022-08-23 00:00:00,24.8,76.2,,997.0,20.0,3.0,,,D,21,False,False
2022-010,2022,10,LAND,,2022-09-11 00:00:00,2022-09-11 00:00:00,19.5,84.7,,998.0,25.0,4.0,,,D,0,False,False
2022-010,2022,10,LAND,,2022-09-11 03:00:00,2022-09-11 03:00:00,19.7,84.0,,998.0,25.0,4.0,,,D,1,False,False
2022-010,2022,10,LAND,,2022-09-11 06:00:00,2022-09-11 06:00:00,19.8,83.3,,998.0,25.0,4.0,,,D,2,False,False
2022-010,2022,10,LAND,,2022-09-11 12:00:00,2022-09-11 12:00:00,19.9,81.7,,998.0,25.0,4.0,,,D,3,False,False
2022-010,2022,10,LAND,,2022-09-11 18:00:00,2022-09-11 18:00:00,20.1,81.2,,998.0,25.0,4.0,,,D,4,False,False
2022-010,2022,10,LAND,,2022-09-12 00:00:00,2022-09-12 00:00:00,20.8,80.8,,999.0,20.0,3.0,,,D,5,False,False
2022-011,2022,11,BOB,SITRANG,2022-10-22 03:00:00,2022-10-22 03:00:00,12.7,92.4,1.5,1004.0,25.0,3.0,,,D,0,False,False
2022-011,2022,11,BOB,SITRANG,2022-10-22 06:00:00,2022-10-22 06:00:00,13.7,91.3,1.5,1003.0,25.0,4.0,,,D,1,False,False
2022-011,2022,11,BOB,SITRANG,2022-10-22 12:00:00,2022-10-22 12:00:00,14.2,90.5,1.5,1002.0,25.0,4.0,,,D,2,False,False
2022-011,2022,11,BOB,SITRANG,2022-10-22 18:00:00,2022-10-22 18:00:00,14.9,89.8,1.5,1002.0,25.0,4.0,,,D,3,False,False
2022-011,2022,11,BOB,SITRANG,2022-10-23 00:00:00,2022-10-23 00:00:00,15.3,89.0,2.0,1001.0,30.0,5.0,,,DD,4,False,False
2022-011,2022,11,BOB,SITRANG,2022-10-23 03:00:00,2022-10-23 03:00:00,15.6,88.4,2.0,1000.0,30.0,6.0,,,DD,5,False,False
2022-011,2022,11,BOB,SITRANG,2022-10-23 06:00:00,2022-10-23 06:00:00,15.9,88.2,2.0,1000.0,30.0,6.0,,,DD,6,False,False
2022-011,2022,11,BOB,SITRANG,2022-10-23 12:00:00,2022-10-23 12:00:00,16.5,88.1,2.5,999.0,35.0,7.0,,,CS,7,False,False
2022-011,2022,11,BOB,SITRANG,2022-10-23 15:00:00,2022-10-23 15:00:00,17.0,88.2,2.5,999.0,35.0,7.0,,,CS,8,False,False
2022-011,2022,11,BOB,SITRANG,2022-10-23 18:00:00,2022-10-23 18:00:00,17.3,88.3,2.5,998.0,35.0,7.0,,,CS,9,False,False
2022-011,2022,11,BOB,SITRANG,2022-10-23 21:00:00,2022-10-23 21:00:00,17.5,88.4,2.5,997.0,40.0,8.0,,,CS,10,False,False
2022-011,2022,11,BOB,SITRANG,2022-10-24 00:00:00,2022-10-24 00:00:00,18.0,88.6,2.5,996.0,40.0,9.0,,,CS,11,False,False
2022-011,2022,11,BOB,SITRANG,2022-10-24 03:00:00,2022-10-24 03:00:00,18.7,88.9,3.0,996.0,45.0,10.0,,,CS,12,False,False
2022-011,2022,11,BOB,SITRANG,2022-10-24 06:00:00,2022-10-24 06:00:00,19.3,89.2,3.0,996.0,45.0,10.0,,,CS,13,False,False
2022-011,2022,11,BOB,SITRANG,2022-10-24 09:00:00,2022-10-24 09:00:00,19.9,89.7,3.0,996.0,45.0,10.0,,,CS,14,False,False
2022-011,2022,11,BOB,SITRANG,2022-10-24 12:00:00,2022-10-24 12:00:00,20.5,89.8,3.0,996.0,45.0,10.0,,,CS,15,False,False
2022-011,2022,11,BOB,SITRANG,2022-10-24 15:00:00,2022-10-24 15:00:00,21.4,90.2,3.0,996.0,45.0,10.0,,,CS,16,False,False
2022-011,2022,11,BOB,SITRANG,2022-10-24 18:00:00,2022-10-24 18:00:00,23.5,90.8,,996.0,40.0,8.0,,,CS,17,False,False
2022-011,2022,11,BOB,SITRANG,2022-10-24 21:00:00,2022-10-24 21:00:00,24.3,91.0,,998.0,30.0,6.0,,,DD,18,False,False
2022-011,2022,11,BOB,SITRANG,2022-10-25 00:00:00,2022-10-25 00:00:00,24.5,91.1,,1000.0,25.0,4.0,,,D,19,False,False
2022-012,2022,12,BOB,,2022-11-20 00:00:00,2022-11-20 00:00:00,10.0,85.5,1.5,1005.0,25.0,4.0,,,D,0,False,False
2022-012,2022,12,BOB,,2022-11-20 03:00:00,2022-11-20 03:00:00,10.0,85.5,1.5,1005.0,25.0,4.0,,,D,1,False,False
2022-012,2022,12,BOB,,2022-11-20 06:00:00,2022-11-20 06:00:00,10.3,85.3,1.5,1005.0,25.0,4.0,,,D,2,False,False
2022-012,2022,12,BOB,,2022-11-20 12:00:00,2022-11-20 12:00:00,10.9,85.0,1.5,1003.0,25.0,4.0,,,D,3,False,False
2022-012,2022,12,BOB,,2022-11-20 18:00:00,2022-11-20 18:00:00,11.4,84.6,1.5,1003.0,25.0,4.0,,,D,4,False,False
2022-012,2022,12,BOB,,2022-11-21 00:00:00,2022-11-21 00:00:00,11.9,84.2,1.5,1003.0,25.0,4.0,,,D,5,False,False
2022-012,2022,12,BOB,,2022-11-21 03:00:00,2022-11-21 03:00:00,12.1,84.0,1.5,1003.0,25.0,4.0,,,D,6,False,False
2022-012,2022,12,BOB,,2022-11-21 06:00:00,2022-11-21 06:00:00,12.6,83.4,1.5,1003.0,25.0,4.0,,,D,7,False,False
2022-012,2022,12,BOB,,2022-11-21 12:00:00,2022-11-21 12:00:00,12.9,82.0,1.5,1003.0,25.0,4.0,,,D,8,False,False
2022-012,2022,12,BOB,,2022-11-21 18:00:00,2022-11-21 18:00:00,13.0,81.7,1.5,1003.0,25.0,4.0,,,D,9,False,False
2022-012,2022,12,BOB,,2022-11-22 00:00:00,2022-11-22 00:00:00,13.1,81.4,1.5,1004.0,25.0,4.0,,,D,10,False,False
2022-013,2022,13,BOB,MANDOUS,2022-12-06 12:00:00,2022-12-06 12:00:00,8.2,88.2,1.5,1000.0,25.0,3.0,,,D,0,False,False
2022-013,2022,13,BOB,MANDOUS,2022-12-06 18:00:00,2022-12-06 18:00:00,8.4,87.0,1.5,1000.0,25.0,4.0,,,D,1,False,False
2022-013,2022,13,BOB,MANDOUS,2022-12-07 00:00:00,2022-12-07 00:00:00,8.6,86.3,2.0,999.0,30.0,5.0,,,DD,2,False,False
2022-013,2022,13,BOB,MANDOUS,2022-12-07 03:00:00,2022-12-07 03:00:00,8.7,85.7,2.0,999.0,30.0,5.0,,,DD,3,False,False
2022-013,2022,13,BOB,MANDOUS,2022-12-07 06:00:00,2022-12-07 06:00:00,8.7,85.5,2.0,998.0,30.0,5.0,,,DD,4,False,False
2022-013,2022,13,BOB,MANDOUS,2022-12-07 12:00:00,2022-12-07 12:00:00,8.9,85.0,2.0,998.0,30.0,6.0,,,DD,5,False,False
2022-013,2022,13,BOB,MANDOUS,2022-12-07 18:00:00,2022-12-07 18:00:00,9.2,84.6,2.5,997.0,35.0,7.0,,,CS,6,False,False
2022-013,2022,13,BOB,MANDOUS,2022-12-07 21:00:00,2022-12-07 21:00:00,9.3,84.4,2.5,997.0,35.0,7.0,,,CS,7,False,False
2022-013,2022,13,BOB,MANDOUS,2022-12-08 00:00:00,2022-12-08 00:00:00,9.4,84.1,2.5,995.0,40.0,8.0,,,CS,8,False,False
2022-013,2022,13,BOB,MANDOUS,2022-12-08 03:00:00,2022-12-08 03:00:00,9.5,83.8,2.5,994.0,40.0,9.0,,,CS,9,False,False
2022-013,2022,13,BOB,MANDOUS,2022-12-08 06:00:00,2022-12-08 06:00:00,9.7,83.5,3.0,992.0,45.0,10.0,,,CS,10,False,False
2022-013,2022,13,BOB,MANDOUS,2022-12-08 09:00:00,2022-12-08 09:00:00,9.8,83.2,3.0,992.0,45.0,10.0,,,CS,11,False,False
2022-013,2022,13,BOB,MANDOUS,2022-12-08 12:00:00,2022-12-08 12:00:00,10.1,82.9,3.0,990.0,50.0,12.0,,,SCS,12,False,False
2022-013,2022,13,BOB,MANDOUS,2022-12-08 15:00:00,2022-12-08 15:00:00,10.4,82.6,3.0,990.0,50.0,12.0,,,SCS,13,False,False
2022-013,2022,13,BOB,MANDOUS,2022-12-08 18:00:00,2022-12-08 18:00:00,10.6,82.3,3.0,990.0,50.0,12.0,,,SCS,14,False,False
2022-013,2022,13,BOB,MANDOUS,2022-12-08 21:00:00,2022-12-08 21:00:00,10.7,82.0,3.0,990.0,50.0,12.0,,,SCS,15,False,False
2022-013,2022,13,BOB,MANDOUS,2022-12-09 00:00:00,2022-12-09 00:00:00,11.0,81.7,3.0,990.0,50.0,12.0,,,SCS,16,False,False
2022-013,2022,13,BOB,MANDOUS,2022-12-09 03:00:00,2022-12-09 03:00:00,11.1,81.5,3.0,991.0,45.0,11.0,,,CS,17,False,False
2022-013,2022,13,BOB,MANDOUS,2022-12-09 06:00:00,2022-12-09 06:00:00,11.4,81.3,3.0,992.0,45.0,10.0,,,CS,18,False,False
2022-013,2022,13,BOB,MANDOUS,2022-12-09 09:00:00,2022-12-09 09:00:00,11.7,81.0,3.0,992.0,45.0,10.0,,,CS,19,False,False
2022-013,2022,13,BOB,MANDOUS,2022-12-09 12:00:00,2022-12-09 12:00:00,12.0,80.8,2.5,993.0,40.0,9.0,,,CS,20,False,False
2022-013,2022,13,BOB,MANDOUS,2022-12-09 15:00:00,2022-12-09 15:00:00,12.2,80.6,2.5,994.0,40.0,8.0,,,CS,21,False,False
2022-013,2022,13,BOB,MANDOUS,2022-12-09 18:00:00,2022-12-09 18:00:00,12.5,80.3,2.5,995.0,35.0,7.0,,,CS,22,False,False
2022-013,2022,13,BOB,MANDOUS,2022-12-09 21:00:00,2022-12-09 21:00:00,12.8,80.0,,996.0,35.0,7.0,,,CS,23,False,False
2022-013,2022,13,BOB,MANDOUS,2022-12-10 00:00:00,2022-12-10 00:00:00,12.9,79.7,,998.0,30.0,5.0,,,DD,24,False,False
2022-013,2022,13,BOB,MANDOUS,2022-12-10 03:00:00,2022-12-10 03:00:00,12.8,79.5,,1000.0,30.0,4.0,,,DD,25,False,False
2022-013,2022,13,BOB,MANDOUS,2022-12-10 06:00:00,2022-12-10 06:00:00,12.7,79.3,,1002.0,25.0,3.0,,,D,26,False,False
2022-014,2022,14,ARB,,2022-12-14 09:00:00,2022-12-14 09:00:00,13.5,69.6,1.5,1002.0,25.0,4.0,,,D,0,False,False
2022-014,2022,14,ARB,,2022-12-14 12:00:00,2022-12-14 12:00:00,13.7,69.2,1.5,1002.0,25.0,4.0,,,D,1,False,False
2022-014,2022,14,ARB,,2022-12-14 18:00:00,2022-12-14 18:00:00,13.8,68.7,1.5,1002.0,25.0,4.0,,,D,2,False,False
2022-014,2022,14,ARB,,2022-12-15 00:00:00,2022-12-15 00:00:00,13.9,68.2,2.0,1000.0,30.0,5.0,,,DD,3,False,False
2022-014,2022,14,ARB,,2022-12-15 00:00:00,2022-12-15 00:00:00,13.9,67.5,2.0,1000.0,30.0,5.0,,,DD,4,False,False
2022-014,2022,14,ARB,,2022-12-15 03:00:00,2022-12-15 03:00:00,13.9,67.8,2.0,1000.0,30.0,5.0,,,DD,5,False,False
2022-014,2022,14,ARB,,2022-12-15 12:00:00,2022-12-15 12:00:00,14.1,66.8,2.0,1000.0,30.0,5.0,,,DD,6,False,False
2022-014,2022,14,ARB,,2022-12-15 18:00:00,2022-12-15 18:00:00,14.1,65.8,2.0,1000.0,30.0,5.0,,,DD,7,False,False
2022-014,2022,14,ARB,,2022-12-16 00:00:00,2022-12-16 00:00:00,14.0,65.2,2.0,1000.0,30.0,5.0,,,DD,8,False,False
2022-014,2022,14,ARB,,2022-12-16 03:00:00,2022-12-16 03:00:00,13.9,64.7,2.0,1000.0,30.0,5.0,,,DD,9,False,False
2022-014,2022,14,ARB,,2022-12-16 06:00:00,2022-12-16 06:00:00,13.8,64.4,2.0,1000.0,30.0,5.0,,,DD,10,False,False
2022-014,2022,14,ARB,,2022-12-16 12:00:00,2022-12-16 12:00:00,14.0,63.8,1.5,1002.0,25.0,4.0,,,D,11,False,False
2022-014,2022,14,ARB,,2022-12-16 18:00:00,2022-12-16 18:00:00,14.1,63.0,1.5,1002.0,25.0,4.0,,,D,12,False,False
2022-014,2022,14,ARB,,2022-12-17 00:00:00,2022-12-17 00:00:00,14.1,62.2,1.5,1002.0,25.0,4.0,,,D,13,False,False
2022-014,2022,14,ARB,,2022-12-17 03:00:00,2022-12-17 03:00:00,14.0,61.9,1.5,1002.0,25.0,4.0,,,D,14,False,False
2022-014,2022,14,ARB,,2022-12-17 06:00:00,2022-12-17 06:00:00,13.9,61.4,1.5,1002.0,25.0,4.0,,,D,15,False,False
2022-015,2022,15,BOB,,2022-12-22 03:00:00,2022-12-22 03:00:00,9.0,85.0,1.5,1004.0,25.0,4.0,,,D,0,False,False
2022-015,2022,15,BOB,,2022-12-22 06:00:00,2022-12-22 06:00:00,9.5,84.8,1.5,1004.0,25.0,4.0,,,D,1,False,False
2022-015,2022,15,BOB,,2022-12-22 12:00:00,2022-12-22 12:00:00,9.8,84.5,1.5,1004.0,25.0,4.0,,,D,2,False,False
2022-015,2022,15,BOB,,2022-12-22 18:00:00,2022-12-22 18:00:00,10.1,84.2,1.5,1004.0,25.0,4.0,,,D,3,False,False
2022-015,2022,15,BOB,,2022-12-23 00:00:00,2022-12-23 00:00:00,10.1,84.2,1.5,1004.0,25.0,4.0,,,D,4,False,False
2022-015,2022,15,BOB,,2022-12-23 03:00:00,2022-12-23 03:00:00,10.1,84.2,1.5,1004.0,25.0,4.0,,,D,5,False,False
2022-015,2022,15,BOB,,2022-12-23 06:00:00,2022-12-23 06:00:00,10.4,84.8,1.5,1004.0,25.0,4.0,,,D,6,False,False
2022-015,2022,15,BOB,,2022-12-23 12:00:00,2022-12-23 12:00:00,10.6,85.4,1.5,1004.0,25.0,4.0,,,D,7,False,False
2022-015,2022,15,BOB,,2022-12-23 18:00:00,2022-12-23 18:00:00,10.4,85.3,1.5,1004.0,25.0,4.0,,,D,8,False,False
2022-015,2022,15,BOB,,2022-12-24 00:00:00,2022-12-24 00:00:00,10.8,84.5,1.5,1004.0,25.0,4.0,,,D,9,False,False
2022-015,2022,15,BOB,,2022-12-24 03:00:00,2022-12-24 03:00:00,10.7,84.2,1.5,1004.0,25.0,4.0,,,D,10,False,False
2022-015,2022,15,BOB,,2022-12-24 06:00:00,2022-12-24 06:00:00,10.4,83.7,1.5,1004.0,25.0,4.0,,,D,11,False,False
2022-015,2022,15,BOB,,2022-12-24 12:00:00,2022-12-24 12:00:00,9.7,83.0,1.5,1004.0,25.0,4.0,,,D,12,False,False
2022-015,2022,15,BOB,,2022-12-24 18:00:00,2022-12-24 18:00:00,9.3,82.5,1.5,1004.0,25.0,4.0,,,D,13,False,False
2022-015,2022,15,BOB,,2022-12-25 00:00:00,2022-12-25 00:00:00,9.0,82.2,1.5,1004.0,25.0,4.0,,,D,14,False,False
2022-015,2022,15,BOB,,2022-12-25 03:00:00,2022-12-25 03:00:00,8.8,82.0,1.5,1004.0,25.0,4.0,,,D,15,False,False
2022-015,2022,15,BOB,,2022-12-25 06:00:00,2022-12-25 06:00:00,8.5,81.6,1.5,1004.0,25.0,4.0,,,D,16,False,False
2023-001,2023,1,BOB,,2023-01-30 03:00:00,2023-01-30 03:00:00,7.7,87.2,1.5,1004.0,25.0,4.0,,,D,0,False,False
2023-001,2023,1,BOB,,2023-01-30 06:00:00,2023-01-30 06:00:00,7.9,86.6,1.5,1004.0,25.0,4.0,,,D,1,False,False
2023-001,2023,1,BOB,,2023-01-30 12:00:00,2023-01-30 12:00:00,8.0,86.0,1.5,1004.0,25.0,4.0,,,D,2,False,False
2023-001,2023,1,BOB,,2023-01-30 18:00:00,2023-01-30 18:00:00,8.1,85.3,1.5,1004.0,25.0,4.0,,,D,3,False,False
2023-001,2023,1,BOB,,2023-01-31 00:00:00,2023-01-31 00:00:00,8.2,84.8,1.5,1004.0,25.0,4.0,,,D,4,False,False
2023-001,2023,1,BOB,,2023-01-31 03:00:00,2023-01-31 03:00:00,8.4,84.3,1.5,1004.0,25.0,4.0,,,D,5,False,False
2023-001,2023,1,BOB,,2023-01-31 06:00:00,2023-01-31 06:00:00,8.6,83.9,1.5,1004.0,25.0,4.0,,,D,6,False,False
2023-001,2023,1,BOB,,2023-01-31 12:00:00,2023-01-31 12:00:00,8.6,83.5,1.5,1004.0,25.0,4.0,,,D,7,False,False
2023-001,2023,1,BOB,,2023-01-31 18:00:00,2023-01-31 18:00:00,8.3,82.9,1.5,1004.0,25.0,4.0,,,D,8,False,False
2023-001,2023,1,BOB,,2023-02-01 00:00:00,2023-02-01 00:00:00,8.2,82.7,1.5,1004.0,25.0,4.0,,,D,9,False,False
2023-001,2023,1,BOB,,2023-02-01 03:00:00,2023-02-01 03:00:00,8.2,82.5,1.5,1004.0,25.0,4.0,,,D,10,False,False
2023-001,2023,1,BOB,,2023-02-01 06:00:00,2023-02-01 06:00:00,8.2,82.5,1.5,1004.0,25.0,4.0,,,D,11,False,False
2023-001,2023,1,BOB,,2023-02-01 12:00:00,2023-02-01 12:00:00,8.2,82.3,1.5,1004.0,25.0,4.0,,,D,12,False,False
2023-001,2023,1,BOB,,2023-02-01 18:00:00,2023-02-01 18:00:00,8.1,82.1,1.5,1004.0,25.0,4.0,,,D,13,False,False
2023-001,2023,1,BOB,,2023-02-02 00:00:00,2023-02-02 00:00:00,7.6,81.4,,1004.0,25.0,4.0,,,D,14,False,False
2023-001,2023,1,BOB,,2023-02-02 03:00:00,2023-02-02 03:00:00,7.2,81.1,,1004.0,20.0,4.0,,,D,15,False,False
2023-001,2023,1,BOB,,2023-02-02 06:00:00,2023-02-02 06:00:00,6.8,80.8,,1006.0,20.0,4.0,,,D,16,False,False
2023-001,2023,1,BOB,,2023-02-02 12:00:00,2023-02-02 12:00:00,6.3,80.3,,1006.0,20.0,4.0,,,D,17,False,False
2023-002,2023,2,BOB,MOCHA,2023-05-09 12:00:00,2023-05-09 12:00:00,8.3,89.5,1.5,1002.0,25.0,3.0,,,D,0,False,False
2023-002,2023,2,BOB,MOCHA,2023-05-09 18:00:00,2023-05-09 18:00:00,8.5,89.3,1.5,1002.0,25.0,3.0,,,D,1,False,False
2023-002,2023,2,BOB,MOCHA,2023-05-10 00:00:00,2023-05-10 00:00:00,8.5,89.0,2.0,1000.0,30.0,4.0,,,DD,2,False,False
2023-002,2023,2,BOB,MOCHA,2023-05-10 03:00:00,2023-05-10 03:00:00,8.8,88.9,2.0,1000.0,30.0,4.0,,,DD,3,False,False
2023-002,2023,2,BOB,MOCHA,2023-05-10 06:00:00,2023-05-10 06:00:00,9.1,88.7,2.0,999.0,30.0,4.0,,,DD,4,False,False
2023-002,2023,2,BOB,MOCHA,2023-05-10 12:00:00,2023-05-10 12:00:00,10.0,88.4,2.0,998.0,30.0,5.0,,,DD,5,False,False
2023-002,2023,2,BOB,MOCHA,2023-05-10 18:00:00,2023-05-10 18:00:00,10.8,88.2,2.0,998.0,30.0,5.0,,,DD,6,False,False
2023-002,2023,2,BOB,MOCHA,2023-05-11 00:00:00,2023-05-11 00:00:00,11.2,88.1,2.5,997.0,35.0,6.0,,,CS,7,False,False
2023-002,2023,2,BOB,MOCHA,2023-05-11 03:00:00,2023-05-11 03:00:00,11.4,88.0,2.5,996.0,35.0,7.0,,,CS,8,False,False
2023-002,2023,2,BOB,MOCHA,2023-05-11 06:00:00,2023-05-11 06:00:00,11.6,88.0,3.0,996.0,45.0,10.0,,,CS,9,False,False
2023-002,2023,2,BOB,MOCHA,2023-05-11 09:00:00,2023-05-11 09:00:00,11.8,88.0,3.0,996.0,45.0,10.0,,,CS,10,False,False
2023-002,2023,2,BOB,MOCHA,2023-05-11 12:00:00,2023-05-11 12:00:00,12.2,88.0,3.0,994.0,50.0,12.0,,,SCS,11,False,False
2023-002,2023,2,BOB,MOCHA,2023-05-11 15:00:00,2023-05-11 15:00:00,12.5,88.1,3.5,992.0,50.0,12.0,,,SCS,12,False,False
2023-002,2023,2,BOB,MOCHA,2023-05-11 18:00:00,2023-05-11 18:00:00,12.7,88.1,3.5,992.0,50.0,12.0,,,SCS,13,False,False
2023-002,2023,2,BOB,MOCHA,2023-05-11 21:00:00,2023-05-11 21:00:00,12.9,88.1,3.5,986.0,60.0,18.0,,,SCS,14,False,False
2023-002,2023,2,BOB,MOCHA,2023-05-12 00:00:00,2023-05-12 00:00:00,13.2,88.1,4.0,982.0,65.0,22.0,,,VSCS,15,False,False
2023-002,2023,2,BOB,MOCHA,2023-05-12 03:00:00,2023-05-12 03:00:00,13.6,88.2,4.0,982.0,65.0,22.0,,,VSCS,16,False,False
2023-002,2023,2,BOB,MOCHA,2023-05-12 06:00:00,2023-05-12 06:00:00,14.0,88.3,4.5,974.0,75.0,30.0,,,VSCS,17,False,False
2023-002,2023,2,BOB,MOCHA,2023-05-12 09:00:00,2023-05-12 09:00:00,14.3,88.4,5.0,970.0,85.0,36.0,,,VSCS,18,False,False
2023-002,2023,2,BOB,MOCHA,2023-05-12 12:00:00,2023-05-12 12:00:00,14.6,88.6,5.0,970.0,85.0,36.0,,,VSCS,19,False,False
2023-002,2023,2,BOB,MOCHA,2023-05-12 15:00:00,2023-05-12 15:00:00,14.8,88.7,5.5,964.0,90.0,40.0,,,ESCS,20,False,False
2023-002,2023,2,BOB,MOCHA,2023-05-12 18:00:00,2023-05-12 18:00:00,15.1,88.8,5.5,954.0,100.0,50.0,,,ESCS,21,False,False
2023-002,2023,2,BOB,MOCHA,2023-05-12 21:00:00,2023-05-12 21:00:00,15.2,88.9,5.5,954.0,100.0,50.0,,,ESCS,22,False,False
2023-002,2023,2,BOB,MOCHA,2023-05-13 00:00:00,2023-05-13 00:00:00,15.4,89.1,5.5,954.0,100.0,50.0,,,ESCS,23,False,False
2023-002,2023,2,BOB,MOCHA,2023-05-13 03:00:00,2023-05-13 03:00:00,15.7,89.5,5.5,954.0,100.0,50.0,,,ESCS,24,False,False
2023-002,2023,2,BOB,MOCHA,2023-05-13 06:00:00,2023-05-13 06:00:00,16.0,90.0,5.5,950.0,105.0,54.0,,,ESCS,25,False,False
2023-002,2023,2,BOB,MOCHA,2023-05-13 09:00:00,2023-05-13 09:00:00,16.4,90.3,5.5,950.0,105.0,54.0,,,ESCS,26,False,False
2023-002,2023,2,BOB,MOCHA,2023-05-13 12:00:00,2023-05-13 12:00:00,16.9,90.8,6.0,944.0,110.0,60.0,,,ESCS,27,False,False
2023-002,2023,2,BOB,MOCHA,2023-05-13 15:00:00,2023-05-13 15:00:00,17.4,90.9,6.0,944.0,110.0,60.0,,,ESCS,28,False,False
2023-002,2023,2,BOB,MOCHA,2023-05-13 18:00:00,2023-05-13 18:00:00,17.9,91.0,6.0,938.0,115.0,66.0,,,ESCS,29,False,False
2023-002,2023,2,BOB,MOCHA,2023-05-13 21:00:00,2023-05-13 21:00:00,18.3,91.3,6.0,938.0,115.0,66.0,,,ESCS,30,False,False
2023-002,2023,2,BOB,MOCHA,2023-05-14 00:00:00,2023-05-14 00:00:00,18.7,91.5,6.0,938.0,115.0,66.0,,,ESCS,31,False,False
2023-002,2023,2,BOB,MOCHA,2023-05-14 03:00:00,2023-05-14 03:00:00,19.3,91.9,6.0,944.0,110.0,60.0,,,ESCS,32,False,False
2023-002,2023,2,BOB,MOCHA,2023-05-14 06:00:00,2023-05-14 06:00:00,19.9,92.5,5.5,952.0,100.0,52.0,,,ESCS,33,False,False
2023-002,2023,2,BOB,MOCHA,2023-05-14 09:00:00,2023-05-14 09:00:00,20.5,92.9,,964.0,90.0,40.0,,,ESCS,34,False,False
2023-002,2023,2,BOB,MOCHA,2023-05-14 12:00:00,2023-05-14 12:00:00,21.1,93.3,,974.0,75.0,30.0,,,VSCS,35,False,False
2023-002,2023,2,BOB,MOCHA,2023-05-14 15:00:00,2023-05-14 15:00:00,21.8,93.8,,984.0,60.0,18.0,,,SCS,36,False,False
2023-002,2023,2,BOB,MOCHA,2023-05-14 18:00:00,2023-05-14 18:00:00,22.7,94.6,,992.0,50.0,12.0,,,SCS,37,False,False
2023-002,2023,2,BOB,MOCHA,2023-05-14 21:00:00,2023-05-14 21:00:00,23.5,95.3,,996.0,35.0,6.0,,,CS,38,False,False
2023-002,2023,2,BOB,MOCHA,2023-05-15 00:00:00,2023-05-15 00:00:00,23.9,97.8,,1000.0,25.0,3.0,,,D,39,False,False
2023-003,2023,3,ARB,BIPARJOY,2023-06-06 00:00:00,2023-06-06 00:00:00,11.3,66.0,1.5,1000.0,25.0,3.0,,,D,0,False,False
2023-003,2023,3,ARB,BIPARJOY,2023-06-06 03:00:00,2023-06-06 03:00:00,11.5,66.0,1.5,1000.0,25.0,3.0,,,D,1,False,False
2023-003,2023,3,ARB,BIPARJOY,2023-06-06 06:00:00,2023-06-06 06:00:00,11.9,66.0,2.0,999.0,30.0,5.0,,,DD,2,False,False
2023-003,2023,3,ARB,BIPARJOY,2023-06-06 12:00:00,2023-06-06 12:00:00,12.1,66.0,2.5,998.0,35.0,6.0,,,CS,3,False,False
2023-003,2023,3,ARB,BIPARJOY,2023-06-06 15:00:00,2023-06-06 15:00:00,12.3,66.0,2.5,998.0,35.0,7.0,,,CS,4,False,False
2023-003,2023,3,ARB,BIPARJOY,2023-06-06 18:00:00,2023-06-06 18:00:00,12.5,66.0,2.5,996.0,40.0,8.0,,,CS,5,False,False
2023-003,2023,3,ARB,BIPARJOY,2023-06-06 21:00:00,2023-06-06 21:00:00,12.5,66.0,3.0,996.0,45.0,10.0,,,CS,6,False,False
2023-003,2023,3,ARB,BIPARJOY,2023-06-07 00:00:00,2023-06-07 00:00:00,12.6,66.1,3.5,990.0,55.0,15.0,,,SCS,7,False,False
2023-003,2023,3,ARB,BIPARJOY,2023-06-07 03:00:00,2023-06-07 03:00:00,12.7,66.2,3.5,988.0,60.0,18.0,,,SCS,8,False,False
2023-003,2023,3,ARB,BIPARJOY,2023-06-07 06:00:00,2023-06-07 06:00:00,12.8,66.3,4.0,983.0,65.0,21.0,,,VSCS,9,False,False
2023-003,2023,3,ARB,BIPARJOY,2023-06-07 09:00:00,2023-06-07 09:00:00,13.1,66.3,4.0,983.0,65.0,21.0,,,VSCS,10,False,False
2023-003,2023,3,ARB,BIPARJOY,2023-06-07 12:00:00,2023-06-07 12:00:00,13.3,66.2,4.0,983.0,65.0,22.0,,,VSCS,11,False,False
2023-003,2023,3,ARB,BIPARJOY,2023-06-07 15:00:00,2023-06-07 15:00:00,13.4,66.2,4.0,983.0,65.0,22.0,,,VSCS,12,False,False
2023-003,2023,3,ARB,BIPARJOY,2023-06-07 18:00:00,2023-06-07 18:00:00,13.6,66.0,4.0,980.0,70.0,24.0,,,VSCS,13,False,False
2023-003,2023,3,ARB,BIPARJOY,2023-06-07 21:00:00,2023-06-07 21:00:00,13.7,66.0,4.0,980.0,70.0,26.0,,,VSCS,14,False,False
2023-003,2023,3,ARB,BIPARJOY,2023-06-08 00:00:00,2023-06-08 00:00:00,13.9,66.0,4.5,978.0,75.0,28.0,,,VSCS,15,False,False
2023-003,2023,3,ARB,BIPARJOY,2023-06-08 03:00:00,2023-06-08 03:00:00,14.0,66.0,4.5,978.0,75.0,28.0,,,VSCS,16,False,False
2023-003,2023,3,ARB,BIPARJOY,2023-06-08 06:00:00,2023-06-08 06:00:00,14.1,66.0,4.5,978.0,75.0,28.0,,,VSCS,17,False,False
2023-003,2023,3,ARB,BIPARJOY,2023-06-08 09:00:00,2023-06-08 09:00:00,14.3,66.0,4.5,978.0,75.0,28.0,,,VSCS,18,False,False
2023-003,2023,3,ARB,BIPARJOY,2023-06-08 12:00:00,2023-06-08 12:00:00,14.4,66.0,4.5,978.0,75.0,28.0,,,VSCS,19,False,False
2023-003,2023,3,ARB,BIPARJOY,2023-06-08 15:00:00,2023-06-08 15:00:00,14.5,66.0,4.5,978.0,75.0,28.0,,,VSCS,20,False,False
2023-003,2023,3,ARB,BIPARJOY,2023-06-08 18:00:00,2023-06-08 18:00:00,14.6,66.0,4.5,978.0,75.0,28.0,,,VSCS,21,False,False
2023-003,2023,3,ARB,BIPARJOY,2023-06-08 21:00:00,2023-06-08 21:00:00,14.6,66.0,4.5,978.0,75.0,28.0,,,VSCS,22,False,False
2023-003,2023,3,ARB,BIPARJOY,2023-06-09 00:00:00,2023-06-09 00:00:00,14.7,66.2,4.5,978.0,75.0,28.0,,,VSCS,23,False,False
2023-003,2023,3,ARB,BIPARJOY,2023-06-09 03:00:00,2023-06-09 03:00:00,14.8,66.4,4.0,980.0,70.0,24.0,,,VSCS,24,False,False
2023-003,2023,3,ARB,BIPARJOY,2023-06-09 06:00:00,2023-06-09 06:00:00,15.0,66.6,4.0,980.0,70.0,24.0,,,VSCS,25,False,False
2023-003,2023,3,ARB,BIPARJOY,2023-06-09 09:00:00,2023-06-09 09:00:00,15.3,66.9,4.0,980.0,70.0,24.0,,,VSCS,26,False,False
2023-003,2023,3,ARB,BIPARJOY,2023-06-09 12:00:00,2023-06-09 12:00:00,15.5,67.1,4.0,982.0,65.0,24.0,,,VSCS,27,False,False
2023-003,2023,3,ARB,BIPARJOY,2023-06-09 15:00:00,2023-06-09 15:00:00,15.7,67.3,4.0,982.0,65.0,24.0,,,VSCS,28,False,False
2023-003,2023,3,ARB,BIPARJOY,2023-06-09 18:00:00,2023-06-09 18:00:00,16.0,67.4,4.0,978.0,70.0,24.0,,,VSCS,29,False,False
2023-003,2023,3,ARB,BIPARJOY,2023-06-09 21:00:00,2023-06-09 21:00:00,16.3,67.4,4.0,976.0,70.0,24.0,,,VSCS,30,False,False
2023-003,2023,3,ARB,BIPARJOY,2023-06-10 00:00:00,2023-06-10 00:00:00,16.5,67.4,4.5,974.0,75.0,28.0,,,VSCS,31,False,False
2023-003,2023,3,ARB,BIPARJOY,2023-06-10 03:00:00,2023-06-10 03:00:00,16.7,67.4,4.5,972.0,75.0,28.0,,,VSCS,32,False,False
2023-003,2023,3,ARB,BIPARJOY,2023-06-10 06:00:00,2023-06-10 06:00:00,16.8,67.4,4.5,970.0,75.0,28.0,,,VSCS,33,False,False
2023-003,2023,3,ARB,BIPARJOY,2023-06-10 09:00:00,2023-06-10 09:00:00,16.9,67.4,4.5,966.0,80.0,32.0,,,VSCS,34,False,False
2023-003,2023,3,ARB,BIPARJOY,2023-06-10 12:00:00,2023-06-10 12:00:00,17.1,67.3,4.5,964.0,80.0,32.0,,,VSCS,35,False,False
2023-003,2023,3,ARB,BIPARJOY,2023-06-10 15:00:00,2023-06-10 15:00:00,17.3,67.3,4.5,964.0,80.0,32.0,,,VSCS,36,False,False
2023-003,2023,3,ARB,BIPARJOY,2023-06-10 18:00:00,2023-06-10 18:00:00,17.4,67.3,4.5,962.0,85.0,36.0,,,VSCS,37,False,False
2023-003,2023,3,ARB,BIPARJOY,2023-06-10 21:00:00,2023-06-10 21:00:00,17.6,67.3,4.5,962.0,85.0,36.0,,,VSCS,38,False,False
2023-003,2023,3,ARB,BIPARJOY,2023-06-11 00:00:00,2023-06-11 00:00:00,17.9,67.4,5.0,960.0,90.0,40.0,,,ESCS,39,False,False
2023-003,2023,3,ARB,BIPARJOY,2023-06-11 03:00:00,2023-06-11 03:00:00,18.0,67.6,5.0,958.0,90.0,40.0,,,ESCS,40,False,False
2023-003,2023,3,ARB,BIPARJOY,2023-06-11 06:00:00,2023-06-11 06:00:00,18.2,67.7,5.0,958.0,90.0,40.0,,,ESCS,41,False,False
2023-003,2023,3,ARB,BIPARJOY,2023-06-11 09:00:00,2023-06-11 09:00:00,18.4,67.7,5.0,958.0,90.0,40.0,,,ESCS,42,False,False
2023-003,2023,3,ARB,BIPARJOY,2023-06-11 12:00:00,2023-06-11 12:00:00,18.6,67.7,5.0,958.0,90.0,40.0,,,ESCS,43,False,False
2023-003,2023,3,ARB,BIPARJOY,2023-06-11 15:00:00,2023-06-11 15:00:00,18.7,67.7,5.0,958.0,90.0,40.0,,,ESCS,44,False,False
2023-003,2023,3,ARB,BIPARJOY,2023-06-11 18:00:00,2023-06-11 18:00:00,18.9,67.7,5.0,958.0,90.0,40.0,,,ESCS,45,False,False
2023-003,2023,3,ARB,BIPARJOY,2023-06-11 21:00:00,2023-06-11 21:00:00,19.0,67.7,5.0,958.0,90.0,40.0,,,ESCS,46,False,False
2023-003,2023,3,ARB,BIPARJOY,2023-06-12 00:00:00,2023-06-12 00:00:00,19.2,67.7,5.0,958.0,90.0,40.0,,,ESCS,47,False,False
2023-003,2023,3,ARB,BIPARJOY,2023-06-12 03:00:00,2023-06-12 03:00:00,19.4,67.7,5.0,958.0,90.0,40.0,,,ESCS,48,False,False
2023-003,2023,3,ARB,BIPARJOY,2023-06-12 06:00:00,2023-06-12 06:00:00,19.6,67.6,5.0,958.0,90.0,40.0,,,ESCS,49,False,False
2023-003,2023,3,ARB,BIPARJOY,2023-06-12 09:00:00,2023-06-12 09:00:00,19.7,67.5,5.0,958.0,90.0,40.0,,,ESCS,50,False,False
2023-003,2023,3,ARB,BIPARJOY,2023-06-12 12:00:00,2023-06-12 12:00:00,19.9,67.3,5.0,960.0,90.0,40.0,,,ESCS,51,False,False
2023-003,2023,3,ARB,BIPARJOY,2023-06-12 15:00:00,2023-06-12 15:00:00,20.0,67.2,5.0,960.0,90.0,40.0,,,ESCS,52,False,False
2023-003,2023,3,ARB,BIPARJOY,2023-06-12 18:00:00,2023-06-12 18:00:00,20.1,67.2,4.5,962.0,85.0,36.0,,,VSCS,53,False,False
2023-003,2023,3,ARB,BIPARJOY,2023-06-12 21:00:00,2023-06-12 21:00:00,20.3,67.2,4.5,962.0,85.0,36.0,,,VSCS,54,False,False
2023-003,2023,3,ARB,BIPARJOY,2023-06-13 00:00:00,2023-06-13 00:00:00,20.6,67.0,4.5,962.0,85.0,36.0,,,VSCS,55,False,False
2023-003,2023,3,ARB,BIPARJOY,2023-06-13 03:00:00,2023-06-13 03:00:00,20.9,66.9,4.5,962.0,85.0,36.0,,,VSCS,56,False,False
2023-003,2023,3,ARB,BIPARJOY,2023-06-13 06:00:00,2023-06-13 06:00:00,21.0,66.7,4.5,962.0,85.0,36.0,,,VSCS,57,False,False
2023-003,2023,3,ARB,BIPARJOY,2023-06-13 09:00:00,2023-06-13 09:00:00,21.1,66.5,4.5,962.0,85.0,36.0,,,VSCS,58,False,False
2023-003,2023,3,ARB,BIPARJOY,2023-06-13 12:00:00,2023-06-13 12:00:00,21.3,66.5,4.5,962.0,85.0,36.0,,,VSCS,59,False,False
2023-003,2023,3,ARB,BIPARJOY,2023-06-13 15:00:00,2023-06-13 15:00:00,21.4,66.4,4.5,962.0,85.0,36.0,,,VSCS,60,False,False
2023-003,2023,3,ARB,BIPARJOY,2023-06-13 18:00:00,2023-06-13 18:00:00,21.7,66.3,4.5,962.0,85.0,36.0,,,VSCS,61,False,False
2023-003,2023,3,ARB,BIPARJOY,2023-06-13 21:00:00,2023-06-13 21:00:00,21.7,66.3,4.5,964.0,85.0,36.0,,,VSCS,62,False,False
2023-003,2023,3,ARB,BIPARJOY,2023-06-14 00:00:00,2023-06-14 00:00:00,21.8,66.3,4.5,966.0,80.0,32.0,,,VSCS,63,False,False
2023-003,2023,3,ARB,BIPARJOY,2023-06-14 03:00:00,2023-06-14 03:00:00,21.8,66.3,4.5,966.0,80.0,32.0,,,VSCS,64,False,False
2023-003,2023,3,ARB,BIPARJOY,2023-06-14 06:00:00,2023-06-14 06:00:00,21.8,66.3,4.5,966.0,80.0,32.0,,,VSCS,65,False,False
2023-003,2023,3,ARB,BIPARJOY,2023-06-14 09:00:00,2023-06-14 09:00:00,21.9,66.5,4.5,966.0,80.0,32.0,,,VSCS,66,False,False
2023-003,2023,3,ARB,BIPARJOY,2023-06-14 12:00:00,2023-06-14 12:00:00,22.0,66.7,4.5,970.0,75.0,28.0,,,VSCS,67,False,False
2023-003,2023,3,ARB,BIPARJOY,2023-06-14 15:00:00,2023-06-14 15:00:00,22.1,66.8,4.0,974.0,70.0,24.0,,,VSCS,68,False,False
2023-003,2023,3,ARB,BIPARJOY,2023-06-14 18:00:00,2023-06-14 18:00:00,22.2,66.9,4.0,974.0,70.0,24.0,,,VSCS,69,False,False
2023-003,2023,3,ARB,BIPARJOY,2023-06-14 21:00:00,2023-06-14 21:00:00,22.3,66.9,4.0,974.0,70.0,24.0,,,VSCS,70,False,False
2023-003,2023,3,ARB,BIPARJOY,2023-06-15 00:00:00,2023-06-15 00:00:00,22.4,67.0,4.0,974.0,70.0,24.0,,,VSCS,71,False,False
2023-003,2023,3,ARB,BIPARJOY,2023-06-15 03:00:00,2023-06-15 03:00:00,22.6,67.1,4.0,974.0,70.0,24.0,,,VSCS,72,False,False
2023-003,2023,3,ARB,BIPARJOY,2023-06-15 06:00:00,2023-06-15 06:00:00,22.7,67.3,4.0,976.0,65.0,21.0,,,VSCS,73,False,False
2023-003,2023,3,ARB,BIPARJOY,2023-06-15 09:00:00,2023-06-15 09:00:00,22.8,67.6,4.0,976.0,65.0,21.0,,,VSCS,74,False,False
2023-003,2023,3,ARB,BIPARJOY,2023-06-15 12:00:00,2023-06-15 12:00:00,22.9,68.0,4.0,976.0,65.0,21.0,,,VSCS,75,False,False
2023-003,2023,3,ARB,BIPARJOY,2023-06-15 15:00:00,2023-06-15 15:00:00,23.1,68.3,4.0,976.0,65.0,21.0,,,VSCS,76,False,False
2023-003,2023,3,ARB,BIPARJOY,2023-06-15 18:00:00,2023-06-15 18:00:00,23.3,68.6,,980.0,60.0,18.0,,,SCS,77,False,False
2023-003,2023,3,ARB,BIPARJOY,2023-06-15 21:00:00,2023-06-15 21:00:00,23.4,68.9,,982.0,50.0,12.0,,,SCS,78,False,False
2023-003,2023,3,ARB,BIPARJOY,2023-06-16 00:00:00,2023-06-16 00:00:00,23.4,69.2,,978.0,50.0,12.0,,,SCS,79,False,False
2023-003,2023,3,ARB,BIPARJOY,2023-06-16 03:00:00,2023-06-16 03:00:00,23.5,69.5,,978.0,45.0,10.0,,,CS,80,False,False
2023-003,2023,3,ARB,BIPARJOY,2023-06-16 06:00:00,2023-06-16 06:00:00,23.7,69.8,,980.0,40.0,8.0,,,CS,81,False,False
2023-003,2023,3,ARB,BIPARJOY,2023-06-16 09:00:00,2023-06-16 09:00:00,23.9,70.0,,984.0,40.0,8.0,,,CS,82,False,False
2023-003,2023,3,ARB,BIPARJOY,2023-06-16 12:00:00,2023-06-16 12:00:00,24.2,70.3,,986.0,35.0,7.0,,,CS,83,False,False
2023-003,2023,3,ARB,BIPARJOY,2023-06-16 15:00:00,2023-06-16 15:00:00,24.5,70.7,,987.0,35.0,6.0,,,CS,84,False,False
2023-003,2023,3,ARB,BIPARJOY,2023-06-16 18:00:00,2023-06-16 18:00:00,24.6,70.9,,988.0,30.0,4.0,,,DD,85,False,False
2023-003,2023,3,ARB,BIPARJOY,2023-06-17 00:00:00,2023-06-17 00:00:00,24.7,71.2,,988.0,30.0,4.0,,,DD,86,False,False
2023-003,2023,3,ARB,BIPARJOY,2023-06-17 03:00:00,2023-06-17 03:00:00,25.0,71.5,,988.0,30.0,4.0,,,DD,87,False,False
2023-003,2023,3,ARB,BIPARJOY,2023-06-17 06:00:00,2023-06-17 06:00:00,25.3,71.9,,989.0,30.0,4.0,,,DD,88,False,False
2023-003,2023,3,ARB,BIPARJOY,2023-06-17 12:00:00,2023-06-17 12:00:00,25.6,72.5,,990.0,25.0,3.0,,,D,89,False,False
2023-003,2023,3,ARB,BIPARJOY,2023-06-17 18:00:00,2023-06-17 18:00:00,25.8,72.8,,991.0,25.0,3.0,,,D,90,False,False
2023-003,2023,3,ARB,BIPARJOY,2023-06-18 00:00:00,2023-06-18 00:00:00,26.0,73.3,,991.0,25.0,3.0,,,D,91,False,False
2023-003,2023,3,ARB,BIPARJOY,2023-06-18 03:00:00,2023-06-18 03:00:00,26.2,73.8,,992.0,25.0,3.0,,,D,92,False,False
2023-003,2023,3,ARB,BIPARJOY,2023-06-18 06:00:00,2023-06-18 06:00:00,26.3,74.0,,994.0,25.0,3.0,,,D,93,False,False
2023-003,2023,3,ARB,BIPARJOY,2023-06-18 12:00:00,2023-06-18 12:00:00,26.3,74.7,,995.0,20.0,3.0,,,D,94,False,False
2023-003,2023,3,ARB,BIPARJOY,2023-06-18 18:00:00,2023-06-18 18:00:00,26.3,75.2,,995.0,20.0,3.0,,,D,95,False,False
2023-003,2023,3,ARB,BIPARJOY,2023-06-19 00:00:00,2023-06-19 00:00:00,26.3,76.0,,995.0,20.0,3.0,,,D,96,False,False
2023-004,2023,4,BOB,,2023-08-01 00:00:00,2023-08-01 00:00:00,20.5,91.5,1.5,992.0,25.0,4.0,,,D,0,False,False
2023-004,2023,4,BOB,,2023-08-01 03:00:00,2023-08-01 03:00:00,21.2,91.2,2.0,990.0,30.0,6.0,,,DD,1,False,False
2023-004,2023,4,BOB,,2023-08-01 06:00:00,2023-08-01 06:00:00,21.6,90.7,2.0,990.0,30.0,6.0,,,DD,2,False,False
2023-004,2023,4,BOB,,2023-08-01 12:00:00,2023-08-01 12:00:00,22.5,89.5,,988.0,30.0,6.0,,,DD,3,False,False
2023-004,2023,4,BOB,,2023-08-01 18:00:00,2023-08-01 18:00:00,22.8,89.0,,988.0,30.0,6.0,,,DD,4,False,False
2023-004,2023,4,BOB,,2023-08-02 00:00:00,2023-08-02 00:00:00,23.1,87.4,,988.0,30.0,6.0,,,DD,5,False,False
2023-004,2023,4,BOB,,2023-08-02 03:00:00,2023-08-02 03:00:00,23.2,87.1,,989.0,30.0,5.0,,,DD,6,False,False
2023-004,2023,4,BOB,,2023-08-02 06:00:00,2023-08-02 06:00:00,23.3,86.3,,989.0,30.0,5.0,,,DD,7,False,False
2023-004,2023,4,BOB,,2023-08-02 12:00:00,2023-08-02 12:00:00,23.3,85.1,,990.0,25.0,4.0,,,D,8,False,False
2023-004,2023,4,BOB,,2023-08-02 18:00:00,2023-08-02 18:00:00,23.3,84.1,,990.0,25.0,4.0,,,D,9,False,False
2023-004,2023,4,BOB,,2023-08-03 00:00:00,2023-08-03 00:00:00,23.4,83.4,,990.0,25.0,4.0,,,D,10,False,False
2023-004,2023,4,BOB,,2023-08-03 03:00:00,2023-08-03 03:00:00,23.5,83.1,,992.0,25.0,4.0,,,D,11,False,False
2023-004,2023,4,BOB,,2023-08-03 06:00:00,2023-08-03 06:00:00,23.5,83.1,,993.0,20.0,3.0,,,D,12,False,False
2023-005,2023,5,ARB,,2023-09-30 03:00:00,2023-09-30 03:00:00,15.9,72.8,1.5,1002.0,25.0,4.0,,,D,0,False,False
2023-005,2023,5,ARB,,2023-09-30 06:00:00,2023-09-30 06:00:00,16.4,73.1,1.5,1002.0,25.0,4.0,,,D,1,False,False
2023-005,2023,5,ARB,,2023-09-30 12:00:00,2023-09-30 12:00:00,16.6,73.2,1.5,1002.0,25.0,4.0,,,D,2,False,False
2023-005,2023,5,ARB,,2023-09-30 18:00:00,2023-09-30 18:00:00,16.8,73.5,1.5,1002.0,25.0,4.0,,,D,3,False,False
2023-005,2023,5,ARB,,2023-10-01 00:00:00,2023-10-01 00:00:00,17.0,74.0,,1003.0,25.0,3.0,,,D,4,False,False
2023-006,2023,6,ARB,TEJ,2023-10-20 03:00:00,2023-10-20 03:00:00,9.3,61.7,1.5,1004.0,25.0,4.0,,,D,0,False,False
2023-006,2023,6,ARB,TEJ,2023-10-20 06:00:00,2023-10-20 06:00:00,9.3,61.5,1.5,1004.0,25.0,4.0,,,D,1,False,False
2023-006,2023,6,ARB,TEJ,2023-10-20 12:00:00,2023-10-20 12:00:00,9.4,61.3,2.0,1003.0,30.0,5.0,,,DD,2,False,False
2023-006,2023,6,ARB,TEJ,2023-10-20 18:00:00,2023-10-20 18:00:00,9.5,60.7,2.0,1002.0,30.0,6.0,,,DD,3,False,False
2023-006,2023,6,ARB,TEJ,2023-10-21 00:00:00,2023-10-21 00:00:00,9.9,59.4,2.5,1001.0,35.0,7.0,,,CS,4,False,False
2023-006,2023,6,ARB,TEJ,2023-10-21 03:00:00,2023-10-21 03:00:00,10.1,58.8,3.0,998.0,45.0,10.0,,,CS,5,False,False
2023-006,2023,6,ARB,TEJ,2023-10-21 06:00:00,2023-10-21 06:00:00,10.3,58.4,3.0,996.0,50.0,12.0,,,SCS,6,False,False
2023-006,2023,6,ARB,TEJ,2023-10-21 09:00:00,2023-10-21 09:00:00,10.2,57.9,3.0,995.0,50.0,13.0,,,SCS,7,False,False
2023-006,2023,6,ARB,TEJ,2023-10-21 12:00:00,2023-10-21 12:00:00,10.6,57.4,3.5,992.0,55.0,16.0,,,SCS,8,False,False
2023-006,2023,6,ARB,TEJ,2023-10-21 15:00:00,2023-10-21 15:00:00,11.1,57.0,4.0,988.0,65.0,20.0,,,VSCS,9,False,False
2023-006,2023,6,ARB,TEJ,2023-10-21 18:00:00,2023-10-21 18:00:00,11.3,56.6,4.5,980.0,75.0,28.0,,,VSCS,10,False,False
2023-006,2023,6,ARB,TEJ,2023-10-21 21:00:00,2023-10-21 21:00:00,11.7,56.1,4.5,976.0,80.0,32.0,,,VSCS,11,False,False
2023-006,2023,6,ARB,TEJ,2023-10-22 00:00:00,2023-10-22 00:00:00,12.0,56.0,4.5,972.0,85.0,36.0,,,VSCS,12,False,False
2023-006,2023,6,ARB,TEJ,2023-10-22 03:00:00,2023-10-22 03:00:00,12.3,55.4,5.0,964.0,95.0,44.0,,,ESCS,13,False,False
2023-006,2023,6,ARB,TEJ,2023-10-22 06:00:00,2023-10-22 06:00:00,12.6,55.1,5.0,964.0,95.0,44.0,,,ESCS,14,False,False
2023-006,2023,6,ARB,TEJ,2023-10-22 09:00:00,2023-10-22 09:00:00,12.9,54.7,5.0,964.0,95.0,44.0,,,ESCS,15,False,False
2023-006,2023,6,ARB,TEJ,2023-10-22 12:00:00,2023-10-22 12:00:00,13.3,54.4,5.0,964.0,95.0,44.0,,,ESCS,16,False,False
2023-006,2023,6,ARB,TEJ,2023-10-22 15:00:00,2023-10-22 15:00:00,13.6,54.1,5.0,964.0,95.0,44.0,,,ESCS,17,False,False
2023-006,2023,6,ARB,TEJ,2023-10-22 18:00:00,2023-10-22 18:00:00,13.8,53.9,5.0,964.0,95.0,44.0,,,ESCS,18,False,False
2023-006,2023,6,ARB,TEJ,2023-10-22 21:00:00,2023-10-22 21:00:00,14.1,53.6,5.0,966.0,95.0,42.0,,,ESCS,19,False,False
2023-006,2023,6,ARB,TEJ,2023-10-23 00:00:00,2023-10-23 00:00:00,14.4,53.5,5.0,968.0,90.0,40.0,,,ESCS,20,False,False
2023-006,2023,6,ARB,TEJ,2023-10-23 03:00:00,2023-10-23 03:00:00,14.7,53.2,4.5,972.0,85.0,36.0,,,VSCS,21,False,False
2023-006,2023,6,ARB,TEJ,2023-10-23 06:00:00,2023-10-23 06:00:00,15.0,52.9,4.5,976.0,80.0,32.0,,,VSCS,22,False,False
2023-006,2023,6,ARB,TEJ,2023-10-23 09:00:00,2023-10-23 09:00:00,15.1,52.8,4.5,978.0,80.0,30.0,,,VSCS,23,False,False
2023-006,2023,6,ARB,TEJ,2023-10-23 12:00:00,2023-10-23 12:00:00,15.4,52.7,4.0,981.0,75.0,27.0,,,VSCS,24,False,False
2023-006,2023,6,ARB,TEJ,2023-10-23 15:00:00,2023-10-23 15:00:00,15.6,52.5,4.0,984.0,70.0,24.0,,,VSCS,25,False,False
2023-006,2023,6,ARB,TEJ,2023-10-23 18:00:00,2023-10-23 18:00:00,15.8,52.3,4.0,986.0,70.0,22.0,,,VSCS,26,False,False
2023-006,2023,6,ARB,TEJ,2023-10-23 21:00:00,2023-10-23 21:00:00,15.9,52.2,4.0,988.0,65.0,20.0,,,VSCS,27,False,False
2023-006,2023,6,ARB,TEJ,2023-10-24 00:00:00,2023-10-24 00:00:00,15.9,52.1,,990.0,60.0,18.0,,,SCS,28,False,False
2023-006,2023,6,ARB,TEJ,2023-10-24 03:00:00,2023-10-24 03:00:00,16.0,51.8,,996.0,50.0,12.0,,,SCS,29,False,False
2023-006,2023,6,ARB,TEJ,2023-10-24 06:00:00,2023-10-24 06:00:00,16.1,51.5,,1000.0,40.0,8.0,,,CS,30,False,False
2023-006,2023,6,ARB,TEJ,2023-10-24 09:00:00,2023-10-24 09:00:00,16.1,51.3,,1002.0,30.0,6.0,,,DD,31,False,False
2023-006,2023,6,ARB,TEJ,2023-10-24 12:00:00,2023-10-24 12:00:00,16.2,51.0,,1004.0,25.0,4.0,,,D,32,False,False
2023-007,2023,7,BOB,HAMOON,2023-10-21 18:00:00,2023-10-21 18:00:00,14.7,86.4,1.5,1003.0,25.0,3.0,,,D,0,False,False
2023-007,2023,7,BOB,HAMOON,2023-10-21 21:00:00,2023-10-21 21:00:00,14.8,86.3,1.5,1003.0,25.0,3.0,,,D,1,False,False
2023-007,2023,7,BOB,HAMOON,2023-10-22 00:00:00,2023-10-22 00:00:00,14.9,86.3,1.5,1003.0,25.0,3.0,,,D,2,False,False
2023-007,2023,7,BOB,HAMOON,2023-10-22 03:00:00,2023-10-22 03:00:00,15.0,86.2,1.5,1003.0,25.0,3.0,,,D,3,False,False
2023-007,2023,7,BOB,HAMOON,2023-10-22 06:00:00,2023-10-22 06:00:00,15.3,86.2,1.5,1003.0,25.0,4.0,,,D,4,False,False
2023-007,2023,7,BOB,HAMOON,2023-10-22 09:00:00,2023-10-22 09:00:00,15.6,86.2,1.5,1002.0,25.0,4.0,,,D,5,False,False
2023-007,2023,7,BOB,HAMOON,2023-10-22 12:00:00,2023-10-22 12:00:00,15.8,86.3,2.0,1001.0,30.0,5.0,,,DD,6,False,False
2023-007,2023,7,BOB,HAMOON,2023-10-22 15:00:00,2023-10-22 15:00:00,16.4,86.4,2.0,1001.0,30.0,5.0,,,DD,7,False,False
2023-007,2023,7,BOB,HAMOON,2023-10-22 18:00:00,2023-10-22 18:00:00,16.4,86.5,2.0,1001.0,30.0,5.0,,,DD,8,False,False
2023-007,2023,7,BOB,HAMOON,2023-10-22 21:00:00,2023-10-22 21:00:00,16.4,86.6,2.0,1001.0,30.0,5.0,,,DD,9,False,False
2023-007,2023,7,BOB,HAMOON,2023-10-23 00:00:00,2023-10-23 00:00:00,16.7,86.7,2.0,1001.0,30.0,5.0,,,DD,10,False,False
2023-007,2023,7,BOB,HAMOON,2023-10-23 03:00:00,2023-10-23 03:00:00,17.0,86.8,2.0,1001.0,30.0,5.0,,,DD,11,False,False
2023-007,2023,7,BOB,HAMOON,2023-10-23 06:00:00,2023-10-23 06:00:00,17.4,87.0,2.0,1000.0,30.0,6.0,,,DD,12,False,False
2023-007,2023,7,BOB,HAMOON,2023-10-23 09:00:00,2023-10-23 09:00:00,17.9,87.2,2.0,1000.0,30.0,6.0,,,DD,13,False,False
2023-007,2023,7,BOB,HAMOON,2023-10-23 12:00:00,2023-10-23 12:00:00,18.3,87.3,2.5,999.0,35.0,7.0,,,CS,14,False,False
2023-007,2023,7,BOB,HAMOON,2023-10-23 15:00:00,2023-10-23 15:00:00,18.7,87.6,2.5,998.0,40.0,8.0,,,CS,15,False,False
2023-007,2023,7,BOB,HAMOON,2023-10-23 18:00:00,2023-10-23 18:00:00,19.1,88.0,3.0,998.0,40.0,8.0,,,CS,16,False,False
2023-007,2023,7,BOB,HAMOON,2023-10-23 21:00:00,2023-10-23 21:00:00,19.3,88.4,3.5,994.0,50.0,12.0,,,SCS,17,False,False
2023-007,2023,7,BOB,HAMOON,2023-10-24 00:00:00,2023-10-24 00:00:00,19.7,88.8,3.5,990.0,55.0,16.0,,,SCS,18,False,False
2023-007,2023,7,BOB,HAMOON,2023-10-24 03:00:00,2023-10-24 03:00:00,20.0,89.5,4.0,984.0,65.0,22.0,,,VSCS,19,False,False
2023-007,2023,7,BOB,HAMOON,2023-10-24 06:00:00,2023-10-24 06:00:00,20.3,90.0,4.0,985.0,65.0,21.0,,,VSCS,20,False,False
2023-007,2023,7,BOB,HAMOON,2023-10-24 09:00:00,2023-10-24 09:00:00,20.6,90.4,4.0,986.0,65.0,20.0,,,VSCS,21,False,False
2023-007,2023,7,BOB,HAMOON,2023-10-24 12:00:00,2023-10-24 12:00:00,20.8,90.8,3.5,988.0,55.0,17.0,,,SCS,22,False,False
2023-007,2023,7,BOB,HAMOON,2023-10-24 15:00:00,2023-10-24 15:00:00,21.3,91.3,3.5,990.0,55.0,16.0,,,SCS,23,False,False
2023-007,2023,7,BOB,HAMOON,2023-10-24 18:00:00,2023-10-24 18:00:00,21.6,91.6,3.0,994.0,50.0,12.0,,,SCS,24,False,False
2023-007,2023,7,BOB,HAMOON,2023-10-25 00:00:00,2023-10-25 00:00:00,22.2,92.2,,999.0,35.0,7.0,,,CS,25,False,False
2023-007,2023,7,BOB,HAMOON,2023-10-25 03:00:00,2023-10-25 03:00:00,22.4,92.4,,1003.0,30.0,5.0,,,DD,26,False,False
2023-007,2023,7,BOB,HAMOON,2023-10-25 06:00:00,2023-10-25 06:00:00,22.7,92.7,,1004.0,25.0,4.0,,,D,27,False,False
2023-007,2023,7,BOB,HAMOON,2023-10-25 21:00:00,2023-10-25 21:00:00,22.0,92.0,,996.0,45.0,10.0,,,CS,28,False,False
2023-008,2023,8,BOB,MIDHILI,2023-11-15 03:00:00,2023-11-15 03:00:00,14.5,86.8,1.5,1005.0,25.0,3.0,,,D,0,False,False
2023-008,2023,8,BOB,MIDHILI,2023-11-15 06:00:00,2023-11-15 06:00:00,14.7,86.6,1.5,1005.0,25.0,3.0,,,D,1,False,False
2023-008,2023,8,BOB,MIDHILI,2023-11-15 12:00:00,2023-11-15 12:00:00,15.3,86.4,1.5,1004.0,25.0,4.0,,,D,2,False,False
2023-008,2023,8,BOB,MIDHILI,2023-11-15 18:00:00,2023-11-15 18:00:00,16.0,86.4,1.5,1004.0,25.0,4.0,,,D,3,False,False
2023-008,2023,8,BOB,MIDHILI,2023-11-16 00:00:00,2023-11-16 00:00:00,16.9,86.8,2.0,1003.0,30.0,5.0,,,DD,4,False,False
2023-008,2023,8,BOB,MIDHILI,2023-11-16 03:00:00,2023-11-16 03:00:00,17.4,87.0,2.0,1003.0,30.0,5.0,,,DD,5,False,False
2023-008,2023,8,BOB,MIDHILI,2023-11-16 06:00:00,2023-11-16 06:00:00,17.9,87.3,2.0,1003.0,30.0,5.0,,,DD,6,False,False
2023-008,2023,8,BOB,MIDHILI,2023-11-16 12:00:00,2023-11-16 12:00:00,18.6,87.7,2.0,1003.0,30.0,5.0,,,DD,7,False,False
2023-008,2023,8,BOB,MIDHILI,2023-11-16 18:00:00,2023-11-16 18:00:00,19.1,88.0,2.0,1002.0,30.0,6.0,,,DD,8,False,False
2023-008,2023,8,BOB,MIDHILI,2023-11-17 00:00:00,2023-11-17 00:00:00,20.1,88.5,2.5,1001.0,35.0,7.0,,,CS,9,False,False
2023-008,2023,8,BOB,MIDHILI,2023-11-17 03:00:00,2023-11-17 03:00:00,20.7,89.1,2.5,1000.0,40.0,8.0,,,CS,10,False,False
2023-008,2023,8,BOB,MIDHILI,2023-11-17 06:00:00,2023-11-17 06:00:00,21.2,89.5,2.5,998.0,45.0,10.0,,,CS,11,False,False
2023-008,2023,8,BOB,MIDHILI,2023-11-17 09:00:00,2023-11-17 09:00:00,21.8,90.0,3.0,996.0,50.0,12.0,,,SCS,12,False,False
2023-008,2023,8,BOB,MIDHILI,2023-11-17 12:00:00,2023-11-17 12:00:00,22.8,90.8,,998.0,40.0,8.0,,,CS,13,False,False
2023-008,2023,8,BOB,MIDHILI,2023-11-17 15:00:00,2023-11-17 15:00:00,23.1,91.1,,1000.0,35.0,7.0,,,CS,14,False,False
2023-008,2023,8,BOB,MIDHILI,2023-11-17 18:00:00,2023-11-17 18:00:00,23.3,91.3,,1003.0,30.0,5.0,,,DD,15,False,False
2023-008,2023,8,BOB,MIDHILI,2023-11-18 00:00:00,2023-11-18 00:00:00,23.7,91.7,,1005.0,20.0,3.0,,,D,16,False,False
2023-009,2023,9,BOB,MICHAUNG,2023-12-01 00:00:00,2023-12-01 00:00:00,9.1,86.4,1.5,1002.0,20.0,3.0,,,D,0,False,False
2023-009,2023,9,BOB,MICHAUNG,2023-12-01 00:00:00,2023-12-01 00:00:00,10.5,84.1,2.0,998.0,30.0,5.0,,,DD,1,False,False
2023-009,2023,9,BOB,MICHAUNG,2023-12-01 03:00:00,2023-12-01 03:00:00,9.3,86.2,1.5,1002.0,20.0,3.0,,,D,2,False,False
2023-009,2023,9,BOB,MICHAUNG,2023-12-01 06:00:00,2023-12-01 06:00:00,9.5,86.0,1.5,1002.0,25.0,3.0,,,D,3,False,False
2023-009,2023,9,BOB,MICHAUNG,2023-12-01 12:00:00,2023-12-01 12:00:00,10.0,85.7,1.5,1001.0,25.0,3.0,,,D,4,False,False
2023-009,2023,9,BOB,MICHAUNG,2023-12-01 18:00:00,2023-12-01 18:00:00,10.3,85.1,1.5,1000.0,25.0,4.0,,,D,5,False,False
2023-009,2023,9,BOB,MICHAUNG,2023-12-02 03:00:00,2023-12-02 03:00:00,10.6,83.6,2.0,997.0,30.0,5.0,,,DD,6,False,False
2023-009,2023,9,BOB,MICHAUNG,2023-12-02 06:00:00,2023-12-02 06:00:00,10.7,83.2,2.0,997.0,30.0,5.0,,,DD,7,False,False
2023-009,2023,9,BOB,MICHAUNG,2023-12-02 12:00:00,2023-12-02 12:00:00,10.9,83.1,2.0,997.0,30.0,5.0,,,DD,8,False,False
2023-009,2023,9,BOB,MICHAUNG,2023-12-02 18:00:00,2023-12-02 18:00:00,11.1,82.7,2.0,996.0,30.0,6.0,,,DD,9,False,False
2023-009,2023,9,BOB,MICHAUNG,2023-12-03 00:00:00,2023-12-03 00:00:00,11.4,82.5,2.5,995.0,35.0,7.0,,,CS,10,False,False
2023-009,2023,9,BOB,MICHAUNG,2023-12-03 03:00:00,2023-12-03 03:00:00,11.5,82.4,2.5,995.0,35.0,7.0,,,CS,11,False,False
2023-009,2023,9,BOB,MICHAUNG,2023-12-03 06:00:00,2023-12-03 06:00:00,11.8,82.2,2.5,995.0,35.0,7.0,,,CS,12,False,False
2023-009,2023,9,BOB,MICHAUNG,2023-12-03 09:00:00,2023-12-03 09:00:00,12.0,82.1,2.5,995.0,35.0,7.0,,,CS,13,False,False
2023-009,2023,9,BOB,MICHAUNG,2023-12-03 12:00:00,2023-12-03 12:00:00,12.2,82.0,2.5,995.0,35.0,7.0,,,CS,14,False,False
2023-009,2023,9,BOB,MICHAUNG,2023-12-03 15:00:00,2023-12-03 15:00:00,12.4,81.9,2.5,994.0,40.0,8.0,,,CS,15,False,False
2023-009,2023,9,BOB,MICHAUNG,2023-12-03 18:00:00,2023-12-03 18:00:00,12.8,81.6,3.0,992.0,45.0,10.0,,,CS,16,False,False
2023-009,2023,9,BOB,MICHAUNG,2023-12-03 21:00:00,2023-12-03 21:00:00,13.0,81.4,3.0,992.0,45.0,10.0,,,CS,17,False,False
2023-009,2023,9,BOB,MICHAUNG,2023-12-04 00:00:00,2023-12-04 00:00:00,13.1,81.2,3.0,992.0,45.0,10.0,,,CS,18,False,False
2023-009,2023,9,BOB,MICHAUNG,2023-12-04 03:00:00,2023-12-04 03:00:00,13.3,81.0,3.0,988.0,50.0,14.0,,,SCS,19,False,False
2023-009,2023,9,BOB,MICHAUNG,2023-12-04 06:00:00,2023-12-04 06:00:00,13.5,80.8,3.0,988.0,50.0,14.0,,,SCS,20,False,False
2023-009,2023,9,BOB,MICHAUNG,2023-12-04 09:00:00,2023-12-04 09:00:00,13.7,80.7,3.0,988.0,50.0,14.0,,,SCS,21,False,False
2023-009,2023,9,BOB,MICHAUNG,2023-12-04 12:00:00,2023-12-04 12:00:00,14.0,80.5,3.5,986.0,55.0,16.0,,,SCS,22,False,False
2023-009,2023,9,BOB,MICHAUNG,2023-12-04 15:00:00,2023-12-04 15:00:00,14.3,80.4,3.5,986.0,55.0,16.0,,,SCS,23,False,False
2023-009,2023,9,BOB,MICHAUNG,2023-12-04 18:00:00,2023-12-04 18:00:00,14.5,80.3,3.5,986.0,55.0,16.0,,,SCS,24,False,False
2023-009,2023,9,BOB,MICHAUNG,2023-12-04 21:00:00,2023-12-04 21:00:00,14.7,80.2,3.5,986.0,55.0,16.0,,,SCS,25,False,False
2023-009,2023,9,BOB,MICHAUNG,2023-12-05 00:00:00,2023-12-05 00:00:00,14.9,80.2,3.5,988.0,50.0,14.0,,,SCS,26,False,False
2023-009,2023,9,BOB,MICHAUNG,2023-12-05 03:00:00,2023-12-05 03:00:00,15.2,80.2,3.5,988.0,50.0,14.0,,,SCS,27,False,False
2023-009,2023,9,BOB,MICHAUNG,2023-12-05 06:00:00,2023-12-05 06:00:00,15.5,80.3,3.0,988.0,50.0,14.0,,,SCS,28,False,False
2023-009,2023,9,BOB,MICHAUNG,2023-12-05 09:00:00,2023-12-05 09:00:00,15.8,80.3,,990.0,50.0,12.0,,,SCS,29,False,False
2023-009,2023,9,BOB,MICHAUNG,2023-12-05 12:00:00,2023-12-05 12:00:00,16.0,80.3,,996.0,40.0,8.0,,,CS,30,False,False
2023-009,2023,9,BOB,MICHAUNG,2023-12-05 15:00:00,2023-12-05 15:00:00,16.4,80.4,,998.0,35.0,7.0,,,CS,31,False,False
2023-009,2023,9,BOB,MICHAUNG,2023-12-05 18:00:00,2023-12-05 18:00:00,16.8,80.4,,1000.0,30.0,6.0,,,DD,32,False,False
2023-009,2023,9,BOB,MICHAUNG,2023-12-06 00:00:00,2023-12-06 00:00:00,17.4,80.5,,1004.0,20.0,3.0,,,D,33,False,False
2024-001,2024,1,BOB,REMAL,2024-05-24 00:00:00,2024-05-24 00:00:00,15.0,88.4,1.5,996.0,25.0,3.0,,,D,0,False,False
2024-001,2024,1,BOB,REMAL,2024-05-24 03:00:00,2024-05-24 03:00:00,15.5,88.7,1.5,996.0,25.0,3.0,,,D,1,False,False
2024-001,2024,1,BOB,REMAL,2024-05-24 06:00:00,2024-05-24 06:00:00,15.8,88.9,1.5,996.0,25.0,3.0,,,D,2,False,False
2024-001,2024,1,BOB,REMAL,2024-05-24 12:00:00,2024-05-24 12:00:00,16.2,89.1,1.5,995.0,25.0,3.0,,,D,3,False,False
2024-001,2024,1,BOB,REMAL,2024-05-24 18:00:00,2024-05-24 18:00:00,16.8,89.4,1.5,995.0,25.0,3.0,,,D,4,False,False
2024-001,2024,1,BOB,REMAL,2024-05-25 00:00:00,2024-05-25 00:00:00,17.6,89.7,2.0,993.0,30.0,4.0,,,DD,5,False,False
2024-001,2024,1,BOB,REMAL,2024-05-25 03:00:00,2024-05-25 03:00:00,18.0,89.7,2.0,992.0,30.0,5.0,,,DD,6,False,False
2024-001,2024,1,BOB,REMAL,2024-05-25 06:00:00,2024-05-25 06:00:00,18.2,89.7,2.0,991.0,30.0,5.0,,,DD,7,False,False
2024-001,2024,1,BOB,REMAL,2024-05-25 12:00:00,2024-05-25 12:00:00,18.8,89.5,2.5,989.0,35.0,7.0,,,CS,8,False,False
2024-001,2024,1,BOB,REMAL,2024-05-25 15:00:00,2024-05-25 15:00:00,19.1,89.5,2.5,989.0,35.0,7.0,,,CS,9,False,False
2024-001,2024,1,BOB,REMAL,2024-05-25 18:00:00,2024-05-25 18:00:00,19.3,89.4,2.5,988.0,40.0,8.0,,,CS,10,False,False
2024-001,2024,1,BOB,REMAL,2024-05-25 21:00:00,2024-05-25 21:00:00,19.4,89.4,2.5,986.0,45.0,10.0,,,CS,11,False,False
2024-001,2024,1,BOB,REMAL,2024-05-26 00:00:00,2024-05-26 00:00:00,19.5,89.4,3.0,984.0,50.0,12.0,,,SCS,12,False,False
2024-001,2024,1,BOB,REMAL,2024-05-26 03:00:00,2024-05-26 03:00:00,19.8,89.3,3.0,984.0,50.0,12.0,,,SCS,13,False,False
2024-001,2024,1,BOB,REMAL,2024-05-26 06:00:00,2024-05-26 06:00:00,20.2,89.2,3.5,983.0,50.0,13.0,,,SCS,14,False,False
2024-001,2024,1,BOB,REMAL,2024-05-26 09:00:00,2024-05-26 09:00:00,20.6,89.2,3.5,981.0,55.0,15.0,,,SCS,15,False,False
2024-001,2024,1,BOB,REMAL,2024-05-26 12:00:00,2024-05-26 12:00:00,21.1,89.2,3.5,978.0,60.0,18.0,,,SCS,16,False,False
2024-001,2024,1,BOB,REMAL,2024-05-26 15:00:00,2024-05-26 15:00:00,21.4,89.2,3.5,978.0,60.0,18.0,,,SCS,17,False,False
2024-001,2024,1,BOB,REMAL,2024-05-26 18:00:00,2024-05-26 18:00:00,21.7,89.2,3.5,978.0,60.0,18.0,,,SCS,18,False,False
2024-001,2024,1,BOB,REMAL,2024-05-26 21:00:00,2024-05-26 21:00:00,22.0,89.2,,980.0,55.0,16.0,,,SCS,19,False,False
2024-001,2024,1,BOB,REMAL,2024-05-27 00:00:00,2024-05-27 00:00:00,22.5,89.2,,982.0,45.0,12.0,,,CS,20,False,False
2024-001,2024,1,BOB,REMAL,2024-05-27 03:00:00,2024-05-27 03:00:00,22.8,89.2,,984.0,40.0,10.0,,,CS,21,False,False
2024-001,2024,1,BOB,REMAL,2024-05-27 06:00:00,2024-05-27 06:00:00,23.0,89.2,,985.0,35.0,9.0,,,CS,22,False,False
2024-001,2024,1,BOB,REMAL,2024-05-27 09:00:00,2024-05-27 09:00:00,23.3,89.4,,986.0,35.0,8.0,,,CS,23,False,False
2024-001,2024,1,BOB,REMAL,2024-05-27 12:00:00,2024-05-27 12:00:00,23.6,89.7,,987.0,35.0,7.0,,,CS,24,False,False
2024-001,2024,1,BOB,REMAL,2024-05-27 15:00:00,2024-05-27 15:00:00,23.8,90.2,,988.0,30.0,6.0,,,DD,25,False,False
2024-001,2024,1,BOB,REMAL,2024-05-27 18:00:00,2024-05-27 18:00:00,24.0,90.5,,990.0,30.0,5.0,,,DD,26,False,False
2024-001,2024,1,BOB,REMAL,2024-05-28 00:00:00,2024-05-28 00:00:00,24.4,91.1,,991.0,20.0,4.0,,,D,27,False,False
2024-001,2024,1,BOB,REMAL,2024-05-28 03:00:00,2024-05-28 03:00:00,24.7,91.5,,992.0,20.0,3.0,,,D,28,False,False
2024-001,2024,1,BOB,REMAL,2024-05-28 06:00:00,2024-05-28 06:00:00,25.1,91.8,,993.0,20.0,3.0,,,D,29,False,False
2024-002,2024,2,BOB,,2024-07-19 03:00:00,2024-07-19 03:00:00,19.1,86.2,1.5,992.0,25.0,3.0,,,D,0,False,False
2024-002,2024,2,BOB,,2024-07-19 06:00:00,2024-07-19 06:00:00,19.2,86.0,1.5,992.0,25.0,3.0,,,D,1,False,False
2024-002,2024,2,BOB,,2024-07-19 12:00:00,2024-07-19 12:00:00,19.4,85.7,1.5,990.0,25.0,4.0,,,D,2,False,False
2024-002,2024,2,BOB,,2024-07-19 18:00:00,2024-07-19 18:00:00,19.5,85.6,1.5,990.0,25.0,4.0,,,D,3,False,False
2024-002,2024,2,BOB,,2024-07-20 00:00:00,2024-07-20 00:00:00,19.6,85.5,1.5,991.0,25.0,4.0,,,D,4,False,False
2024-002,2024,2,BOB,,2024-07-20 03:00:00,2024-07-20 03:00:00,19.6,85.5,1.5,992.0,25.0,3.0,,,D,5,False,False
2024-002,2024,2,BOB,,2024-07-20 06:00:00,2024-07-20 06:00:00,19.7,85.4,1.5,992.0,25.0,3.0,,,D,6,False,False
2024-003,2024,3,LAND,,2024-08-02 12:00:00,2024-08-02 12:00:00,24.2,85.2,,992.0,20.0,3.0,,,D,0,False,False
2024-003,2024,3,LAND,,2024-08-02 18:00:00,2024-08-02 18:00:00,24.2,84.9,,992.0,20.0,3.0,,,D,1,False,False
2024-003,2024,3,LAND,,2024-08-03 00:00:00,2024-08-03 00:00:00,24.3,84.6,,991.0,25.0,4.0,,,D,2,False,False
2024-003,2024,3,LAND,,2024-08-03 03:00:00,2024-08-03 03:00:00,24.4,84.4,,990.0,30.0,5.0,,,DD,3,False,False
2024-003,2024,3,LAND,,2024-08-03 06:00:00,2024-08-03 06:00:00,24.5,84.2,,988.0,30.0,6.0,,,DD,4,False,False
2024-003,2024,3,LAND,,2024-08-03 12:00:00,2024-08-03 12:00:00,24.8,83.0,,988.0,30.0,6.0,,,DD,5,False,False
2024-003,2024,3,LAND,,2024-08-03 18:00:00,2024-08-03 18:00:00,24.8,81.5,,990.0,30.0,6.0,,,DD,6,False,False
2024-003,2024,3,LAND,,2024-08-04 00:00:00,2024-08-04 00:00:00,24.9,81.0,,990.0,30.0,6.0,,,DD,7,False,False
2024-003,2024,3,LAND,,2024-08-04 03:00:00,2024-08-04 03:00:00,25.0,80.7,,991.0,30.0,5.0,,,DD,8,False,False
2024-003,2024,3,LAND,,2024-08-04 06:00:00,2024-08-04 06:00:00,25.3,79.6,,992.0,30.0,5.0,,,DD,9,False,False
2024-003,2024,3,LAND,,2024-08-04 12:00:00,2024-08-04 12:00:00,25.8,78.4,,992.0,30.0,5.0,,,DD,10,False,False
2024-003,2024,3,LAND,,2024-08-04 18:00:00,2024-08-04 18:00:00,26.0,77.6,,993.0,30.0,5.0,,,DD,11,False,False
2024-003,2024,3,LAND,,2024-08-05 00:00:00,2024-08-05 00:00:00,26.3,76.2,,993.0,25.0,4.0,,,D,12,False,False
2024-003,2024,3,LAND,,2024-08-05 03:00:00,2024-08-05 03:00:00,26.5,75.6,,993.0,25.0,4.0,,,D,13,False,False
2024-003,2024,3,LAND,,2024-08-05 06:00:00,2024-08-05 06:00:00,26.8,75.2,,994.0,25.0,3.0,,,D,14,False,False
2024-003,2024,3,LAND,,2024-08-05 12:00:00,2024-08-05 12:00:00,27.6,73.5,,994.0,20.0,3.0,,,D,15,False,False
2024-003,2024,3,LAND,,2024-08-05 18:00:00,2024-08-05 18:00:00,28.8,72.0,,996.0,20.0,3.0,,,D,16,False,False
2024-004,2024,4,LAND,ASNA,2024-08-25 00:00:00,2024-08-25 00:00:00,24.5,77.3,,997.0,20.0,3.0,,,D,0,False,False
2024-004,2024,4,LAND,ASNA,2024-08-25 03:00:00,2024-08-25 03:00:00,24.6,76.9,,997.0,20.0,3.0,,,D,1,False,False
2024-004,2024,4,LAND,ASNA,2024-08-25 06:00:00,2024-08-25 06:00:00,24.6,76.5,,996.0,20.0,4.0,,,D,2,False,False
2024-004,2024,4,LAND,ASNA,2024-08-25 12:00:00,2024-08-25 12:00:00,24.4,75.6,,996.0,25.0,4.0,,,D,3,False,False
2024-004,2024,4,LAND,ASNA,2024-08-25 18:00:00,2024-08-25 18:00:00,24.3,74.7,,995.0,30.0,5.0,,,DD,4,False,False
2024-004,2024,4,LAND,ASNA,2024-08-26 00:00:00,2024-08-26 00:00:00,24.2,74.2,,995.0,30.0,5.0,,,DD,5,False,False
2024-004,2024,4,LAND,ASNA,2024-08-26 03:00:00,2024-08-26 03:00:00,24.1,74.0,,995.0,30.0,5.0,,,DD,6,False,False
2024-004,2024,4,LAND,ASNA,2024-08-26 06:00:00,2024-08-26 06:00:00,23.8,73.6,,995.0,30.0,5.0,,,DD,7,False,False
2024-004,2024,4,LAND,ASNA,2024-08-26 12:00:00,2024-08-26 12:00:00,23.8,73.0,,995.0,30.0,5.0,,,DD,8,False,False
2024-004,2024,4,LAND,ASNA,2024-08-26 18:00:00,2024-08-26 18:00:00,23.8,72.4,,995.0,30.0,5.0,,,DD,9,False,False
2024-004,2024,4,LAND,ASNA,2024-08-27 00:00:00,2024-08-27 00:00:00,23.8,72.2,,995.0,30.0,5.0,,,DD,10,False,False
2024-004,2024,4,LAND,ASNA,2024-08-27 03:00:00,2024-08-27 03:00:00,23.8,72.0,,995.0,30.0,5.0,,,DD,11,False,False
2024-004,2024,4,LAND,ASNA,2024-08-27 06:00:00,2024-08-27 06:00:00,23.7,71.7,,995.0,30.0,5.0,,,DD,12,False,False
2024-004,2024,4,LAND,ASNA,2024-08-27 12:00:00,2024-08-27 12:00:00,23.7,71.0,,995.0,30.0,5.0,,,DD,13,False,False
2024-004,2024,4,LAND,ASNA,2024-08-27 18:00:00,2024-08-27 18:00:00,23.7,70.6,,995.0,30.0,5.0,,,DD,14,False,False
2024-004,2024,4,LAND,ASNA,2024-08-28 00:00:00,2024-08-28 00:00:00,23.7,70.0,,995.0,30.0,5.0,,,DD,15,False,False
2024-004,2024,4,LAND,ASNA,2024-08-28 03:00:00,2024-08-28 03:00:00,23.7,69.7,,995.0,30.0,5.0,,,DD,16,False,False
2024-004,2024,4,LAND,ASNA,2024-08-28 06:00:00,2024-08-28 06:00:00,23.7,69.7,,994.0,30.0,6.0,,,DD,17,False,False
2024-004,2024,4,LAND,ASNA,2024-08-28 12:00:00,2024-08-28 12:00:00,23.7,69.7,,994.0,30.0,6.0,,,DD,18,False,False
2024-004,2024,4,LAND,ASNA,2024-08-28 18:00:00,2024-08-28 18:00:00,23.7,69.7,,994.0,30.0,6.0,,,DD,19,False,False
2024-004,2024,4,LAND,ASNA,2024-08-29 00:00:00,2024-08-29 00:00:00,23.7,69.5,,994.0,30.0,6.0,,,DD,20,False,False
2024-004,2024,4,LAND,ASNA,2024-08-29 03:00:00,2024-08-29 03:00:00,23.7,69.4,,994.0,30.0,6.0,,,DD,21,False,False
2024-004,2024,4,LAND,ASNA,2024-08-29 06:00:00,2024-08-29 06:00:00,23.7,69.4,,994.0,30.0,6.0,,,DD,22,False,False
2024-004,2024,4,LAND,ASNA,2024-08-29 12:00:00,2024-08-29 12:00:00,23.6,69.2,,994.0,30.0,6.0,,,DD,23,False,False
2024-004,2024,4,LAND,ASNA,2024-08-29 18:00:00,2024-08-29 18:00:00,23.6,69.0,,994.0,30.0,6.0,,,DD,24,False,False
2024-004,2024,4,LAND,ASNA,2024-08-30 00:00:00,2024-08-30 00:00:00,23.5,68.4,,994.0,30.0,6.0,,,DD,25,False,False
2024-004,2024,4,LAND,ASNA,2024-08-30 03:00:00,2024-08-30 03:00:00,23.5,68.2,2.0,994.0,30.0,6.0,,,DD,26,False,False
2024-004,2024,4,LAND,ASNA,2024-08-30 06:00:00,2024-08-30 06:00:00,23.5,67.9,2.5,993.0,35.0,7.0,,,CS,27,False,False
2024-004,2024,4,LAND,ASNA,2024-08-30 09:00:00,2024-08-30 09:00:00,23.5,67.5,2.5,993.0,35.0,7.0,,,CS,28,False,False
2024-004,2024,4,LAND,ASNA,2024-08-30 12:00:00,2024-08-30 12:00:00,23.5,67.2,2.5,993.0,35.0,7.0,,,CS,29,False,False
2024-004,2024,4,LAND,ASNA,2024-08-30 15:00:00,2024-08-30 15:00:00,23.5,67.0,2.5,992.0,35.0,7.0,,,CS,30,False,False
2024-004,2024,4,LAND,ASNA,2024-08-30 18:00:00,2024-08-30 18:00:00,23.6,66.4,2.5,992.0,35.0,7.0,,,CS,31,False,False
2024-004,2024,4,LAND,ASNA,2024-08-30 21:00:00,2024-08-30 21:00:00,23.6,66.2,2.5,992.0,35.0,7.0,,,CS,32,False,False
2024-004,2024,4,LAND,ASNA,2024-08-31 00:00:00,2024-08-31 00:00:00,23.6,65.8,2.5,991.0,40.0,8.0,,,CS,33,False,False
2024-004,2024,4,LAND,ASNA,2024-08-31 03:00:00,2024-08-31 03:00:00,23.6,65.3,2.5,991.0,40.0,8.0,,,CS,34,False,False
2024-004,2024,4,LAND,ASNA,2024-08-31 06:00:00,2024-08-31 06:00:00,23.6,64.9,2.5,991.0,40.0,8.0,,,CS,35,False,False
2024-004,2024,4,LAND,ASNA,2024-08-31 09:00:00,2024-08-31 09:00:00,23.6,64.4,2.5,991.0,40.0,8.0,,,CS,36,False,False
2024-004,2024,4,LAND,ASNA,2024-08-31 12:00:00,2024-08-31 12:00:00,23.6,64.4,2.5,990.0,40.0,8.0,,,CS,37,False,False
2024-004,2024,4,LAND,ASNA,2024-08-31 15:00:00,2024-08-31 15:00:00,23.6,63.7,2.5,990.0,40.0,8.0,,,CS,38,False,False
2024-004,2024,4,LAND,ASNA,2024-08-31 18:00:00,2024-08-31 18:00:00,23.5,63.7,2.5,990.0,40.0,8.0,,,CS,39,False,False
2024-004,2024,4,LAND,ASNA,2024-08-31 21:00:00,2024-08-31 21:00:00,23.4,63.0,2.5,990.0,40.0,8.0,,,CS,40,False,False
2024-004,2024,4,LAND,ASNA,2024-09-01 00:00:00,2024-09-01 00:00:00,23.2,62.6,2.5,990.0,40.0,8.0,,,CS,41,False,False
2024-004,2024,4,LAND,ASNA,2024-09-01 03:00:00,2024-09-01 03:00:00,23.0,62.3,2.5,992.0,35.0,7.0,,,CS,42,False,False
2024-004,2024,4,LAND,ASNA,2024-09-01 06:00:00,2024-09-01 06:00:00,22.7,62.0,2.5,993.0,35.0,7.0,,,CS,43,False,False
2024-004,2024,4,LAND,ASNA,2024-09-01 09:00:00,2024-09-01 09:00:00,22.5,61.8,2.5,993.0,35.0,7.0,,,CS,44,False,False
2024-004,2024,4,LAND,ASNA,2024-09-01 12:00:00,2024-09-01 12:00:00,22.2,61.7,2.0,996.0,30.0,6.0,,,DD,45,False,False
2024-004,2024,4,LAND,ASNA,2024-09-01 18:00:00,2024-09-01 18:00:00,21.7,61.5,2.0,998.0,30.0,5.0,,,DD,46,False,False
2024-004,2024,4,LAND,ASNA,2024-09-02 00:00:00,2024-09-02 00:00:00,21.2,61.3,1.5,999.0,20.0,4.0,,,D,47,False,False
2024-004,2024,4,LAND,ASNA,2024-09-02 03:00:00,2024-09-02 03:00:00,20.9,61.2,1.5,1000.0,20.0,3.0,,,D,48,False,False
2024-005,2024,5,BOB,,2024-08-31 00:00:00,2024-08-31 00:00:00,17.5,84.6,1.5,998.0,25.0,3.0,,,D,0,False,False
2024-005,2024,5,BOB,,2024-08-31 03:00:00,2024-08-31 03:00:00,17.7,84.5,1.5,997.0,25.0,3.0,,,D,1,False,False
2024-005,2024,5,BOB,,2024-08-31 06:00:00,2024-08-31 06:00:00,17.9,84.3,1.5,996.0,25.0,3.0,,,D,2,False,False
2024-005,2024,5,BOB,,2024-08-31 12:00:00,2024-08-31 12:00:00,18.1,84.0,1.5,997.0,25.0,4.0,,,D,3,False,False
2024-005,2024,5,BOB,,2024-08-31 18:00:00,2024-08-31 18:00:00,18.2,83.8,1.5,997.0,25.0,4.0,,,D,4,False,False
2024-005,2024,5,BOB,,2024-09-01 00:00:00,2024-09-01 00:00:00,18.5,83.0,1.5,997.0,25.0,4.0,,,D,5,False,False
2024-005,2024,5,BOB,,2024-09-01 03:00:00,2024-09-01 03:00:00,18.7,82.4,1.5,998.0,25.0,3.0,,,D,6,False,False
2024-005,2024,5,BOB,,2024-09-01 06:00:00,2024-09-01 06:00:00,18.7,82.1,1.5,999.0,20.0,3.0,,,D,7,False,False
2024-005,2024,5,BOB,,2024-09-01 12:00:00,2024-09-01 12:00:00,19.0,81.2,1.5,999.0,20.0,3.0,,,D,8,False,False
2024-005,2024,5,BOB,,2024-09-01 18:00:00,2024-09-01 18:00:00,19.3,80.4,1.5,999.0,20.0,3.0,,,D,9,False,False
2024-005,2024,5,BOB,,2024-09-02 00:00:00,2024-09-02 00:00:00,19.6,80.0,1.5,999.0,20.0,3.0,,,D,10,False,False
2024-005,2024,5,BOB,,2024-09-02 03:00:00,2024-09-02 03:00:00,19.7,79.7,1.5,999.0,20.0,3.0,,,D,11,False,False
2024-005,2024,5,BOB,,2024-09-02 06:00:00,2024-09-02 06:00:00,19.8,79.5,1.5,999.0,20.0,3.0,,,D,12,False,False
2024-006,2024,6,BOB,,2024-09-08 00:00:00,2024-09-08 00:00:00,17.9,87.0,1.5,998.0,25.0,3.0,,,D,0,False,False
2024-006,2024,6,BOB,,2024-09-08 03:00:00,2024-09-08 03:00:00,18.2,86.8,1.5,998.0,25.0,3.0,,,D,1,False,False
2024-006,2024,6,BOB,,2024-09-08 06:00:00,2024-09-08 06:00:00,18.4,86.7,1.5,997.0,25.0,3.0,,,D,2,False,False
2024-006,2024,6,BOB,,2024-09-08 12:00:00,2024-09-08 12:00:00,18.6,86.4,1.5,995.0,25.0,4.0,,,D,3,False,False
2024-006,2024,6,BOB,,2024-09-08 18:00:00,2024-09-08 18:00:00,18.9,86.3,1.5,993.0,30.0,5.0,,,DD,4,False,False
2024-006,2024,6,BOB,,2024-09-09 00:00:00,2024-09-09 00:00:00,19.3,86.2,1.5,991.0,30.0,6.0,,,DD,5,False,False
2024-006,2024,6,BOB,,2024-09-09 03:00:00,2024-09-09 03:00:00,19.6,86.2,1.5,991.0,30.0,6.0,,,DD,6,False,False
2024-006,2024,6,BOB,,2024-09-09 06:00:00,2024-09-09 06:00:00,20.0,86.0,,992.0,30.0,6.0,,,DD,7,False,False
2024-006,2024,6,BOB,,2024-09-09 12:00:00,2024-09-09 12:00:00,20.8,85.1,,994.0,30.0,5.0,,,DD,8,False,False
2024-006,2024,6,BOB,,2024-09-09 18:00:00,2024-09-09 18:00:00,21.3,84.4,,995.0,25.0,4.0,,,D,9,False,False
2024-006,2024,6,BOB,,2024-09-10 00:00:00,2024-09-10 00:00:00,21.7,83.3,,995.0,25.0,4.0,,,D,10,False,False
2024-006,2024,6,BOB,,2024-09-10 03:00:00,2024-09-10 03:00:00,21.8,82.8,,996.0,25.0,3.0,,,D,11,False,False
2024-006,2024,6,BOB,,2024-09-10 06:00:00,2024-09-10 06:00:00,21.9,82.1,,996.0,25.0,3.0,,,D,12,False,False
2024-007,2024,7,LAND,,2024-09-11 03:00:00,2024-09-11 03:00:00,24.0,80.0,,995.0,20.0,3.0,,,D,0,False,False
2024-007,2024,7,LAND,,2024-09-11 06:00:00,2024-09-11 06:00:00,24.2,79.9,,995.0,20.0,3.0,,,D,1,False,False
2024-007,2024,7,LAND,,2024-09-11 12:00:00,2024-09-11 12:00:00,25.0,79.6,,994.0,25.0,4.0,,,D,2,False,False
2024-007,2024,7,LAND,,2024-09-11 18:00:00,2024-09-11 18:00:00,26.2,78.2,,994.0,25.0,4.0,,,D,3,False,False
2024-007,2024,7,LAND,,2024-09-12 00:00:00,2024-09-12 00:00:00,26.7,78.3,,994.0,25.0,4.0,,,D,4,False,False
2024-007,2024,7,LAND,,2024-09-12 03:00:00,2024-09-12 03:00:00,27.0,78.5,,994.0,25.0,4.0,,,D,5,False,False
2024-007,2024,7,LAND,,2024-09-12 06:00:00,2024-09-12 06:00:00,27.3,78.7,,994.0,25.0,4.0,,,D,6,False,False
2024-007,2024,7,LAND,,2024-09-12 12:00:00,2024-09-12 12:00:00,27.5,79.1,,995.0,20.0,3.0,,,D,7,False,False
2024-007,2024,7,LAND,,2024-09-12 18:00:00,2024-09-12 18:00:00,27.7,79.5,,995.0,20.0,3.0,,,D,8,False,False
2024-007,2024,7,LAND,,2024-09-13 00:00:00,2024-09-13 00:00:00,28.2,79.3,,995.0,20.0,3.0,,,D,9,False,False
2024-008,2024,8,BOB,,2024-09-13 12:00:00,2024-09-13 12:00:00,22.0,90.8,1.5,993.0,20.0,3.0,,,D,0,False,False
2024-008,2024,8,BOB,,2024-09-13 18:00:00,2024-09-13 18:00:00,22.3,90.4,,992.0,25.0,4.0,,,D,1,False,False
2024-008,2024,8,BOB,,2024-09-14 00:00:00,2024-09-14 00:00:00,22.5,89.6,,990.0,30.0,5.0,,,DD,2,False,False
2024-008,2024,8,BOB,,2024-09-14 03:00:00,2024-09-14 03:00:00,22.7,88.8,,990.0,30.0,5.0,,,DD,3,False,False
2024-008,2024,8,BOB,,2024-09-14 06:00:00,2024-09-14 06:00:00,22.4,88.3,,990.0,30.0,5.0,,,DD,4,False,False
2024-008,2024,8,BOB,,2024-09-14 12:00:00,2024-09-14 12:00:00,22.4,88.5,,989.0,30.0,6.0,,,DD,5,False,False
2024-008,2024,8,BOB,,2024-09-14 18:00:00,2024-09-14 18:00:00,22.6,88.5,,989.0,30.0,6.0,,,DD,6,False,False
2024-008,2024,8,BOB,,2024-09-15 00:00:00,2024-09-15 00:00:00,22.6,88.0,,989.0,30.0,6.0,,,DD,7,False,False
2024-008,2024,8,BOB,,2024-09-15 03:00:00,2024-09-15 03:00:00,22.6,87.8,,990.0,30.0,5.0,,,DD,8,False,False
2024-008,2024,8,BOB,,2024-09-15 06:00:00,2024-09-15 06:00:00,22.7,87.6,,990.0,30.0,5.0,,,DD,9,False,False
2024-008,2024,8,BOB,,2024-09-15 12:00:00,2024-09-15 12:00:00,22.8,87.4,,990.0,30.0,5.0,,,DD,10,False,False
2024-008,2024,8,BOB,,2024-09-15 18:00:00,2024-09-15 18:00:00,22.9,87.2,,990.0,30.0,5.0,,,DD,11,False,False
2024-008,2024,8,BOB,,2024-09-16 00:00:00,2024-09-16 00:00:00,23.0,87.0,,990.0,30.0,5.0,,,DD,12,False,False
2024-008,2024,8,BOB,,2024-09-16 03:00:00,2024-09-16 03:00:00,23.1,86.7,,990.0,30.0,5.0,,,DD,13,False,False
2024-008,2024,8,BOB,,2024-09-16 06:00:00,2024-09-16 06:00:00,23.2,86.4,,990.0,30.0,5.0,,,DD,14,False,False
2024-008,2024,8,BOB,,2024-09-16 12:00:00,2024-09-16 12:00:00,23.3,85.2,,990.0,30.0,5.0,,,DD,15,False,False
2024-008,2024,8,BOB,,2024-09-16 18:00:00,2024-09-16 18:00:00,23.4,84.6,,991.0,30.0,5.0,,,DD,16,False,False
2024-008,2024,8,BOB,,2024-09-17 00:00:00,2024-09-17 00:00:00,23.6,84.2,,992.0,25.0,4.0,,,D,17,False,False
2024-008,2024,8,BOB,,2024-09-17 03:00:00,2024-09-17 03:00:00,23.7,83.7,,993.0,25.0,4.0,,,D,18,False,False
2024-008,2024,8,BOB,,2024-09-17 06:00:00,2024-09-17 06:00:00,23.7,82.7,,995.0,20.0,3.0,,,D,19,False,False
2024-008,2024,8,BOB,,2024-09-17 12:00:00,2024-09-17 12:00:00,24.0,81.3,,995.0,20.0,3.0,,,D,20,False,False
2024-008,2024,8,BOB,,2024-09-17 18:00:00,2024-09-17 18:00:00,24.2,80.3,,995.0,20.0,3.0,,,D,21,False,False
2024-009,2024,9,ARB,,2024-10-13 12:00:00,2024-10-13 12:00:00,15.6,65.0,1.5,1002.0,20.0,3.0,,,D,0,False,False
2024-009,2024,9,ARB,,2024-10-13 18:00:00,2024-10-13 18:00:00,15.7,64.7,1.5,1002.0,20.0,3.0,,,D,1,False,False
2024-009,2024,9,ARB,,2024-10-14 00:00:00,2024-10-14 00:00:00,15.8,64.5,1.5,1002.0,20.0,3.0,,,D,2,False,False
2024-009,2024,9,ARB,,2024-10-14 03:00:00,2024-10-14 03:00:00,15.8,64.3,1.5,1001.0,25.0,4.0,,,D,3,False,False
2024-009,2024,9,ARB,,2024-10-14 06:00:00,2024-10-14 06:00:00,16.0,64.0,1.5,1001.0,25.0,4.0,,,D,4,False,False
2024-009,2024,9,ARB,,2024-10-14 12:00:00,2024-10-14 12:00:00,16.1,62.0,1.5,1001.0,25.0,4.0,,,D,5,False,False
2024-009,2024,9,ARB,,2024-10-14 18:00:00,2024-10-14 18:00:00,16.1,61.5,1.5,1001.0,25.0,4.0,,,D,6,False,False
2024-009,2024,9,ARB,,2024-10-15 00:00:00,2024-10-15 00:00:00,16.1,61.0,1.5,1002.0,20.0,3.0,,,D,7,False,False
2024-009,2024,9,ARB,,2024-10-15 03:00:00,2024-10-15 03:00:00,16.8,60.5,1.5,1002.0,20.0,3.0,,,D,8,False,False
2024-009,2024,9,ARB,,2024-10-15 06:00:00,2024-10-15 06:00:00,17.5,59.8,1.5,1002.0,20.0,3.0,,,D,9,False,False
2024-009,2024,9,ARB,,2024-10-15 12:00:00,2024-10-15 12:00:00,18.3,58.8,1.5,1002.0,20.0,3.0,,,D,10,False,False
2024-010,2024,10,BOB,,2024-10-15 12:00:00,2024-10-15 12:00:00,11.4,84.4,1.5,1002.0,20.0,3.0,,,D,0,False,False
2024-010,2024,10,BOB,,2024-10-15 18:00:00,2024-10-15 18:00:00,11.8,84.0,1.5,1002.0,20.0,3.0,,,D,1,False,False
2024-010,2024,10,BOB,,2024-10-16 00:00:00,2024-10-16 00:00:00,12.1,83.4,1.5,1002.0,20.0,3.0,,,D,2,False,False
2024-010,2024,10,BOB,,2024-10-16 03:00:00,2024-10-16 03:00:00,12.3,83.0,1.5,1000.0,25.0,4.0,,,D,3,False,False
2024-010,2024,10,BOB,,2024-10-16 06:00:00,2024-10-16 06:00:00,12.5,82.7,1.5,1000.0,25.0,4.0,,,D,4,False,False
2024-010,2024,10,BOB,,2024-10-16 12:00:00,2024-10-16 12:00:00,12.9,81.9,1.5,1000.0,25.0,4.0,,,D,5,False,False
2024-010,2024,10,BOB,,2024-10-16 18:00:00,2024-10-16 18:00:00,13.4,80.8,1.5,1000.0,25.0,4.0,,,D,6,False,False
2024-011,2024,11,BOB,DANA,2024-10-22 00:00:00,2024-10-22 00:00:00,15.4,91.6,1.5,1003.0,20.0,3.0,,,D,0,False,False
2024-011,2024,11,BOB,DANA,2024-10-22 03:00:00,2024-10-22 03:00:00,15.5,91.4,1.5,1002.0,20.0,3.0,,,D,1,False,False
2024-011,2024,11,BOB,DANA,2024-10-22 06:00:00,2024-10-22 06:00:00,15.5,91.3,1.5,1000.0,25.0,4.0,,,D,2,False,False
2024-011,2024,11,BOB,DANA,2024-10-22 12:00:00,2024-10-22 12:00:00,15.6,90.9,2.0,999.0,30.0,5.0,,,DD,3,False,False
2024-011,2024,11,BOB,DANA,2024-10-22 18:00:00,2024-10-22 18:00:00,15.8,90.5,2.0,998.0,30.0,6.0,,,DD,4,False,False
2024-011,2024,11,BOB,DANA,2024-10-23 00:00:00,2024-10-23 00:00:00,16.2,89.8,2.5,997.0,35.0,7.0,,,CS,5,False,False
2024-011,2024,11,BOB,DANA,2024-10-23 03:00:00,2024-10-23 03:00:00,16.5,89.6,2.5,996.0,35.0,8.0,,,CS,6,False,False
2024-011,2024,11,BOB,DANA,2024-10-23 06:00:00,2024-10-23 06:00:00,16.7,89.2,2.5,995.0,40.0,9.0,,,CS,7,False,False
2024-011,2024,11,BOB,DANA,2024-10-23 09:00:00,2024-10-23 09:00:00,16.9,89.1,3.0,994.0,45.0,10.0,,,CS,8,False,False
2024-011,2024,11,BOB,DANA,2024-10-23 12:00:00,2024-10-23 12:00:00,17.2,88.9,3.0,992.0,45.0,12.0,,,CS,9,False,False
2024-011,2024,11,BOB,DANA,2024-10-23 15:00:00,2024-10-23 15:00:00,17.6,88.7,3.0,992.0,45.0,12.0,,,CS,10,False,False
2024-011,2024,11,BOB,DANA,2024-10-23 18:00:00,2024-10-23 18:00:00,17.9,88.5,3.0,990.0,50.0,14.0,,,SCS,11,False,False
2024-011,2024,11,BOB,DANA,2024-10-23 21:00:00,2024-10-23 21:00:00,18.3,88.3,3.0,990.0,50.0,14.0,,,SCS,12,False,False
2024-011,2024,11,BOB,DANA,2024-10-24 00:00:00,2024-10-24 00:00:00,18.6,88.2,3.5,988.0,55.0,16.0,,,SCS,13,False,False
2024-011,2024,11,BOB,DANA,2024-10-24 03:00:00,2024-10-24 03:00:00,18.9,88.0,3.5,988.0,55.0,16.0,,,SCS,14,False,False
2024-011,2024,11,BOB,DANA,2024-10-24 06:00:00,2024-10-24 06:00:00,19.2,87.8,3.5,988.0,55.0,16.0,,,SCS,15,False,False
2024-011,2024,11,BOB,DANA,2024-10-24 09:00:00,2024-10-24 09:00:00,19.4,87.6,3.5,986.0,60.0,18.0,,,SCS,16,False,False
2024-011,2024,11,BOB,DANA,2024-10-24 12:00:00,2024-10-24 12:00:00,19.8,87.5,3.5,986.0,60.0,18.0,,,SCS,17,False,False
2024-011,2024,11,BOB,DANA,2024-10-24 15:00:00,2024-10-24 15:00:00,20.1,87.3,3.5,986.0,60.0,18.0,,,SCS,18,False,False
2024-011,2024,11,BOB,DANA,2024-10-24 18:00:00,2024-10-24 18:00:00,20.5,87.1,3.5,988.0,55.0,16.0,,,SCS,19,False,False
2024-011,2024,11,BOB,DANA,2024-10-24 21:00:00,2024-10-24 21:00:00,20.7,87.0,,988.0,55.0,16.0,,,SCS,20,False,False
2024-011,2024,11,BOB,DANA,2024-10-25 00:00:00,2024-10-25 00:00:00,21.0,86.8,,990.0,50.0,14.0,,,SCS,21,False,False
2024-011,2024,11,BOB,DANA,2024-10-25 03:00:00,2024-10-25 03:00:00,21.2,86.7,,994.0,45.0,10.0,,,CS,22,False,False
2024-011,2024,11,BOB,DANA,2024-10-25 06:00:00,2024-10-25 06:00:00,21.3,86.6,,997.0,35.0,7.0,,,CS,23,False,False
2024-011,2024,11,BOB,DANA,2024-10-25 09:00:00,2024-10-25 09:00:00,21.4,86.4,,998.0,30.0,6.0,,,DD,24,False,False
2024-011,2024,11,BOB,DANA,2024-10-25 12:00:00,2024-10-25 12:00:00,21.4,86.3,,999.0,30.0,5.0,,,DD,25,False,False
2024-011,2024,11,BOB,DANA,2024-10-25 18:00:00,2024-10-25 18:00:00,21.4,86.2,,1000.0,25.0,4.0,,,D,26,False,False
2024-012,2024,12,BOB,FENGAL,2024-11-25 03:00:00,2024-11-25 03:00:00,5.0,85.3,1.5,1003.0,20.0,3.0,,,D,0,False,False
2024-012,2024,12,BOB,FENGAL,2024-11-25 06:00:00,2024-11-25 06:00:00,5.1,84.5,1.5,1003.0,20.0,3.0,,,D,1,False,False
2024-012,2024,12,BOB,FENGAL,2024-11-25 12:00:00,2024-11-25 12:00:00,5.2,83.5,1.5,1002.0,25.0,4.0,,,D,2,False,False
2024-012,2024,12,BOB,FENGAL,2024-11-25 18:00:00,2024-11-25 18:00:00,5.5,83.2,1.5,1002.0,25.0,4.0,,,D,3,False,False
2024-012,2024,12,BOB,FENGAL,2024-11-26 00:00:00,2024-11-26 00:00:00,6.0,82.9,1.5,1002.0,25.0,4.0,,,D,4,False,False
2024-012,2024,12,BOB,FENGAL,2024-11-26 03:00:00,2024-11-26 03:00:00,6.3,82.8,2.0,1001.0,30.0,5.0,,,DD,5,False,False
2024-012,2024,12,BOB,FENGAL,2024-11-26 06:00:00,2024-11-26 06:00:00,6.6,82.8,2.0,1001.0,30.0,5.0,,,DD,6,False,False
2024-012,2024,12,BOB,FENGAL,2024-11-26 12:00:00,2024-11-26 12:00:00,7.0,82.7,2.0,1001.0,30.0,5.0,,,DD,7,False,False
2024-012,2024,12,BOB,FENGAL,2024-11-26 18:00:00,2024-11-26 18:00:00,7.5,82.6,2.0,1001.0,30.0,5.0,,,DD,8,False,False
2024-012,2024,12,BOB,FENGAL,2024-11-27 00:00:00,2024-11-27 00:00:00,8.2,82.4,2.0,1001.0,30.0,5.0,,,DD,9,False,False
2024-012,2024,12,BOB,FENGAL,2024-11-27 03:00:00,2024-11-27 03:00:00,8.5,82.3,2.0,1001.0,30.0,5.0,,,DD,10,False,False
2024-012,2024,12,BOB,FENGAL,2024-11-27 06:00:00,2024-11-27 06:00:00,8.7,82.2,2.0,1001.0,30.0,5.0,,,DD,11,False,False
2024-012,2024,12,BOB,FENGAL,2024-11-27 12:00:00,2024-11-27 12:00:00,8.9,82.2,2.0,1000.0,30.0,6.0,,,DD,12,False,False
2024-012,2024,12,BOB,FENGAL,2024-11-27 18:00:00,2024-11-27 18:00:00,9.0,82.2,2.0,1000.0,30.0,6.0,,,DD,13,False,False
2024-012,2024,12,BOB,FENGAL,2024-11-28 00:00:00,2024-11-28 00:00:00,9.0,82.2,2.0,1000.0,30.0,6.0,,,DD,14,False,False
2024-012,2024,12,BOB,FENGAL,2024-11-28 03:00:00,2024-11-28 03:00:00,9.1,82.3,2.0,1000.0,30.0,6.0,,,DD,15,False,False
2024-012,2024,12,BOB,FENGAL,2024-11-28 06:00:00,2024-11-28 06:00:00,9.3,82.4,2.0,1000.0,30.0,6.0,,,DD,16,False,False
2024-012,2024,12,BOB,FENGAL,2024-11-28 12:00:00,2024-11-28 12:00:00,9.6,82.7,2.0,1000.0,30.0,6.0,,,DD,17,False,False
2024-012,2024,12,BOB,FENGAL,2024-11-28 18:00:00,2024-11-28 18:00:00,10.1,82.8,2.0,1000.0,30.0,6.0,,,DD,18,False,False
2024-012,2024,12,BOB,FENGAL,2024-11-29 00:00:00,2024-11-29 00:00:00,10.4,82.7,2.0,1000.0,30.0,6.0,,,DD,19,False,False
2024-012,2024,12,BOB,FENGAL,2024-11-29 03:00:00,2024-11-29 03:00:00,10.6,82.6,2.0,1000.0,30.0,6.0,,,DD,20,False,False
2024-012,2024,12,BOB,FENGAL,2024-11-29 06:00:00,2024-11-29 06:00:00,10.9,82.5,2.0,1000.0,30.0,6.0,,,DD,21,False,False
2024-012,2024,12,BOB,FENGAL,2024-11-29 09:00:00,2024-11-29 09:00:00,11.2,82.2,2.5,999.0,35.0,7.0,,,CS,22,False,False
2024-012,2024,12,BOB,FENGAL,2024-11-29 12:00:00,2024-11-29 12:00:00,11.5,81.9,2.5,999.0,35.0,7.0,,,CS,23,False,False
2024-012,2024,12,BOB,FENGAL,2024-11-29 15:00:00,2024-11-29 15:00:00,11.6,81.7,2.5,999.0,35.0,7.0,,,CS,24,False,False
2024-012,2024,12,BOB,FENGAL,2024-11-29 18:00:00,2024-11-29 18:00:00,11.8,81.7,2.5,999.0,35.0,7.0,,,CS,25,False,False
2024-012,2024,12,BOB,FENGAL,2024-11-29 21:00:00,2024-11-29 21:00:00,11.9,81.5,2.5,996.0,40.0,8.0,,,CS,26,False,False
2024-012,2024,12,BOB,FENGAL,2024-11-30 00:00:00,2024-11-30 00:00:00,12.2,81.2,3.0,996.0,45.0,10.0,,,CS,27,False,False
2024-012,2024,12,BOB,FENGAL,2024-11-30 03:00:00,2024-11-30 03:00:00,12.3,80.9,3.0,996.0,45.0,10.0,,,CS,28,False,False
2024-012,2024,12,BOB,FENGAL,2024-11-30 06:00:00,2024-11-30 06:00:00,12.3,80.7,3.0,996.0,45.0,10.0,,,CS,29,False,False
2024-012,2024,12,BOB,FENGAL,2024-11-30 09:00:00,2024-11-30 09:00:00,12.3,80.5,3.0,996.0,45.0,12.0,,,CS,30,False,False
2024-012,2024,12,BOB,FENGAL,2024-11-30 12:00:00,2024-11-30 12:00:00,12.3,80.3,3.0,998.0,40.0,11.0,,,CS,31,False,False
2024-012,2024,12,BOB,FENGAL,2024-11-30 15:00:00,2024-11-30 15:00:00,12.2,80.1,2.5,998.0,40.0,10.0,,,CS,32,False,False
2024-012,2024,12,BOB,FENGAL,2024-11-30 18:00:00,2024-11-30 18:00:00,12.0,79.8,,998.0,40.0,10.0,,,CS,33,False,False
2024-012,2024,12,BOB,FENGAL,2024-11-30 21:00:00,2024-11-30 21:00:00,12.0,79.8,,999.0,35.0,11.0,,,CS,34,False,False
2024-012,2024,12,BOB,FENGAL,2024-12-01 00:00:00,2024-12-01 00:00:00,12.0,79.8,,999.0,35.0,10.0,,,CS,35,False,False
2024-012,2024,12,BOB,FENGAL,2024-12-01 03:00:00,2024-12-01 03:00:00,12.0,79.8,,999.0,35.0,7.0,,,CS,36,False,False
2024-012,2024,12,BOB,FENGAL,2024-12-01 06:00:00,2024-12-01 06:00:00,12.0,79.8,,1000.0,30.0,6.0,,,DD,37,False,False
2024-012,2024,12,BOB,FENGAL,2024-12-01 12:00:00,2024-12-01 12:00:00,12.1,79.6,,1001.0,25.0,4.0,,,D,38,False,False
2024-012,2024,12,BOB,FENGAL,2024-12-01 18:00:00,2024-12-01 18:00:00,12.1,79.2,,1002.0,25.0,3.0,,,D,39,False,False
2024-013,2024,13,BOB,,2024-12-20 12:00:00,2024-12-20 12:00:00,13.7,83.5,1.5,1003.0,20.0,3.0,,,D,0,False,False
2024-013,2024,13,BOB,,2024-12-20 18:00:00,2024-12-20 18:00:00,13.9,83.7,1.5,1003.0,25.0,3.0,,,D,1,False,False
2024-013,2024,13,BOB,,2024-12-21 00:00:00,2024-12-21 00:00:00,13.9,84.2,1.5,1002.0,25.0,4.0,,,D,2,False,False
2024-013,2024,13,BOB,,2024-12-21 03:00:00,2024-12-21 03:00:00,14.0,84.5,1.5,1002.0,25.0,4.0,,,D,3,False,False
2024-013,2024,13,BOB,,2024-12-21 06:00:00,2024-12-21 06:00:00,14.1,84.6,1.5,1003.0,20.0,3.0,,,D,4,False,False
2025-001,2025,1,ARB,,2025-05-24 00:00:00,2025-05-24 00:00:00,17.0,73.0,1.5,998.0,25.0,3.0,,,D,0,False,False
2025-001,2025,1,ARB,,2025-05-24 03:00:00,2025-05-24 03:00:00,17.0,73.2,1.5,998.0,25.0,3.0,,,D,1,False,False
2025-001,2025,1,ARB,,2025-05-24 06:00:00,2025-05-24 06:00:00,17.0,73.3,1.5,998.0,25.0,3.0,,,D,2,False,False
2025-001,2025,1,ARB,,2025-05-24 12:00:00,2025-05-24 12:00:00,17.2,74.3,,998.0,25.0,4.0,,,D,3,False,False
2025-001,2025,1,ARB,,2025-05-24 18:00:00,2025-05-24 18:00:00,17.4,75.3,,998.0,25.0,4.0,,,D,4,False,False
2025-002,2025,2,BOB,,2025-05-29 00:00:00,2025-05-29 00:00:00,20.8,88.3,1.5,988.0,25.0,4.0,,,D,0,False,False
2025-002,2025,2,BOB,,2025-05-29 03:00:00,2025-05-29 03:00:00,21.3,88.3,2.0,986.0,30.0,5.0,,,DD,1,False,False
2025-002,2025,2,BOB,,2025-05-29 06:00:00,2025-05-29 06:00:00,22.0,88.4,,986.0,30.0,5.0,,,DD,2,False,False
2025-002,2025,2,BOB,,2025-05-29 12:00:00,2025-05-29 12:00:00,22.2,88.6,,987.0,30.0,5.0,,,DD,3,False,False
2025-002,2025,2,BOB,,2025-05-29 18:00:00,2025-05-29 18:00:00,23.0,89.2,,988.0,30.0,5.0,,,DD,4,False,False
2025-002,2025,2,BOB,,2025-05-30 00:00:00,2025-05-30 00:00:00,24.1,89.4,,990.0,25.0,4.0,,,D,5,False,False
2025-002,2025,2,BOB,,2025-05-30 03:00:00,2025-05-30 03:00:00,24.3,89.6,,992.0,20.0,3.0,,,D,6,False,False
2025-002,2025,2,BOB,,2025-05-30 06:00:00,2025-05-30 06:00:00,25.1,90.2,,992.0,20.0,3.0,,,D,7,False,False
2025-003,2025,3,LAND,,2025-07-14 06:00:00,2025-07-14 06:00:00,23.0,88.8,,996.0,20.0,3.0,,,D,0,False,False
2025-003,2025,3,LAND,,2025-07-14 12:00:00,2025-07-14 12:00:00,23.3,88.4,,996.0,20.0,3.0,,,D,1,False,False
2025-003,2025,3,LAND,,2025-07-14 18:00:00,2025-07-14 18:00:00,23.5,88.0,,996.0,20.0,3.0,,,D,2,False,False
2025-003,2025,3,LAND,,2025-07-15 00:00:00,2025-07-15 00:00:00,24.0,86.7,,996.0,20.0,3.0,,,D,3,False,False
2025-004,2025,4,LAND,,2025-07-15 03:00:00,2025-07-15 03:00:00,27.4,75.4,,993.0,20.0,3.0,,,D,0,False,False
2025-004,2025,4,LAND,,2025-07-15 06:00:00,2025-07-15 06:00:00,27.7,75.0,,993.0,20.0,3.0,,,D,1,False,False
2025-004,2025,4,LAND,,2025-07-15 12:00:00,2025-07-15 12:00:00,29.0,73.7,,994.0,20.0,3.0,,,D,2,False,False
2025-004,2025,4,LAND,,2025-07-15 18:00:00,2025-07-15 18:00:00,29.2,73.5,,995.0,20.0,3.0,,,D,3,False,False
2025-005,2025,5,LAND,,2025-07-17 00:00:00,2025-07-17 00:00:00,25.2,81.8,,993.0,25.0,4.0,,,D,0,False,False
2025-005,2025,5,LAND,,2025-07-17 03:00:00,2025-07-17 03:00:00,25.2,81.5,,993.0,25.0,4.0,,,D,1,False,False
2025-005,2025,5,LAND,,2025-07-17 06:00:00,2025-07-17 06:00:00,25.3,81.2,,993.0,25.0,4.0,,,D,2,False,False
2025-005,2025,5,LAND,,2025-07-17 12:00:00,2025-07-17 12:00:00,25.6,80.3,,993.0,25.0,4.0,,,D,3,False,False
2025-005,2025,5,LAND,,2025-07-17 18:00:00,2025-07-17 18:00:00,25.8,79.8,,993.0,25.0,4.0,,,D,4,False,False
2025-005,2025,5,LAND,,2025-07-18 00:00:00,2025-07-18 00:00:00,26.3,79.0,,993.0,25.0,4.0,,,D,5,False,False
2025-005,2025,5,LAND,,2025-07-18 03:00:00,2025-07-18 03:00:00,26.4,78.5,,993.0,25.0,4.0,,,D,6,False,False
2025-005,2025,5,LAND,,2025-07-18 06:00:00,2025-07-18 06:00:00,26.4,78.0,,993.0,25.0,4.0,,,D,7,False,False
2025-005,2025,5,LAND,,2025-07-18 12:00:00,2025-07-18 12:00:00,27.0,77.2,,993.0,25.0,4.0,,,D,8,False,False
2025-005,2025,5,LAND,,2025-07-18 18:00:00,2025-07-18 18:00:00,27.2,76.5,,993.0,25.0,4.0,,,D,9,False,False
2025-005,2025,5,LAND,,2025-07-19 00:00:00,2025-07-19 00:00:00,27.4,75.1,,993.0,25.0,4.0,,,D,10,False,False
2025-005,2025,5,LAND,,2025-07-19 03:00:00,2025-07-19 03:00:00,27.5,74.6,,993.0,20.0,3.0,,,D,11,False,False
2025-005,2025,5,LAND,,2025-07-19 06:00:00,2025-07-19 06:00:00,27.5,74.2,,993.0,20.0,3.0,,,D,12,False,False
2025-005,2025,5,LAND,,2025-07-19 12:00:00,2025-07-19 12:00:00,27.5,73.7,,993.0,20.0,3.0,,,D,13,False,False
2025-005,2025,5,LAND,,2025-07-19 18:00:00,2025-07-19 18:00:00,27.5,73.0,,993.0,20.0,3.0,,,D,14,False,False
2025-006,2025,6,BOB,,2025-07-25 00:00:00,2025-07-25 00:00:00,21.4,89.5,1.5,988.0,25.0,4.0,,,D,0,False,False
2025-006,2025,6,BOB,,2025-07-25 03:00:00,2025-07-25 03:00:00,21.7,88.8,,988.0,25.0,4.0,,,D,1,False,False
2025-006,2025,6,BOB,,2025-07-25 06:00:00,2025-07-25 06:00:00,22.0,88.4,,988.0,25.0,4.0,,,D,2,False,False
2025-006,2025,6,BOB,,2025-07-25 12:00:00,2025-07-25 12:00:00,22.6,87.4,,988.0,25.0,4.0,,,D,3,False,False
2025-006,2025,6,BOB,,2025-07-25 18:00:00,2025-07-25 18:00:00,23.0,86.6,,988.0,25.0,4.0,,,D,4,False,False
2025-006,2025,6,BOB,,2025-07-26 00:00:00,2025-07-26 00:00:00,23.3,85.0,,988.0,25.0,4.0,,,D,5,False,False
2025-006,2025,6,BOB,,2025-07-26 03:00:00,2025-07-26 03:00:00,23.3,84.0,,990.0,20.0,3.0,,,D,6,False,False
2025-006,2025,6,BOB,,2025-07-26 06:00:00,2025-07-26 06:00:00,23.3,82.3,,990.0,20.0,3.0,,,D,7,False,False
2025-006,2025,6,BOB,,2025-07-26 12:00:00,2025-07-26 12:00:00,23.3,81.7,,990.0,20.0,3.0,,,D,8,False,False
2025-006,2025,6,BOB,,2025-07-26 18:00:00,2025-07-26 18:00:00,23.3,81.0,,992.0,20.0,3.0,,,D,9,False,False
2025-007,2025,7,BOB,,2025-08-18 12:00:00,2025-08-18 12:00:00,18.9,85.0,1.5,996.0,20.0,3.0,,,D,0,False,False
2025-007,2025,7,BOB,,2025-08-18 18:00:00,2025-08-18 18:00:00,19.0,84.9,1.5,996.0,20.0,3.0,,,D,1,False,False
2025-007,2025,7,BOB,,2025-08-19 00:00:00,2025-08-19 00:00:00,19.3,84.8,,996.0,20.0,3.0,,,D,2,False,False
2025-007,2025,7,BOB,,2025-08-19 03:00:00,2025-08-19 03:00:00,19.8,84.0,,996.0,20.0,3.0,,,D,3,False,False
2025-007,2025,7,BOB,,2025-08-19 06:00:00,2025-08-19 06:00:00,20.0,83.3,,996.0,20.0,3.0,,,D,4,False,False
2025-008,2025,8,LAND,,2025-09-06 18:00:00,2025-09-06 18:00:00,25.0,72.5,,998.0,25.0,4.0,,,D,0,False,False
2025-008,2025,8,LAND,,2025-09-07 00:00:00,2025-09-07 00:00:00,24.3,72.2,,998.0,25.0,4.0,,,D,1,False,False
2025-008,2025,8,LAND,,2025-09-07 03:00:00,2025-09-07 03:00:00,24.2,71.8,,998.0,25.0,4.0,,,D,2,False,False
2025-008,2025,8,LAND,,2025-09-07 06:00:00,2025-09-07 06:00:00,24.3,71.4,,996.0,30.0,5.0,,,DD,3,False,False
2025-008,2025,8,LAND,,2025-09-07 12:00:00,2025-09-07 12:00:00,24.5,71.2,,995.0,30.0,6.0,,,DD,4,False,False
2025-008,2025,8,LAND,,2025-09-07 18:00:00,2025-09-07 18:00:00,24.6,71.0,,995.0,30.0,6.0,,,DD,5,False,False
2025-008,2025,8,LAND,,2025-09-08 00:00:00,2025-09-08 00:00:00,24.8,70.7,,995.0,30.0,6.0,,,DD,6,False,False
2025-008,2025,8,LAND,,2025-09-08 03:00:00,2025-09-08 03:00:00,25.0,70.5,,995.0,30.0,6.0,,,DD,7,False,False
2025-008,2025,8,LAND,,2025-09-08 06:00:00,2025-09-08 06:00:00,25.3,70.2,,995.0,30.0,6.0,,,DD,8,False,False
2025-008,2025,8,LAND,,2025-09-08 12:00:00,2025-09-08 12:00:00,25.8,69.5,,995.0,30.0,6.0,,,DD,9,False,False
2025-008,2025,8,LAND,,2025-09-08 18:00:00,2025-09-08 18:00:00,25.9,69.0,,997.0,25.0,4.0,,,D,10,False,False
2025-008,2025,8,LAND,,2025-09-09 00:00:00,2025-09-09 00:00:00,25.8,68.7,,998.0,25.0,4.0,,,D,11,False,False
2025-008,2025,8,LAND,,2025-09-09 03:00:00,2025-09-09 03:00:00,25.4,68.4,,998.0,25.0,4.0,,,D,12,False,False
2025-008,2025,8,LAND,,2025-09-09 06:00:00,2025-09-09 06:00:00,25.2,68.2,,999.0,25.0,4.0,,,D,13,False,False
2025-008,2025,8,LAND,,2025-09-09 12:00:00,2025-09-09 12:00:00,25.0,67.7,,999.0,25.0,4.0,,,D,14,False,False
2025-008,2025,8,LAND,,2025-09-09 18:00:00,2025-09-09 18:00:00,24.9,67.1,,999.0,25.0,4.0,,,D,15,False,False
2025-008,2025,8,LAND,,2025-09-10 00:00:00,2025-09-10 00:00:00,24.8,66.3,1.5,1000.0,25.0,4.0,,,D,16,False,False
2025-008,2025,8,LAND,,2025-09-10 03:00:00,2025-09-10 03:00:00,24.8,65.8,1.5,1000.0,25.0,4.0,,,D,17,False,False
2025-008,2025,8,LAND,,2025-09-10 06:00:00,2025-09-10 06:00:00,24.8,65.3,1.5,1000.0,25.0,4.0,,,D,18,False,False
2025-008,2025,8,LAND,,2025-09-10 12:00:00,2025-09-10 12:00:00,24.8,64.4,1.5,1000.0,25.0,4.0,,,D,19,False,False
2025-008,2025,8,LAND,,2025-09-10 18:00:00,2025-09-10 18:00:00,24.8,63.5,1.5,1001.0,20.0,3.0,,,D,20,False,False
2025-009,2025,9,BOB,,2025-09-26 12:00:00,2025-09-26 12:00:00,19.3,86.1,1.5,998.0,25.0,4.0,,,D,0,False,False
2025-009,2025,9,BOB,,2025-09-26 18:00:00,2025-09-26 18:00:00,19.3,85.5,1.5,998.0,25.0,4.0,,,D,1,False,False
2025-009,2025,9,BOB,,2025-09-27 00:00:00,2025-09-27 00:00:00,19.3,84.8,,998.0,25.0,4.0,,,D,2,False,False
2025-009,2025,9,BOB,,2025-09-27 03:00:00,2025-09-27 03:00:00,19.3,84.2,,998.0,25.0,4.0,,,D,3,False,False
2025-009,2025,9,BOB,,2025-09-27 06:00:00,2025-09-27 06:00:00,19.3,83.4,,998.0,25.0,4.0,,,D,4,False,False
2025-009,2025,9,BOB,,2025-09-27 12:00:00,2025-09-27 12:00:00,19.7,81.5,,999.0,20.0,3.0,,,D,5,False,False
2025-009,2025,9,BOB,,2025-09-27 18:00:00,2025-09-27 18:00:00,20.3,79.5,,999.0,20.0,3.0,,,D,6,False,False
2025-009,2025,9,BOB,,2025-09-28 00:00:00,2025-09-28 00:00:00,20.3,77.0,,999.0,20.0,3.0,,,D,7,False,False
2025-010,2025,10,BOB,,2025-10-01 06:00:00,2025-10-01 06:00:00,15.8,86.5,1.5,998.0,25.0,3.0,,,D,0,False,False
2025-010,2025,10,BOB,,2025-10-01 12:00:00,2025-10-01 12:00:00,16.3,86.3,1.5,997.0,25.0,4.0,,,D,1,False,False
2025-010,2025,10,BOB,,2025-10-01 18:00:00,2025-10-01 18:00:00,16.8,86.0,2.0,996.0,30.0,5.0,,,DD,2,False,False
2025-010,2025,10,BOB,,2025-10-02 00:00:00,2025-10-02 00:00:00,17.7,85.7,2.0,996.0,30.0,5.0,,,DD,3,False,False
2025-010,2025,10,BOB,,2025-10-02 03:00:00,2025-10-02 03:00:00,18.0,85.6,2.0,995.0,30.0,6.0,,,DD,4,False,False
2025-010,2025,10,BOB,,2025-10-02 06:00:00,2025-10-02 06:00:00,18.6,85.3,2.0,995.0,30.0,6.0,,,DD,5,False,False
2025-010,2025,10,BOB,,2025-10-02 12:00:00,2025-10-02 12:00:00,19.4,84.9,,996.0,30.0,5.0,,,DD,6,False,False
2025-010,2025,10,BOB,,2025-10-02 18:00:00,2025-10-02 18:00:00,19.8,84.4,,997.0,30.0,5.0,,,DD,7,False,False
2025-010,2025,10,BOB,,2025-10-03 00:00:00,2025-10-03 00:00:00,20.2,84.1,,999.0,25.0,4.0,,,D,8,False,False
2025-010,2025,10,BOB,,2025-10-03 03:00:00,2025-10-03 03:00:00,20.7,83.7,,1000.0,25.0,4.0,,,D,9,False,False
2025-010,2025,10,BOB,,2025-10-03 06:00:00,2025-10-03 06:00:00,21.2,83.6,,1001.0,25.0,3.0,,,D,10,False,False
2025-011,2025,11,ARB,SHAKHTI,2025-10-01 12:00:00,2025-10-01 12:00:00,22.0,68.3,1.5,1001.0,25.0,3.0,,,D,0,False,False
2025-011,2025,11,ARB,SHAKHTI,2025-10-01 18:00:00,2025-10-01 18:00:00,21.5,68.2,1.5,1001.0,25.0,3.0,,,D,1,False,False
2025-011,2025,11,ARB,SHAKHTI,2025-10-02 00:00:00,2025-10-02 00:00:00,21.0,68.0,1.5,1001.0,25.0,3.0,,,D,2,False,False
2025-011,2025,11,ARB,SHAKHTI,2025-10-02 03:00:00,2025-10-02 03:00:00,20.8,67.9,2.0,1001.0,25.0,3.0,,,D,3,False,False
2025-011,2025,11,ARB,SHAKHTI,2025-10-02 06:00:00,2025-10-02 06:00:00,20.8,67.9,2.0,1001.0,25.0,3.0,,,D,4,False,False
2025-011,2025,11,ARB,SHAKHTI,2025-10-02 12:00:00,2025-10-02 12:00:00,20.8,67.9,2.0,1001.0,25.0,3.0,,,D,5,False,False
2025-011,2025,11,ARB,SHAKHTI,2025-10-02 18:00:00,2025-10-02 18:00:00,20.8,67.7,2.0,1000.0,30.0,4.0,,,DD,6,False,False
2025-011,2025,11,ARB,SHAKHTI,2025-10-03 00:00:00,2025-10-03 00:00:00,21.3,67.2,2.0,1000.0,30.0,4.0,,,DD,7,False,False
2025-011,2025,11,ARB,SHAKHTI,2025-10-03 03:00:00,2025-10-03 03:00:00,21.5,67.0,2.0,999.0,30.0,5.0,,,DD,8,False,False
2025-011,2025,11,ARB,SHAKHTI,2025-10-03 06:00:00,2025-10-03 06:00:00,21.7,66.8,2.5,997.0,35.0,7.0,,,CS,9,False,False
2025-011,2025,11,ARB,SHAKHTI,2025-10-03 09:00:00,2025-10-03 09:00:00,21.8,66.6,2.5,997.0,35.0,7.0,,,CS,10,False,False
2025-011,2025,11,ARB,SHAKHTI,2025-10-03 12:00:00,2025-10-03 12:00:00,22.0,66.4,2.5,996.0,40.0,8.0,,,CS,11,False,False
2025-011,2025,11,ARB,SHAKHTI,2025-10-03 15:00:00,2025-10-03 15:00:00,22.1,66.2,3.0,996.0,40.0,8.0,,,CS,12,False,False
2025-011,2025,11,ARB,SHAKHTI,2025-10-03 18:00:00,2025-10-03 18:00:00,22.0,65.8,3.0,994.0,45.0,10.0,,,CS,13,False,False
2025-011,2025,11,ARB,SHAKHTI,2025-10-03 21:00:00,2025-10-03 21:00:00,22.0,65.6,3.0,994.0,45.0,10.0,,,CS,14,False,False
2025-011,2025,11,ARB,SHAKHTI,2025-10-04 00:00:00,2025-10-04 00:00:00,22.0,65.0,3.0,992.0,50.0,12.0,,,SCS,15,False,False
2025-011,2025,11,ARB,SHAKHTI,2025-10-04 03:00:00,2025-10-04 03:00:00,22.0,64.5,3.5,990.0,55.0,15.0,,,SCS,16,False,False
2025-011,2025,11,ARB,SHAKHTI,2025-10-04 06:00:00,2025-10-04 06:00:00,21.9,64.2,3.5,990.0,55.0,15.0,,,SCS,17,False,False
2025-011,2025,11,ARB,SHAKHTI,2025-10-04 09:00:00,2025-10-04 09:00:00,21.8,63.8,3.5,990.0,55.0,15.0,,,SCS,18,False,False
2025-011,2025,11,ARB,SHAKHTI,2025-10-04 12:00:00,2025-10-04 12:00:00,21.7,63.6,3.5,990.0,55.0,15.0,,,SCS,19,False,False
2025-011,2025,11,ARB,SHAKHTI,2025-10-04 15:00:00,2025-10-04 15:00:00,21.5,63.0,3.5,990.0,55.0,15.0,,,SCS,20,False,False
2025-011,2025,11,ARB,SHAKHTI,2025-10-04 18:00:00,2025-10-04 18:00:00,21.3,62.7,3.5,989.0,55.0,16.0,,,SCS,21,False,False
2025-011,2025,11,ARB,SHAKHTI,2025-10-04 21:00:00,2025-10-04 21:00:00,21.1,62.3,3.5,989.0,55.0,16.0,,,SCS,22,False,False
2025-011,2025,11,ARB,SHAKHTI,2025-10-05 00:00:00,2025-10-05 00:00:00,21.0,61.8,3.5,987.0,60.0,18.0,,,SCS,23,False,False
2025-011,2025,11,ARB,SHAKHTI,2025-10-05 03:00:00,2025-10-05 03:00:00,20.9,61.3,3.5,986.0,60.0,19.0,,,SCS,24,False,False
2025-011,2025,11,ARB,SHAKHTI,2025-10-05 06:00:00,2025-10-05 06:00:00,20.7,61.1,3.5,987.0,60.0,18.0,,,SCS,25,False,False
2025-011,2025,11,ARB,SHAKHTI,2025-10-05 09:00:00,2025-10-05 09:00:00,20.5,61.0,3.5,988.0,60.0,17.0,,,SCS,26,False,False
2025-011,2025,11,ARB,SHAKHTI,2025-10-05 12:00:00,2025-10-05 12:00:00,20.2,60.7,3.5,990.0,55.0,15.0,,,SCS,27,False,False
2025-011,2025,11,ARB,SHAKHTI,2025-10-05 15:00:00,2025-10-05 15:00:00,20.0,60.6,3.5,991.0,55.0,14.0,,,SCS,28,False,False
2025-011,2025,11,ARB,SHAKHTI,2025-10-05 18:00:00,2025-10-05 18:00:00,19.8,60.6,3.0,992.0,50.0,13.0,,,SCS,29,False,False
2025-011,2025,11,ARB,SHAKHTI,2025-10-05 21:00:00,2025-10-05 21:00:00,19.7,60.5,3.0,993.0,50.0,12.0,,,SCS,30,False,False
2025-011,2025,11,ARB,SHAKHTI,2025-10-06 00:00:00,2025-10-06 00:00:00,19.7,60.5,3.0,994.0,45.0,11.0,,,CS,31,False,False
2025-011,2025,11,ARB,SHAKHTI,2025-10-06 03:00:00,2025-10-06 03:00:00,19.7,60.4,3.0,994.0,45.0,11.0,,,CS,32,False,False
2025-011,2025,11,ARB,SHAKHTI,2025-10-06 06:00:00,2025-10-06 06:00:00,19.7,60.3,3.0,995.0,40.0,9.0,,,CS,33,False,False
2025-011,2025,11,ARB,SHAKHTI,2025-10-06 09:00:00,2025-10-06 09:00:00,19.6,60.3,3.0,996.0,40.0,8.0,,,CS,34,False,False
2025-011,2025,11,ARB,SHAKHTI,2025-10-06 12:00:00,2025-10-06 12:00:00,19.6,60.2,2.5,997.0,35.0,7.0,,,CS,35,False,False
2025-011,2025,11,ARB,SHAKHTI,2025-10-06 15:00:00,2025-10-06 15:00:00,19.6,60.1,2.5,998.0,35.0,6.0,,,CS,36,False,False
2025-011,2025,11,ARB,SHAKHTI,2025-10-06 18:00:00,2025-10-06 18:00:00,19.5,60.1,2.0,999.0,30.0,5.0,,,DD,37,False,False
2025-011,2025,11,ARB,SHAKHTI,2025-10-07 00:00:00,2025-10-07 00:00:00,19.2,60.3,2.0,999.0,30.0,5.0,,,DD,38,False,False
2025-011,2025,11,ARB,SHAKHTI,2025-10-07 03:00:00,2025-10-07 03:00:00,19.0,60.5,1.5,1001.0,25.0,4.0,,,D,39,False,False
2025-011,2025,11,ARB,SHAKHTI,2025-10-07 06:00:00,2025-10-07 06:00:00,18.9,60.7,1.5,1002.0,20.0,3.0,,,D,40,False,False
2025-012,2025,12,ARB,,2025-10-22 00:00:00,2025-10-22 00:00:00,8.6,67.6,1.5,1002.0,20.0,3.0,,,D,0,False,False
2025-012,2025,12,ARB,,2025-10-22 03:00:00,2025-10-22 03:00:00,8.9,67.4,1.5,1002.0,20.0,3.0,,,D,1,False,False
2025-012,2025,12,ARB,,2025-10-22 06:00:00,2025-10-22 06:00:00,9.0,67.0,1.5,1002.0,20.0,3.0,,,D,2,False,False
2025-012,2025,12,ARB,,2025-10-22 12:00:00,2025-10-22 12:00:00,9.3,67.4,1.5,1002.0,20.0,3.0,,,D,3,False,False
2025-012,2025,12,ARB,,2025-10-22 18:00:00,2025-10-22 18:00:00,9.5,67.6,1.5,1002.0,20.0,3.0,,,D,4,False,False
2025-012,2025,12,ARB,,2025-10-23 00:00:00,2025-10-23 00:00:00,9.6,67.7,1.5,1001.0,20.0,3.0,,,D,5,False,False
2025-012,2025,12,ARB,,2025-10-23 03:00:00,2025-10-23 03:00:00,9.8,67.8,1.5,1001.0,20.0,3.0,,,D,6,False,False
2025-012,2025,12,ARB,,2025-10-23 06:00:00,2025-10-23 06:00:00,10.1,68.0,1.5,1001.0,20.0,3.0,,,D,7,False,False
2025-012,2025,12,ARB,,2025-10-23 12:00:00,2025-10-23 12:00:00,11.0,69.4,1.5,1001.0,20.0,3.0,,,D,8,False,False
2025-012,2025,12,ARB,,2025-10-23 18:00:00,2025-10-23 18:00:00,12.0,70.0,1.5,1001.0,20.0,3.0,,,D,9,False,False
2025-012,2025,12,ARB,,2025-10-24 00:00:00,2025-10-24 00:00:00,13.3,70.5,1.5,1001.0,20.0,3.0,,,D,10,False,False
2025-012,2025,12,ARB,,2025-10-24 03:00:00,2025-10-24 03:00:00,14.0,70.6,1.5,1001.0,20.0,3.0,,,D,11,False,False
2025-012,2025,12,ARB,,2025-10-24 06:00:00,2025-10-24 06:00:00,14.4,70.7,1.5,1001.0,20.0,3.0,,,D,12,False,False
2025-012,2025,12,ARB,,2025-10-24 12:00:00,2025-10-24 12:00:00,15.2,70.7,1.5,1001.0,20.0,3.0,,,D,13,False,False
2025-012,2025,12,ARB,,2025-10-24 18:00:00,2025-10-24 18:00:00,16.1,70.7,1.5,1001.0,20.0,3.0,,,D,14,False,False
2025-012,2025,12,ARB,,2025-10-25 00:00:00,2025-10-25 00:00:00,16.4,70.4,1.5,1001.0,20.0,3.0,,,D,15,False,False
2025-012,2025,12,ARB,,2025-10-25 03:00:00,2025-10-25 03:00:00,16.5,70.4,1.5,1001.0,20.0,3.0,,,D,16,False,False
2025-012,2025,12,ARB,,2025-10-25 06:00:00,2025-10-25 06:00:00,16.6,69.2,1.5,1001.0,20.0,3.0,,,D,17,False,False
2025-012,2025,12,ARB,,2025-10-25 12:00:00,2025-10-25 12:00:00,16.6,68.0,1.5,1001.0,20.0,3.0,,,D,18,False,False
2025-012,2025,12,ARB,,2025-10-25 18:00:00,2025-10-25 18:00:00,16.6,67.2,1.5,1001.0,20.0,3.0,,,D,19,False,False
2025-012,2025,12,ARB,,2025-10-26 00:00:00,2025-10-26 00:00:00,16.5,66.8,1.5,1001.0,20.0,3.0,,,D,20,False,False
2025-012,2025,12,ARB,,2025-10-26 03:00:00,2025-10-26 03:00:00,16.0,66.5,1.5,1001.0,20.0,3.0,,,D,21,False,False
2025-012,2025,12,ARB,,2025-10-26 06:00:00,2025-10-26 06:00:00,15.5,66.4,1.5,1001.0,20.0,3.0,,,D,22,False,False
2025-012,2025,12,ARB,,2025-10-26 12:00:00,2025-10-26 12:00:00,15.1,66.4,1.5,1001.0,20.0,3.0,,,D,23,False,False
2025-012,2025,12,ARB,,2025-10-26 18:00:00,2025-10-26 18:00:00,15.1,66.5,1.5,1001.0,20.0,3.0,,,D,24,False,False
2025-012,2025,12,ARB,,2025-10-27 00:00:00,2025-10-27 00:00:00,16.1,66.8,1.5,1000.0,25.0,4.0,,,D,25,False,False
2025-012,2025,12,ARB,,2025-10-27 03:00:00,2025-10-27 03:00:00,16.4,66.9,1.5,1000.0,25.0,4.0,,,D,26,False,False
2025-012,2025,12,ARB,,2025-10-27 06:00:00,2025-10-27 06:00:00,16.6,67.2,1.5,1000.0,25.0,4.0,,,D,27,False,False
2025-012,2025,12,ARB,,2025-10-27 12:00:00,2025-10-27 12:00:00,16.7,67.3,1.5,1000.0,25.0,4.0,,,D,28,False,False
2025-012,2025,12,ARB,,2025-10-27 18:00:00,2025-10-27 18:00:00,16.7,67.3,1.5,1000.0,25.0,4.0,,,D,29,False,False
2025-012,2025,12,ARB,,2025-10-28 00:00:00,2025-10-28 00:00:00,17.0,67.8,1.5,1000.0,25.0,4.0,,,D,30,False,False
2025-012,2025,12,ARB,,2025-10-28 03:00:00,2025-10-28 03:00:00,17.1,67.8,1.5,1000.0,25.0,4.0,,,D,31,False,False
2025-012,2025,12,ARB,,2025-10-28 06:00:00,2025-10-28 06:00:00,17.2,68.0,1.5,1000.0,25.0,4.0,,,D,32,False,False
2025-012,2025,12,ARB,,2025-10-28 12:00:00,2025-10-28 12:00:00,17.4,68.5,1.5,1000.0,25.0,4.0,,,D,33,False,False
2025-012,2025,12,ARB,,2025-10-28 18:00:00,2025-10-28 18:00:00,17.7,69.0,1.5,1000.0,25.0,4.0,,,D,34,False,False
2025-012,2025,12,ARB,,2025-10-29 00:00:00,2025-10-29 00:00:00,17.9,69.2,1.5,1000.0,25.0,4.0,,,D,35,False,False
2025-012,2025,12,ARB,,2025-10-29 03:00:00,2025-10-29 03:00:00,17.9,69.2,1.5,1000.0,25.0,4.0,,,D,36,False,False
2025-012,2025,12,ARB,,2025-10-29 06:00:00,2025-10-29 06:00:00,18.0,69.1,1.5,1000.0,25.0,4.0,,,D,37,False,False
2025-012,2025,12,ARB,,2025-10-29 12:00:00,2025-10-29 12:00:00,17.9,69.0,1.5,1000.0,25.0,4.0,,,D,38,False,False
2025-012,2025,12,ARB,,2025-10-29 18:00:00,2025-10-29 18:00:00,17.9,68.8,1.5,1000.0,25.0,4.0,,,D,39,False,False
2025-012,2025,12,ARB,,2025-10-30 00:00:00,2025-10-30 00:00:00,17.9,68.2,1.5,1000.0,25.0,4.0,,,D,40,False,False
2025-012,2025,12,ARB,,2025-10-30 03:00:00,2025-10-30 03:00:00,17.9,68.2,1.5,1000.0,25.0,4.0,,,D,41,False,False
2025-012,2025,12,ARB,,2025-10-30 06:00:00,2025-10-30 06:00:00,17.9,68.2,1.5,1000.0,25.0,4.0,,,D,42,False,False
2025-012,2025,12,ARB,,2025-10-30 12:00:00,2025-10-30 12:00:00,18.1,68.2,1.5,1000.0,25.0,4.0,,,D,43,False,False
2025-012,2025,12,ARB,,2025-10-30 18:00:00,2025-10-30 18:00:00,18.3,68.2,1.5,1000.0,25.0,4.0,,,D,44,False,False
2025-012,2025,12,ARB,,2025-10-31 00:00:00,2025-10-31 00:00:00,18.6,68.4,1.5,1000.0,25.0,4.0,,,D,45,False,False
2025-012,2025,12,ARB,,2025-10-31 03:00:00,2025-10-31 03:00:00,18.9,68.5,1.5,1000.0,25.0,4.0,,,D,46,False,False
2025-012,2025,12,ARB,,2025-10-31 06:00:00,2025-10-31 06:00:00,18.9,68.5,1.5,1000.0,25.0,4.0,,,D,47,False,False
2025-012,2025,12,ARB,,2025-10-31 12:00:00,2025-10-31 12:00:00,19.2,69.0,1.5,1000.0,25.0,4.0,,,D,48,False,False
2025-012,2025,12,ARB,,2025-10-31 18:00:00,2025-10-31 18:00:00,19.4,69.6,1.5,1001.0,20.0,3.0,,,D,49,False,False
2025-013,2025,13,BOB,MONTHA,2025-10-25 00:00:00,2025-10-25 00:00:00,10.8,89.0,1.5,1003.0,20.0,3.0,,,D,0,False,False
2025-013,2025,13,BOB,MONTHA,2025-10-25 03:00:00,2025-10-25 03:00:00,10.8,88.8,1.5,1002.0,25.0,4.0,,,D,1,False,False
2025-013,2025,13,BOB,MONTHA,2025-10-25 06:00:00,2025-10-25 06:00:00,10.8,88.6,1.5,1002.0,25.0,4.0,,,D,2,False,False
2025-013,2025,13,BOB,MONTHA,2025-10-25 12:00:00,2025-10-25 12:00:00,10.9,88.1,1.5,1002.0,25.0,4.0,,,D,3,False,False
2025-013,2025,13,BOB,MONTHA,2025-10-25 18:00:00,2025-10-25 18:00:00,11.0,87.7,1.5,1002.0,25.0,4.0,,,D,4,False,False
2025-013,2025,13,BOB,MONTHA,2025-10-26 00:00:00,2025-10-26 00:00:00,11.1,87.3,2.0,1000.0,30.0,5.0,,,DD,5,False,False
2025-013,2025,13,BOB,MONTHA,2025-10-26 03:00:00,2025-10-26 03:00:00,11.2,87.1,2.0,998.0,30.0,6.0,,,DD,6,False,False
2025-013,2025,13,BOB,MONTHA,2025-10-26 06:00:00,2025-10-26 06:00:00,11.3,86.9,2.0,998.0,30.0,6.0,,,DD,7,False,False
2025-013,2025,13,BOB,MONTHA,2025-10-26 12:00:00,2025-10-26 12:00:00,11.4,86.6,2.0,998.0,30.0,6.0,,,DD,8,False,False
2025-013,2025,13,BOB,MONTHA,2025-10-26 18:00:00,2025-10-26 18:00:00,11.6,85.9,2.5,997.0,35.0,7.0,,,CS,9,False,False
2025-013,2025,13,BOB,MONTHA,2025-10-26 21:00:00,2025-10-26 21:00:00,11.9,85.5,2.5,997.0,35.0,7.0,,,CS,10,False,False
2025-013,2025,13,BOB,MONTHA,2025-10-27 00:00:00,2025-10-27 00:00:00,12.2,85.3,2.5,997.0,35.0,7.0,,,CS,11,False,False
2025-013,2025,13,BOB,MONTHA,2025-10-27 03:00:00,2025-10-27 03:00:00,12.6,84.9,2.5,996.0,40.0,8.0,,,CS,12,False,False
2025-013,2025,13,BOB,MONTHA,2025-10-27 06:00:00,2025-10-27 06:00:00,12.8,84.6,2.5,996.0,40.0,8.0,,,CS,13,False,False
2025-013,2025,13,BOB,MONTHA,2025-10-27 09:00:00,2025-10-27 09:00:00,13.0,84.2,2.5,995.0,40.0,9.0,,,CS,14,False,False
2025-013,2025,13,BOB,MONTHA,2025-10-27 12:00:00,2025-10-27 12:00:00,13.3,84.0,3.0,994.0,45.0,10.0,,,CS,15,False,False
2025-013,2025,13,BOB,MONTHA,2025-10-27 15:00:00,2025-10-27 15:00:00,13.6,83.8,3.0,994.0,45.0,10.0,,,CS,16,False,False
2025-013,2025,13,BOB,MONTHA,2025-10-27 18:00:00,2025-10-27 18:00:00,14.0,83.5,3.0,993.0,45.0,11.0,,,CS,17,False,False
2025-013,2025,13,BOB,MONTHA,2025-10-27 21:00:00,2025-10-27 21:00:00,14.4,83.3,3.0,992.0,45.0,12.0,,,CS,18,False,False
2025-013,2025,13,BOB,MONTHA,2025-10-28 00:00:00,2025-10-28 00:00:00,14.7,83.0,3.0,991.0,50.0,13.0,,,SCS,19,False,False
2025-013,2025,13,BOB,MONTHA,2025-10-28 03:00:00,2025-10-28 03:00:00,14.9,82.9,3.0,991.0,50.0,13.0,,,SCS,20,False,False
2025-013,2025,13,BOB,MONTHA,2025-10-28 06:00:00,2025-10-28 06:00:00,15.2,82.7,3.0,991.0,50.0,13.0,,,SCS,21,False,False
2025-013,2025,13,BOB,MONTHA,2025-10-28 09:00:00,2025-10-28 09:00:00,15.6,82.5,3.0,990.0,50.0,14.0,,,SCS,22,False,False
2025-013,2025,13,BOB,MONTHA,2025-10-28 12:00:00,2025-10-28 12:00:00,16.0,82.2,3.0,990.0,50.0,14.0,,,SCS,23,False,False
2025-013,2025,13,BOB,MONTHA,2025-10-28 15:00:00,2025-10-28 15:00:00,16.2,82.0,3.0,990.0,50.0,14.0,,,SCS,24,False,False
2025-013,2025,13,BOB,MONTHA,2025-10-28 18:00:00,2025-10-28 18:00:00,16.3,81.7,3.0,990.0,50.0,14.0,,,SCS,25,False,False
2025-013,2025,13,BOB,MONTHA,2025-10-28 21:00:00,2025-10-28 21:00:00,16.5,81.5,,992.0,40.0,12.0,,,CS,26,False,False
2025-013,2025,13,BOB,MONTHA,2025-10-29 00:00:00,2025-10-29 00:00:00,17.0,81.3,,997.0,35.0,7.0,,,CS,27,False,False
2025-013,2025,13,BOB,MONTHA,2025-10-29 03:00:00,2025-10-29 03:00:00,17.3,81.2,,999.0,30.0,5.0,,,DD,28,False,False
2025-013,2025,13,BOB,MONTHA,2025-10-29 06:00:00,2025-10-29 06:00:00,17.7,81.1,,999.0,30.0,5.0,,,DD,29,False,False
2025-013,2025,13,BOB,MONTHA,2025-10-29 12:00:00,2025-10-29 12:00:00,18.7,80.9,,1000.0,25.0,4.0,,,D,30,False,False
2025-013,2025,13,BOB,MONTHA,2025-10-29 18:00:00,2025-10-29 18:00:00,19.6,80.7,,1000.0,20.0,3.0,,,D,31,False,False
2025-014,2025,14,BOB,SENYAR,2025-11-25 03:00:00,2025-11-25 03:00:00,5.4,99.7,1.5,1004.0,20.0,3.0,,,D,0,False,False
2025-014,2025,14,BOB,SENYAR,2025-11-25 06:00:00,2025-11-25 06:00:00,5.3,99.5,1.5,1004.0,20.0,3.0,,,D,1,False,False
2025-014,2025,14,BOB,SENYAR,2025-11-25 12:00:00,2025-11-25 12:00:00,5.1,99.0,1.5,1003.0,25.0,4.0,,,D,2,False,False
2025-014,2025,14,BOB,SENYAR,2025-11-25 18:00:00,2025-11-25 18:00:00,5.1,98.5,2.0,1002.0,30.0,5.0,,,DD,3,False,False
2025-014,2025,14,BOB,SENYAR,2025-11-26 00:00:00,2025-11-26 00:00:00,5.0,98.0,2.5,999.0,40.0,8.0,,,CS,4,False,False
2025-014,2025,14,BOB,SENYAR,2025-11-26 03:00:00,2025-11-26 03:00:00,4.9,97.8,,999.0,40.0,8.0,,,CS,5,False,False
2025-014,2025,14,BOB,SENYAR,2025-11-26 06:00:00,2025-11-26 06:00:00,4.7,97.8,,999.0,40.0,8.0,,,CS,6,False,False
2025-014,2025,14,BOB,SENYAR,2025-11-26 09:00:00,2025-11-26 09:00:00,4.6,97.8,,999.0,40.0,8.0,,,CS,7,False,False
2025-014,2025,14,BOB,SENYAR,2025-11-26 12:00:00,2025-11-26 12:00:00,4.3,98.1,,1000.0,35.0,7.0,,,CS,8,False,False
2025-014,2025,14,BOB,SENYAR,2025-11-26 15:00:00,2025-11-26 15:00:00,4.1,98.3,,1000.0,35.0,7.0,,,CS,9,False,False
2025-014,2025,14,BOB,SENYAR,2025-11-26 18:00:00,2025-11-26 18:00:00,4.0,98.5,,1000.0,35.0,7.0,,,CS,10,False,False
2025-014,2025,14,BOB,SENYAR,2025-11-26 21:00:00,2025-11-26 21:00:00,3.8,98.8,2.5,1001.0,35.0,6.0,,,CS,11,False,False
2025-014,2025,14,BOB,SENYAR,2025-11-27 00:00:00,2025-11-27 00:00:00,3.7,99.2,2.0,1002.0,30.0,5.0,,,DD,12,False,False
2025-014,2025,14,BOB,SENYAR,2025-11-27 03:00:00,2025-11-27 03:00:00,3.7,99.6,2.0,1002.0,30.0,5.0,,,DD,13,False,False
2025-014,2025,14,BOB,SENYAR,2025-11-27 06:00:00,2025-11-27 06:00:00,3.6,99.8,1.5,1003.0,25.0,4.0,,,D,14,False,False
2025-014,2025,14,BOB,SENYAR,2025-11-27 12:00:00,2025-11-27 12:00:00,3.6,100.7,1.5,1004.0,20.0,3.0,,,D,15,False,False
2025-014,2025,14,BOB,SENYAR,2025-11-27 15:00:00,2025-11-27 15:00:00,3.6,100.9,1.5,1004.0,20.0,3.0,,,D,16,False,False
2025-015,2025,15,BOB,DITWAH,2025-11-26 18:00:00,2025-11-26 18:00:00,5.9,82.6,1.5,1004.0,25.0,4.0,,,D,0,False,False
2025-015,2025,15,BOB,DITWAH,2025-11-27 00:00:00,2025-11-27 00:00:00,6.3,82.4,2.0,1003.0,30.0,5.0,,,DD,1,False,False
2025-015,2025,15,BOB,DITWAH,2025-11-27 03:00:00,2025-11-27 03:00:00,6.7,82.1,2.0,1003.0,30.0,5.0,,,DD,2,False,False
2025-015,2025,15,BOB,DITWAH,2025-11-27 06:00:00,2025-11-27 06:00:00,6.9,81.9,2.5,1002.0,35.0,6.0,,,CS,3,False,False
2025-015,2025,15,BOB,DITWAH,2025-11-27 09:00:00,2025-11-27 09:00:00,7.2,81.8,2.5,1002.0,35.0,6.0,,,CS,4,False,False
2025-015,2025,15,BOB,DITWAH,2025-11-27 12:00:00,2025-11-27 12:00:00,7.6,81.6,2.5,1002.0,35.0,6.0,,,CS,5,False,False
2025-015,2025,15,BOB,DITWAH,2025-11-27 15:00:00,2025-11-27 15:00:00,7.7,81.5,2.5,1002.0,35.0,6.0,,,CS,6,False,False
2025-015,2025,15,BOB,DITWAH,2025-11-27 18:00:00,2025-11-27 18:00:00,7.9,81.3,2.5,1002.0,35.0,6.0,,,CS,7,False,False
2025-015,2025,15,BOB,DITWAH,2025-11-27 21:00:00,2025-11-27 21:00:00,8.1,81.2,2.5,1002.0,35.0,6.0,,,CS,8,False,False
2025-015,2025,15,BOB,DITWAH,2025-11-28 00:00:00,2025-11-28 00:00:00,8.2,81.1,2.5,1002.0,35.0,6.0,,,CS,9,False,False
2025-015,2025,15,BOB,DITWAH,2025-11-28 03:00:00,2025-11-28 03:00:00,8.3,81.0,2.5,1002.0,35.0,6.0,,,CS,10,False,False
2025-015,2025,15,BOB,DITWAH,2025-11-28 06:00:00,2025-11-28 06:00:00,8.4,81.0,2.5,1002.0,35.0,6.0,,,CS,11,False,False
2025-015,2025,15,BOB,DITWAH,2025-11-28 09:00:00,2025-11-28 09:00:00,8.5,81.0,2.5,1002.0,35.0,6.0,,,CS,12,False,False
2025-015,2025,15,BOB,DITWAH,2025-11-28 12:00:00,2025-11-28 12:00:00,8.7,80.9,2.5,1002.0,35.0,6.0,,,CS,13,False,False
2025-015,2025,15,BOB,DITWAH,2025-11-28 15:00:00,2025-11-28 15:00:00,8.8,80.8,2.5,1002.0,35.0,6.0,,,CS,14,False,False
2025-015,2025,15,BOB,DITWAH,2025-11-28 18:00:00,2025-11-28 18:00:00,9.0,80.8,2.5,1002.0,35.0,6.0,,,CS,15,False,False
2025-015,2025,15,BOB,DITWAH,2025-11-28 21:00:00,2025-11-28 21:00:00,9.2,80.8,2.5,1001.0,35.0,7.0,,,CS,16,False,False
2025-015,2025,15,BOB,DITWAH,2025-11-29 00:00:00,2025-11-29 00:00:00,9.4,80.7,2.5,1001.0,35.0,7.0,,,CS,17,False,False
2025-015,2025,15,BOB,DITWAH,2025-11-29 03:00:00,2025-11-29 03:00:00,9.6,80.7,2.5,1000.0,40.0,8.0,,,CS,18,False,False
2025-015,2025,15,BOB,DITWAH,2025-11-29 06:00:00,2025-11-29 06:00:00,9.9,80.7,2.5,1000.0,40.0,8.0,,,CS,19,False,False
2025-015,2025,15,BOB,DITWAH,2025-11-29 09:00:00,2025-11-29 09:00:00,10.1,80.6,2.5,1000.0,40.0,8.0,,,CS,20,False,False
2025-015,2025,15,BOB,DITWAH,2025-11-29 12:00:00,2025-11-29 12:00:00,10.4,80.6,2.5,1000.0,40.0,8.0,,,CS,21,False,False
2025-015,2025,15,BOB,DITWAH,2025-11-29 15:00:00,2025-11-29 15:00:00,10.5,80.6,2.5,1000.0,40.0,8.0,,,CS,22,False,False
2025-015,2025,15,BOB,DITWAH,2025-11-29 18:00:00,2025-11-29 18:00:00,10.7,80.6,2.5,1000.0,40.0,8.0,,,CS,23,False,False
2025-015,2025,15,BOB,DITWAH,2025-11-29 21:00:00,2025-11-29 21:00:00,10.8,80.6,2.5,1000.0,40.0,8.0,,,CS,24,False,False
2025-015,2025,15,BOB,DITWAH,2025-11-30 00:00:00,2025-11-30 00:00:00,11.1,80.6,2.5,1000.0,40.0,8.0,,,CS,25,False,False
2025-015,2025,15,BOB,DITWAH,2025-11-30 03:00:00,2025-11-30 03:00:00,11.4,80.6,2.5,1000.0,40.0,8.0,,,CS,26,False,False
2025-015,2025,15,BOB,DITWAH,2025-11-30 06:00:00,2025-11-30 06:00:00,11.5,80.6,2.5,1001.0,35.0,7.0,,,CS,27,False,False
2025-015,2025,15,BOB,DITWAH,2025-11-30 09:00:00,2025-11-30 09:00:00,11.7,80.6,2.5,1002.0,35.0,6.0,,,CS,28,False,False
2025-015,2025,15,BOB,DITWAH,2025-11-30 12:00:00,2025-11-30 12:00:00,11.8,80.6,2.0,1003.0,30.0,5.0,,,DD,29,False,False
2025-015,2025,15,BOB,DITWAH,2025-11-30 18:00:00,2025-11-30 18:00:00,12.3,80.6,2.0,1003.0,30.0,5.0,,,DD,30,False,False
2025-015,2025,15,BOB,DITWAH,2025-12-01 00:00:00,2025-12-01 00:00:00,12.8,80.6,2.0,1003.0,30.0,5.0,,,DD,31,False,False
2025-015,2025,15,BOB,DITWAH,2025-12-01 03:00:00,2025-12-01 03:00:00,12.8,80.6,2.0,1003.0,30.0,5.0,,,DD,32,False,False
2025-015,2025,15,BOB,DITWAH,2025-12-01 06:00:00,2025-12-01 06:00:00,13.0,80.6,2.0,1003.0,30.0,5.0,,,DD,33,False,False
2025-015,2025,15,BOB,DITWAH,2025-12-01 12:00:00,2025-12-01 12:00:00,13.0,80.6,2.0,1003.0,30.0,5.0,,,DD,34,False,False
2025-015,2025,15,BOB,DITWAH,2025-12-01 18:00:00,2025-12-01 18:00:00,13.0,80.6,2.0,1003.0,30.0,5.0,,,DD,35,False,False
2025-015,2025,15,BOB,DITWAH,2025-12-02 00:00:00,2025-12-02 00:00:00,12.9,80.5,1.5,1004.0,25.0,4.0,,,D,36,False,False
2025-015,2025,15,BOB,DITWAH,2025-12-02 03:00:00,2025-12-02 03:00:00,12.8,80.5,1.5,1004.0,25.0,4.0,,,D,37,False,False
2025-015,2025,15,BOB,DITWAH,2025-12-02 06:00:00,2025-12-02 06:00:00,12.5,80.4,1.5,1004.0,25.0,4.0,,,D,38,False,False
2025-015,2025,15,BOB,DITWAH,2025-12-02 12:00:00,2025-12-02 12:00:00,12.3,80.3,1.5,1004.0,25.0,4.0,,,D,39,False,False
2025-015,2025,15,BOB,DITWAH,2025-12-02 18:00:00,2025-12-02 18:00:00,12.1,80.2,1.5,1005.0,20.0,3.0,,,D,40,False,False
2026-001,2026,1,BOB,,2026-01-07 03:00:00,2026-01-07 03:00:00,4.8,88.2,1.5,1008.0,25.0,3.0,,,D,0,False,False
2026-001,2026,1,BOB,,2026-01-07 06:00:00,2026-01-07 06:00:00,4.9,87.6,1.5,1008.0,25.0,4.0,,,D,1,False,False
2026-001,2026,1,BOB,,2026-01-07 12:00:00,2026-01-07 12:00:00,5.0,86.8,1.5,1007.0,25.0,5.0,,,D,2,False,False
2026-001,2026,1,BOB,,2026-01-07 18:00:00,2026-01-07 18:00:00,5.2,86.0,1.5,1007.0,25.0,5.0,,,D,3,False,False
2026-001,2026,1,BOB,,2026-01-08 00:00:00,2026-01-08 00:00:00,5.4,85.3,2.0,1006.0,30.0,5.0,,,DD,4,False,False
2026-001,2026,1,BOB,,2026-01-08 03:00:00,2026-01-08 03:00:00,5.5,84.8,2.0,1005.0,30.0,6.0,,,DD,5,False,False
2026-001,2026,1,BOB,,2026-01-08 06:00:00,2026-01-08 06:00:00,5.7,84.5,2.0,1005.0,30.0,6.0,,,DD,6,False,False
2026-001,2026,1,BOB,,2026-01-08 12:00:00,2026-01-08 12:00:00,6.3,84.0,2.0,1005.0,30.0,5.0,,,DD,7,False,False
2026-001,2026,1,BOB,,2026-01-08 18:00:00,2026-01-08 18:00:00,6.7,83.6,2.0,1004.0,30.0,5.0,,,DD,8,False,False
2026-001,2026,1,BOB,,2026-01-09 00:00:00,2026-01-09 00:00:00,7.0,83.4,2.0,1004.0,30.0,5.0,,,DD,9,False,False
2026-001,2026,1,BOB,,2026-01-09 03:00:00,2026-01-09 03:00:00,7.4,83.2,2.0,1004.0,30.0,5.0,,,DD,10,False,False
2026-001,2026,1,BOB,,2026-01-09 06:00:00,2026-01-09 06:00:00,7.8,83.0,2.0,1004.0,30.0,5.0,,,DD,11,False,False
2026-001,2026,1,BOB,,2026-01-09 12:00:00,2026-01-09 12:00:00,8.3,82.6,2.0,1004.0,30.0,5.0,,,DD,12,False,False
2026-001,2026,1,BOB,,2026-01-09 18:00:00,2026-01-09 18:00:00,8.5,82.2,2.0,1004.0,30.0,5.0,,,DD,13,False,False
2026-001,2026,1,BOB,,2026-01-10 00:00:00,2026-01-10 00:00:00,8.8,81.6,1.5,1006.0,25.0,4.0,,,D,14,False,False
2026-001,2026,1,BOB,,2026-01-10 03:00:00,2026-01-10 03:00:00,9.1,81.2,1.5,1006.0,25.0,4.0,,,D,15,False,False
2026-001,2026,1,BOB,,2026-01-10 06:00:00,2026-01-10 06:00:00,9.2,81.0,1.5,1006.0,25.0,3.0,,,D,16,False,False
2026-001,2026,1,BOB,,2026-01-10 12:00:00,2026-01-10 12:00:00,9.3,80.8,1.5,1007.0,25.0,3.0,,,D,17,False,False
